v 7.912350325892329 60.5 1.2531931780182808
v 8.0 60.5 0.41926223426406434
v 8.0 60.5 -4.143593539448884
v 7.558393627285978 60.5 -4.908478213935767
v 7.003912271461842 60.5 -5.671656327330452
v 6.372694587130424 60.5 -6.372694587130427
v 5.671656327330448 60.5 -7.003912271461846
v 4.908478213935762 60.5 -7.558393627285982
v 4.091521786062689 60.5 -8.030063640834696
v 3.229737789301198 60.5 -8.41375459673275
v 2.332568109449228 60.5 -8.705262696579625
v 1.409842325270761 60.5 -8.901394116628875
v 0.4716700135473099 60.5 -9.0
v -0.4716700135473173 60.5 -9.0
v -1.4098423252707653 60.5 -8.901394116628875
v -2.332568109449228 60.5 -8.705262696579625
v -3.229737789301192 60.5 -8.413754596732751
v -4.091521786062691 60.5 -8.030063640834694
v -4.908478213935763 60.5 -7.558393627285981
v -5.671656327330451 60.5 -7.003912271461842
v -6.372694587130427 60.5 -6.372694587130424
v -7.0039122714618465 60.5 -5.671656327330447
v -7.558393627285984 60.5 -4.90847821393576
v -8.030063640834694 60.5 -4.0915217860626925
v -8.389298628030582 60.5 -3.2846667943477157
v -7.912350325892329 60.5 1.2531931780182841
v -7.738011285848575 60.5 2.0733938750656966
v -7.478892974873346 60.5 2.870878034934818
v -7.137834347408093 60.5 3.636908254279073
v -6.718572113143647 60.5 4.363091745719939
v -6.225699796855542 60.5 5.041472290959637
v -5.664617410782539 60.5 5.664617410782538
v -5.04147229095964 60.5 6.225699796855539
v -4.36309174571994 60.5 6.718572113143646
v -3.6369082542790707 60.5 7.137834347408095
v -2.8708780349348184 60.5 7.478892974873346
v -2.073393875065699 60.5 7.738011285848574
v -1.2531931780182795 60.5 7.912350325892329
v -0.41926223426406384 60.5 8.0
v 0.41926223426406384 60.5 8.0
v 1.2531931780182812 60.5 7.912350325892329
v 2.0733938750656957 60.5 7.738011285848575
v 2.8708780349348175 60.5 7.478892974873346
v 3.6369082542790716 60.5 7.137834347408094
v 4.363091745719942 60.5 6.7185721131436456
v 5.041472290959638 60.5 6.225699796855541
v 5.66461741078254 60.5 5.664617410782538
v 6.225699796855544 60.5 5.041472290959636
v 6.7185721131436456 60.5 4.3630917457199425
v 7.137834347408095 60.5 3.6369082542790703
v 7.478892974873345 60.5 2.8708780349348206
v 7.738011285848574 60.5 2.0733938750656984
v 7.912350325892329 60.5 1.2531931780182808
v 10.879481698102154 59.5 1.723140619773928
v 11.0 59.5 0.5764855721138029
v 11.0 59.5 -0.5764855721138045
v 10.879481698102154 59.5 -1.723140619773929
v 10.639765518041509 59.5 -2.8509165782164003
v 10.283477840452047 59.5 -3.947457298031891
v 9.814522227685252 59.5 -5.000748849634898
v 9.238036655572154 59.5 -5.999251150365197
v 8.560337220676573 59.5 -6.932024400069006
v 7.788848939825858 59.5 -7.7888489398258685
v 6.9320244000690066 59.5 -8.560337220676573
v 5.999251150365198 59.5 -9.238036655572152
v 5.000748849634901 59.5 -9.81452222768525
v 3.9474572980318947 59.5 -10.283477840452045
v 2.8509165782163937 59.5 -10.63976551804151
v 1.7231406197739263 59.5 -10.879481698102156
v 0.5764855721138021 59.5 -11.0
v -0.5764855721138078 59.5 -11.0
v -1.7231406197739234 59.5 -10.879481698102156
v -2.8509165782164065 59.5 -10.639765518041507
v -3.9474572980318943 59.5 -10.283477840452047
v -5.0007488496349 59.5 -9.814522227685252
v -5.999251150365194 59.5 -9.238036655572156
v -6.932024400069003 59.5 -8.560337220676574
v -7.78884893982586 59.5 -7.788848939825866
v -8.56033722067657 59.5 -6.9320244000690066
v -9.238036655572149 59.5 -5.999251150365203
v -9.81452222768525 59.5 -5.0007488496349
v -10.283477840452049 59.5 -3.947457298031887
v -10.639765518041507 59.5 -2.8509165782164083
v -10.879481698102154 59.5 -1.723140619773928
v -11.0 59.5 -0.5764855721138029
v -11.0 59.5 0.5764855721138045
v -10.879481698102154 59.5 1.723140619773929
v -10.639765518041509 59.5 2.8509165782164003
v -10.283477840452047 59.5 3.947457298031891
v -9.814522227685252 59.5 5.000748849634898
v -9.238036655572154 59.5 5.999251150365197
v -8.560337220676573 59.5 6.932024400069006
v -7.788848939825858 59.5 7.7888489398258685
v -6.9320244000690066 59.5 8.560337220676573
v -5.999251150365198 59.5 9.238036655572152
v -5.000748849634901 59.5 9.81452222768525
v -3.9474572980318947 59.5 10.283477840452045
v -2.8509165782163937 59.5 10.63976551804151
v -1.7231406197739263 59.5 10.879481698102156
v -0.5764855721138021 59.5 11.0
v 0.5764855721138078 59.5 11.0
v 1.7231406197739234 59.5 10.879481698102156
v 2.8509165782164065 59.5 10.639765518041507
v 3.9474572980318943 59.5 10.283477840452047
v 5.0007488496349 59.5 9.814522227685252
v 5.999251150365194 59.5 9.238036655572156
v 6.932024400069003 59.5 8.560337220676574
v 7.78884893982586 59.5 7.788848939825866
v 8.56033722067657 59.5 6.9320244000690066
v 9.238036655572149 59.5 5.999251150365203
v 9.81452222768525 59.5 5.0007488496349
v 10.283477840452049 59.5 3.947457298031887
v 10.639765518041507 59.5 2.8509165782164083
v 10.879481698102154 59.5 1.723140619773928
v 8.0 59.5 0.41926223426406434
v 8.0 59.5 -4.143593539448884
v 7.558393627285978 59.5 -4.908478213935767
v 7.003912271461842 59.5 -5.671656327330452
v 6.372694587130424 59.5 -6.372694587130427
v 5.671656327330448 59.5 -7.003912271461846
v 4.908478213935762 59.5 -7.558393627285982
v 4.091521786062689 59.5 -8.030063640834696
v 3.229737789301198 59.5 -8.41375459673275
v 2.332568109449228 59.5 -8.705262696579625
v 1.409842325270761 59.5 -8.901394116628875
v 0.4716700135473099 59.5 -9.0
v -0.4716700135473173 59.5 -9.0
v -1.4098423252707653 59.5 -8.901394116628875
v -2.332568109449228 59.5 -8.705262696579625
v -3.229737789301192 59.5 -8.413754596732751
v -4.091521786062691 59.5 -8.030063640834694
v -4.908478213935763 59.5 -7.558393627285981
v -5.671656327330451 59.5 -7.003912271461842
v -6.372694587130427 59.5 -6.372694587130424
v -7.0039122714618465 59.5 -5.671656327330447
v -7.558393627285984 59.5 -4.90847821393576
v -8.030063640834694 59.5 -4.0915217860626925
v -8.389298628030582 59.5 -3.2846667943477157
v -7.912350325892329 59.5 1.2531931780182841
v -7.738011285848575 59.5 2.0733938750656966
v -7.478892974873346 59.5 2.870878034934818
v -7.137834347408093 59.5 3.636908254279073
v -6.718572113143647 59.5 4.363091745719939
v -6.225699796855542 59.5 5.041472290959637
v -5.664617410782539 59.5 5.664617410782538
v -5.04147229095964 59.5 6.225699796855539
v -4.36309174571994 59.5 6.718572113143646
v -3.6369082542790707 59.5 7.137834347408095
v -2.8708780349348184 59.5 7.478892974873346
v -2.073393875065699 59.5 7.738011285848574
v -1.2531931780182795 59.5 7.912350325892329
v -0.41926223426406384 59.5 8.0
v 0.41926223426406384 59.5 8.0
v 1.2531931780182812 59.5 7.912350325892329
v 2.0733938750656957 59.5 7.738011285848575
v 2.8708780349348175 59.5 7.478892974873346
v 3.6369082542790716 59.5 7.137834347408094
v 4.363091745719942 59.5 6.7185721131436456
v 5.041472290959638 59.5 6.225699796855541
v 5.66461741078254 59.5 5.664617410782538
v 6.225699796855544 59.5 5.041472290959636
v 6.7185721131436456 59.5 4.3630917457199425
v 7.137834347408095 59.5 3.6369082542790703
v 7.478892974873345 59.5 2.8708780349348206
v 7.738011285848574 59.5 2.0733938750656984
v 7.912350325892329 59.5 1.2531931780182808
v 8.0 59.5 0.41926223426406434
v 11.868525488838605 58.5 1.879789767026855
v 12.0 58.5 0.6288933513965943
v 12.0 58.5 -0.628893351396596
v 11.868525488838605 58.5 -1.8797897670268597
v 11.607016928772838 58.5 -3.1100908125986253
v 11.218339462310906 58.5 -4.306317052399497
v 10.706751521111086 58.5 -5.455362381420239
v 10.077858169714718 58.5 -6.544637618581017
v 9.338549695284053 58.5 -7.562208436438508
v 8.496926116173746 58.5 -8.496926116173752
v 7.562208436438505 58.5 -9.338549695284057
v 6.544637618581024 58.5 -10.077858169714712
v 5.455362381420231 58.5 -10.706751521111089
v 4.306317052399492 58.5 -11.218339462310908
v 3.110090812597606 58.5 -11.607016928773168
v 1.8797897670279116 58.5 -11.868525488838495
v 0.6288933513965935 58.5 -12.0
v -0.6288933513965917 58.5 -12.0
v -1.8797897670268566 58.5 -11.868525488838605
v -3.110090812598629 58.5 -11.607016928772836
v -4.3063170523995025 58.5 -11.218339462310905
v -5.4553623814202306 58.5 -10.70675152111109
v -6.544637618581027 58.5 -10.07785816971471
v -7.562208436438508 58.5 -9.338549695284055
v -8.496926116173748 58.5 -8.49692611617375
v -9.338549695284058 58.5 -7.562208436438502
v -10.077858169714714 58.5 -6.544637618581023
v -10.706751521111086 58.5 -5.4553623814202385
v -11.218339462310905 58.5 -4.306317052399498
v -11.607016928772836 58.5 -3.110090812598626
v -11.868525488838605 58.5 -1.879789767026855
v -12.0 58.5 -0.6288933513965943
v -12.0 58.5 0.628893351396596
v -11.868525488838605 58.5 1.8797897670268597
v -11.607016928772838 58.5 3.1100908125986253
v -11.218339462310906 58.5 4.306317052399497
v -10.706751521111086 58.5 5.455362381420239
v -10.077858169714718 58.5 6.544637618581017
v -9.338549695284053 58.5 7.562208436438508
v -8.496926116173746 58.5 8.496926116173752
v -7.562208436438505 58.5 9.338549695284057
v -6.544637618581024 58.5 10.077858169714712
v -5.455362381420231 58.5 10.706751521111089
v -4.306317052399492 58.5 11.218339462310908
v -3.110090812597606 58.5 11.607016928773168
v -1.8797897670279116 58.5 11.868525488838495
v -0.6288933513965935 58.5 12.0
v 0.6288933513965917 58.5 12.0
v 1.8797897670268566 58.5 11.868525488838605
v 3.110090812598629 58.5 11.607016928772836
v 4.3063170523995025 58.5 11.218339462310905
v 5.4553623814202306 58.5 10.70675152111109
v 6.544637618581027 58.5 10.07785816971471
v 7.562208436438508 58.5 9.338549695284055
v 8.496926116173748 58.5 8.49692611617375
v 9.338549695284058 58.5 7.562208436438502
v 10.077858169714714 58.5 6.544637618581023
v 10.706751521111086 58.5 5.4553623814202385
v 11.218339462310905 58.5 4.306317052399498
v 11.607016928772836 58.5 3.110090812598626
v 11.868525488838605 58.5 1.879789767026855
v 11.0 58.5 0.5764855721138029
v 11.0 58.5 -0.5764855721138045
v 10.879481698102154 58.5 -1.723140619773929
v 10.639765518041509 58.5 -2.8509165782164003
v 10.283477840452047 58.5 -3.947457298031891
v 9.814522227685252 58.5 -5.000748849634898
v 9.238036655572154 58.5 -5.999251150365197
v 8.560337220676573 58.5 -6.932024400069006
v 7.788848939825858 58.5 -7.7888489398258685
v 6.9320244000690066 58.5 -8.560337220676573
v 5.999251150365198 58.5 -9.238036655572152
v 5.000748849634901 58.5 -9.81452222768525
v 3.9474572980318947 58.5 -10.283477840452045
v 2.8509165782163937 58.5 -10.63976551804151
v 1.7231406197739263 58.5 -10.879481698102156
v 0.5764855721138021 58.5 -11.0
v -0.5764855721138078 58.5 -11.0
v -1.7231406197739234 58.5 -10.879481698102156
v -2.8509165782164065 58.5 -10.639765518041507
v -3.9474572980318943 58.5 -10.283477840452047
v -5.0007488496349 58.5 -9.814522227685252
v -5.999251150365194 58.5 -9.238036655572156
v -6.932024400069003 58.5 -8.560337220676574
v -7.78884893982586 58.5 -7.788848939825866
v -8.56033722067657 58.5 -6.9320244000690066
v -9.238036655572149 58.5 -5.999251150365203
v -9.81452222768525 58.5 -5.0007488496349
v -10.283477840452049 58.5 -3.947457298031887
v -10.639765518041507 58.5 -2.8509165782164083
v -10.879481698102154 58.5 -1.723140619773928
v -11.0 58.5 -0.5764855721138029
v -11.0 58.5 0.5764855721138045
v -10.879481698102154 58.5 1.723140619773929
v -10.639765518041509 58.5 2.8509165782164003
v -10.283477840452047 58.5 3.947457298031891
v -9.814522227685252 58.5 5.000748849634898
v -9.238036655572154 58.5 5.999251150365197
v -8.560337220676573 58.5 6.932024400069006
v -7.788848939825858 58.5 7.7888489398258685
v -6.9320244000690066 58.5 8.560337220676573
v -5.999251150365198 58.5 9.238036655572152
v -5.000748849634901 58.5 9.81452222768525
v -3.9474572980318947 58.5 10.283477840452045
v -2.8509165782163937 58.5 10.63976551804151
v -1.7231406197739263 58.5 10.879481698102156
v -0.5764855721138021 58.5 11.0
v 0.5764855721138078 58.5 11.0
v 1.7231406197739234 58.5 10.879481698102156
v 2.8509165782164065 58.5 10.639765518041507
v 3.9474572980318943 58.5 10.283477840452047
v 5.0007488496349 58.5 9.814522227685252
v 5.999251150365194 58.5 9.238036655572156
v 6.932024400069003 58.5 8.560337220676574
v 7.78884893982586 58.5 7.788848939825866
v 8.56033722067657 58.5 6.9320244000690066
v 9.238036655572149 58.5 5.999251150365203
v 9.81452222768525 58.5 5.0007488496349
v 10.283477840452049 58.5 3.947457298031887
v 10.639765518041507 58.5 2.8509165782164083
v 10.879481698102154 58.5 1.723140619773928
v 11.0 58.5 0.5764855721138029
v 12.0 57.5 0.6288933513965943
v 12.0 57.5 -0.628893351396596
v 11.868525488838605 57.5 -1.8797897670268597
v 11.607016928772838 57.5 -3.1100908125986253
v 11.218339462310906 57.5 -4.306317052399497
v 10.706751521111086 57.5 -5.455362381420239
v 10.077858169714718 57.5 -6.544637618581017
v 9.338549695284053 57.5 -7.562208436438508
v 8.496926116173746 57.5 -8.496926116173752
v 7.562208436438505 57.5 -9.338549695284057
v 6.544637618581024 57.5 -10.077858169714712
v 5.455362381420231 57.5 -10.706751521111089
v 4.306317052399492 57.5 -11.218339462310908
v 3.110090812597606 57.5 -11.607016928773168
v 1.8797897670279116 57.5 -11.868525488838495
v 0.6288933513965935 57.5 -12.0
v -0.6288933513965917 57.5 -12.0
v -1.8797897670268566 57.5 -11.868525488838605
v -3.110090812598629 57.5 -11.607016928772836
v -4.3063170523995025 57.5 -11.218339462310905
v -5.4553623814202306 57.5 -10.70675152111109
v -6.544637618581027 57.5 -10.07785816971471
v -7.562208436438508 57.5 -9.338549695284055
v -8.496926116173748 57.5 -8.49692611617375
v -9.338549695284058 57.5 -7.562208436438502
v -10.077858169714714 57.5 -6.544637618581023
v -10.706751521111086 57.5 -5.4553623814202385
v -11.218339462310905 57.5 -4.306317052399498
v -11.607016928772836 57.5 -3.110090812598626
v -11.868525488838605 57.5 -1.879789767026855
v -12.0 57.5 -0.6288933513965943
v -12.0 57.5 0.628893351396596
v -11.868525488838605 57.5 1.8797897670268597
v -11.607016928772838 57.5 3.1100908125986253
v -11.218339462310906 57.5 4.306317052399497
v -10.706751521111086 57.5 5.455362381420239
v -10.077858169714718 57.5 6.544637618581017
v -9.338549695284053 57.5 7.562208436438508
v -8.496926116173746 57.5 8.496926116173752
v -7.562208436438505 57.5 9.338549695284057
v -6.544637618581024 57.5 10.077858169714712
v -5.455362381420231 57.5 10.706751521111089
v -4.306317052399492 57.5 11.218339462310908
v -3.110090812597606 57.5 11.607016928773168
v -1.8797897670279116 57.5 11.868525488838495
v -0.6288933513965935 57.5 12.0
v 0.6288933513965917 57.5 12.0
v 1.8797897670268566 57.5 11.868525488838605
v 3.110090812598629 57.5 11.607016928772836
v 4.3063170523995025 57.5 11.218339462310905
v 5.4553623814202306 57.5 10.70675152111109
v 6.544637618581027 57.5 10.07785816971471
v 7.562208436438508 57.5 9.338549695284055
v 8.496926116173748 57.5 8.49692611617375
v 9.338549695284058 57.5 7.562208436438502
v 10.077858169714714 57.5 6.544637618581023
v 10.706751521111086 57.5 5.4553623814202385
v 11.218339462310905 57.5 4.306317052399498
v 11.607016928772836 57.5 3.110090812598626
v 11.868525488838605 57.5 1.879789767026855
v 12.0 57.5 0.6288933513965943
v 12.0 56.5 0.6288933513965943
v 12.0 56.5 -0.628893351396596
v 11.868525488838605 56.5 -1.8797897670268597
v 11.607016928772838 56.5 -3.1100908125986253
v 11.218339462310906 56.5 -4.306317052399497
v 10.706751521111086 56.5 -5.455362381420239
v 10.077858169714718 56.5 -6.544637618581017
v 9.338549695284053 56.5 -7.562208436438508
v 8.496926116173746 56.5 -8.496926116173752
v 7.562208436438505 56.5 -9.338549695284057
v 6.544637618581024 56.5 -10.077858169714712
v 5.455362381420231 56.5 -10.706751521111089
v 4.306317052399492 56.5 -11.218339462310908
v 3.110090812597606 56.5 -11.607016928773168
v 1.8797897670279116 56.5 -11.868525488838495
v 0.6288933513965935 56.5 -12.0
v -0.6288933513965917 56.5 -12.0
v -1.8797897670268566 56.5 -11.868525488838605
v -3.110090812598629 56.5 -11.607016928772836
v -4.3063170523995025 56.5 -11.218339462310905
v -5.4553623814202306 56.5 -10.70675152111109
v -6.544637618581027 56.5 -10.07785816971471
v -7.562208436438508 56.5 -9.338549695284055
v -8.496926116173748 56.5 -8.49692611617375
v -9.338549695284058 56.5 -7.562208436438502
v -10.077858169714714 56.5 -6.544637618581023
v -10.706751521111086 56.5 -5.4553623814202385
v -11.218339462310905 56.5 -4.306317052399498
v -11.607016928772836 56.5 -3.110090812598626
v -11.868525488838605 56.5 -1.879789767026855
v -12.0 56.5 -0.6288933513965943
v -12.0 56.5 0.628893351396596
v -11.868525488838605 56.5 1.8797897670268597
v -11.607016928772838 56.5 3.1100908125986253
v -11.218339462310906 56.5 4.306317052399497
v -10.706751521111086 56.5 5.455362381420239
v -10.077858169714718 56.5 6.544637618581017
v -9.338549695284053 56.5 7.562208436438508
v -8.496926116173746 56.5 8.496926116173752
v -7.562208436438505 56.5 9.338549695284057
v -6.544637618581024 56.5 10.077858169714712
v -5.455362381420231 56.5 10.706751521111089
v -4.306317052399492 56.5 11.218339462310908
v -3.110090812597606 56.5 11.607016928773168
v -1.8797897670279116 56.5 11.868525488838495
v -0.6288933513965935 56.5 12.0
v 0.6288933513965917 56.5 12.0
v 1.8797897670268566 56.5 11.868525488838605
v 3.110090812598629 56.5 11.607016928772836
v 4.3063170523995025 56.5 11.218339462310905
v 5.4553623814202306 56.5 10.70675152111109
v 6.544637618581027 56.5 10.07785816971471
v 7.562208436438508 56.5 9.338549695284055
v 8.496926116173748 56.5 8.49692611617375
v 9.338549695284058 56.5 7.562208436438502
v 10.077858169714714 56.5 6.544637618581023
v 10.706751521111086 56.5 5.4553623814202385
v 11.218339462310905 56.5 4.306317052399498
v 11.607016928772836 56.5 3.110090812598626
v 11.868525488838605 56.5 1.879789767026855
v 12.0 56.5 0.6288933513965943
v 11.868525488838605 55.5 1.879789767026855
v 12.0 55.5 0.6288933513965943
v 12.0 55.5 -0.628893351396596
v 11.868525488838605 55.5 -1.8797897670268597
v 11.607016928772838 55.5 -3.1100908125986253
v 11.218339462310906 55.5 -4.306317052399497
v 10.706751521111086 55.5 -5.455362381420239
v 10.077858169714718 55.5 -6.544637618581017
v 9.338549695284053 55.5 -7.562208436438508
v 8.496926116173746 55.5 -8.496926116173752
v 7.562208436438505 55.5 -9.338549695284057
v 6.544637618581024 55.5 -10.077858169714712
v 5.455362381420231 55.5 -10.706751521111089
v 4.306317052399492 55.5 -11.218339462310908
v 3.110090812597606 55.5 -11.607016928773168
v 1.8797897670279116 55.5 -11.868525488838495
v 0.6288933513965935 55.5 -12.0
v -0.6288933513965917 55.5 -12.0
v -1.8797897670268566 55.5 -11.868525488838605
v -3.110090812598629 55.5 -11.607016928772836
v -4.3063170523995025 55.5 -11.218339462310905
v -5.4553623814202306 55.5 -10.70675152111109
v -6.544637618581027 55.5 -10.07785816971471
v -7.562208436438508 55.5 -9.338549695284055
v -8.496926116173748 55.5 -8.49692611617375
v -9.338549695284058 55.5 -7.562208436438502
v -10.077858169714714 55.5 -6.544637618581023
v -10.706751521111086 55.5 -5.4553623814202385
v -11.218339462310905 55.5 -4.306317052399498
v -11.607016928772836 55.5 -3.110090812598626
v -11.868525488838605 55.5 -1.879789767026855
v -12.0 55.5 -0.6288933513965943
v -12.0 55.5 0.628893351396596
v -11.868525488838605 55.5 1.8797897670268597
v -11.607016928772838 55.5 3.1100908125986253
v -11.218339462310906 55.5 4.306317052399497
v -10.706751521111086 55.5 5.455362381420239
v -10.077858169714718 55.5 6.544637618581017
v -9.338549695284053 55.5 7.562208436438508
v -8.496926116173746 55.5 8.496926116173752
v -7.562208436438505 55.5 9.338549695284057
v -6.544637618581024 55.5 10.077858169714712
v -5.455362381420231 55.5 10.706751521111089
v -4.306317052399492 55.5 11.218339462310908
v -3.110090812597606 55.5 11.607016928773168
v -1.8797897670279116 55.5 11.868525488838495
v -0.6288933513965935 55.5 12.0
v 0.6288933513965917 55.5 12.0
v 1.8797897670268566 55.5 11.868525488838605
v 3.110090812598629 55.5 11.607016928772836
v 4.3063170523995025 55.5 11.218339462310905
v 5.4553623814202306 55.5 10.70675152111109
v 6.544637618581027 55.5 10.07785816971471
v 7.562208436438508 55.5 9.338549695284055
v 8.496926116173748 55.5 8.49692611617375
v 9.338549695284058 55.5 7.562208436438502
v 10.077858169714714 55.5 6.544637618581023
v 10.706751521111086 55.5 5.4553623814202385
v 11.218339462310905 55.5 4.306317052399498
v 11.607016928772836 55.5 3.110090812598626
v 11.868525488838605 55.5 1.879789767026855
v 11.0 55.5 0.5764855721138029
v 11.0 55.5 -0.5764855721138045
v 10.879481698102154 55.5 -1.723140619773929
v 10.639765518041509 55.5 -2.8509165782164003
v 10.283477840452047 55.5 -3.947457298031891
v 9.814522227685252 55.5 -5.000748849634898
v 9.238036655572154 55.5 -5.999251150365197
v 8.560337220676573 55.5 -6.932024400069006
v 7.788848939825858 55.5 -7.7888489398258685
v 6.9320244000690066 55.5 -8.560337220676573
v 5.999251150365198 55.5 -9.238036655572152
v 5.000748849634901 55.5 -9.81452222768525
v 3.9474572980318947 55.5 -10.283477840452045
v 2.8509165782163937 55.5 -10.63976551804151
v 1.7231406197739263 55.5 -10.879481698102156
v 0.5764855721138021 55.5 -11.0
v -0.5764855721138078 55.5 -11.0
v -1.7231406197739234 55.5 -10.879481698102156
v -2.8509165782164065 55.5 -10.639765518041507
v -3.9474572980318943 55.5 -10.283477840452047
v -5.0007488496349 55.5 -9.814522227685252
v -5.999251150365194 55.5 -9.238036655572156
v -6.932024400069003 55.5 -8.560337220676574
v -7.78884893982586 55.5 -7.788848939825866
v -8.56033722067657 55.5 -6.9320244000690066
v -9.238036655572149 55.5 -5.999251150365203
v -9.81452222768525 55.5 -5.0007488496349
v -10.283477840452049 55.5 -3.947457298031887
v -10.639765518041507 55.5 -2.8509165782164083
v -10.879481698102154 55.5 -1.723140619773928
v -11.0 55.5 -0.5764855721138029
v -11.0 55.5 0.5764855721138045
v -10.879481698102154 55.5 1.723140619773929
v -10.639765518041509 55.5 2.8509165782164003
v -10.283477840452047 55.5 3.947457298031891
v -9.814522227685252 55.5 5.000748849634898
v -9.238036655572154 55.5 5.999251150365197
v -8.560337220676573 55.5 6.932024400069006
v -7.788848939825858 55.5 7.7888489398258685
v -6.9320244000690066 55.5 8.560337220676573
v -5.999251150365198 55.5 9.238036655572152
v -5.000748849634901 55.5 9.81452222768525
v -3.9474572980318947 55.5 10.283477840452045
v -2.8509165782163937 55.5 10.63976551804151
v -1.7231406197739263 55.5 10.879481698102156
v -0.5764855721138021 55.5 11.0
v 0.5764855721138078 55.5 11.0
v 1.7231406197739234 55.5 10.879481698102156
v 2.8509165782164065 55.5 10.639765518041507
v 3.9474572980318943 55.5 10.283477840452047
v 5.0007488496349 55.5 9.814522227685252
v 5.999251150365194 55.5 9.238036655572156
v 6.932024400069003 55.5 8.560337220676574
v 7.78884893982586 55.5 7.788848939825866
v 8.56033722067657 55.5 6.9320244000690066
v 9.238036655572149 55.5 5.999251150365203
v 9.81452222768525 55.5 5.0007488496349
v 10.283477840452049 55.5 3.947457298031887
v 10.639765518041507 55.5 2.8509165782164083
v 10.879481698102154 55.5 1.723140619773928
v 11.0 55.5 0.5764855721138029
v 10.879481698102154 54.5 1.723140619773928
v 11.0 54.5 0.5764855721138029
v 11.0 54.5 -0.5764855721138045
v 10.879481698102154 54.5 -1.723140619773929
v 10.639765518041509 54.5 -2.8509165782164003
v 10.283477840452047 54.5 -3.947457298031891
v 9.814522227685252 54.5 -5.000748849634898
v 9.238036655572154 54.5 -5.999251150365197
v 8.560337220676573 54.5 -6.932024400069006
v 7.788848939825858 54.5 -7.7888489398258685
v 6.9320244000690066 54.5 -8.560337220676573
v 5.999251150365198 54.5 -9.238036655572152
v 5.000748849634901 54.5 -9.81452222768525
v 3.9474572980318947 54.5 -10.283477840452045
v 2.8509165782163937 54.5 -10.63976551804151
v 1.7231406197739263 54.5 -10.879481698102156
v 0.5764855721138021 54.5 -11.0
v -0.5764855721138078 54.5 -11.0
v -1.7231406197739234 54.5 -10.879481698102156
v -2.8509165782164065 54.5 -10.639765518041507
v -3.9474572980318943 54.5 -10.283477840452047
v -5.0007488496349 54.5 -9.814522227685252
v -5.999251150365194 54.5 -9.238036655572156
v -6.932024400069003 54.5 -8.560337220676574
v -7.78884893982586 54.5 -7.788848939825866
v -8.56033722067657 54.5 -6.9320244000690066
v -9.238036655572149 54.5 -5.999251150365203
v -9.81452222768525 54.5 -5.0007488496349
v -10.283477840452049 54.5 -3.947457298031887
v -10.639765518041507 54.5 -2.8509165782164083
v -10.879481698102154 54.5 -1.723140619773928
v -11.0 54.5 -0.5764855721138029
v -11.0 54.5 0.5764855721138045
v -10.879481698102154 54.5 1.723140619773929
v -10.639765518041509 54.5 2.8509165782164003
v -10.283477840452047 54.5 3.947457298031891
v -9.814522227685252 54.5 5.000748849634898
v -9.238036655572154 54.5 5.999251150365197
v -8.560337220676573 54.5 6.932024400069006
v -7.788848939825858 54.5 7.7888489398258685
v -6.9320244000690066 54.5 8.560337220676573
v -5.999251150365198 54.5 9.238036655572152
v -5.000748849634901 54.5 9.81452222768525
v -3.9474572980318947 54.5 10.283477840452045
v -2.8509165782163937 54.5 10.63976551804151
v -1.7231406197739263 54.5 10.879481698102156
v -0.5764855721138021 54.5 11.0
v 0.5764855721138078 54.5 11.0
v 1.7231406197739234 54.5 10.879481698102156
v 2.8509165782164065 54.5 10.639765518041507
v 3.9474572980318943 54.5 10.283477840452047
v 5.0007488496349 54.5 9.814522227685252
v 5.999251150365194 54.5 9.238036655572156
v 6.932024400069003 54.5 8.560337220676574
v 7.78884893982586 54.5 7.788848939825866
v 8.56033722067657 54.5 6.9320244000690066
v 9.238036655572149 54.5 5.999251150365203
v 9.81452222768525 54.5 5.0007488496349
v 10.283477840452049 54.5 3.947457298031887
v 10.639765518041507 54.5 2.8509165782164083
v 10.879481698102154 54.5 1.723140619773928
v 10.0 54.5 0.5240777928305567
v 10.0 54.5 -0.5240777928305581
v 9.890437907365515 54.5 -1.566491472522345
v 9.672514107310674 54.5 -2.59174234383231
v 9.348616218592767 54.5 -3.588597543665236
v 8.922292934258651 54.5 -4.546135317851283
v 8.398215141429821 54.5 -5.453864682149372
v 7.782124746070273 54.5 -6.301840363698191
v 7.080771763477975 54.5 -7.080771763477977
v 6.3018403636981875 54.5 -7.782124746070276
v 5.45386468214937 54.5 -8.398215141429823
v 4.546135317851282 54.5 -8.922292934258651
v 3.5885975436642803 54.5 -9.348616218593191
v 2.591742343833325 54.5 -9.672514107310459
v 1.5664914725223436 54.5 -9.890437907365515
v 0.524077792830556 54.5 -10.0
v -0.5240777928305528 54.5 -10.0
v -1.5664914725223413 54.5 -9.890437907365515
v -2.591742343832318 54.5 -9.672514107310672
v -3.5885975436652338 54.5 -9.348616218592769
v -4.546135317851278 54.5 -8.922292934258653
v -5.453864682149374 54.5 -8.39821514142982
v -6.301840363698193 54.5 -7.782124746070272
v -7.080771763477977 54.5 -7.080771763477976
v -7.782124746070271 54.5 -6.301840363698194
v -8.398215141429821 54.5 -5.453864682149371
v -8.922292934258655 54.5 -4.546135317851276
v -9.348616218592769 54.5 -3.588597543665232
v -9.672514107310674 54.5 -2.5917423438323115
v -9.890437907365515 54.5 -1.5664914725223456
v -10.0 54.5 -0.5240777928305567
v -10.0 54.5 0.5240777928305581
v -9.890437907365515 54.5 1.566491472522345
v -9.672514107310674 54.5 2.59174234383231
v -9.348616218592767 54.5 3.588597543665236
v -8.922292934258651 54.5 4.546135317851283
v -8.398215141429821 54.5 5.453864682149372
v -7.782124746070273 54.5 6.301840363698191
v -7.080771763477975 54.5 7.080771763477977
v -6.3018403636981875 54.5 7.782124746070276
v -5.45386468214937 54.5 8.398215141429823
v -4.546135317851282 54.5 8.922292934258651
v -3.5885975436642803 54.5 9.348616218593191
v -2.591742343833325 54.5 9.672514107310459
v -1.5664914725223436 54.5 9.890437907365515
v -0.524077792830556 54.5 10.0
v 0.5240777928305528 54.5 10.0
v 1.5664914725223413 54.5 9.890437907365515
v 2.591742343832318 54.5 9.672514107310672
v 3.5885975436652338 54.5 9.348616218592769
v 4.546135317851278 54.5 8.922292934258653
v 5.453864682149374 54.5 8.39821514142982
v 6.301840363698193 54.5 7.782124746070272
v 7.080771763477977 54.5 7.080771763477976
v 7.782124746070271 54.5 6.301840363698194
v 8.398215141429821 54.5 5.453864682149371
v 8.922292934258655 54.5 4.546135317851276
v 9.348616218592769 54.5 3.588597543665232
v 9.672514107310674 54.5 2.5917423438323115
v 9.890437907365515 54.5 1.5664914725223456
v 10.0 54.5 0.5240777928305567
v 9.890437907365515 53.5 1.5664914725223456
v 10.0 53.5 0.5240777928305567
v 10.0 53.5 -0.5240777928305581
v 9.890437907365515 53.5 -1.566491472522345
v 9.672514107310674 53.5 -2.59174234383231
v 9.348616218592767 53.5 -3.588597543665236
v -9.672514107310674 53.5 -2.5917423438323115
v -9.890437907365515 53.5 -1.5664914725223456
v -10.0 53.5 -0.5240777928305567
v -10.0 53.5 0.5240777928305581
v -9.890437907365515 53.5 1.566491472522345
v -9.672514107310674 53.5 2.59174234383231
v -9.348616218592767 53.5 3.588597543665236
v -8.922292934258651 53.5 4.546135317851283
v -8.398215141429821 53.5 5.453864682149372
v -7.782124746070273 53.5 6.301840363698191
v -7.080771763477975 53.5 7.080771763477977
v -6.3018403636981875 53.5 7.782124746070276
v -5.45386468214937 53.5 8.398215141429823
v -4.546135317851282 53.5 8.922292934258651
v -3.5885975436642803 53.5 9.348616218593191
v -2.591742343833325 53.5 9.672514107310459
v -1.5664914725223436 53.5 9.890437907365515
v -0.524077792830556 53.5 10.0
v 0.5240777928305528 53.5 10.0
v 1.5664914725223413 53.5 9.890437907365515
v 2.591742343832318 53.5 9.672514107310672
v 3.5885975436652338 53.5 9.348616218592769
v 4.546135317851278 53.5 8.922292934258653
v 5.453864682149374 53.5 8.39821514142982
v 6.301840363698193 53.5 7.782124746070272
v 7.080771763477977 53.5 7.080771763477976
v 7.782124746070271 53.5 6.301840363698194
v 8.398215141429821 53.5 5.453864682149371
v 8.922292934258655 53.5 4.546135317851276
v 9.348616218592769 53.5 3.588597543665232
v 9.672514107310674 53.5 2.5917423438323115
v 9.890437907365515 53.5 1.5664914725223456
v 8.922292934258651 53.5 -4.546135317851283
v 8.398215141429821 53.5 -5.453864682149372
v 7.782124746070273 53.5 -6.301840363698191
v 7.080771763477975 53.5 -7.080771763477977
v 6.3018403636981875 53.5 -7.782124746070276
v 5.45386468214937 53.5 -8.398215141429823
v 4.546135317851282 53.5 -8.922292934258651
v 3.5885975436642803 53.5 -9.348616218593191
v 2.591742343833325 53.5 -9.672514107310459
v 1.5664914725223436 53.5 -9.890437907365515
v 0.524077792830556 53.5 -10.0
v -0.5240777928305528 53.5 -10.0
v -1.5664914725223413 53.5 -9.890437907365515
v -2.591742343832318 53.5 -9.672514107310672
v -3.5885975436652338 53.5 -9.348616218592769
v -4.546135317851278 53.5 -8.922292934258653
v -5.453864682149374 53.5 -8.39821514142982
v -6.301840363698193 53.5 -7.782124746070272
v -7.080771763477977 53.5 -7.080771763477976
v -7.782124746070271 53.5 -6.301840363698194
v -8.398215141429821 53.5 -5.453864682149371
v -8.922292934258655 53.5 -4.546135317851276
v -9.348616218592769 53.5 -3.588597543665232
v -9.407653938221527 53.5 -3.4068981258914284
v -8.901394116628875 53.5 1.4098423252707621
v -8.705262696579624 53.5 2.332568109449235
v -8.26719769275563 53.5 3.680793559930954
v -6.066840476400487 53.5 7.491924053458887
v -1.88151233881792 53.5 8.85181960055725
v -0.4716700135473099 53.5 9.0
v 0.47167001354731203 53.5 9.0
v 1.40984232527076 53.5 8.901394116628875
v 2.332568109449234 53.5 8.705262696579624
v 3.680793559930954 53.5 8.26719769275563
v 7.491924053458887 53.5 6.066840476400486
v 8.85181960055725 53.5 1.8815123388179213
v 9.0 53.5 0.47167001354731053
v 9.0 53.5 -4.37160239060402
v 8.922292934258651 53.5 -4.546135317851283
v -5.453864682149375 52.5 -8.39821514142982
v -6.301840363698193 52.5 -7.782124746070272
v -7.080771763477978 52.5 -7.080771763477975
v -7.782124746070272 52.5 -6.301840363698193
v -8.398215141429818 52.5 -5.453864682149376
v -8.922292934258648 52.5 -4.546135317851286
v -9.348616218592767 52.5 -3.588597543665233
v -9.407653938221527 52.5 -3.4068981258914284
v -8.26719769275563 52.5 3.680793559930954
v -6.066840476400487 52.5 7.491924053458887
v -1.88151233881792 52.5 8.85181960055725
v 3.680793559930954 52.5 8.26719769275563
v 7.491924053458887 52.5 6.066840476400486
v 8.85181960055725 52.5 1.8815123388179213
v 9.0 52.5 -4.37160239060402
v 8.922292934258651 52.5 -4.546135317851282
v 8.39821514142982 52.5 -5.453864682149375
v 7.78212474607027 52.5 -6.3018403636981954
v 7.080771763477978 52.5 -7.080771763477975
v 6.301840363698191 52.5 -7.782124746070273
v 5.453864682149376 52.5 -8.398215141429818
v 4.5461353178512764 52.5 -8.922292934258653
v 3.588597543664282 52.5 -9.348616218593191
v 2.5917423438333245 52.5 -9.672514107310459
v 1.5664914725223438 52.5 -9.890437907365515
v 0.524077792830556 52.5 -10.0
v -0.5240777928305569 52.5 -10.0
v -1.5664914725223473 52.5 -9.890437907365515
v -2.591742343832313 52.5 -9.672514107310674
v -3.5885975436652315 52.5 -9.348616218592769
v -4.546135317851282 52.5 -8.922292934258651
v -5.453864682149375 52.5 -8.39821514142982
v -8.901394116628875 52.5 1.4098423252707621
v -8.705262696579624 52.5 2.332568109449235
v -8.41375459673275 52.5 3.229737789301198
v -8.030063640834694 52.5 4.091521786062692
v -7.874966288368911 52.5 4.360158280652846
v -7.558393627285979 52.5 4.9084782139357666
v -7.003912271461844 52.5 5.671656327330449
v -6.372694587130424 52.5 6.372694587130426
v -5.671656327330449 52.5 7.003912271461844
v -4.9084782139357594 52.5 7.558393627285984
v -4.0915217860626925 52.5 8.030063640834694
v -3.229737789301197 52.5 8.41375459673275
v -2.6753388767424773 52.5 8.593889722993183
v -2.3325681094492285 52.5 8.705262696579625
v -1.4098423252707608 52.5 8.901394116628875
v -0.4716700135473099 52.5 9.0
v 0.47167001354731203 52.5 9.0
v 1.40984232527076 52.5 8.901394116628875
v 2.332568109449234 52.5 8.705262696579624
v 3.229737789301193 52.5 8.413754596732751
v 4.091521786062691 52.5 8.030063640834694
v 4.715283214640213 52.5 7.669934812135357
v 4.908478213935763 52.5 7.558393627285981
v 5.671656327330451 52.5 7.003912271461842
v 6.372694587130427 52.5 6.372694587130424
v 7.0039122714618465 52.5 5.671656327330447
v 7.558393627285981 52.5 4.908478213935764
v 8.030063640834697 52.5 4.091521786062685
v 8.413754596732748 52.5 3.2297377893012036
v 8.705262696579625 52.5 2.3325681094492263
v 8.901394116628875 52.5 1.409842325270763
v 9.0 52.5 0.47167001354731053
v 9.0 52.5 -0.4716700135473118
v 8.901394116628873 52.5 -1.4098423252707655
v 8.705262696579625 52.5 -2.33256810944923
v 8.41375459673275 52.5 -3.229737789301198
v 8.030063640834694 52.5 -4.091521786062692
v 7.558393627285979 52.5 -4.9084782139357666
v 7.003912271461844 52.5 -5.671656327330449
v 6.372694587130424 52.5 -6.372694587130426
v 5.671656327330449 52.5 -7.003912271461844
v 4.9084782139357594 52.5 -7.558393627285984
v 4.0915217860626925 52.5 -8.030063640834694
v 3.229737789301197 52.5 -8.41375459673275
v 2.3325681094492285 52.5 -8.705262696579625
v 1.4098423252707608 52.5 -8.901394116628875
v 0.4716700135473099 52.5 -9.0
v -0.4716700135473043 52.5 -9.0
v -1.4098423252707681 52.5 -8.901394116628873
v -2.33256810944923 52.5 -8.705262696579625
v -3.229737789301193 52.5 -8.413754596732751
v -4.091521786062691 52.5 -8.030063640834694
v -4.908478213935763 52.5 -7.558393627285981
v -5.671656327330451 52.5 -7.003912271461842
v -6.372694587130427 52.5 -6.372694587130424
v -7.0039122714618465 52.5 -5.671656327330447
v -7.558393627285981 52.5 -4.908478213935764
v -8.030063640834697 52.5 -4.091521786062685
v -8.413754596732748 52.5 -3.2297377893012036
v -8.705262696579625 52.5 -2.3325681094492263
v -8.901394116628875 52.5 -1.409842325270763
v -9.0 52.5 -0.47167001354731053
v -9.0 52.5 0.4716700135473118
v -8.901394116628875 52.5 1.4098423252707621
v 8.901394116628875 51.5 1.409842325270763
v 9.0 51.5 0.47167001354731053
v 9.0 51.5 -0.4716700135473118
v 8.901394116628873 51.5 -1.4098423252707655
v 8.705262696579625 51.5 -2.33256810944923
v 8.41375459673275 51.5 -3.229737789301198
v 8.030063640834694 51.5 -4.091521786062692
v 7.558393627285979 51.5 -4.9084782139357666
v 7.003912271461844 51.5 -5.671656327330449
v 6.372694587130424 51.5 -6.372694587130426
v 5.671656327330449 51.5 -7.003912271461844
v 4.9084782139357594 51.5 -7.558393627285984
v 4.0915217860626925 51.5 -8.030063640834694
v 3.229737789301197 51.5 -8.41375459673275
v 2.3325681094492285 51.5 -8.705262696579625
v 1.4098423252707608 51.5 -8.901394116628875
v 0.4716700135473099 51.5 -9.0
v -0.4716700135473043 51.5 -9.0
v -1.4098423252707681 51.5 -8.901394116628873
v -2.33256810944923 51.5 -8.705262696579625
v -3.229737789301193 51.5 -8.413754596732751
v -4.091521786062691 51.5 -8.030063640834694
v -4.908478213935763 51.5 -7.558393627285981
v -5.671656327330451 51.5 -7.003912271461842
v -6.372694587130427 51.5 -6.372694587130424
v -7.0039122714618465 51.5 -5.671656327330447
v -7.558393627285981 51.5 -4.908478213935764
v -8.030063640834697 51.5 -4.091521786062685
v -8.413754596732748 51.5 -3.2297377893012036
v -8.705262696579625 51.5 -2.3325681094492263
v -8.901394116628875 51.5 -1.409842325270763
v -9.0 51.5 -0.47167001354731053
v -9.0 51.5 0.4716700135473118
v -8.901394116628873 51.5 1.4098423252707655
v -8.705262696579625 51.5 2.33256810944923
v -8.41375459673275 51.5 3.229737789301198
v -8.030063640834694 51.5 4.091521786062692
v -7.558393627285979 51.5 4.9084782139357666
v -7.003912271461844 51.5 5.671656327330449
v -6.372694587130424 51.5 6.372694587130426
v -5.671656327330449 51.5 7.003912271461844
v -4.9084782139357594 51.5 7.558393627285984
v -4.0915217860626925 51.5 8.030063640834694
v -3.229737789301197 51.5 8.41375459673275
v -2.3325681094492285 51.5 8.705262696579625
v -1.4098423252707608 51.5 8.901394116628875
v -0.4716700135473099 51.5 9.0
v 0.4716700135473043 51.5 9.0
v 1.4098423252707681 51.5 8.901394116628873
v 2.33256810944923 51.5 8.705262696579625
v 3.229737789301193 51.5 8.413754596732751
v 4.091521786062691 51.5 8.030063640834694
v 4.908478213935763 51.5 7.558393627285981
v 5.671656327330451 51.5 7.003912271461842
v 6.372694587130427 51.5 6.372694587130424
v 7.0039122714618465 51.5 5.671656327330447
v 7.558393627285981 51.5 4.908478213935764
v 8.030063640834697 51.5 4.091521786062685
v 8.413754596732748 51.5 3.2297377893012036
v 8.705262696579625 51.5 2.3325681094492263
v 8.901394116628875 51.5 1.409842325270763
v 8.0 51.5 0.41926223426406434
v 8.0 51.5 -0.4192622342640655
v 7.912350325892329 51.5 -1.2531931780182815
v 7.738011285848575 51.5 -2.0733938750656953
v 7.478892974873344 51.5 -2.870878034934822
v 7.137834347408094 51.5 -3.6369082542790725
v 6.718572113143645 51.5 -4.363091745719943
v 6.22569979685554 51.5 -5.04147229095964
v 5.664617410782538 51.5 -5.66461741078254
v 5.041472290959637 51.5 -6.225699796855543
v 4.363091745719941 51.5 -6.718572113143646
v 3.6369082542790703 51.5 -7.137834347408095
v 2.8708780349348184 51.5 -7.478892974873346
v 2.073393875065699 51.5 -7.738011285848574
v 1.2531931780182795 51.5 -7.912350325892329
v 0.41926223426406384 51.5 -8.0
v -0.4192622342640629 51.5 -8.0
v -1.25319317801828 51.5 -7.912350325892329
v -2.073393875065695 51.5 -7.738011285848575
v -2.870878034934817 51.5 -7.478892974873346
v -3.6369082542790734 51.5 -7.137834347408093
v -4.363091745719945 51.5 -6.718572113143644
v -5.041472290959639 51.5 -6.225699796855541
v -5.664617410782539 51.5 -5.664617410782539
v -6.225699796855542 51.5 -5.0414722909596374
v -6.718572113143645 51.5 -4.363091745719943
v -7.137834347408093 51.5 -3.636908254279073
v -7.478892974873347 51.5 -2.8708780349348157
v -7.738011285848575 51.5 -2.0733938750656975
v -7.912350325892329 51.5 -1.253193178018281
v -8.0 51.5 -0.41926223426406434
v -8.0 51.5 0.4192622342640655
v -7.912350325892329 51.5 1.2531931780182815
v -7.738011285848575 51.5 2.0733938750656953
v -7.478892974873344 51.5 2.870878034934822
v -7.137834347408094 51.5 3.6369082542790725
v -6.718572113143645 51.5 4.363091745719943
v -6.22569979685554 51.5 5.04147229095964
v -5.664617410782538 51.5 5.66461741078254
v -5.041472290959637 51.5 6.225699796855543
v -4.363091745719941 51.5 6.718572113143646
v -3.6369082542790703 51.5 7.137834347408095
v -2.8708780349348184 51.5 7.478892974873346
v -2.073393875065699 51.5 7.738011285848574
v -1.2531931780182795 51.5 7.912350325892329
v -0.41926223426406384 51.5 8.0
v 0.4192622342640629 51.5 8.0
v 1.25319317801828 51.5 7.912350325892329
v 2.073393875065695 51.5 7.738011285848575
v 2.870878034934817 51.5 7.478892974873346
v 3.6369082542790734 51.5 7.137834347408093
v 4.363091745719945 51.5 6.718572113143644
v 5.041472290959639 51.5 6.225699796855541
v 5.664617410782539 51.5 5.664617410782539
v 6.225699796855542 51.5 5.0414722909596374
v 6.718572113143645 51.5 4.363091745719943
v 7.137834347408093 51.5 3.636908254279073
v 7.478892974873347 51.5 2.8708780349348157
v 7.738011285848575 51.5 2.0733938750656975
v 7.912350325892329 51.5 1.253193178018281
v 8.0 51.5 0.41926223426406434
v 7.912350325892329 50.5 1.253193178018281
v 8.0 50.5 0.41926223426406434
v 8.0 50.5 -0.4192622342640655
v 7.912350325892329 50.5 -1.2531931780182815
v 7.738011285848575 50.5 -2.0733938750656953
v 7.478892974873344 50.5 -2.870878034934822
v 7.137834347408094 50.5 -3.6369082542790725
v 6.718572113143645 50.5 -4.363091745719943
v 6.22569979685554 50.5 -5.04147229095964
v 5.664617410782538 50.5 -5.66461741078254
v 5.041472290959637 50.5 -6.225699796855543
v 4.363091745719941 50.5 -6.718572113143646
v 3.6369082542790703 50.5 -7.137834347408095
v 2.8708780349348184 50.5 -7.478892974873346
v 2.073393875065699 50.5 -7.738011285848574
v 1.2531931780182795 50.5 -7.912350325892329
v 0.41926223426406384 50.5 -8.0
v -0.4192622342640629 50.5 -8.0
v -1.25319317801828 50.5 -7.912350325892329
v -2.073393875065695 50.5 -7.738011285848575
v -2.870878034934817 50.5 -7.478892974873346
v -3.6369082542790734 50.5 -7.137834347408093
v -4.363091745719945 50.5 -6.718572113143644
v -5.041472290959639 50.5 -6.225699796855541
v -5.664617410782539 50.5 -5.664617410782539
v -6.225699796855542 50.5 -5.0414722909596374
v -6.718572113143645 50.5 -4.363091745719943
v -7.137834347408093 50.5 -3.636908254279073
v -7.478892974873347 50.5 -2.8708780349348157
v -7.738011285848575 50.5 -2.0733938750656975
v -7.912350325892329 50.5 -1.253193178018281
v -8.0 50.5 -0.41926223426406434
v -8.0 50.5 0.4192622342640655
v -7.912350325892329 50.5 1.2531931780182815
v -7.738011285848575 50.5 2.0733938750656953
v -7.478892974873344 50.5 2.870878034934822
v -7.137834347408094 50.5 3.6369082542790725
v -6.718572113143645 50.5 4.363091745719943
v -6.22569979685554 50.5 5.04147229095964
v -5.664617410782538 50.5 5.66461741078254
v -5.041472290959637 50.5 6.225699796855543
v -4.363091745719941 50.5 6.718572113143646
v -3.6369082542790703 50.5 7.137834347408095
v -2.8708780349348184 50.5 7.478892974873346
v -2.073393875065699 50.5 7.738011285848574
v -1.2531931780182795 50.5 7.912350325892329
v -0.41926223426406384 50.5 8.0
v 0.4192622342640629 50.5 8.0
v 1.25319317801828 50.5 7.912350325892329
v 2.073393875065695 50.5 7.738011285848575
v 2.870878034934817 50.5 7.478892974873346
v 3.6369082542790734 50.5 7.137834347408093
v 4.363091745719945 50.5 6.718572113143644
v 5.041472290959639 50.5 6.225699796855541
v 5.664617410782539 50.5 5.664617410782539
v 6.225699796855542 50.5 5.0414722909596374
v 6.718572113143645 50.5 4.363091745719943
v 7.137834347408093 50.5 3.636908254279073
v 7.478892974873347 50.5 2.8708780349348157
v 7.738011285848575 50.5 2.0733938750656975
v 7.912350325892329 50.5 1.253193178018281
v 7.0 50.5 0.3668544549812729
v 7.0 50.5 -0.3668544549812739
v 6.923306535155784 50.5 -1.0965440307662537
v 6.770759875117525 50.5 -1.8142196406826179
v 6.5440313530144865 50.5 -2.512018280567216
v 6.24560505398226 50.5 -3.182294722493733
v 5.8787505989998055 50.5 -3.8177052775063327
v 5.44748732224977 50.5 -4.411288254588238
v 4.9565402344346525 50.5 -4.956540234434654
v 4.411288254588235 50.5 -5.447487322249772
v 3.8177052775063354 50.5 -5.878750598999804
v 3.1822947224937304 50.5 -6.245605053982261
v 2.512018280567212 50.5 -6.544031353014488
v 1.8142196406826157 50.5 -6.770759875117526
v 1.0965440307662528 50.5 -6.923306535155784
v 0.36685445498127245 50.5 -7.0
v -0.366854454981273 50.5 -7.0
v -1.0965440307662528 50.5 -6.923306535155784
v -1.8142196406826183 50.5 -6.770759875117525
v -2.5120182805672107 50.5 -6.544031353014488
v -3.1822947224937357 50.5 -6.245605053982258
v -3.8177052775063305 50.5 -5.878750598999807
v -4.4112882545882295 50.5 -5.447487322249776
v -4.95654023443465 50.5 -4.956540234434655
v -5.447487322249774 50.5 -4.411288254588232
v -5.8787505989998055 50.5 -3.8177052775063336
v -6.24560505398226 50.5 -3.1822947224937326
v -6.544031353014488 50.5 -2.5120182805672115
v -6.770759875117526 50.5 -1.8142196406826163
v -6.923306535155784 50.5 -1.0965440307662535
v -7.0 50.5 -0.3668544549812729
v -7.0 50.5 0.3668544549812739
v -6.923306535155784 50.5 1.0965440307662537
v -6.770759875117525 50.5 1.8142196406826179
v -6.5440313530144865 50.5 2.512018280567216
v -6.24560505398226 50.5 3.182294722493733
v -5.8787505989998055 50.5 3.8177052775063327
v -5.44748732224977 50.5 4.411288254588238
v -4.9565402344346525 50.5 4.956540234434654
v -4.411288254588235 50.5 5.447487322249772
v -3.8177052775063354 50.5 5.878750598999804
v -3.1822947224937304 50.5 6.245605053982261
v -2.512018280567212 50.5 6.544031353014488
v -1.8142196406826157 50.5 6.770759875117526
v -1.0965440307662528 50.5 6.923306535155784
v -0.36685445498127245 50.5 7.0
v 0.366854454981273 50.5 7.0
v 1.0965440307662528 50.5 6.923306535155784
v 1.8142196406826183 50.5 6.770759875117525
v 2.5120182805672107 50.5 6.544031353014488
v 3.1822947224937357 50.5 6.245605053982258
v 3.8177052775063305 50.5 5.878750598999807
v 4.4112882545882295 50.5 5.447487322249776
v 4.95654023443465 50.5 4.956540234434655
v 5.447487322249774 50.5 4.411288254588232
v 5.8787505989998055 50.5 3.8177052775063336
v 6.24560505398226 50.5 3.1822947224937326
v 6.544031353014488 50.5 2.5120182805672115
v 6.770759875117526 50.5 1.8142196406826163
v 6.923306535155784 50.5 1.0965440307662535
v 7.0 50.5 0.3668544549812729
v 6.923306535155784 49.5 1.0965440307662535
v 7.0 49.5 0.3668544549812729
v 7.0 49.5 -0.3668544549812739
v 6.923306535155784 49.5 -1.0965440307662537
v 6.770759875117525 49.5 -1.8142196406826179
v 6.5440313530144865 49.5 -2.512018280567216
v 6.24560505398226 49.5 -3.182294722493733
v 5.8787505989998055 49.5 -3.8177052775063327
v 5.44748732224977 49.5 -4.411288254588238
v 4.9565402344346525 49.5 -4.956540234434654
v 4.411288254588235 49.5 -5.447487322249772
v 3.8177052775063354 49.5 -5.878750598999804
v 3.1822947224937304 49.5 -6.245605053982261
v 2.512018280567212 49.5 -6.544031353014488
v 1.8142196406826157 49.5 -6.770759875117526
v 1.0965440307662528 49.5 -6.923306535155784
v 0.36685445498127245 49.5 -7.0
v -0.366854454981273 49.5 -7.0
v -1.0965440307662528 49.5 -6.923306535155784
v -1.8142196406826183 49.5 -6.770759875117525
v -2.5120182805672107 49.5 -6.544031353014488
v -3.1822947224937357 49.5 -6.245605053982258
v -3.8177052775063305 49.5 -5.878750598999807
v -4.4112882545882295 49.5 -5.447487322249776
v -4.95654023443465 49.5 -4.956540234434655
v -5.447487322249774 49.5 -4.411288254588232
v -5.8787505989998055 49.5 -3.8177052775063336
v -6.24560505398226 49.5 -3.1822947224937326
v -6.544031353014488 49.5 -2.5120182805672115
v -6.770759875117526 49.5 -1.8142196406826163
v -6.923306535155784 49.5 -1.0965440307662535
v -7.0 49.5 -0.3668544549812729
v -7.0 49.5 0.3668544549812739
v -6.923306535155784 49.5 1.0965440307662537
v -6.770759875117525 49.5 1.8142196406826179
v -6.5440313530144865 49.5 2.512018280567216
v -6.24560505398226 49.5 3.182294722493733
v -5.8787505989998055 49.5 3.8177052775063327
v -5.44748732224977 49.5 4.411288254588238
v -4.9565402344346525 49.5 4.956540234434654
v -4.411288254588235 49.5 5.447487322249772
v -3.8177052775063354 49.5 5.878750598999804
v -3.1822947224937304 49.5 6.245605053982261
v -2.512018280567212 49.5 6.544031353014488
v -1.8142196406826157 49.5 6.770759875117526
v -1.0965440307662528 49.5 6.923306535155784
v -0.36685445498127245 49.5 7.0
v 0.366854454981273 49.5 7.0
v 1.0965440307662528 49.5 6.923306535155784
v 1.8142196406826183 49.5 6.770759875117525
v 2.5120182805672107 49.5 6.544031353014488
v 3.1822947224937357 49.5 6.245605053982258
v 3.8177052775063305 49.5 5.878750598999807
v 4.4112882545882295 49.5 5.447487322249776
v 4.95654023443465 49.5 4.956540234434655
v 5.447487322249774 49.5 4.411288254588232
v 5.8787505989998055 49.5 3.8177052775063336
v 6.24560505398226 49.5 3.1822947224937326
v 6.544031353014488 49.5 2.5120182805672115
v 6.770759875117526 49.5 1.8142196406826163
v 6.923306535155784 49.5 1.0965440307662535
v 6.0 49.5 0.31444667569802676
v 6.0 49.5 -0.3144466756980276
v 5.934262744419238 49.5 -0.9398948835137723
v 5.803508464386411 49.5 -1.5550454062993884
v 5.609169731155208 49.5 -2.1531585262005555
v 5.353375760556425 49.5 -2.7276811907083958
v 5.038929084857244 49.5 -3.272318809290509
v 4.669274847642292 49.5 -3.781104218218732
v 4.248463058086765 49.5 -4.248463058086769
v 3.7811042182187293 49.5 -4.669274847642295
v 3.2723188092889828 49.5 -5.038929084858354
v 2.727681190710119 49.5 -5.353375760555657
v 2.153158526200553 49.5 -5.609169731155208
v 1.555045406299384 49.5 -5.803508464386412
v 0.9398948835137705 49.5 -5.934262744419239
v 0.3144466756980263 49.5 -6.0
v -0.31444667569802703 49.5 -6.0
v -0.939894883513768 49.5 -5.934262744419239
v -1.5550454062993901 49.5 -5.80350846438641
v -2.153158526200553 49.5 -5.609169731155209
v -2.727681190708393 49.5 -5.353375760556426
v -3.2723188092905087 49.5 -5.038929084857244
v -3.781104218218732 49.5 -4.669274847642292
v -4.2484630580867675 49.5 -4.248463058086767
v -4.669274847642296 49.5 -3.781104218218728
v -5.038929084857244 49.5 -3.27231880929051
v -5.353375760556424 49.5 -2.7276811907083967
v -5.609169731155207 49.5 -2.1531585262005555
v -5.803508464386412 49.5 -1.5550454062993835
v -5.934262744419239 49.5 -0.9398948835137713
v -6.0 49.5 -0.31444667569802676
v -6.0 49.5 0.3144466756980276
v -5.934262744419238 49.5 0.9398948835137723
v -5.803508464386411 49.5 1.5550454062993884
v -5.609169731155208 49.5 2.1531585262005555
v -5.353375760556425 49.5 2.7276811907083958
v -5.038929084857244 49.5 3.272318809290509
v -4.669274847642292 49.5 3.781104218218732
v -4.248463058086765 49.5 4.248463058086769
v -3.7811042182187293 49.5 4.669274847642295
v -3.2723188092889828 49.5 5.038929084858354
v -2.727681190710119 49.5 5.353375760555657
v -2.153158526200553 49.5 5.609169731155208
v -1.555045406299384 49.5 5.803508464386412
v -0.9398948835137705 49.5 5.934262744419239
v -0.3144466756980263 49.5 6.0
v 0.31444667569802703 49.5 6.0
v 0.939894883513768 49.5 5.934262744419239
v 1.5550454062993901 49.5 5.80350846438641
v 2.153158526200553 49.5 5.609169731155209
v 2.727681190708393 49.5 5.353375760556426
v 3.2723188092905087 49.5 5.038929084857244
v 3.781104218218732 49.5 4.669274847642292
v 4.2484630580867675 49.5 4.248463058086767
v 4.669274847642296 49.5 3.781104218218728
v 5.038929084857244 49.5 3.27231880929051
v 5.353375760556424 49.5 2.7276811907083967
v 5.609169731155207 49.5 2.1531585262005555
v 5.803508464386412 49.5 1.5550454062993835
v 5.934262744419239 49.5 0.9398948835137713
v 6.0 49.5 0.31444667569802676
v 6.0 48.5 0.31444667569802676
v 6.0 48.5 -0.3144466756980276
v 5.934262744419238 48.5 -0.9398948835137723
v 5.803508464386411 48.5 -1.5550454062993884
v 5.609169731155208 48.5 -2.1531585262005555
v 5.353375760556425 48.5 -2.7276811907083958
v 5.038929084857244 48.5 -3.272318809290509
v 4.669274847642292 48.5 -3.781104218218732
v 4.248463058086765 48.5 -4.248463058086769
v 3.7811042182187293 48.5 -4.669274847642295
v 3.2723188092889828 48.5 -5.038929084858354
v 2.727681190710119 48.5 -5.353375760555657
v 2.153158526200553 48.5 -5.609169731155208
v 1.555045406299384 48.5 -5.803508464386412
v 0.9398948835137705 48.5 -5.934262744419239
v 0.3144466756980263 48.5 -6.0
v -0.31444667569802703 48.5 -6.0
v -0.939894883513768 48.5 -5.934262744419239
v -1.5550454062993901 48.5 -5.80350846438641
v -2.153158526200553 48.5 -5.609169731155209
v -2.727681190708393 48.5 -5.353375760556426
v -3.2723188092905087 48.5 -5.038929084857244
v -3.781104218218732 48.5 -4.669274847642292
v -4.2484630580867675 48.5 -4.248463058086767
v -4.669274847642296 48.5 -3.781104218218728
v -5.038929084857244 48.5 -3.27231880929051
v -5.353375760556424 48.5 -2.7276811907083967
v -5.609169731155207 48.5 -2.1531585262005555
v -5.803508464386412 48.5 -1.5550454062993835
v -5.934262744419239 48.5 -0.9398948835137713
v -6.0 48.5 -0.31444667569802676
v -6.0 48.5 0.3144466756980276
v -5.934262744419238 48.5 0.9398948835137723
v -5.803508464386411 48.5 1.5550454062993884
v -5.609169731155208 48.5 2.1531585262005555
v -5.353375760556425 48.5 2.7276811907083958
v -5.038929084857244 48.5 3.272318809290509
v -4.669274847642292 48.5 3.781104218218732
v -4.248463058086765 48.5 4.248463058086769
v -3.7811042182187293 48.5 4.669274847642295
v -3.2723188092889828 48.5 5.038929084858354
v -2.727681190710119 48.5 5.353375760555657
v -2.153158526200553 48.5 5.609169731155208
v -1.555045406299384 48.5 5.803508464386412
v -0.9398948835137705 48.5 5.934262744419239
v -0.3144466756980263 48.5 6.0
v 0.31444667569802703 48.5 6.0
v 0.939894883513768 48.5 5.934262744419239
v 1.5550454062993901 48.5 5.80350846438641
v 2.153158526200553 48.5 5.609169731155209
v 2.727681190708393 48.5 5.353375760556426
v 3.2723188092905087 48.5 5.038929084857244
v 3.781104218218732 48.5 4.669274847642292
v 4.2484630580867675 48.5 4.248463058086767
v 4.669274847642296 48.5 3.781104218218728
v 5.038929084857244 48.5 3.27231880929051
v 5.353375760556424 48.5 2.7276811907083967
v 5.609169731155207 48.5 2.1531585262005555
v 5.803508464386412 48.5 1.5550454062993835
v 5.934262744419239 48.5 0.9398948835137713
v 6.0 48.5 0.31444667569802676
v 6.0 47.5 0.31444667569802676
v 6.0 47.5 -0.3144466756980276
v 5.934262744419238 47.5 -0.9398948835137723
v 5.803508464386411 47.5 -1.5550454062993884
v 5.609169731155208 47.5 -2.1531585262005555
v 5.353375760556425 47.5 -2.7276811907083958
v 5.038929084857244 47.5 -3.272318809290509
v 4.669274847642292 47.5 -3.781104218218732
v 4.248463058086765 47.5 -4.248463058086769
v 3.7811042182187293 47.5 -4.669274847642295
v 3.2723188092889828 47.5 -5.038929084858354
v 2.727681190710119 47.5 -5.353375760555657
v 2.153158526200553 47.5 -5.609169731155208
v 1.555045406299384 47.5 -5.803508464386412
v 0.9398948835137705 47.5 -5.934262744419239
v 0.3144466756980263 47.5 -6.0
v -0.31444667569802703 47.5 -6.0
v -0.939894883513768 47.5 -5.934262744419239
v -1.5550454062993901 47.5 -5.80350846438641
v -2.153158526200553 47.5 -5.609169731155209
v -2.727681190708393 47.5 -5.353375760556426
v -3.2723188092905087 47.5 -5.038929084857244
v -3.781104218218732 47.5 -4.669274847642292
v -4.2484630580867675 47.5 -4.248463058086767
v -4.669274847642296 47.5 -3.781104218218728
v -5.038929084857244 47.5 -3.27231880929051
v -5.353375760556424 47.5 -2.7276811907083967
v -5.609169731155207 47.5 -2.1531585262005555
v -5.803508464386412 47.5 -1.5550454062993835
v -5.934262744419239 47.5 -0.9398948835137713
v -6.0 47.5 -0.31444667569802676
v -6.0 47.5 0.3144466756980276
v -5.934262744419238 47.5 0.9398948835137723
v -5.803508464386411 47.5 1.5550454062993884
v -5.609169731155208 47.5 2.1531585262005555
v -5.353375760556425 47.5 2.7276811907083958
v -5.038929084857244 47.5 3.272318809290509
v -4.669274847642292 47.5 3.781104218218732
v -4.248463058086765 47.5 4.248463058086769
v -3.7811042182187293 47.5 4.669274847642295
v -3.2723188092889828 47.5 5.038929084858354
v -2.727681190710119 47.5 5.353375760555657
v -2.153158526200553 47.5 5.609169731155208
v -1.555045406299384 47.5 5.803508464386412
v -0.9398948835137705 47.5 5.934262744419239
v -0.3144466756980263 47.5 6.0
v 0.31444667569802703 47.5 6.0
v 0.939894883513768 47.5 5.934262744419239
v 1.5550454062993901 47.5 5.80350846438641
v 2.153158526200553 47.5 5.609169731155209
v 2.727681190708393 47.5 5.353375760556426
v 3.2723188092905087 47.5 5.038929084857244
v 3.781104218218732 47.5 4.669274847642292
v 4.2484630580867675 47.5 4.248463058086767
v 4.669274847642296 47.5 3.781104218218728
v 5.038929084857244 47.5 3.27231880929051
v 5.353375760556424 47.5 2.7276811907083967
v 5.609169731155207 47.5 2.1531585262005555
v 5.803508464386412 47.5 1.5550454062993835
v 5.934262744419239 47.5 0.9398948835137713
v 6.0 47.5 0.31444667569802676
v 6.0 46.5 0.31444667569802676
v 6.0 46.5 -0.3144466756980276
v 5.934262744419238 46.5 -0.9398948835137723
v 5.803508464386411 46.5 -1.5550454062993884
v 5.609169731155208 46.5 -2.1531585262005555
v 5.353375760556425 46.5 -2.7276811907083958
v 5.038929084857244 46.5 -3.272318809290509
v 4.669274847642292 46.5 -3.781104218218732
v 4.248463058086765 46.5 -4.248463058086769
v 3.7811042182187293 46.5 -4.669274847642295
v 3.2723188092889828 46.5 -5.038929084858354
v 2.727681190710119 46.5 -5.353375760555657
v 2.153158526200553 46.5 -5.609169731155208
v 1.555045406299384 46.5 -5.803508464386412
v 0.9398948835137705 46.5 -5.934262744419239
v 0.3144466756980263 46.5 -6.0
v -0.31444667569802703 46.5 -6.0
v -0.939894883513768 46.5 -5.934262744419239
v -1.5550454062993901 46.5 -5.80350846438641
v -2.153158526200553 46.5 -5.609169731155209
v -2.727681190708393 46.5 -5.353375760556426
v -3.2723188092905087 46.5 -5.038929084857244
v -3.781104218218732 46.5 -4.669274847642292
v -4.2484630580867675 46.5 -4.248463058086767
v -4.669274847642296 46.5 -3.781104218218728
v -5.038929084857244 46.5 -3.27231880929051
v -5.353375760556424 46.5 -2.7276811907083967
v -5.609169731155207 46.5 -2.1531585262005555
v -5.803508464386412 46.5 -1.5550454062993835
v -5.934262744419239 46.5 -0.9398948835137713
v -6.0 46.5 -0.31444667569802676
v -6.0 46.5 0.3144466756980276
v -5.934262744419238 46.5 0.9398948835137723
v -5.803508464386411 46.5 1.5550454062993884
v -5.609169731155208 46.5 2.1531585262005555
v -5.353375760556425 46.5 2.7276811907083958
v -5.038929084857244 46.5 3.272318809290509
v -4.669274847642292 46.5 3.781104218218732
v -4.248463058086765 46.5 4.248463058086769
v -3.7811042182187293 46.5 4.669274847642295
v -3.2723188092889828 46.5 5.038929084858354
v -2.727681190710119 46.5 5.353375760555657
v -2.153158526200553 46.5 5.609169731155208
v -1.555045406299384 46.5 5.803508464386412
v -0.9398948835137705 46.5 5.934262744419239
v -0.3144466756980263 46.5 6.0
v 0.31444667569802703 46.5 6.0
v 0.939894883513768 46.5 5.934262744419239
v 1.5550454062993901 46.5 5.80350846438641
v 2.153158526200553 46.5 5.609169731155209
v 2.727681190708393 46.5 5.353375760556426
v 3.2723188092905087 46.5 5.038929084857244
v 3.781104218218732 46.5 4.669274847642292
v 4.2484630580867675 46.5 4.248463058086767
v 4.669274847642296 46.5 3.781104218218728
v 5.038929084857244 46.5 3.27231880929051
v 5.353375760556424 46.5 2.7276811907083967
v 5.609169731155207 46.5 2.1531585262005555
v 5.803508464386412 46.5 1.5550454062993835
v 5.934262744419239 46.5 0.9398948835137713
v 6.0 46.5 0.31444667569802676
v 6.923306535155784 45.5 1.0965440307662535
v 7.0 45.5 0.3668544549812729
v 7.0 45.5 -0.3668544549812739
v 6.923306535155784 45.5 -1.0965440307662537
v 6.770759875117525 45.5 -1.8142196406826179
v 6.5440313530144865 45.5 -2.512018280567216
v 6.24560505398226 45.5 -3.182294722493733
v 5.8787505989998055 45.5 -3.8177052775063327
v 5.44748732224977 45.5 -4.411288254588238
v 4.9565402344346525 45.5 -4.956540234434654
v 4.411288254588235 45.5 -5.447487322249772
v 3.8177052775063354 45.5 -5.878750598999804
v 3.1822947224937304 45.5 -6.245605053982261
v 2.512018280567212 45.5 -6.544031353014488
v 1.8142196406826157 45.5 -6.770759875117526
v 1.0965440307662528 45.5 -6.923306535155784
v 0.36685445498127245 45.5 -7.0
v -0.366854454981273 45.5 -7.0
v -1.0965440307662528 45.5 -6.923306535155784
v -1.8142196406826183 45.5 -6.770759875117525
v -2.5120182805672107 45.5 -6.544031353014488
v -3.1822947224937357 45.5 -6.245605053982258
v -3.8177052775063305 45.5 -5.878750598999807
v -4.4112882545882295 45.5 -5.447487322249776
v -4.95654023443465 45.5 -4.956540234434655
v -5.447487322249774 45.5 -4.411288254588232
v -5.8787505989998055 45.5 -3.8177052775063336
v -6.24560505398226 45.5 -3.1822947224937326
v -6.544031353014488 45.5 -2.5120182805672115
v -6.770759875117526 45.5 -1.8142196406826163
v -6.923306535155784 45.5 -1.0965440307662535
v -7.0 45.5 -0.3668544549812729
v -7.0 45.5 0.3668544549812739
v -6.923306535155784 45.5 1.0965440307662537
v -6.770759875117525 45.5 1.8142196406826179
v -6.5440313530144865 45.5 2.512018280567216
v -6.24560505398226 45.5 3.182294722493733
v -5.8787505989998055 45.5 3.8177052775063327
v -5.44748732224977 45.5 4.411288254588238
v -4.9565402344346525 45.5 4.956540234434654
v -4.411288254588235 45.5 5.447487322249772
v -3.8177052775063354 45.5 5.878750598999804
v -3.1822947224937304 45.5 6.245605053982261
v -2.512018280567212 45.5 6.544031353014488
v -1.8142196406826157 45.5 6.770759875117526
v -1.0965440307662528 45.5 6.923306535155784
v -0.36685445498127245 45.5 7.0
v 0.366854454981273 45.5 7.0
v 1.0965440307662528 45.5 6.923306535155784
v 1.8142196406826183 45.5 6.770759875117525
v 2.5120182805672107 45.5 6.544031353014488
v 3.1822947224937357 45.5 6.245605053982258
v 3.8177052775063305 45.5 5.878750598999807
v 4.4112882545882295 45.5 5.447487322249776
v 4.95654023443465 45.5 4.956540234434655
v 5.447487322249774 45.5 4.411288254588232
v 5.8787505989998055 45.5 3.8177052775063336
v 6.24560505398226 45.5 3.1822947224937326
v 6.544031353014488 45.5 2.5120182805672115
v 6.770759875117526 45.5 1.8142196406826163
v 6.923306535155784 45.5 1.0965440307662535
v 6.0 45.5 0.31444667569802676
v 6.0 45.5 -0.3144466756980276
v 5.934262744419238 45.5 -0.9398948835137723
v 5.803508464386411 45.5 -1.5550454062993884
v 5.609169731155208 45.5 -2.1531585262005555
v 5.353375760556425 45.5 -2.7276811907083958
v 5.038929084857244 45.5 -3.272318809290509
v 4.669274847642292 45.5 -3.781104218218732
v 4.248463058086765 45.5 -4.248463058086769
v 3.7811042182187293 45.5 -4.669274847642295
v 3.2723188092889828 45.5 -5.038929084858354
v 2.727681190710119 45.5 -5.353375760555657
v 2.153158526200553 45.5 -5.609169731155208
v 1.555045406299384 45.5 -5.803508464386412
v 0.9398948835137705 45.5 -5.934262744419239
v 0.3144466756980263 45.5 -6.0
v -0.31444667569802703 45.5 -6.0
v -0.939894883513768 45.5 -5.934262744419239
v -1.5550454062993901 45.5 -5.80350846438641
v -2.153158526200553 45.5 -5.609169731155209
v -2.727681190708393 45.5 -5.353375760556426
v -3.2723188092905087 45.5 -5.038929084857244
v -3.781104218218732 45.5 -4.669274847642292
v -4.2484630580867675 45.5 -4.248463058086767
v -4.669274847642296 45.5 -3.781104218218728
v -5.038929084857244 45.5 -3.27231880929051
v -5.353375760556424 45.5 -2.7276811907083967
v -5.609169731155207 45.5 -2.1531585262005555
v -5.803508464386412 45.5 -1.5550454062993835
v -5.934262744419239 45.5 -0.9398948835137713
v -6.0 45.5 -0.31444667569802676
v -6.0 45.5 0.3144466756980276
v -5.934262744419238 45.5 0.9398948835137723
v -5.803508464386411 45.5 1.5550454062993884
v -5.609169731155208 45.5 2.1531585262005555
v -5.353375760556425 45.5 2.7276811907083958
v -5.038929084857244 45.5 3.272318809290509
v -4.669274847642292 45.5 3.781104218218732
v -4.248463058086765 45.5 4.248463058086769
v -3.7811042182187293 45.5 4.669274847642295
v -3.2723188092889828 45.5 5.038929084858354
v -2.727681190710119 45.5 5.353375760555657
v -2.153158526200553 45.5 5.609169731155208
v -1.555045406299384 45.5 5.803508464386412
v -0.9398948835137705 45.5 5.934262744419239
v -0.3144466756980263 45.5 6.0
v 0.31444667569802703 45.5 6.0
v 0.939894883513768 45.5 5.934262744419239
v 1.5550454062993901 45.5 5.80350846438641
v 2.153158526200553 45.5 5.609169731155209
v 2.727681190708393 45.5 5.353375760556426
v 3.2723188092905087 45.5 5.038929084857244
v 3.781104218218732 45.5 4.669274847642292
v 4.2484630580867675 45.5 4.248463058086767
v 4.669274847642296 45.5 3.781104218218728
v 5.038929084857244 45.5 3.27231880929051
v 5.353375760556424 45.5 2.7276811907083967
v 5.609169731155207 45.5 2.1531585262005555
v 5.803508464386412 45.5 1.5550454062993835
v 5.934262744419239 45.5 0.9398948835137713
v 6.0 45.5 0.31444667569802676
v 7.912350325892329 44.5 1.2531931780182808
v 8.0 44.5 0.41926223426406434
v 8.0 44.5 -4.143593539448884
v 7.558393627285978 44.5 -4.908478213935767
v 7.003912271461842 44.5 -5.671656327330452
v 6.372694587130424 44.5 -6.372694587130427
v 5.671656327330448 44.5 -7.003912271461846
v 4.908478213935762 44.5 -7.558393627285982
v 4.091521786062689 44.5 -8.030063640834696
v 3.229737789301198 44.5 -8.41375459673275
v 2.332568109449228 44.5 -8.705262696579625
v 1.409842325270761 44.5 -8.901394116628875
v 0.4716700135473099 44.5 -9.0
v -0.4716700135473173 44.5 -9.0
v -1.4098423252707653 44.5 -8.901394116628875
v -2.332568109449228 44.5 -8.705262696579625
v -3.229737789301192 44.5 -8.413754596732751
v -4.091521786062691 44.5 -8.030063640834694
v -4.908478213935763 44.5 -7.558393627285981
v -5.671656327330451 44.5 -7.003912271461842
v -6.372694587130427 44.5 -6.372694587130424
v -7.0039122714618465 44.5 -5.671656327330447
v -7.558393627285984 44.5 -4.90847821393576
v -8.030063640834694 44.5 -4.0915217860626925
v -8.389298628030582 44.5 -3.2846667943477157
v -7.912350325892329 44.5 1.2531931780182841
v -7.738011285848575 44.5 2.0733938750656966
v -7.478892974873346 44.5 2.870878034934818
v -7.137834347408093 44.5 3.636908254279073
v -6.718572113143647 44.5 4.363091745719939
v -6.225699796855542 44.5 5.041472290959637
v -5.664617410782539 44.5 5.664617410782538
v -5.04147229095964 44.5 6.225699796855539
v -4.36309174571994 44.5 6.718572113143646
v -3.6369082542790707 44.5 7.137834347408095
v -2.8708780349348184 44.5 7.478892974873346
v -2.073393875065699 44.5 7.738011285848574
v -1.2531931780182795 44.5 7.912350325892329
v -0.41926223426406384 44.5 8.0
v 0.41926223426406384 44.5 8.0
v 1.2531931780182812 44.5 7.912350325892329
v 2.0733938750656957 44.5 7.738011285848575
v 2.8708780349348175 44.5 7.478892974873346
v 3.6369082542790716 44.5 7.137834347408094
v 4.363091745719942 44.5 6.7185721131436456
v 5.041472290959638 44.5 6.225699796855541
v 5.66461741078254 44.5 5.664617410782538
v 6.225699796855544 44.5 5.041472290959636
v 6.7185721131436456 44.5 4.3630917457199425
v 7.137834347408095 44.5 3.6369082542790703
v 7.478892974873345 44.5 2.8708780349348206
v 7.738011285848574 44.5 2.0733938750656984
v 7.912350325892329 44.5 1.2531931780182808
v 7.0 44.5 0.3668544549812729
v 7.0 44.5 -0.3668544549812739
v 6.923306535155784 44.5 -1.0965440307662537
v 6.770759875117525 44.5 -1.8142196406826179
v 6.5440313530144865 44.5 -2.512018280567216
v 6.24560505398226 44.5 -3.182294722493733
v 5.8787505989998055 44.5 -3.8177052775063327
v 5.44748732224977 44.5 -4.411288254588238
v 4.9565402344346525 44.5 -4.956540234434654
v 4.411288254588235 44.5 -5.447487322249772
v 3.8177052775063354 44.5 -5.878750598999804
v 3.1822947224937304 44.5 -6.245605053982261
v 2.512018280567212 44.5 -6.544031353014488
v 1.8142196406826157 44.5 -6.770759875117526
v 1.0965440307662528 44.5 -6.923306535155784
v 0.36685445498127245 44.5 -7.0
v -0.366854454981273 44.5 -7.0
v -1.0965440307662528 44.5 -6.923306535155784
v -1.8142196406826183 44.5 -6.770759875117525
v -2.5120182805672107 44.5 -6.544031353014488
v -3.1822947224937357 44.5 -6.245605053982258
v -3.8177052775063305 44.5 -5.878750598999807
v -4.4112882545882295 44.5 -5.447487322249776
v -4.95654023443465 44.5 -4.956540234434655
v -5.447487322249774 44.5 -4.411288254588232
v -5.8787505989998055 44.5 -3.8177052775063336
v -6.24560505398226 44.5 -3.1822947224937326
v -6.544031353014488 44.5 -2.5120182805672115
v -6.770759875117526 44.5 -1.8142196406826163
v -6.923306535155784 44.5 -1.0965440307662535
v -7.0 44.5 -0.3668544549812729
v -7.0 44.5 0.3668544549812739
v -6.923306535155784 44.5 1.0965440307662537
v -6.770759875117525 44.5 1.8142196406826179
v -6.5440313530144865 44.5 2.512018280567216
v -6.24560505398226 44.5 3.182294722493733
v -5.8787505989998055 44.5 3.8177052775063327
v -5.44748732224977 44.5 4.411288254588238
v -4.9565402344346525 44.5 4.956540234434654
v -4.411288254588235 44.5 5.447487322249772
v -3.8177052775063354 44.5 5.878750598999804
v -3.1822947224937304 44.5 6.245605053982261
v -2.512018280567212 44.5 6.544031353014488
v -1.8142196406826157 44.5 6.770759875117526
v -1.0965440307662528 44.5 6.923306535155784
v -0.36685445498127245 44.5 7.0
v 0.366854454981273 44.5 7.0
v 1.0965440307662528 44.5 6.923306535155784
v 1.8142196406826183 44.5 6.770759875117525
v 2.5120182805672107 44.5 6.544031353014488
v 3.1822947224937357 44.5 6.245605053982258
v 3.8177052775063305 44.5 5.878750598999807
v 4.4112882545882295 44.5 5.447487322249776
v 4.95654023443465 44.5 4.956540234434655
v 5.447487322249774 44.5 4.411288254588232
v 5.8787505989998055 44.5 3.8177052775063336
v 6.24560505398226 44.5 3.1822947224937326
v 6.544031353014488 44.5 2.5120182805672115
v 6.770759875117526 44.5 1.8142196406826163
v 6.923306535155784 44.5 1.0965440307662535
v 7.0 44.5 0.3668544549812729
v 10.879481698102154 43.5 1.7231406197739283
v 11.0 43.5 0.5764855721138029
v 11.0 43.5 -4.796715513944265
v 10.706751521111087 43.5 -5.455362381420236
v 10.077858169714716 43.5 -6.544637618581018
v 9.338549695284051 43.5 -7.56220843643851
v 8.496926116173752 43.5 -8.496926116173746
v 7.562208436438503 43.5 -9.338549695284057
v 6.54463761858102 43.5 -10.077858169714716
v 5.455362381420236 43.5 -10.706751521111087
v 4.30631705239949 43.5 -11.218339462310908
v 3.110090812597606 43.5 -11.607016928773168
v 1.8797897670279118 43.5 -11.868525488838495
v 0.6288933513965935 43.5 -12.0
v -0.6288933513965925 43.5 -12.0
v -1.8797897670268588 43.5 -11.868525488838605
v -3.1100908125986306 43.5 -11.607016928772836
v -4.306317052399503 43.5 -11.218339462310905
v -5.4553623814202306 43.5 -10.70675152111109
v -6.544637618581027 43.5 -10.07785816971471
v -7.562208436438508 43.5 -9.338549695284055
v -8.496926116173748 43.5 -8.49692611617375
v -9.338549695284051 43.5 -7.56220843643851
v -10.077858169714714 43.5 -6.544637618581021
v -10.706751521111087 43.5 -5.455362381420236
v -11.218339462310905 43.5 -4.306317052399499
v -11.441134150455747 43.5 -3.6206255085260226
v -10.879481698102154 43.5 1.7231406197739254
v -10.639765518041509 43.5 2.850916578216399
v -10.283477840452047 43.5 3.9474572980318907
v -9.814522227685252 43.5 5.000748849634898
v -9.238036655572154 43.5 5.999251150365197
v -8.560337220676573 43.5 6.932024400069006
v -7.788848939825865 43.5 7.7888489398258605
v -6.9320244000690066 43.5 8.56033722067657
v -5.9992511503652 43.5 9.23803665557215
v -5.000748849634891 43.5 9.814522227685256
v -3.947457298031894 43.5 10.283477840452047
v -2.850916578216394 43.5 10.63976551804151
v -1.723140619773926 43.5 10.879481698102156
v -0.5764855721138021 43.5 11.0
v 0.576485572113801 43.5 11.0
v 1.7231406197739332 43.5 10.879481698102154
v 2.850916578216403 43.5 10.639765518041509
v 3.9474572980318983 43.5 10.283477840452045
v 5.000748849634897 43.5 9.814522227685254
v 5.9992511503651995 43.5 9.238036655572152
v 6.9320244000690066 43.5 8.560337220676573
v 7.788848939825862 43.5 7.788848939825864
v 8.560337220676576 43.5 6.932024400069001
v 9.238036655572152 43.5 5.9992511503651995
v 9.814522227685254 43.5 5.000748849634895
v 10.283477840452049 43.5 3.947457298031889
v 10.639765518041507 43.5 2.850916578216408
v 10.879481698102154 43.5 1.7231406197739283
v 8.0 43.5 0.41926223426406434
v 8.0 43.5 -4.143593539448884
v 7.558393627285978 43.5 -4.908478213935767
v 7.003912271461842 43.5 -5.671656327330452
v 6.372694587130424 43.5 -6.372694587130427
v 5.671656327330448 43.5 -7.003912271461846
v 4.908478213935762 43.5 -7.558393627285982
v 4.091521786062689 43.5 -8.030063640834696
v 3.229737789301198 43.5 -8.41375459673275
v 2.332568109449228 43.5 -8.705262696579625
v 1.409842325270761 43.5 -8.901394116628875
v 0.4716700135473099 43.5 -9.0
v -0.4716700135473173 43.5 -9.0
v -1.4098423252707653 43.5 -8.901394116628875
v -2.332568109449228 43.5 -8.705262696579625
v -3.229737789301192 43.5 -8.413754596732751
v -4.091521786062691 43.5 -8.030063640834694
v -4.908478213935763 43.5 -7.558393627285981
v -5.671656327330451 43.5 -7.003912271461842
v -6.372694587130427 43.5 -6.372694587130424
v -7.0039122714618465 43.5 -5.671656327330447
v -7.558393627285984 43.5 -4.90847821393576
v -8.030063640834694 43.5 -4.0915217860626925
v -8.389298628030582 43.5 -3.2846667943477157
v -7.912350325892329 43.5 1.2531931780182841
v -7.738011285848575 43.5 2.0733938750656966
v -7.478892974873346 43.5 2.870878034934818
v -7.137834347408093 43.5 3.636908254279073
v -6.718572113143647 43.5 4.363091745719939
v -6.225699796855542 43.5 5.041472290959637
v -5.664617410782539 43.5 5.664617410782538
v -5.04147229095964 43.5 6.225699796855539
v -4.36309174571994 43.5 6.718572113143646
v -3.6369082542790707 43.5 7.137834347408095
v -2.8708780349348184 43.5 7.478892974873346
v -2.073393875065699 43.5 7.738011285848574
v -1.2531931780182795 43.5 7.912350325892329
v -0.41926223426406384 43.5 8.0
v 0.41926223426406384 43.5 8.0
v 1.2531931780182812 43.5 7.912350325892329
v 2.0733938750656957 43.5 7.738011285848575
v 2.8708780349348175 43.5 7.478892974873346
v 3.6369082542790716 43.5 7.137834347408094
v 4.363091745719942 43.5 6.7185721131436456
v 5.041472290959638 43.5 6.225699796855541
v 5.66461741078254 43.5 5.664617410782538
v 6.225699796855544 43.5 5.041472290959636
v 6.7185721131436456 43.5 4.3630917457199425
v 7.137834347408095 43.5 3.6369082542790703
v 7.478892974873345 43.5 2.8708780349348206
v 7.738011285848574 43.5 2.0733938750656984
v 7.912350325892329 43.5 1.2531931780182808
v 8.0 43.5 0.41926223426406434
v 14.835656861048113 42.5 2.3497372087845343
v 15.0 42.5 0.7861166892453373
v 15.0 42.5 -0.7861166892453394
v 14.835656861048113 42.5 -2.3497372087845387
v 14.5087711609661 42.5 -3.8876135157483187
v 14.022924327888447 42.5 -5.382896315500145
v 13.383439401389358 42.5 -6.8192029767745295
v 12.597322712143454 42.5 -8.18079702322627
v 11.673187119105313 42.5 -9.452760545547873
v 10.621157645217195 42.5 -10.621157645217188
v 9.452760545547875 42.5 -11.673187119105311
v 8.180797023226273 42.5 -12.597322712143452
v 6.81920297677452 42.5 -13.383439401389364
v 5.382896315500136 42.5 -14.02292432788845
v 3.8876135157483165 42.5 -14.5087711609661
v 2.349737208784531 42.5 -14.835656861048113
v 0.7861166892453363 42.5 -15.0
v -0.7861166892453313 42.5 -15.0
v -2.3497372087845445 42.5 -14.835656861048111
v -3.8876135157483187 42.5 -14.5087711609661
v -5.382896315500138 42.5 -14.022924327888449
v -6.819202976774525 42.5 -13.38343940138936
v -8.180797023226276 42.5 -12.59732271214345
v -9.452760545547875 42.5 -11.673187119105313
v -10.621157645217195 42.5 -10.62115764521719
v -11.673187119105313 42.5 -9.452760545547875
v -12.597322712143454 42.5 -8.18079702322627
v -13.383439401389362 42.5 -6.819202976774524
v -14.022924327888447 42.5 -5.382896315500143
v -14.5087711609661 42.5 -3.8876135157483143
v -14.835656861048113 42.5 -2.3497372087845343
v -15.0 42.5 -0.7861166892453373
v -15.0 42.5 0.7861166892453394
v -14.835656861048113 42.5 2.3497372087845387
v -14.5087711609661 42.5 3.8876135157483187
v -14.022924327888447 42.5 5.382896315500145
v -13.383439401389358 42.5 6.8192029767745295
v -12.597322712143454 42.5 8.18079702322627
v -11.673187119105313 42.5 9.452760545547873
v -10.621157645217195 42.5 10.621157645217188
v -9.452760545547875 42.5 11.673187119105311
v -8.180797023226273 42.5 12.597322712143452
v -6.81920297677452 42.5 13.383439401389364
v -5.382896315500136 42.5 14.02292432788845
v -3.8876135157483165 42.5 14.5087711609661
v -2.349737208784531 42.5 14.835656861048113
v -0.7861166892453363 42.5 15.0
v 0.7861166892453313 42.5 15.0
v 2.3497372087845445 42.5 14.835656861048111
v 3.8876135157483187 42.5 14.5087711609661
v 5.382896315500138 42.5 14.022924327888449
v 6.819202976774525 42.5 13.38343940138936
v 8.180797023226276 42.5 12.59732271214345
v 9.452760545547875 42.5 11.673187119105313
v 10.621157645217195 42.5 10.62115764521719
v 11.673187119105313 42.5 9.452760545547875
v 12.597322712143454 42.5 8.18079702322627
v 13.383439401389362 42.5 6.819202976774524
v 14.022924327888447 42.5 5.382896315500143
v 14.5087711609661 42.5 3.8876135157483143
v 14.835656861048113 42.5 2.3497372087845343
v 11.0 42.5 0.5764855721138029
v 11.0 42.5 -4.796715513944265
v 10.706751521111087 42.5 -5.455362381420236
v 10.077858169714716 42.5 -6.544637618581018
v 9.338549695284051 42.5 -7.56220843643851
v 8.496926116173752 42.5 -8.496926116173746
v 7.562208436438503 42.5 -9.338549695284057
v 6.54463761858102 42.5 -10.077858169714716
v 5.455362381420236 42.5 -10.706751521111087
v 4.30631705239949 42.5 -11.218339462310908
v 3.110090812597606 42.5 -11.607016928773168
v 1.8797897670279118 42.5 -11.868525488838495
v 0.6288933513965935 42.5 -12.0
v -0.6288933513965925 42.5 -12.0
v -1.8797897670268588 42.5 -11.868525488838605
v -3.1100908125986306 42.5 -11.607016928772836
v -4.306317052399503 42.5 -11.218339462310905
v -5.4553623814202306 42.5 -10.70675152111109
v -6.544637618581027 42.5 -10.07785816971471
v -7.562208436438508 42.5 -9.338549695284055
v -8.496926116173748 42.5 -8.49692611617375
v -9.338549695284051 42.5 -7.56220843643851
v -10.077858169714714 42.5 -6.544637618581021
v -10.706751521111087 42.5 -5.455362381420236
v -11.218339462310905 42.5 -4.306317052399499
v -11.441134150455747 42.5 -3.6206255085260226
v -10.879481698102154 42.5 1.7231406197739254
v -10.639765518041509 42.5 2.850916578216399
v -10.283477840452047 42.5 3.9474572980318907
v -9.814522227685252 42.5 5.000748849634898
v -9.238036655572154 42.5 5.999251150365197
v -8.560337220676573 42.5 6.932024400069006
v -7.788848939825865 42.5 7.7888489398258605
v -6.9320244000690066 42.5 8.56033722067657
v -5.9992511503652 42.5 9.23803665557215
v -5.000748849634891 42.5 9.814522227685256
v -3.947457298031894 42.5 10.283477840452047
v -2.850916578216394 42.5 10.63976551804151
v -1.723140619773926 42.5 10.879481698102156
v -0.5764855721138021 42.5 11.0
v 0.576485572113801 42.5 11.0
v 1.7231406197739332 42.5 10.879481698102154
v 2.850916578216403 42.5 10.639765518041509
v 3.9474572980318983 42.5 10.283477840452045
v 5.000748849634897 42.5 9.814522227685254
v 5.9992511503651995 42.5 9.238036655572152
v 6.9320244000690066 42.5 8.560337220676573
v 7.788848939825862 42.5 7.788848939825864
v 8.560337220676576 42.5 6.932024400069001
v 9.238036655572152 42.5 5.9992511503651995
v 9.814522227685254 42.5 5.000748849634895
v 10.283477840452049 42.5 3.947457298031889
v 10.639765518041507 42.5 2.850916578216408
v 10.879481698102154 42.5 1.7231406197739283
v 11.0 42.5 0.5764855721138029
v 16.342461966745894 41.5 -13.23386476376896
v 14.869620703304175 41.5 -14.869620703304173
v 13.233864763768956 41.5 -16.342461966745898
v 11.453115832516783 41.5 -17.636251797000696
v 9.546884167482927 41.5 -18.73681516194578
v 8.45924559964496 41.5 -19.221063051595138
v 1.048155585661112 41.5 -20.0
v -1.0481555856611202 41.5 -20.0
v -3.1329829450446987 41.5 -19.78087581473103
v -5.183484687665648 41.5 -19.34502821462113
v -12.270674505682551 41.5 -17.04226065180613
v -13.233864763768956 41.5 -16.342461966745898
v -14.869620703304172 41.5 -14.869620703304177
v -16.342461966745898 41.5 -13.233864763768956
v -17.636251797000693 41.5 -11.453115832516788
v -18.736815161945778 41.5 -9.546884167482933
v -19.221063051595134 41.5 -8.459245599644968
v -20.0 41.5 -1.0481555856611133
v -20.0 41.5 1.0481555856611162
v -19.78087581473092 41.5 3.1329829450457525
v -19.34502821462146 41.5 5.183484687664627
v -18.697232437184795 41.5 7.177195087333101
v -17.84458586851918 41.5 9.092270635699318
v -16.796430282858363 41.5 10.90772936430096
v -15.564249492139593 41.5 12.603680727398148
v -14.161543526956285 41.5 14.161543526956292
v -12.603680727398144 41.5 15.564249492139597
v -10.907729364300954 41.5 16.796430282858367
v -9.092270635699315 41.5 17.84458586851918
v -7.177195087333091 41.5 18.697232437184795
v -5.183484687665638 41.5 19.34502821462113
v -3.132982945044687 41.5 19.78087581473103
v -1.048155585661112 41.5 20.0
v 1.0481555856611189 41.5 20.0
v 3.1329829450446973 41.5 19.78087581473103
v 5.183484687665647 41.5 19.34502821462113
v 7.177195087333091 41.5 18.697232437184798
v 9.092270635699307 41.5 17.844585868519182
v 10.907729364300957 41.5 16.796430282858363
v 12.603680727398135 41.5 15.564249492139602
v 14.161543526956287 41.5 14.161543526956288
v 15.564249492139593 41.5 12.603680727398148
v 16.79643028285836 41.5 10.907729364300963
v 17.844585868519186 41.5 9.0922706356993
v 18.697232437184798 41.5 7.1771950873330885
v 19.345028214621465 41.5 5.183484687664613
v 19.78087581473092 41.5 3.1329829450457494
v 20.0 41.5 1.0481555856611133
v 20.0 41.5 -1.0481555856611162
v 19.78087581473092 41.5 -3.1329829450457485
v 19.34502821462146 41.5 -5.183484687664621
v 17.042260651806128 41.5 -12.270674505682553
v 16.342461966745894 41.5 -13.23386476376896
v 15.0 41.5 0.7861166892453373
v 15.0 41.5 -0.7861166892453394
v 14.835656861048113 41.5 -2.3497372087845387
v 14.5087711609661 41.5 -3.8876135157483187
v 14.022924327888447 41.5 -5.382896315500145
v 13.383439401389358 41.5 -6.8192029767745295
v 12.597322712143454 41.5 -8.18079702322627
v 11.673187119105313 41.5 -9.452760545547873
v 10.621157645217195 41.5 -10.621157645217188
v 9.452760545547875 41.5 -11.673187119105311
v 8.180797023226273 41.5 -12.597322712143452
v 6.81920297677452 41.5 -13.383439401389364
v 5.382896315500136 41.5 -14.02292432788845
v 3.8876135157483165 41.5 -14.5087711609661
v 2.349737208784531 41.5 -14.835656861048113
v 0.7861166892453363 41.5 -15.0
v -0.7861166892453313 41.5 -15.0
v -2.3497372087845445 41.5 -14.835656861048111
v -3.8876135157483187 41.5 -14.5087711609661
v -5.382896315500138 41.5 -14.022924327888449
v -6.819202976774525 41.5 -13.38343940138936
v -8.180797023226276 41.5 -12.59732271214345
v -9.452760545547875 41.5 -11.673187119105313
v -10.621157645217195 41.5 -10.62115764521719
v -11.673187119105313 41.5 -9.452760545547875
v -12.597322712143454 41.5 -8.18079702322627
v -13.383439401389362 41.5 -6.819202976774524
v -14.022924327888447 41.5 -5.382896315500143
v -14.5087711609661 41.5 -3.8876135157483143
v -14.835656861048113 41.5 -2.3497372087845343
v -15.0 41.5 -0.7861166892453373
v -15.0 41.5 0.7861166892453394
v -14.835656861048113 41.5 2.3497372087845387
v -14.5087711609661 41.5 3.8876135157483187
v -14.022924327888447 41.5 5.382896315500145
v -13.383439401389358 41.5 6.8192029767745295
v -12.597322712143454 41.5 8.18079702322627
v -11.673187119105313 41.5 9.452760545547873
v -10.621157645217195 41.5 10.621157645217188
v -9.452760545547875 41.5 11.673187119105311
v -8.180797023226273 41.5 12.597322712143452
v -6.81920297677452 41.5 13.383439401389364
v -5.382896315500136 41.5 14.02292432788845
v -3.8876135157483165 41.5 14.5087711609661
v -2.349737208784531 41.5 14.835656861048113
v -0.7861166892453363 41.5 15.0
v 0.7861166892453313 41.5 15.0
v 2.3497372087845445 41.5 14.835656861048111
v 3.8876135157483187 41.5 14.5087711609661
v 5.382896315500138 41.5 14.022924327888449
v 6.819202976774525 41.5 13.38343940138936
v 8.180797023226276 41.5 12.59732271214345
v 9.452760545547875 41.5 11.673187119105313
v 10.621157645217195 41.5 10.62115764521719
v 11.673187119105313 41.5 9.452760545547875
v 12.597322712143454 41.5 8.18079702322627
v 13.383439401389362 41.5 6.819202976774524
v 14.022924327888447 41.5 5.382896315500143
v 14.5087711609661 41.5 3.8876135157483143
v 14.835656861048113 41.5 2.3497372087845343
v 15.0 41.5 0.7861166892453373
v 25.71513855915027 40.5 4.072877828558463
v 26.0 40.5 1.3626022613591402
v 26.0 40.5 -7.354063425937892
v 25.241263790199284 40.5 -9.6892133679003
v 24.090190922501442 40.5 -12.274565358193035
v 22.675180881859443 40.5 -14.72543464180508
v 21.01173681438766 40.5 -17.014968981988275
v 19.118083761390945 40.5 -19.118083761390935
v 17.014968981988282 40.5 -21.011736814387653
v 14.725434641805066 40.5 -22.675180881859454
v 12.27456535819303 40.5 -24.09019092250145
v 9.689213367900306 40.5 -25.241263790199284
v 6.997704328348251 40.5 -26.115788089738658
v 4.229526975811387 40.5 -26.704182349886718
v 1.4150100406419297 40.5 -27.0
v -1.4150100406419253 40.5 -27.0
v -4.229526975811388 40.5 -26.704182349886718
v -6.997704328348237 40.5 -26.11578808973866
v -9.689213367900289 40.5 -25.241263790199287
v -12.274565358193044 40.5 -24.09019092250144
v -14.725434641805096 40.5 -22.675180881859436
v -17.01496898198828 40.5 -21.01173681438766
v -19.118083761390952 40.5 -19.11808376139093
v -21.011736814387664 40.5 -17.014968981988275
v -22.675180881859454 40.5 -14.72543464180507
v -24.09019092250145 40.5 -12.27456535819303
v -25.241263790199287 40.5 -9.6892133679003
v -26.115788089738658 40.5 -6.997704328348255
v -26.626278228261242 40.5 -4.596037052063084
v -25.715138559150265 40.5 4.072877828558472
v -25.148536679007545 40.5 6.738530093965022
v -24.306402168340007 40.5 9.330353613533639
v -23.197961629075603 40.5 11.819951826407706
v -21.8353593677156 40.5 14.18004817359148
v -20.23352433978189 40.5 16.384784945616875
v -18.410006585043043 40.5 18.410006585043067
v -16.384784945616865 40.5 20.2335243397819
v -14.180048173591466 40.5 21.83535936771561
v -11.81995182640769 40.5 23.197961629075614
v -9.330353613532685 40.5 24.306402168340433
v -6.738530093966027 40.5 25.148536679007332
v -4.0728778285584575 40.5 25.71513855915027
v -1.3626022613591384 40.5 26.0
v 1.362602261359156 40.5 26.0
v 4.072877828558468 40.5 25.71513855915027
v 6.738530093965018 40.5 25.148536679007545
v 9.330353613533648 40.5 24.306402168340004
v 11.819951826407696 40.5 23.19796162907561
v 14.180048173591471 40.5 21.835359367715604
v 16.384784945616868 40.5 20.233524339781894
v 18.410006585043064 40.5 18.410006585043046
v 20.233524339781894 40.5 16.38478494561687
v 21.83535936771561 40.5 14.180048173591464
v 23.19796162907561 40.5 11.819951826407697
v 24.30640216834001 40.5 9.330353613533632
v 25.14853667900755 40.5 6.73853009396501
v 25.71513855915027 40.5 4.072877828558463
v 14.869620703304175 40.5 -14.869620703304173
v 13.233864763768956 40.5 -16.342461966745898
v 11.453115832516783 40.5 -17.636251797000696
v 9.546884167482927 40.5 -18.73681516194578
v 8.45924559964496 40.5 -19.221063051595138
v 1.048155585661112 40.5 -20.0
v -1.0481555856611202 40.5 -20.0
v -3.1329829450446987 40.5 -19.78087581473103
v -5.183484687665648 40.5 -19.34502821462113
v -12.270674505682551 40.5 -17.04226065180613
v -13.233864763768956 40.5 -16.342461966745898
v -14.869620703304172 40.5 -14.869620703304177
v -16.342461966745898 40.5 -13.233864763768956
v -17.636251797000693 40.5 -11.453115832516788
v -18.736815161945778 40.5 -9.546884167482933
v -19.221063051595134 40.5 -8.459245599644968
v -20.0 40.5 -1.0481555856611133
v -20.0 40.5 1.0481555856611162
v -19.78087581473092 40.5 3.1329829450457525
v -19.34502821462146 40.5 5.183484687664627
v -18.697232437184795 40.5 7.177195087333101
v -17.84458586851918 40.5 9.092270635699318
v -16.796430282858363 40.5 10.90772936430096
v -15.564249492139593 40.5 12.603680727398148
v -14.161543526956285 40.5 14.161543526956292
v -12.603680727398144 40.5 15.564249492139597
v -10.907729364300954 40.5 16.796430282858367
v -9.092270635699315 40.5 17.84458586851918
v -7.177195087333091 40.5 18.697232437184795
v -5.183484687665638 40.5 19.34502821462113
v -3.132982945044687 40.5 19.78087581473103
v -1.048155585661112 40.5 20.0
v 1.0481555856611189 40.5 20.0
v 3.1329829450446973 40.5 19.78087581473103
v 5.183484687665647 40.5 19.34502821462113
v 7.177195087333091 40.5 18.697232437184798
v 9.092270635699307 40.5 17.844585868519182
v 10.907729364300957 40.5 16.796430282858363
v 12.603680727398135 40.5 15.564249492139602
v 14.161543526956287 40.5 14.161543526956288
v 15.564249492139593 40.5 12.603680727398148
v 16.79643028285836 40.5 10.907729364300963
v 17.844585868519186 40.5 9.0922706356993
v 18.697232437184798 40.5 7.1771950873330885
v 19.345028214621465 40.5 5.183484687664613
v 19.78087581473092 40.5 3.1329829450457494
v 20.0 40.5 1.0481555856611133
v 20.0 40.5 -1.0481555856611162
v 19.78087581473092 40.5 -3.1329829450457485
v 19.34502821462146 40.5 -5.183484687664621
v 17.042260651806128 40.5 -12.270674505682553
v 16.342461966745894 40.5 -13.23386476376896
v 14.869620703304175 40.5 -14.869620703304173
v 20.796073200207022 39.5 -25.681011662029942
v 17.997753451095583 39.5 -27.71410996671669
v 15.002246548903164 39.5 -29.44356668305687
v 11.842371894098969 39.5 -30.850433521355104
v 8.552749734647648 39.5 -31.919296554125065
v 5.1694218593247125 39.5 -32.63844509430605
v 1.7294567163404109 39.5 -33.0
v -1.7294567163404118 39.5 -33.0
v -5.169421859324732 39.5 -32.63844509430605
v -8.552749734647636 39.5 -31.919296554125072
v -11.842371894098974 39.5 -30.850433521355104
v -15.00224654890316 39.5 -29.443566683056872
v -17.997753451095587 39.5 -27.71410996671669
v -20.79607320020701 39.5 -25.68101166202995
v -23.36654681947771 39.5 -23.36654681947771
v -25.681011662029956 39.5 -20.796073200207005
v -27.714109966716688 39.5 -17.997753451095594
v -29.44356668305687 39.5 -15.002246548903162
v -30.850433521355104 39.5 -11.84237189409897
v -31.919296554125065 39.5 -8.55274973464765
v -32.63844509430605 39.5 -5.169421859324716
v -32.679019085814275 39.5 -4.783386116752899
v -31.649401303569505 39.5 5.01277271207224
v -30.95204514339402 39.5 8.293575500264106
v -27.90819103439804 39.5 17.66159518108428
v -27.714109966716695 39.5 17.997753451095583
v -25.681011662029945 39.5 20.796073200207015
v -23.3665468194777 39.5 23.366546819477716
v -20.796073200206997 39.5 25.681011662029963
v -17.99775345109559 39.5 27.71410996671669
v -15.002246548903145 39.5 29.44356668305688
v -11.842371894098951 39.5 30.850433521355114
v -11.473207765882854 39.5 30.970382217755173
v -1.6770489370571648 39.5 32.0
v 1.6770489370571775 39.5 32.0
v 5.012772712072223 39.5 31.64940130356951
v 8.293575500264113 39.5 30.952045143394017
v 17.661595181084262 39.5 27.908191034398047
v 17.997753451095583 39.5 27.71410996671669
v 20.79607320020701 39.5 25.68101166202995
v 23.366546819477705 39.5 23.366546819477712
v 25.68101166202995 39.5 20.79607320020701
v 27.71410996671669 39.5 17.997753451095587
v 29.443566683056876 39.5 15.002246548903152
v 30.850433521355114 39.5 11.84237189409895
v 30.970382217755173 39.5 11.473207765882856
v 32.0 39.5 1.6770489370571668
v 32.0 39.5 -8.173069873245778
v 31.91929655412507 39.5 -8.552749734647639
v 30.850433521355104 39.5 -11.84237189409897
v 29.44356668305687 39.5 -15.002246548903166
v 27.714109966716684 39.5 -17.9977534510956
v 25.68101166202995 39.5 -20.796073200207015
v 23.366546819477698 39.5 -23.36654681947772
v 20.796073200207022 39.5 -25.681011662029942
v 26.0 39.5 1.3626022613591402
v 26.0 39.5 -7.354063425937892
v 25.241263790199284 39.5 -9.6892133679003
v 24.090190922501442 39.5 -12.274565358193035
v 22.675180881859443 39.5 -14.72543464180508
v 21.01173681438766 39.5 -17.014968981988275
v 19.118083761390945 39.5 -19.118083761390935
v 17.014968981988282 39.5 -21.011736814387653
v 14.725434641805066 39.5 -22.675180881859454
v 12.27456535819303 39.5 -24.09019092250145
v 9.689213367900306 39.5 -25.241263790199284
v 6.997704328348251 39.5 -26.115788089738658
v 4.229526975811387 39.5 -26.704182349886718
v 1.4150100406419297 39.5 -27.0
v -1.4150100406419253 39.5 -27.0
v -4.229526975811388 39.5 -26.704182349886718
v -6.997704328348237 39.5 -26.11578808973866
v -9.689213367900289 39.5 -25.241263790199287
v -12.274565358193044 39.5 -24.09019092250144
v -14.725434641805096 39.5 -22.675180881859436
v -17.01496898198828 39.5 -21.01173681438766
v -19.118083761390952 39.5 -19.11808376139093
v -21.011736814387664 39.5 -17.014968981988275
v -22.675180881859454 39.5 -14.72543464180507
v -24.09019092250145 39.5 -12.27456535819303
v -25.241263790199287 39.5 -9.6892133679003
v -26.115788089738658 39.5 -6.997704328348255
v -26.626278228261242 39.5 -4.596037052063084
v -25.715138559150265 39.5 4.072877828558472
v -25.148536679007545 39.5 6.738530093965022
v -24.306402168340007 39.5 9.330353613533639
v -23.197961629075603 39.5 11.819951826407706
v -21.8353593677156 39.5 14.18004817359148
v -20.23352433978189 39.5 16.384784945616875
v -18.410006585043043 39.5 18.410006585043067
v -16.384784945616865 39.5 20.2335243397819
v -14.180048173591466 39.5 21.83535936771561
v -11.81995182640769 39.5 23.197961629075614
v -9.330353613532685 39.5 24.306402168340433
v -6.738530093966027 39.5 25.148536679007332
v -4.0728778285584575 39.5 25.71513855915027
v -1.3626022613591384 39.5 26.0
v 1.362602261359156 39.5 26.0
v 4.072877828558468 39.5 25.71513855915027
v 6.738530093965018 39.5 25.148536679007545
v 9.330353613533648 39.5 24.306402168340004
v 11.819951826407696 39.5 23.19796162907561
v 14.180048173591471 39.5 21.835359367715604
v 16.384784945616868 39.5 20.233524339781894
v 18.410006585043064 39.5 18.410006585043046
v 20.233524339781894 39.5 16.38478494561687
v 21.83535936771561 39.5 14.180048173591464
v 23.19796162907561 39.5 11.819951826407697
v 24.30640216834001 39.5 9.330353613533632
v 25.14853667900755 39.5 6.73853009396501
v 25.71513855915027 39.5 4.072877828558463
v 26.0 39.5 1.3626022613591402
v 37.58366404798876 38.5 5.952667595586376
v 38.0 38.5 1.9914956127557344
v 38.0 38.5 -8.803695284839817
v 37.72280501851154 38.5 -10.107795140946722
v 36.45960325251019 38.5 -13.995530420299795
v 34.79694244361253 38.5 -17.72992773961327
v 32.75303905157416 38.5 -21.270072260386094
v 30.350286509671708 38.5 -24.57717741842679
v 27.615009877564685 38.5 -27.615009877564695
v 24.57717741842677 38.5 -30.350286509671726
v 21.27007226038609 38.5 -32.75303905157417
v 17.729927739613277 38.5 -34.79694244361253
v 13.99553042029981 38.5 -36.459603252510185
v 10.107795140946742 38.5 -37.722805018511536
v 6.109316742837952 38.5 -38.5727078387254
v 2.043903392038978 38.5 -39.0
v -2.043903392038986 38.5 -39.0
v -6.109316742837986 38.5 -38.5727078387254
v -10.107795140946743 38.5 -37.72280501851154
v -13.995530420299803 38.5 -36.45960325251019
v -17.729927739613277 38.5 -34.79694244361253
v -21.270072260386108 38.5 -32.753039051574156
v -24.57717741842678 38.5 -30.35028650967172
v -27.615009877564695 38.5 -27.615009877564685
v -30.3502865096717 38.5 -24.5771774184268
v -32.75303905157416 38.5 -21.270072260386094
v -34.796942443612544 38.5 -17.729927739613252
v -36.459603252510185 38.5 -13.995530420299819
v -37.722805018511536 38.5 -10.107795140946742
v -38.5727078387254 38.5 -6.109316742837959
v -38.71206876319541 38.5 -4.783386116752896
v -37.58366404798876 38.5 5.952667595586386
v -36.75555360778071 38.5 9.848620906562632
v -35.52474163065091 38.5 13.63667066593315
v -33.904713150186694 38.5 17.27531420782794
v -31.913217537430313 38.5 20.724685792172505
v -29.572074035065945 38.5 23.946993382055382
v -26.906932701216803 38.5 26.906932701216803
v -23.946993382055375 38.5 29.57207403506595
v -20.724685792172483 38.5 31.913217537430327
v -17.27531420782794 38.5 33.904713150186694
v -13.636670665933128 38.5 35.524741630650915
v -9.84862090656263 38.5 36.75555360778071
v -5.9526675955863695 38.5 37.58366404798876
v -1.991495612755732 38.5 38.0
v 1.9914956127557442 38.5 38.0
v 5.952667595586389 38.5 37.58366404798876
v 9.848620906562632 38.5 36.75555360778071
v 13.636670665933128 38.5 35.524741630650915
v 17.275314207827936 38.5 33.904713150186694
v 20.724685792172497 38.5 31.913217537430317
v 23.946993382055386 38.5 29.572074035065942
v 26.906932701216814 38.5 26.906932701216796
v 29.572074035065942 38.5 23.946993382055386
v 31.913217537430313 38.5 20.7246857921725
v 33.904713150186694 38.5 17.275314207827936
v 35.524741630650915 38.5 13.63667066593313
v 36.75555360778071 38.5 9.84862090656263
v 37.58366404798876 38.5 5.952667595586376
v 17.997753451095583 38.5 -27.71410996671669
v 15.002246548903164 38.5 -29.44356668305687
v 11.842371894098969 38.5 -30.850433521355104
v 8.552749734647648 38.5 -31.919296554125065
v 5.1694218593247125 38.5 -32.63844509430605
v 1.7294567163404109 38.5 -33.0
v -1.7294567163404118 38.5 -33.0
v -5.169421859324732 38.5 -32.63844509430605
v -8.552749734647636 38.5 -31.919296554125072
v -11.842371894098974 38.5 -30.850433521355104
v -15.00224654890316 38.5 -29.443566683056872
v -17.997753451095587 38.5 -27.71410996671669
v -20.79607320020701 38.5 -25.68101166202995
v -23.36654681947771 38.5 -23.36654681947771
v -25.681011662029956 38.5 -20.796073200207005
v -27.714109966716688 38.5 -17.997753451095594
v -29.44356668305687 38.5 -15.002246548903162
v -30.850433521355104 38.5 -11.84237189409897
v -31.919296554125065 38.5 -8.55274973464765
v -32.63844509430605 38.5 -5.169421859324716
v -32.679019085814275 38.5 -4.783386116752899
v -31.649401303569505 38.5 5.01277271207224
v -30.95204514339402 38.5 8.293575500264106
v -27.90819103439804 38.5 17.66159518108428
v -27.714109966716695 38.5 17.997753451095583
v -25.681011662029945 38.5 20.796073200207015
v -23.3665468194777 38.5 23.366546819477716
v -20.796073200206997 38.5 25.681011662029963
v -17.99775345109559 38.5 27.71410996671669
v -15.002246548903145 38.5 29.44356668305688
v -11.842371894098951 38.5 30.850433521355114
v -11.473207765882854 38.5 30.970382217755173
v -1.6770489370571648 38.5 32.0
v 1.6770489370571775 38.5 32.0
v 5.012772712072223 38.5 31.64940130356951
v 8.293575500264113 38.5 30.952045143394017
v 17.661595181084262 38.5 27.908191034398047
v 17.997753451095583 38.5 27.71410996671669
v 20.79607320020701 38.5 25.68101166202995
v 23.366546819477705 38.5 23.366546819477712
v 25.68101166202995 38.5 20.79607320020701
v 27.71410996671669 38.5 17.997753451095587
v 29.443566683056876 38.5 15.002246548903152
v 30.850433521355114 38.5 11.84237189409895
v 30.970382217755173 38.5 11.473207765882856
v 32.0 38.5 1.6770489370571668
v 32.0 38.5 -8.173069873245778
v 31.91929655412507 38.5 -8.552749734647639
v 30.850433521355104 38.5 -11.84237189409897
v 29.44356668305687 38.5 -15.002246548903166
v 27.714109966716684 38.5 -17.9977534510956
v 25.68101166202995 38.5 -20.796073200207015
v 23.366546819477698 38.5 -23.36654681947772
v 20.796073200207022 38.5 -25.681011662029942
v 17.997753451095583 38.5 -27.71410996671669
v -117.1104893184085 37.5 9.158682401264247
v -117.20491276309518 37.5 9.11664237512409
v -117.38478351465868 37.5 9.316409082862236
v -118.89939076382899 37.5 11.939785791937362
v -118.95859241570035 37.5 12.503051884133399
v -118.7835748563541 37.5 13.041700545249943
v -117.513244053928 37.5 14.452545832397366
v -117.16860352560084 37.5 14.60598968172851
v -117.0 37.5 13.001834290895264
v -117.0 37.5 9.350055514441419
v -117.1104893184085 37.5 9.158682401264247
v -50.0 37.5 5.255211763283473
v -48.36257053655299 37.5 12.958711719163437
v -44.44258641990901 37.5 25.02318230094708
v -42.83089722128888 37.5 27.81470987896712
v -39.68883620495576 37.5 32.139385854865296
v -36.11193599373844 37.5 36.111935993738435
v -32.1393858548653 37.5 39.688836204955756
v -27.814709878967122 37.5 42.83089722128887
v -23.185290121033496 37.5 45.503693964723624
v -18.30184747269806 37.5 47.67794271482165
v -15.236232443518547 37.5 48.674021418869685
v -2.620388964151785 37.5 50.0
v 5.255211763283917 37.5 50.0
v 12.95871171916258 37.5 48.362570536553264
v 25.02318230094708 37.5 44.44258641990901
v 27.814709878967093 37.5 42.83089722128889
v 32.13938585486528 37.5 39.68883620495577
v 36.11193599373843 37.5 36.11193599373845
v 39.68883620495575 37.5 32.13938585486531
v 42.83089722128888 37.5 27.81470987896711
v 45.50369396472363 37.5 23.18529012103349
v 47.67794271482165 37.5 18.301847472698064
v 48.674021418869685 37.5 15.236232443518547
v 50.0 37.5 2.620388964151788
v 50.0 37.5 -5.255211763283473
v 46.81476007338045 37.5 -20.240587427970777
v 45.50369396472361 37.5 -23.18529012103352
v 42.83089722128888 37.5 -27.81470987896712
v 39.68883620495576 37.5 -32.139385854865296
v 36.111935993738435 37.5 -36.11193599373844
v 32.13938585486528 37.5 -39.68883620495578
v 27.81470987896713 37.5 -42.83089722128887
v 23.185290121033507 37.5 -45.50369396472362
v 18.30184747269809 37.5 -47.67794271482163
v 13.21788595354665 37.5 -49.3298219472841
v 10.064946108027815 37.5 -50.0
v -5.255211763283931 37.5 -50.0
v -20.24058742797037 37.5 -46.814760073380626
v -23.185290121033496 37.5 -45.503693964723624
v -27.814709878967136 37.5 -42.830897221288865
v -32.13938585486528 37.5 -39.68883620495578
v -36.111935993738435 37.5 -36.11193599373844
v -39.68883620495577 37.5 -32.13938585486529
v -42.83089722128886 37.5 -27.814709878967147
v -45.503693964723624 37.5 -23.185290121033493
v -47.67794271482164 37.5 -18.30184747269808
v -49.3298219472841 37.5 -13.217885953546658
v -50.0 37.5 -10.064946108027815
v -50.0 37.5 5.255211763283473
v 38.0 37.5 1.9914956127557344
v 38.0 37.5 -8.803695284839817
v 37.72280501851154 37.5 -10.107795140946722
v 36.45960325251019 37.5 -13.995530420299795
v 34.79694244361253 37.5 -17.72992773961327
v 32.75303905157416 37.5 -21.270072260386094
v 30.350286509671708 37.5 -24.57717741842679
v 27.615009877564685 37.5 -27.615009877564695
v 24.57717741842677 37.5 -30.350286509671726
v 21.27007226038609 37.5 -32.75303905157417
v 17.729927739613277 37.5 -34.79694244361253
v 13.99553042029981 37.5 -36.459603252510185
v 10.107795140946742 37.5 -37.722805018511536
v 6.109316742837952 37.5 -38.5727078387254
v 2.043903392038978 37.5 -39.0
v -2.043903392038986 37.5 -39.0
v -6.109316742837986 37.5 -38.5727078387254
v -10.107795140946743 37.5 -37.72280501851154
v -13.995530420299803 37.5 -36.45960325251019
v -17.729927739613277 37.5 -34.79694244361253
v -21.270072260386108 37.5 -32.753039051574156
v -24.57717741842678 37.5 -30.35028650967172
v -27.615009877564695 37.5 -27.615009877564685
v -30.3502865096717 37.5 -24.5771774184268
v -32.75303905157416 37.5 -21.270072260386094
v -34.796942443612544 37.5 -17.729927739613252
v -36.459603252510185 37.5 -13.995530420299819
v -37.722805018511536 37.5 -10.107795140946742
v -38.5727078387254 37.5 -6.109316742837959
v -38.71206876319541 37.5 -4.783386116752896
v -37.58366404798876 37.5 5.952667595586386
v -36.75555360778071 37.5 9.848620906562632
v -35.52474163065091 37.5 13.63667066593315
v -33.904713150186694 37.5 17.27531420782794
v -31.913217537430313 37.5 20.724685792172505
v -29.572074035065945 37.5 23.946993382055382
v -26.906932701216803 37.5 26.906932701216803
v -23.946993382055375 37.5 29.57207403506595
v -20.724685792172483 37.5 31.913217537430327
v -17.27531420782794 37.5 33.904713150186694
v -13.636670665933128 37.5 35.524741630650915
v -9.84862090656263 37.5 36.75555360778071
v -5.9526675955863695 37.5 37.58366404798876
v -1.991495612755732 37.5 38.0
v 1.9914956127557442 37.5 38.0
v 5.952667595586389 37.5 37.58366404798876
v 9.848620906562632 37.5 36.75555360778071
v 13.636670665933128 37.5 35.524741630650915
v 17.275314207827936 37.5 33.904713150186694
v 20.724685792172497 37.5 31.913217537430317
v 23.946993382055386 37.5 29.572074035065942
v 26.906932701216814 37.5 26.906932701216796
v 29.572074035065942 37.5 23.946993382055386
v 31.913217537430313 37.5 20.7246857921725
v 33.904713150186694 37.5 17.275314207827936
v 35.524741630650915 37.5 13.63667066593313
v 36.75555360778071 37.5 9.84862090656263
v 37.58366404798876 37.5 5.952667595586376
v 38.0 37.5 1.9914956127557344
v -117.1104893184085 36.5 9.158682401264247
v -117.20491276309518 36.5 9.11664237512409
v -117.38478351465868 36.5 9.316409082862236
v -118.89939076382899 36.5 11.939785791937362
v -118.95859241570035 36.5 12.503051884133399
v -118.7835748563541 36.5 13.041700545249943
v -117.513244053928 36.5 14.452545832397366
v -117.16860352560084 36.5 14.60598968172851
v -117.0 36.5 9.350055514441419
v -117.1104893184085 36.5 9.158682401264247
v -98.1796209692116 36.5 7.776680542407209
v -104.56186582974517 36.5 3.1397082270859267
v -106.00000000000004 36.5 2.309401076758476
v -113.44921238711481 36.5 6.610205853709885
v -115.98683534647552 36.5 8.895091829221315
v -116.62943571888223 36.5 10.008108323192433
v -117.0 36.5 14.197381825393077
v -116.70417329029661 36.5 14.604552360221302
v -115.12823862108587 36.5 15.514418665715388
v -105.62187045524746 36.5 19.74692646625054
v -99.03461043969008 36.5 13.81573090740122
v -97.80266972961273 36.5 12.120109986958335
v -97.45149080744491 36.5 8.77886573281262
v -98.1796209692116 36.5 7.776680542407209
v 2.672796743435031 36.5 -51.0
v -2.6727967434350073 36.5 -51.0
v -7.989106509865336 36.5 -50.44123332756389
v -13.217885953546691 36.5 -49.329821947284096
v -18.30184747269809 36.5 -47.67794271482164
v -32.495412393146744 36.5 -40.12849236473071
v -44.41058140469696 36.5 -25.640461128869962
v -50.44123332756389 36.5 -7.989106509865342
v -51.0 36.5 -2.672796743435034
v -51.0 36.5 2.6727967434350415
v -50.44123332756389 36.5 7.989106509865344
v -49.3298219472841 36.5 13.217885953546658
v -45.36116394132655 36.5 25.43215936316098
v -43.67071873543121 36.5 28.36009634718295
v -40.467048679562076 36.5 32.769569891236095
v -36.82001317008632 36.5 36.82001317008633
v -32.76956989123609 36.5 40.46704867956208
v -28.36009634718295 36.5 43.67071873543121
v -21.26680723515833 36.5 47.76603111369846
v -15.445289370053416 36.5 49.65755693004279
v -2.672796743435031 36.5 51.0
v 2.672796743435032 36.5 51.0
v 7.989106509865364 36.5 50.44123332756389
v 13.21788595354664 36.5 49.32982194728411
v 25.432159363160977 36.5 45.36116394132655
v 28.360096347182957 36.5 43.6707187354312
v 32.76956989123612 36.5 40.46704867956206
v 36.82001317008633 36.5 36.82001317008633
v 40.467048679562076 36.5 32.769569891236095
v 43.670718735431194 36.5 28.360096347182967
v 46.39592325815021 36.5 23.639903652817132
v 48.61280433668051 36.5 18.660707227065647
v 49.65755693004279 36.5 15.445289370053423
v 51.0 36.5 2.672796743435034
v 51.0 36.5 -2.6727967434350415
v 50.44123332756389 36.5 -7.98910650986534
v 49.3298219472841 36.5 -13.21788595354665
v 47.67794271482164 36.5 -18.30184747269807
v 38.10915202154751 36.5 -34.31363460496269
v 25.640461128869962 36.5 -44.41058140469696
v 7.989106509865333 36.5 -50.4412333275639
v 2.672796743435031 36.5 -51.0
v -48.36257053655299 36.5 12.958711719163437
v -44.44258641990901 36.5 25.02318230094708
v -42.83089722128888 36.5 27.81470987896712
v -39.68883620495576 36.5 32.139385854865296
v -36.11193599373844 36.5 36.111935993738435
v -32.1393858548653 36.5 39.688836204955756
v -27.814709878967122 36.5 42.83089722128887
v -23.185290121033496 36.5 45.503693964723624
v -18.30184747269806 36.5 47.67794271482165
v -15.236232443518547 36.5 48.674021418869685
v -2.620388964151785 36.5 50.0
v 5.255211763283917 36.5 50.0
v 12.95871171916258 36.5 48.362570536553264
v 25.02318230094708 36.5 44.44258641990901
v 27.814709878967093 36.5 42.83089722128889
v 32.13938585486528 36.5 39.68883620495577
v 36.11193599373843 36.5 36.11193599373845
v 39.68883620495575 36.5 32.13938585486531
v 42.83089722128888 36.5 27.81470987896711
v 45.50369396472363 36.5 23.18529012103349
v 47.67794271482165 36.5 18.301847472698064
v 48.674021418869685 36.5 15.236232443518547
v 50.0 36.5 2.620388964151788
v 50.0 36.5 -5.255211763283473
v 46.814760073380455 36.5 -20.240587427970755
v 45.813823719280364 36.5 -22.488727287617163
v 45.50369396472361 36.5 -23.18529012103352
v 42.83089722128888 36.5 -27.81470987896712
v 39.68883620495576 36.5 -32.139385854865296
v 36.111935993738435 36.5 -36.11193599373844
v 32.13938585486528 36.5 -39.68883620495578
v 27.814709878967125 36.5 -42.83089722128887
v 23.185290121033507 36.5 -45.50369396472362
v 20.52363283912216 36.5 -46.688740137090896
v 18.301847472698068 36.5 -47.67794271482164
v 13.21788595354665 36.5 -49.3298219472841
v 10.064946108027815 36.5 -50.0
v -5.255211763283931 36.5 -50.0
v -20.24058742797037 36.5 -46.814760073380626
v -23.185290121033496 36.5 -45.503693964723624
v -27.814709878967136 36.5 -42.830897221288865
v -32.13938585486528 36.5 -39.68883620495578
v -36.111935993738435 36.5 -36.11193599373844
v -39.68883620495577 36.5 -32.13938585486529
v -42.83089722128886 36.5 -27.814709878967147
v -45.503693964723624 36.5 -23.185290121033493
v -47.67794271482164 36.5 -18.30184747269808
v -49.329821947284096 36.5 -13.217885953546679
v -50.0 36.5 -10.064946108027799
v -50.0 36.5 5.255211763283473
v -48.36257053655299 36.5 12.958711719163437
v -117.0 36.5 13.001834290895264
v -117.0 36.5 11.751476197636345
v -113.44921238711481 35.5 6.610205853709885
v -115.98683534647552 35.5 8.895091829221315
v -116.62943571888223 35.5 10.008108323192433
v -117.0 35.5 11.751476197636345
v -117.0 35.5 14.197381825393077
v -116.70417329029661 35.5 14.604552360221302
v -115.12823862108587 35.5 15.514418665715388
v -98.56087268845869 35.5 5.449682694233661
v -105.64823733692822 35.5 1.3577908065947366
v -108.09835808254674 35.5 3.137907727034798
v -103.62187045524773 35.5 20.637383836867492
v -97.80093688015462 35.5 15.396191704264584
v -95.76542706807861 35.5 11.870585290443953
v -95.49066921296334 35.5 9.256438920216633
v -96.26527329095315 35.5 7.51664967583533
v -98.56087268845869 35.5 5.449682694233661
v 51.430277118300424 35.5 8.145755657117983
v 52.0 35.5 2.7252045227182804
v 52.0 35.5 -2.7252045227182875
v 51.430277118300424 35.5 -8.145755657117984
v 50.29707335801548 35.5 -13.477060187928723
v 48.61280433668049 35.5 -18.660707227065704
v 46.39592325815021 35.5 -23.63990365281715
v 43.67071873543121 35.5 -28.360096347182953
v 40.467048679562076 35.5 -32.769569891236095
v 36.82001317008633 35.5 -36.82001317008632
v 32.76956989123611 35.5 -40.46704867956206
v 28.360096347182953 35.5 -43.6707187354312
v 23.63990365281712 35.5 -46.39592325815022
v 18.66070722706565 35.5 -48.61280433668051
v 13.477060187929718 35.5 -50.29707335801516
v 8.145755657116919 35.5 -51.43027711830054
v 2.725204522718277 35.5 -52.0
v -2.725204522718254 35.5 -52.0
v -8.145755657116943 35.5 -51.43027711830053
v -13.477060187929771 35.5 -50.29707335801515
v -18.660707227065696 35.5 -48.6128043366805
v -23.639903652817132 35.5 -46.39592325815022
v -30.733192764842368 35.5 -42.300610879882605
v -36.82001317008632 35.5 -36.820013170086334
v -40.46704867956206 35.5 -32.76956989123611
v -43.670718735431215 35.5 -28.360096347182935
v -46.39592325815023 35.5 -23.639903652817104
v -48.612804336680504 35.5 -18.66070722706567
v -50.29707335801548 35.5 -13.477060187928728
v -51.430277118300424 35.5 -8.145755657117983
v -52.0 35.5 -2.7252045227182804
v -52.0 35.5 2.7252045227182875
v -51.430277118300424 35.5 8.14575565711799
v -50.29707335801548 35.5 13.47706018792873
v -48.612804336680504 35.5 18.660707227065664
v -46.39592325815021 35.5 23.639903652817132
v -13.477060187929718 35.5 50.29707335801516
v -8.145755657116919 35.5 51.43027711830054
v -2.725204522718277 35.5 52.0
v 2.7252045227182573 35.5 52.0
v 8.145755657116947 35.5 51.43027711830053
v 13.477060187929773 35.5 50.29707335801515
v 18.660707227065654 35.5 48.61280433668051
v 23.639903652817136 35.5 46.39592325815021
v 50.29707335801548 35.5 13.477060187928728
v 51.430277118300424 35.5 8.145755657117983
v -104.56186582974517 35.5 3.1397082270859267
v -106.00000000000004 35.5 2.309401076758476
v -109.28386025911146 35.5 4.205338681337571
v -113.07027547895872 35.5 7.614642258678937
v -114.49192356723194 35.5 9.5713729846506
v -114.76194835322968 35.5 10.841739723161101
v -115.0 35.5 13.106649849461757
v -115.0 35.5 14.09697950186684
v -112.74266285297145 35.5 15.737030939229378
v -106.38855730286643 35.5 19.405575489041798
v -105.62187045524746 35.5 19.74692646625054
v -99.03461043969008 35.5 13.81573090740122
v -97.80266972961273 35.5 12.120109986958335
v -97.45149080744491 35.5 8.77886573281262
v -98.1796209692116 35.5 7.776680542407209
v -104.56186582974517 35.5 3.1397082270859267
v -2.6727967434350073 35.5 -51.0
v -7.989106509865336 35.5 -50.44123332756389
v -13.217885953546691 35.5 -49.329821947284096
v -18.30184747269809 35.5 -47.67794271482164
v -23.185290121033503 35.5 -45.503693964723624
v -32.495412393146744 35.5 -40.12849236473071
v -39.68883620495577 35.5 -32.13938585486529
v -44.41058140469696 35.5 -25.640461128869962
v -47.67794271482164 35.5 -18.30184747269808
v -49.329821947284096 35.5 -13.217885953546679
v -50.44123332756389 35.5 -7.989106509865342
v -51.0 35.5 -2.672796743435034
v -51.0 35.5 2.6727967434350415
v -50.44123332756389 35.5 7.989106509865344
v -49.3298219472841 35.5 13.217885953546658
v -45.36116394132656 35.5 25.432159363160967
v -43.6707187354312 35.5 28.360096347182957
v -40.467048679562076 35.5 32.769569891236095
v -36.82001317008632 35.5 36.82001317008633
v -32.76956989123609 35.5 40.46704867956208
v -31.67332891736554 35.5 41.26351436802105
v -28.360096347182925 35.5 43.67071873543122
v -28.159269985998552 35.5 43.786665889121394
v -21.26680723515833 35.5 47.76603111369846
v -15.445289370053416 35.5 49.65755693004279
v -2.672796743435031 35.5 51.0
v 2.672796743435032 35.5 51.0
v 7.989106509865364 35.5 50.44123332756389
v 13.21788595354664 35.5 49.32982194728411
v 25.432159363160977 35.5 45.36116394132655
v 28.360096347182957 35.5 43.6707187354312
v 32.76956989123612 35.5 40.46704867956206
v 36.82001317008632 35.5 36.82001317008633
v 40.46704867956206 35.5 32.76956989123611
v 43.6707187354312 35.5 28.360096347182953
v 46.39592325815021 35.5 23.639903652817132
v 48.61280433668051 35.5 18.660707227065647
v 48.927499785575414 35.5 17.692174224777823
v 49.65755693004279 35.5 15.445289370053413
v 51.0 35.5 2.672796743435034
v 51.0 35.5 -2.6727967434350415
v 50.44123332756389 35.5 -7.98910650986534
v 49.3298219472841 35.5 -13.21788595354665
v 47.67794271482164 35.5 -18.30184747269807
v 45.50369396472361 35.5 -23.185290121033525
v 42.83089722128888 35.5 -27.81470987896712
v 38.10915202154751 35.5 -34.31363460496269
v 32.13938585486528 35.5 -39.68883620495578
v 25.640461128869962 35.5 -44.41058140469696
v 18.301847472698036 35.5 -47.677942714821654
v 13.217885953546627 35.5 -49.32982194728412
v 7.989106509865333 35.5 -50.4412333275639
v 2.672796743435031 35.5 -51.0
v -2.6727967434350073 35.5 -51.0
v -105.64823733692822 34.5 1.3577908065947366
v -108.09835808254674 34.5 3.137907727034798
v -113.07027547895872 34.5 7.614642258678937
v -114.49192356723194 34.5 9.5713729846506
v -114.76194835322968 34.5 10.841739723161101
v -115.0 34.5 13.106649849461757
v -115.0 34.5 14.09697950186684
v -112.74266285297145 34.5 15.737030939229378
v -106.38855730286643 34.5 19.405575489041798
v -103.62187045524773 34.5 20.637383836867492
v -100.80800420905409 34.5 20.795561527788255
v -98.6823217950474 34.5 18.434752036240088
v -94.58172080276627 34.5 12.790758967398181
v -94.0 34.5 11.000406429492074
v -94.0 34.5 9.879798114973896
v -94.23298756941607 34.5 8.783677780764855
v -95.17423160025491 34.5 7.153395297031051
v -100.3586767643254 34.5 2.4852999038616095
v -102.92874781059707 34.5 0.6180339887500069
v 39.89574370751102 34.5 -34.89854489284444
v 37.528090346434 34.5 -37.52809034643399
v 33.39975392760517 34.5 -41.24526115416953
v 28.905482815396535 34.5 -44.51054024957506
v 25.841136425376202 34.5 -46.27974146274356
v 10.870960179835821 34.5 -51.143846580997604
v -21.266807235158357 34.5 -47.76603111369845
v -35.9350944189201 34.5 -39.29729155960287
v -41.24526115416954 34.5 -33.39975392760516
v -44.51054024957506 34.5 -28.90548281539654
v -46.279741462743544 34.5 -25.841136425376227
v -51.143846580997604 34.5 -10.870960179835821
v -52.0 34.5 10.27515457855967
v -51.26432476874681 34.5 13.736234422310954
v -49.5476659585399 34.5 19.019566981431616
v -47.288152551575166 34.5 24.09451718460401
v -44.51054024957505 34.5 28.905482815396553
v -41.245261154169526 34.5 33.39975392760518
v -37.528090346434 34.5 37.528090346434
v -33.39975392760516 34.5 41.24526115416954
v -24.36142606654402 34.5 47.81199072728619
v -13.736234422310936 34.5 51.26432476874682
v -8.302404804370902 34.5 52.41932090903688
v -2.777612302001068 34.5 53.0
v 2.777612302001071 34.5 53.0
v 8.302404804370891 34.5 52.41932090903688
v 13.736234422310968 34.5 51.2643247687468
v 19.019566981431595 34.5 49.54766595853991
v 24.09451718460402 34.5 47.28815255157516
v 28.905482815396567 34.5 44.510540249575044
v 33.39975392760515 34.5 41.245261154169555
v 37.528090346433984 34.5 37.528090346434006
v 41.24526115416953 34.5 33.39975392760517
v 44.51054024957504 34.5 28.905482815396567
v 47.288152551575166 34.5 24.094517184603998
v 49.54766595853991 34.5 19.019566981431588
v 51.26432476874682 34.5 13.736234422310929
v 52.41932090903688 34.5 8.30240480437091
v 52.78918467708461 34.5 4.783386116752678
v 47.76603111369846 34.5 -21.266807235158325
v 39.89574370751102 34.5 -34.89854489284444
v -104.70025451183776 34.5 1.9051089458478552
v -107.46817404617724 34.5 3.916120201642286
v -112.00830180685931 34.5 8.004069598989313
v -113.78087935756403 34.5 11.074263977165897
v -113.87489188511485 34.5 11.968733427546859
v -113.59696310103867 34.5 12.824110270805233
v -111.22479131839678 34.5 15.458673939931982
v -105.93394377108113 34.5 18.513346195615945
v -102.8083971690961 34.5 19.904929200088304
v -97.80093688015462 34.5 15.396191704264584
v -95.76542706807861 34.5 11.870585290443953
v -95.49066921296334 34.5 9.256438920216633
v -96.26527329095315 34.5 7.51664967583533
v -98.56087268845869 34.5 5.449682694233661
v -104.70025451183776 34.5 1.9051089458478552
v 52.0 34.5 2.7252045227182804
v 52.0 34.5 -2.7252045227182875
v 51.430277118300424 34.5 -8.145755657117984
v 50.29707335801548 34.5 -13.477060187928723
v 48.61280433668049 34.5 -18.660707227065704
v 46.39592325815021 34.5 -23.63990365281715
v 43.67071873543121 34.5 -28.360096347182953
v 40.467048679562076 34.5 -32.769569891236095
v 36.82001317008633 34.5 -36.82001317008632
v 32.76956989123611 34.5 -40.46704867956206
v 28.360096347182953 34.5 -43.6707187354312
v 23.63990365281712 34.5 -46.39592325815022
v 18.66070722706565 34.5 -48.61280433668051
v 13.477060187929718 34.5 -50.29707335801516
v 8.145755657116919 34.5 -51.43027711830054
v 2.725204522718277 34.5 -52.0
v -2.725204522718254 34.5 -52.0
v -8.145755657116943 34.5 -51.43027711830053
v -13.477060187929771 34.5 -50.29707335801515
v -18.660707227065696 34.5 -48.6128043366805
v -23.639903652817132 34.5 -46.39592325815022
v -30.733192764842368 34.5 -42.300610879882605
v -36.82001317008632 34.5 -36.820013170086334
v -40.46704867956206 34.5 -32.76956989123611
v -43.670718735431215 34.5 -28.360096347182935
v -46.39592325815023 34.5 -23.639903652817104
v -48.612804336680504 34.5 -18.66070722706567
v -50.25545861479705 34.5 -13.605137198035868
v -50.29707335801548 34.5 -13.477060187928728
v -51.430277118300424 34.5 -8.145755657117983
v -52.0 34.5 -2.7252045227182804
v -52.0 34.5 2.7252045227182875
v -51.430277118300424 34.5 8.14575565711799
v -50.29707335801548 34.5 13.47706018792873
v -48.612804336680504 34.5 18.660707227065664
v -46.39592325815021 34.5 23.639903652817132
v -43.6707187354312 34.5 28.36009634718296
v -40.46704867956206 34.5 32.76956989123612
v -36.820013170086305 34.5 36.82001317008635
v -32.76956989123611 34.5 40.46704867956207
v -28.360096347182925 34.5 43.67071873543122
v -21.266807235158325 34.5 47.76603111369847
v -13.477060187929718 34.5 50.29707335801516
v -8.145755657116919 34.5 51.43027711830054
v -2.725204522718277 34.5 52.0
v 2.7252045227182573 34.5 52.0
v 8.145755657116947 34.5 51.43027711830053
v 13.477060187929773 34.5 50.29707335801515
v 18.660707227065654 34.5 48.61280433668051
v 23.639903652817136 34.5 46.39592325815021
v 28.36009634718296 34.5 43.6707187354312
v 32.76956989123612 34.5 40.46704867956206
v 36.82001317008632 34.5 36.820013170086334
v 40.46704867956206 34.5 32.76956989123611
v 43.670718735431215 34.5 28.360096347182935
v 46.39592325815023 34.5 23.639903652817104
v 48.612804336680504 34.5 18.66070722706567
v 50.29707335801548 34.5 13.477060187928728
v 51.430277118300424 34.5 8.145755657117983
v 52.0 34.5 2.7252045227182804
v -113.59696310103867 33.5 12.824110270805233
v -111.22479131839678 33.5 15.458673939931982
v -105.93394377108113 33.5 18.513346195615945
v -100.80800420905409 33.5 20.795561527788255
v -102.92874781059707 33.5 0.6180339887500069
v -107.46817404617724 33.5 3.916120201642286
v -112.00830180685931 33.5 8.004069598989313
v -113.78087935756403 33.5 11.074263977165897
v -113.87489188511485 33.5 11.968733427546859
v -113.59696310103867 33.5 12.824110270805233
v -93.49062970100913 33.5 12.668793823461401
v -93.0 33.5 11.158790869816391
v -93.0 33.5 9.774693879708009
v -93.2715391600837 33.5 8.49720257127569
v -95.51799377957009 33.5 6.002261956878263
v 53.0 33.5 2.7776123020010717
v 53.0 33.5 -2.7776123020010792
v 52.41932090903688 33.5 -8.302404804370921
v 51.26432476874681 33.5 -13.736234422310956
v 49.54766595853991 33.5 -19.01956698143159
v 47.288152551575166 33.5 -24.094517184603998
v 44.51054024957505 33.5 -28.90548281539655
v 41.245261154169526 33.5 -33.39975392760518
v 24.09451718460398 33.5 -47.28815255157518
v 19.019566981431577 33.5 -49.547665958539916
v 13.73623442231093 33.5 -51.26432476874682
v 8.302404804370903 33.5 -52.41932090903688
v 2.777612302001068 33.5 -53.0
v -2.7776123020010806 33.5 -53.0
v -8.302404804370907 33.5 -52.41932090903688
v -13.736234422310941 33.5 -51.26432476874681
v -19.019566981431606 33.5 -49.5476659585399
v -24.09451718460399 33.5 -47.28815255157517
v -33.76974229091701 33.5 -41.702158731975125
v -47.288152551575166 33.5 -24.094517184603998
v -49.54766595853991 33.5 -19.019566981431588
v -51.26432476874682 33.5 -13.736234422310929
v -52.41932090903688 33.5 -8.30240480437091
v -53.0 33.5 -2.7776123020010717
v -53.0 33.5 2.7776123020010792
v -52.41932090903688 33.5 8.302404804370921
v -98.86031842786058 33.5 18.632437324239866
v -98.6823217950474 33.5 18.434752036240088
v -94.58172080276627 33.5 12.790758967398181
v -94.0 33.5 11.000406429492074
v -94.0 33.5 9.879798114973896
v -94.23298756941607 33.5 8.783677780764855
v -95.17423160025491 33.5 7.153395297031051
v -100.3586767643254 33.5 2.4852999038616095
v -102.07809700224489 33.5 1.2360679775000072
v -106.83799000980773 33.5 4.694332676249756
v -111.05490969794995 33.5 8.491264217932203
v -111.07222305884021 33.5 8.530150663171597
v -111.45207611116999 33.5 9.699218148872744
v -111.79481698102009 33.5 11.311687164918382
v -111.84141167288065 33.5 11.755006044911907
v -111.70366400891959 33.5 12.178949762569209
v -110.78179819169037 33.5 14.249494288671297
v -110.39352657148974 33.5 14.783904326947484
v -105.4793302392975 33.5 17.621116902189357
v -100.10443865338608 33.5 20.014172816660604
v -98.86031842786058 33.5 18.632437324239866
v 37.528090346434 33.5 -37.52809034643399
v 33.39975392760517 33.5 -41.24526115416953
v 28.905482815396535 33.5 -44.51054024957506
v 25.841136425376202 33.5 -46.27974146274356
v 10.870960179835821 33.5 -51.143846580997604
v 2.725204522718277 33.5 -52.0
v -2.7252045227182844 33.5 -52.0
v -8.145755657116908 33.5 -51.43027711830054
v -13.477060187929755 33.5 -50.29707335801515
v -21.266807235158357 33.5 -47.76603111369845
v -35.9350944189201 33.5 -39.29729155960287
v -41.24526115416954 33.5 -33.39975392760516
v -44.51054024957506 33.5 -28.90548281539654
v -46.279741462743544 33.5 -25.841136425376227
v -51.143846580997604 33.5 -10.870960179835821
v -52.0 33.5 -2.7252045227182804
v -52.0 33.5 10.27515457855967
v -51.26432476874681 33.5 13.736234422310954
v -49.5476659585399 33.5 19.019566981431616
v -47.288152551575166 33.5 24.09451718460401
v -44.51054024957505 33.5 28.905482815396553
v -41.245261154169526 33.5 33.39975392760518
v -37.528090346434 33.5 37.528090346434
v -33.39975392760516 33.5 41.24526115416954
v -24.36142606654402 33.5 47.81199072728619
v -13.736234422310936 33.5 51.26432476874682
v -8.302404804370902 33.5 52.41932090903688
v -2.777612302001068 33.5 53.0
v 2.777612302001071 33.5 53.0
v 8.302404804370891 33.5 52.41932090903688
v 13.736234422310968 33.5 51.2643247687468
v 19.019566981431595 33.5 49.54766595853991
v 24.09451718460402 33.5 47.28815255157516
v 28.905482815396567 33.5 44.510540249575044
v 33.39975392760515 33.5 41.245261154169555
v 37.528090346433984 33.5 37.528090346434006
v 41.24526115416953 33.5 33.39975392760517
v 44.51054024957504 33.5 28.905482815396567
v 47.288152551575166 33.5 24.094517184603998
v 49.54766595853991 33.5 19.019566981431588
v 51.26432476874682 33.5 13.736234422310929
v 52.41932090903688 33.5 8.30240480437091
v 52.78918467708461 33.5 4.783386116752678
v 51.430277118300424 33.5 -8.145755657117979
v 50.29707335801548 33.5 -13.477060187928721
v 47.76603111369846 33.5 -21.266807235158325
v 39.89574370751102 33.5 -34.89854489284444
v 37.528090346434 33.5 -37.52809034643399
v -102.07809700224489 32.5 1.2360679775000072
v -106.83799000980773 32.5 4.694332676249756
v -111.05490969794995 32.5 8.491264217932203
v -111.07222305884021 32.5 8.530150663171597
v -111.45207611116999 32.5 9.699218148872744
v -111.79481698102009 32.5 11.311687164918382
v -111.84141167288065 32.5 11.755006044911907
v -111.70366400891959 32.5 12.178949762569209
v -110.78179819169037 32.5 14.249494288671297
v -110.39352657148974 32.5 14.783904326947484
v -105.4793302392975 32.5 17.621116902189357
v -100.10443865338608 32.5 20.014172816660604
v -102.07809700224489 32.5 1.2360679775000072
v -92.0 32.5 9.669589644442041
v -92.34255232152246 32.5 8.058007678535715
v -92.38042776045509 32.5 7.992405493945431
v -94.84517741476705 32.5 5.2550236819456355
v -100.37679538554089 32.5 1.2360679774997285
v -98.44031455888245 32.5 19.660452320940827
v -93.86516358842741 32.5 14.579232395920533
v -92.02340830859906 32.5 11.389218676149602
v -92.0 32.5 11.317175310141163
v -92.0 32.5 9.669589644442041
v 36.776537656126486 32.5 -39.55042415789632
v 34.029937963975954 32.5 -42.02347362877586
v 31.039880371541955 32.5 -44.19587763086448
v -36.57225936780545 32.5 -40.08412474322506
v -42.02347362877585 32.5 -34.02993796397597
v -44.19587763086447 32.5 -31.039880371541962
v -53.0 32.5 10.380258813825103
v -52.23157617947758 32.5 13.99540865669535
v -50.48252758039931 32.5 19.378426735797998
v -48.18038184500177 32.5 24.549130716387623
v -45.35036176371738 32.5 29.450869283612384
v -42.02347362877584 32.5 34.02993796397598
v -38.23616752278188 32.5 38.23616752278189
v -34.029937963975954 32.5 42.02347362877586
v -24.821075614969157 32.5 48.71410375987664
v -13.995408656695341 32.5 52.23157617947758
v -8.459053951622487 32.5 53.408364699773514
v -2.830020081284314 32.5 54.0
v 2.8300200812843253 32.5 54.0
v 8.459053951622506 32.5 53.408364699773514
v 13.995408656695359 32.5 52.23157617947758
v 19.37842673579797 32.5 50.482527580399314
v 24.549130716387634 32.5 48.18038184500176
v 29.4508692836124 32.5 45.35036176371737
v 34.029937963975975 32.5 42.02347362877585
v 38.236167522781884 32.5 38.236167522781884
v 42.023473628775854 32.5 34.02993796397596
v 45.35036176371737 32.5 29.45086928361239
v 48.180381845001754 32.5 24.549130716387637
v 50.4825275803993 32.5 19.37842673579799
v 52.23157617947758 32.5 13.995408656695343
v 53.408364699773514 32.5 8.459053951622494
v 53.79469295664813 32.5 4.783386116752901
v -93.49062970100913 32.5 12.668793823461401
v -93.0 32.5 11.158790869816391
v -93.0 32.5 9.774693879708009
v -93.2715391600837 32.5 8.49720257127569
v -95.51799377957009 32.5 6.002261956878263
v -101.22744619389307 32.5 1.8541019662497331
v -106.20780597343803 32.5 5.472545150856537
v -109.47972401271106 32.5 8.418593386029034
v -110.0 32.5 13.368688745876536
v -110.0 32.5 13.474411167423298
v -109.66918237202532 32.5 14.047404107114875
v -105.02471670751062 32.5 16.728887608764403
v -99.4008730977182 32.5 19.232784105533096
v -93.49062970100913 32.5 12.668793823461401
v 53.0 32.5 2.7776123020010717
v 53.0 32.5 -2.7776123020010792
v 52.41932090903688 32.5 -8.302404804370921
v 51.26432476874681 32.5 -13.736234422310956
v 49.54766595853991 32.5 -19.01956698143159
v 47.288152551575166 32.5 -24.094517184603998
v 44.51054024957505 32.5 -28.90548281539655
v 41.245261154169526 32.5 -33.39975392760518
v 37.528090346434 32.5 -37.528090346434
v 33.39975392760516 32.5 -41.24526115416954
v 28.90548281539654 32.5 -44.51054024957506
v 24.09451718460398 32.5 -47.28815255157518
v 19.019566981431577 32.5 -49.547665958539916
v 13.73623442231093 32.5 -51.26432476874682
v 8.302404804370903 32.5 -52.41932090903688
v 2.777612302001068 32.5 -53.0
v -2.7776123020010806 32.5 -53.0
v -8.302404804370907 32.5 -52.41932090903688
v -13.736234422310941 32.5 -51.26432476874681
v -19.019566981431606 32.5 -49.5476659585399
v -24.09451718460399 32.5 -47.28815255157517
v -33.76974229091701 32.5 -41.702158731975125
v -41.24526115416955 32.5 -33.399753927605154
v -44.51054024957504 32.5 -28.90548281539657
v -47.288152551575166 32.5 -24.094517184603998
v -49.54766595853991 32.5 -19.019566981431588
v -51.26432476874682 32.5 -13.736234422310929
v -52.41932090903688 32.5 -8.30240480437091
v -53.0 32.5 -2.7776123020010717
v -53.0 32.5 2.7776123020010792
v -52.41932090903688 32.5 8.302404804370921
v -51.26432476874681 32.5 13.736234422310956
v -49.54766595853991 32.5 19.01956698143159
v -47.288152551575166 32.5 24.094517184603998
v -44.51054024957505 32.5 28.90548281539655
v -41.245261154169526 32.5 33.39975392760518
v -37.528090346434 32.5 37.528090346434
v -33.39975392760516 32.5 41.24526115416954
v -24.36142606654402 32.5 47.81199072728619
v -13.73623442231093 32.5 51.26432476874682
v -8.302404804370903 32.5 52.41932090903688
v -2.777612302001068 32.5 53.0
v 2.7776123020010512 32.5 53.0
v 8.302404804370942 32.5 52.41932090903687
v 13.736234422310961 32.5 51.26432476874681
v 19.01956698143159 32.5 49.54766595853991
v 24.094517184603987 32.5 47.28815255157517
v 28.90548281539656 32.5 44.510540249575044
v 33.399753927605175 32.5 41.24526115416953
v 37.528090346434 32.5 37.528090346434
v 41.24526115416955 32.5 33.399753927605154
v 44.51054024957504 32.5 28.90548281539657
v 47.288152551575166 32.5 24.094517184603998
v 49.54766595853991 32.5 19.019566981431588
v 51.26432476874682 32.5 13.736234422310929
v 52.41932090903688 32.5 8.30240480437091
v 53.0 32.5 2.7776123020010717
v -106.20780597343803 31.5 5.472545150856537
v -109.47972401271106 31.5 8.418593386029034
v -110.0 31.5 13.368688745876536
v -110.0 31.5 13.474411167423298
v -109.66918237202532 31.5 14.047404107114875
v -105.02471670751062 31.5 16.728887608764403
v -98.44031455888245 31.5 19.660452320940827
v -91.0 31.5 9.564485409176154
v -91.02286333355254 31.5 9.456921881741852
v -92.30103304311858 31.5 6.586105710766034
v -94.17236104996432 31.5 4.507785407012792
v -99.5261445771887 31.5 0.6180339887497277
v -96.77619046437897 31.5 19.306731825220776
v -93.05169030227569 31.5 15.17025533370551
v -91.10483078718177 31.5 11.798195738363948
v -91.0 31.5 11.475559750465479
v -91.0 31.5 9.564485409176154
v 54.0 31.5 2.8300200812843177
v 54.0 31.5 -2.8300200812843257
v 53.408364699773514 31.5 -8.459053951622497
v 52.23157617947758 31.5 -13.995408656695352
v 50.482527580399314 31.5 -19.378426735797973
v 48.18038184500177 31.5 -24.549130716387612
v 45.35036176371738 31.5 -29.45086928361238
v 42.023473628775854 31.5 -34.02993796397596
v 38.236167522781884 31.5 -38.23616752278188
v 29.45086928361083 31.5 -45.3503617637185
v 24.54913071638933 31.5 -48.18038184500101
v 19.378426735797966 31.5 -50.482527580399314
v 13.995408656695348 31.5 -52.23157617947758
v 8.459053951622481 31.5 -53.408364699773514
v 2.830020081284314 31.5 -54.0
v -2.830020081284332 31.5 -54.0
v -8.459053951622518 31.5 -53.408364699773514
v -13.995408656695364 31.5 -52.23157617947758
v -19.37842673579795 31.5 -50.48252758039932
v -24.549130716387612 31.5 -48.18038184500177
v -34.406907239802784 31.5 -42.48899191559685
v -45.35036176371737 31.5 -29.45086928361239
v -48.180381845001754 31.5 -24.549130716387637
v -50.4825275803993 31.5 -19.37842673579799
v -52.23157617947758 31.5 -13.995408656695343
v -53.408364699773514 31.5 -8.459053951622494
v -54.0 31.5 -2.8300200812843177
v -54.0 31.5 2.8300200812843257
v -53.408364699773514 31.5 8.45905395162249
v -92.34255232152246 31.5 8.058007678535715
v -92.38042776045509 31.5 7.992405493945431
v -94.84517741476705 31.5 5.2550236819456355
v -100.37679538554089 31.5 1.2360679774997285
v -105.1730151551416 31.5 4.720725613774714
v -106.06726288070098 31.5 5.713888329138499
v -108.10872381542745 31.5 9.249802389751812
v -108.26763819326212 31.5 9.606729926270571
v -108.55032187897704 31.5 10.476740852023417
v -108.75302923238857 31.5 11.430403970296
v -107.340388045245 31.5 14.603248024952174
v -97.73674900321443 31.5 18.879063609813176
v -93.86516358842741 31.5 14.579232395920533
v -92.02340830859906 31.5 11.389218676149602
v -92.0 31.5 11.317175310141163
v -92.0 31.5 9.669589644442041
v -92.34255232152246 31.5 8.058007678535715
v 49.547665958539895 31.5 -19.019566981431623
v 47.28815255157517 31.5 -24.094517184603994
v 44.510540249575044 31.5 -28.90548281539656
v 36.776537656126486 31.5 -39.55042415789632
v 34.029937963975954 31.5 -42.02347362877586
v 31.039880371541955 31.5 -44.19587763086448
v 19.019566981431577 31.5 -49.547665958539916
v 13.736234422310929 31.5 -51.26432476874682
v 8.302404804370903 31.5 -52.41932090903688
v 2.777612302001068 31.5 -53.0
v -2.7776123020010757 31.5 -53.0
v -8.3024048043709 31.5 -52.41932090903688
v -13.736234422310975 31.5 -51.2643247687468
v -19.019566981431574 31.5 -49.547665958539916
v -24.094517184603998 31.5 -47.288152551575166
v -36.57225936780545 31.5 -40.08412474322506
v -42.02347362877585 31.5 -34.02993796397597
v -44.19587763086447 31.5 -31.039880371541962
v -49.54766595853991 31.5 -19.019566981431588
v -51.26432476874682 31.5 -13.736234422310929
v -52.41932090903688 31.5 -8.30240480437091
v -53.0 31.5 -2.7776123020010717
v -53.0 31.5 10.380258813825103
v -52.23157617947758 31.5 13.99540865669535
v -50.48252758039931 31.5 19.378426735797998
v -48.18038184500177 31.5 24.549130716387623
v -45.35036176371738 31.5 29.450869283612384
v -42.02347362877584 31.5 34.02993796397598
v -38.23616752278188 31.5 38.23616752278189
v -34.029937963975954 31.5 42.02347362877586
v -24.821075614969157 31.5 48.71410375987664
v -13.995408656695341 31.5 52.23157617947758
v -8.459053951622487 31.5 53.408364699773514
v -2.830020081284314 31.5 54.0
v 2.8300200812843253 31.5 54.0
v 8.459053951622506 31.5 53.408364699773514
v 13.995408656695359 31.5 52.23157617947758
v 19.37842673579797 31.5 50.482527580399314
v 24.549130716387634 31.5 48.18038184500176
v 29.4508692836124 31.5 45.35036176371737
v 34.029937963975975 31.5 42.02347362877585
v 38.236167522781884 31.5 38.236167522781884
v 42.023473628775854 31.5 34.02993796397596
v 45.35036176371737 31.5 29.45086928361239
v 48.180381845001754 31.5 24.549130716387637
v 50.4825275803993 31.5 19.37842673579799
v 52.23157617947758 31.5 13.995408656695343
v 53.408364699773514 31.5 8.459053951622494
v 53.79469295664813 31.5 4.783386116752901
v 52.41932090903688 31.5 -8.302404804370898
v 51.26432476874681 31.5 -13.736234422310934
v 49.547665958539895 31.5 -19.019566981431623
v -99.5261445771887 30.5 0.6180339887497277
v -105.1730151551416 30.5 4.720725613774714
v -106.06726288070098 30.5 5.713888329138499
v -108.10872381542745 30.5 9.249802389751812
v -108.26763819326212 30.5 9.606729926270571
v -108.55032187897704 30.5 10.476740852023417
v -108.75302923238857 30.5 11.430403970296
v -107.340388045245 30.5 14.603248024952174
v -95.8932573312204 30.5 19.699838983312315
v -90.54350211647247 30.5 12.336532626786884
v -90.31675349081375 30.5 11.269764215230069
v -90.50723979630928 30.5 9.457408081207248
v -91.28805990053726 30.5 7.0542909009293195
v -91.98198219966405 30.5 6.099188794199428
v -95.8932573312204 30.5 19.699838983312315
v 40.35086684634395 30.5 -36.33208369937269
v 27.148723548214942 30.5 -47.0229685461498
v -47.02296854614979 30.5 -27.148723548214946
v -54.0 30.5 10.485363049090534
v -53.19882759020842 30.5 14.254582891079428
v -51.41738920225859 30.5 19.737286490164628
v -49.072611138427604 30.5 25.003744248172946
v -46.190183277859944 30.5 29.996255751828198
v -42.801686103383794 30.5 34.66012200034483
v -38.94424469913023 30.5 38.94424469912913
v -34.66012200034415 30.5 42.80168610338429
v -25.280725163394933 30.5 49.61621679246686
v -14.254582891079405 30.5 53.198827590208424
v -8.615703098874066 30.5 54.39740849051016
v -2.8824278605675606 30.5 55.0
v 2.8824278605675637 30.5 55.0
v 8.615703098874103 30.5 54.39740849051015
v 14.254582891079439 30.5 53.19882759020842
v 19.737286490164635 30.5 51.41738920225859
v 25.003744248172957 30.5 49.072611138427604
v 29.996255751828215 30.5 46.19018327785994
v 34.66012200034414 30.5 42.8016861033843
v 38.94424469912966 30.5 38.944244699129634
v 42.80168610338428 30.5 34.66012200034417
v 46.19018327785996 30.5 29.99625575182818
v 49.0726111384276 30.5 25.00374424817297
v 51.4173892022586 30.5 19.73728649016461
v 53.19882759020841 30.5 14.254582891079458
v 54.39740849051015 30.5 8.615703098874075
v 54.80020123621166 30.5 4.783386116752897
v -91.02286333355254 30.5 9.456921881741852
v -92.30103304311858 30.5 6.586105710766034
v -94.17236104996432 30.5 4.507785407012792
v -98.67549376883652 30.5 1.2360679774997287
v -104.50019879033887 30.5 5.467963888707565
v -105.25378959454918 30.5 6.3049112669237255
v -106.46076759889262 30.5 8.395458494064647
v -106.75771114229521 30.5 11.220687588325164
v -105.87985836982756 30.5 13.922440614212476
v -104.2646065220115 30.5 15.716359530997975
v -103.35347234040648 30.5 16.378337262653385
v -96.77619046437897 30.5 19.306731825220776
v -93.05169030227569 30.5 15.17025533370551
v -91.10483078718177 30.5 11.798195738363948
v -91.0 30.5 11.475559750465479
v -91.0 30.5 9.564485409176154
v -91.02286333355254 30.5 9.456921881741852
v 54.0 30.5 2.8300200812843177
v 54.0 30.5 -2.8300200812843186
v 53.5251490572277 30.5 -7.347925012251149
v 53.408364699773514 30.5 -8.459053951622497
v 52.23157617947758 30.5 -13.995408656695352
v 50.482527580399314 30.5 -19.378426735797973
v 48.18038184500177 30.5 -24.549130716387612
v 45.350361763717395 30.5 -29.450869283612356
v 42.023473628775825 30.5 -34.029937963975996
v 38.236167522781884 30.5 -38.23616752278188
v 34.029937963975975 30.5 -42.02347362877584
v 29.45086928361083 30.5 -45.3503617637185
v 24.549130716389335 30.5 -48.18038184500101
v 24.54913071638933 30.5 -48.18038184500101
v 19.378426735797966 30.5 -50.482527580399314
v 13.995408656695348 30.5 -52.23157617947758
v 8.459053951622481 30.5 -53.408364699773514
v 2.830020081284314 30.5 -54.0
v -2.830020081284302 30.5 -54.0
v -8.459053951622485 30.5 -53.408364699773514
v -13.995408656695316 30.5 -52.231576179477585
v -19.378426735797976 30.5 -50.48252758039931
v -21.95349162149668 30.5 -49.3360348267555
v -24.549130716387612 30.5 -48.18038184500177
v -34.406907239802784 30.5 -42.48899191559685
v -42.023473628775854 30.5 -34.02993796397596
v -43.469681597511105 30.5 -32.03940346256742
v -45.35036176371738 30.5 -29.45086928361238
v -48.180381845001754 30.5 -24.549130716387637
v -50.4825275803993 30.5 -19.37842673579799
v -52.23157617947758 30.5 -13.995408656695343
v -53.01610185967487 30.5 -10.304505519980111
v -53.408364699773514 30.5 -8.459053951622492
v -54.0 30.5 -2.8300200812843177
v -54.0 30.5 2.8300200812843257
v -53.408364699773514 30.5 8.45905395162249
v -52.23157617947758 30.5 13.995408656695343
v -50.482527580399314 30.5 19.378426735797966
v -48.18038184500177 30.5 24.54913071638761
v -45.35036176371737 30.5 29.45086928361239
v -42.02347362877586 30.5 34.029937963975954
v -38.23616752278188 30.5 38.236167522781884
v -34.02993796397596 30.5 42.023473628775854
v -24.821075614969153 30.5 48.71410375987664
v -13.995408656695348 30.5 52.23157617947758
v -8.459053951622481 30.5 53.408364699773514
v -2.830020081284314 30.5 54.0
v 2.8300200812842995 30.5 54.0
v 8.459053951622483 30.5 53.408364699773514
v 13.995408656695345 30.5 52.23157617947758
v 19.378426735797945 30.5 50.48252758039932
v 24.549130716387594 30.5 48.180381845001776
v 29.450869283612402 30.5 45.350361763717366
v 34.029937963975975 30.5 42.02347362877585
v 38.236167522781884 30.5 38.236167522781884
v 42.023473628775854 30.5 34.02993796397596
v 45.35036176371737 30.5 29.45086928361239
v 48.180381845001754 30.5 24.549130716387637
v 50.4825275803993 30.5 19.37842673579799
v 52.23157617947758 30.5 13.995408656695343
v 53.408364699773514 30.5 8.459053951622494
v 54.0 30.5 2.8300200812843177
v -95.8932573312204 29.5 19.699838983312315
v -98.67549376883652 29.5 1.2360679774997285
v -104.50019879033887 29.5 5.467963888707565
v -105.25378959454918 29.5 6.3049112669237255
v -106.46076759889262 29.5 8.395458494064647
v -106.75771114229521 29.5 11.220687588325164
v -105.87985836982756 29.5 13.922440614212476
v -104.2646065220115 29.5 15.716359530997975
v -103.35347234040648 29.5 16.378337262653385
v -95.8932573312204 29.5 19.699838983312315
v -89.78190010287135 29.5 12.341762422827212
v -89.65134924727501 29.5 11.099654002873063
v -90.45211707362904 29.5 7.332337576306248
v -90.7534811881523 29.5 6.810359618373944
v -93.49954468515982 29.5 3.7605471320817854
v -97.82484296048472 29.5 0.6180339887500063
v -97.83794061884728 29.5 0.6275499945676924
v -95.11206636987521 29.5 18.953011329500857
v -90.39092315209007 29.5 13.709650587527719
v -89.78190010287135 29.5 12.341762422827212
v -8.615703098874066 29.5 -54.39740849051016
v -14.254582891079453 29.5 -53.19882759020841
v -19.737286490164617 29.5 -51.4173892022586
v -25.003744248172936 29.5 -49.07261113842761
v -35.04407218868764 29.5 -43.275825099219325
v -42.801686103384284 29.5 -34.66012200034415
v -46.19018327785996 29.5 -29.996255751828183
v -49.07261113842761 29.5 -25.003744248172946
v -51.4173892022586 29.5 -19.737286490164617
v -53.19882759020841 29.5 -14.254582891079457
v -54.39740849051015 29.5 -8.615703098874075
v -55.0 29.5 -2.882427860567564
v -55.0 29.5 2.8824278605675717
v -54.39740849051015 29.5 8.615703098874073
v 57.436598539651186 29.5 14.516893115387656
v 69.99061419229119 29.5 -7.227299833999794
v 70.18575841362102 29.5 -7.665600931321473
v 70.28598049475885 29.5 -8.6191503376275
v 53.87131643917929 29.5 -26.849481664471064
v 42.39980331856303 29.5 -37.17847847248968
v 29.996255751828173 29.5 -46.190183277859965
v 25.003744248172936 29.5 -49.07261113842762
v 19.737286490164635 29.5 -51.41738920225859
v 14.254582891079403 29.5 -53.198827590208424
v 8.615703098874064 29.5 -54.39740849051016
v 2.8824278605675606 29.5 -55.0
v -2.882427860567589 29.5 -55.0
v -8.615703098874066 29.5 -54.39740849051016
v -90.54350211647247 29.5 12.336532626786884
v -90.31675349081375 29.5 11.269764215230069
v -90.50723979630928 29.5 9.457408081207248
v -91.28805990053726 29.5 7.0542909009293195
v -91.98198219966405 29.5 6.099188794199428
v -98.58598974755417 29.5 1.3010964553888495
v -104.91945512152382 29.5 7.003774292531458
v -105.42935951432165 29.5 8.149038309930662
v -105.74097103617805 29.5 11.113823897007538
v -104.99448544335422 29.5 13.411270316779952
v -103.59179015720846 29.5 14.969121256065353
v -102.85071820062413 29.5 15.507541548836016
v -95.29234060673879 29.5 18.872748068027082
v -90.54350211647247 29.5 12.336532626786884
v 50.482527580399314 29.5 -19.378426735797973
v 48.18038184500177 29.5 -24.549130716387612
v 45.350361763717395 29.5 -29.450869283612356
v 40.35086684634395 29.5 -36.33208369937269
v 34.029937963975954 29.5 -42.02347362877586
v 27.148723548214942 29.5 -47.0229685461498
v 19.378426735797966 29.5 -50.482527580399314
v 13.995408656695352 29.5 -52.23157617947758
v 8.459053951622483 29.5 -53.408364699773514
v 2.830020081284314 29.5 -54.0
v -2.830020081284302 29.5 -54.0
v -8.459053951622485 29.5 -53.408364699773514
v -13.995408656695316 29.5 -52.231576179477585
v -19.378426735797976 29.5 -50.48252758039931
v -24.54913071638762 29.5 -48.18038184500177
v -34.406907239802784 29.5 -42.48899191559685
v -42.02347362877584 29.5 -34.02993796397598
v -47.02296854614979 29.5 -27.148723548214946
v -50.48252758039931 29.5 -19.37842673579798
v -52.23157617947758 29.5 -13.995408656695346
v -53.408364699773514 29.5 -8.459053951622492
v -54.0 29.5 -2.8300200812843177
v -54.0 29.5 10.485363049090534
v -53.19882759020842 29.5 14.254582891079428
v -51.41738920225859 29.5 19.737286490164628
v -49.072611138427604 29.5 25.003744248172946
v -46.190183277859944 29.5 29.996255751828198
v -42.801686103383794 29.5 34.66012200034483
v -38.94424469913023 29.5 38.94424469912913
v -34.66012200034415 29.5 42.80168610338429
v -25.280725163394933 29.5 49.61621679246686
v -14.254582891079405 29.5 53.198827590208424
v -8.615703098874066 29.5 54.39740849051016
v -2.8824278605675606 29.5 55.0
v 2.8824278605675637 29.5 55.0
v 8.615703098874103 29.5 54.39740849051015
v 14.254582891079439 29.5 53.19882759020842
v 19.737286490164635 29.5 51.41738920225859
v 25.003744248172957 29.5 49.072611138427604
v 29.996255751828215 29.5 46.19018327785994
v 34.66012200034414 29.5 42.8016861033843
v 38.94424469912966 29.5 38.944244699129634
v 42.80168610338428 29.5 34.66012200034417
v 46.19018327785996 29.5 29.99625575182818
v 49.0726111384276 29.5 25.00374424817297
v 51.4173892022586 29.5 19.73728649016461
v 53.19882759020841 29.5 14.254582891079458
v 54.39740849051015 29.5 8.615703098874075
v 54.80020123621166 29.5 4.783386116752897
v 53.408364699773514 29.5 -8.459053951622499
v 52.23157617947758 29.5 -13.995408656695355
v 50.482527580399314 29.5 -19.378426735797973
v -97.82484296048472 28.5 0.6180339887500063
v -97.83794061884728 28.5 0.6275499945676924
v -104.91945512152382 28.5 7.003774292531458
v -105.42935951432165 28.5 8.149038309930662
v -105.74097103617805 28.5 11.113823897007538
v -104.99448544335422 28.5 13.411270316779952
v -103.59179015720846 28.5 14.969121256065353
v -102.85071820062413 28.5 15.507541548836016
v -94.15150783103944 28.5 19.38067954490859
v -91.42474372997248 28.5 16.352301209276643
v -89.76292714271482 28.5 13.47395044728566
v -89.0 28.5 9.884660440331173
v -89.0 28.5 9.354276938645288
v -89.1102729306176 28.5 8.835483589001338
v -89.6679972862355 28.5 7.582814176581469
v -91.26606124350397 28.5 5.3832678380405445
v -55.0 28.5 5.780732939612079
v -51.596236080718576 28.5 21.794183159819873
v -49.96484043185343 28.5 25.458357779958305
v -47.030004792003794 28.5 30.541642220041798
v -43.57989857799128 28.5 35.290306036713865
v -39.652321875477924 28.5 39.65232187547677
v -35.29030603671321 28.5 43.579898577991756
v -28.154231827778467 28.5 48.76455997378506
v -20.096146244532257 28.5 52.35225082411744
v -14.513757125461638 28.5 54.166079000939746
v -10.590467284356421 28.5 55.0
v 5.780732939612096 28.5 55.0
v 21.79418315981989 28.5 51.59623608071857
v 25.458357779958284 28.5 49.964840431853446
v 30.54164222004179 28.5 47.030004792003794
v 35.29030603671321 28.5 43.579898577991756
v 60.98081372103113 28.5 20.448061558967165
v 83.39666892670455 28.5 -4.447267763052841
v 85.58164154126816 28.5 -8.231751344623627
v 85.9699210519146 28.5 -10.058462821304404
v 83.61894605514696 28.5 -12.175290216437075
v 63.13652689756824 28.5 -27.056638810849755
v -89.65134924727501 28.5 11.099654002873063
v -90.45211707362904 28.5 7.332337576306248
v -90.7534811881523 28.5 6.810359618373944
v -93.49954468515982 28.5 3.760547132081793
v -96.97419215213269 28.5 1.2360679774998935
v -102.92438927493471 28.5 5.559139237230697
v -104.50496416125957 28.5 7.734613934719007
v -105.0 28.5 9.258177585922176
v -105.0 28.5 11.035944702896007
v -104.71044755989378 28.5 12.398181830892655
v -102.67101227719468 28.5 15.205223681970725
v -101.831054464573 28.5 15.961525093494851
v -95.11206636987521 28.5 18.953011329500853
v -90.39092315209007 28.5 13.709650587527719
v -89.78190010287135 28.5 12.341762422827212
v -89.65134924727501 28.5 11.099654002873063
v -14.254582891079453 28.5 -53.19882759020841
v -17.66395787912076 28.5 -52.09105450474996
v -19.73728649016463 28.5 -51.41738920225859
v -25.003744248172936 28.5 -49.07261113842761
v -35.04407218868764 28.5 -43.275825099219325
v -42.801686103384284 28.5 -34.66012200034415
v -43.639445129779354 28.5 -33.50704562270245
v -46.190183277859944 28.5 -29.996255751828198
v -49.0726111384276 28.5 -25.003744248172968
v -51.4173892022586 28.5 -19.73728649016461
v -52.84253991261845 28.5 -15.351123610896488
v -53.19882759020841 28.5 -14.254582891079457
v -54.39740849051015 28.5 -8.615703098874075
v -55.0 28.5 -2.882427860567564
v -55.0 28.5 2.8824278605675717
v -54.39740849051015 28.5 8.615703098874073
v -53.19882759020841 28.5 14.254582891079448
v -51.41738920225858 28.5 19.737286490164664
v -49.07261113842761 28.5 25.003744248172946
v -46.190183277859944 28.5 29.996255751828198
v -42.801686103383794 28.5 34.66012200034483
v -38.94424469913023 28.5 38.94424469912913
v -34.66012200034415 28.5 42.80168610338429
v -25.280725163394933 28.5 49.61621679246686
v -14.2545828910794 28.5 53.198827590208424
v -8.615703098874068 28.5 54.39740849051016
v -2.8824278605675606 28.5 55.0
v 2.8824278605675535 28.5 55.0
v 8.615703098874091 28.5 54.39740849051015
v 14.25458289107943 28.5 53.19882759020842
v 19.737286490164653 28.5 51.41738920225858
v 25.00374424817298 28.5 49.0726111384276
v 29.996255751828194 28.5 46.19018327785995
v 34.66012200034415 28.5 42.801686103384284
v 38.944244699129634 28.5 38.94424469912966
v 42.801686103384284 28.5 34.66012200034415
v 57.436598539651186 28.5 14.516893115387656
v 69.99061419229119 28.5 -7.227299833999794
v 70.18575841362102 28.5 -7.665600931321473
v 70.28598049475885 28.5 -8.6191503376275
v 53.87131643917929 28.5 -26.849481664471064
v 42.39980331856303 28.5 -37.17847847248968
v 29.996255751828198 28.5 -46.190183277859944
v 25.003744248172943 28.5 -49.07261113842761
v 19.73728649016465 28.5 -51.41738920225858
v 14.254582891079398 28.5 -53.198827590208424
v 10.8712550157562 28.5 -53.91797613038946
v 8.615703098874064 28.5 -54.39740849051016
v 2.8824278605675606 28.5 -55.0
v -2.8824278605675615 28.5 -55.0
v -8.615703098874096 28.5 -54.39740849051015
v -14.254582891079453 28.5 -53.19882759020841
v -102.92438927493471 27.5 5.559139237230697
v -104.50496416125957 27.5 7.734613934719007
v -105.0 27.5 9.258177585922176
v -105.0 27.5 11.035944702896007
v -104.71044755989378 27.5 12.398181830892655
v -102.67101227719468 27.5 15.205223681970725
v -101.831054464573 27.5 15.961525093494851
v -88.8039338896557 27.5 12.603807679883356
v -88.48472860158942 27.5 9.56677223350585
v -88.54016877396323 27.5 9.039294228136587
v -89.4838338353568 27.5 6.134991804078123
v -90.71519987827732 27.5 4.440161845120191
v -95.47965746342082 27.5 0.1502249665714687
v -89.54179845002054 27.5 14.261078616623468
v -88.8039338896557 27.5 12.603807679883356
v -2.9348356398503284 27.5 -56.0
v -8.772352246126983 27.5 -55.386452281246605
v -14.513757125461634 27.5 -54.166079000939746
v -20.096146244532253 27.5 -52.35225082411744
v -25.458357779958313 27.5 -49.96484043185343
v -30.541642220041798 27.5 -47.030004792003794
v -37.67771642897781 27.5 -41.845343396209564
v -43.57989857799175 27.5 -35.290306036713226
v -47.03000479200378 27.5 -30.541642220041812
v -49.96484043185345 27.5 -25.458357779958266
v -52.35225082411746 27.5 -20.096146244532214
v -54.166079000939746 27.5 -14.513757125461657
v -55.386452281246605 27.5 -8.772352246127003
v -56.0 27.5 -2.9348356398503554
v -56.0 27.5 2.9348356398503634
v -55.386452281246605 27.5 8.772352246127017
v -54.166079000939746 27.5 14.513757125461657
v -52.35225082411745 27.5 20.096146244532243
v -30.87996962935003 27.5 47.55098331589557
v -8.772352246126994 27.5 55.386452281246605
v -2.934835639850352 27.5 56.0
v 2.9348356398503634 27.5 56.0
v 8.772352246127022 27.5 55.386452281246605
v 14.513757125461652 27.5 54.166079000939746
v 20.09614624453224 27.5 52.35225082411745
v 88.31162286903736 27.5 -4.160709531830041
v 90.77749473758566 27.5 -7.554690989898389
v 91.53472084426328 27.5 -9.88519331233946
v 91.60960528875103 27.5 -10.597671209147924
v 90.90562124923522 27.5 -12.178845250142059
v 25.458357779958288 27.5 -49.96484043185344
v 20.096146244532253 27.5 -52.35225082411744
v 14.51375712546166 27.5 -54.16607900093974
v 8.772352246126994 27.5 -55.386452281246605
v 2.934835639850352 27.5 -56.0
v -2.9348356398503284 27.5 -56.0
v -97.98147556522196 27.5 1.9679022148636367
v -102.21715260726425 27.5 5.045301720803319
v -103.94119150191543 27.5 8.03142468056402
v -104.0 27.5 8.308096911345887
v -104.0 27.5 10.930840467630574
v -103.68516380888309 27.5 12.412028291912723
v -102.43884383003576 27.5 14.570717817764459
v -101.18527625724779 27.5 15.481487971123375
v -95.37580832572054 27.5 18.83558584523913
v -94.15150783103944 27.5 19.38067954490859
v -91.42474372997248 27.5 16.352301209276643
v -89.76292714271482 27.5 13.47395044728566
v -89.0 27.5 9.884660440331173
v -89.0 27.5 9.354276938645288
v -89.1102729306176 27.5 8.835483589001338
v -89.6679972862355 27.5 7.582814176581469
v -91.26606124350397 27.5 5.3832678380405445
v -96.97419215213269 27.5 1.2360679774998935
v -97.98147556522196 27.5 1.9679022148636367
v -42.80168610338427 27.5 -34.660122000344174
v -46.190183277859944 27.5 -29.996255751828198
v -49.0726111384276 27.5 -25.003744248172968
v -51.4173892022586 27.5 -19.73728649016461
v -53.19882759020841 27.5 -14.254582891079458
v -54.39740849051015 27.5 -8.615703098874075
v -55.0 27.5 -2.882427860567564
v -55.0 27.5 5.780732939612079
v -51.596236080718576 27.5 21.794183159819873
v -49.96484043185343 27.5 25.458357779958305
v -47.030004792003794 27.5 30.541642220041798
v -43.57989857799128 27.5 35.290306036713865
v -39.652321875477924 27.5 39.65232187547677
v -35.29030603671321 27.5 43.579898577991756
v -28.154231827778467 27.5 48.76455997378506
v -20.096146244532257 27.5 52.35225082411744
v -14.513757125461638 27.5 54.166079000939746
v -10.590467284356421 27.5 55.0
v 5.780732939612096 27.5 55.0
v 21.79418315981989 27.5 51.59623608071857
v 25.458357779958284 27.5 49.964840431853446
v 30.54164222004179 27.5 47.030004792003794
v 35.29030603671321 27.5 43.579898577991756
v 60.98081372103113 27.5 20.448061558967165
v 83.39666892670455 27.5 -4.447267763052841
v 85.58164154126816 27.5 -8.231751344623627
v 85.9699210519146 27.5 -10.058462821304404
v 83.61894605514696 27.5 -12.175290216437075
v 63.13652689756824 27.5 -27.056638810849755
v 25.003744248172943 27.5 -49.07261113842761
v 19.73728649016465 27.5 -51.41738920225858
v 14.254582891079398 27.5 -53.198827590208424
v 8.615703098874068 27.5 -54.39740849051016
v 2.8824278605675606 27.5 -55.0
v -2.8824278605675615 27.5 -55.0
v -8.615703098874103 27.5 -54.39740849051015
v -14.254582891079439 27.5 -53.19882759020842
v -19.737286490164657 27.5 -51.41738920225858
v -25.00374424817298 27.5 -49.0726111384276
v -35.044072188687664 27.5 -43.27582509921932
v -42.80168610338427 27.5 -34.660122000344174
v -102.21715260726425 26.5 5.045301720803319
v -103.94119150191543 26.5 8.03142468056402
v -104.0 26.5 8.308096911345887
v -104.0 26.5 10.930840467630574
v -103.68516380888309 26.5 12.412028291912723
v -102.43884383003576 26.5 14.570717817764459
v -101.18527625724779 26.5 15.481487971123375
v -92.68559798877465 26.5 20.38877950745156
v -92.27120880727358 26.5 19.818421729994654
v -88.34909822292991 26.5 13.025126925007756
v -88.0 26.5 11.950713071439234
v -88.0 26.5 9.249172703379402
v -88.15397772914973 26.5 8.524764442632472
v -89.47563688395701 26.5 5.556269378368148
v -40.091573544936914 26.5 -40.09157354493691
v -49.95405154841269 26.5 27.477044674234378
v -47.86982630614612 26.5 31.087028688257625
v -44.35811105259757 26.5 35.92049007308469
v -40.3603990518258 26.5 40.36039905182467
v -31.431397658445782 26.5 48.40010801796509
v -20.4550059988986 26.5 53.28711244597686
v -16.490574002730128 26.5 54.575234485907934
v 27.477044674234374 26.5 49.95405154841269
v 31.087028688257643 26.5 47.869826306146116
v 43.66017139130528 26.5 38.73490342170172
v 90.83495720112586 26.5 -3.7414645103450757
v 93.74188130805676 26.5 -6.969930803161215
v 94.48532737778238 26.5 -9.258022532733412
v 94.67719592681175 26.5 -11.083529835501794
v 93.55185609023465 26.5 -13.611084491593312
v 90.17327612973624 26.5 -16.065766517162082
v 51.67740173461825 26.5 -38.29136996187347
v -88.48472860158942 26.5 9.56677223350585
v -88.54016877396323 26.5 9.039294228136587
v -89.4838338353568 26.5 6.134991804078123
v -90.71519987827732 26.5 4.440161845120191
v -95.47965746342082 26.5 0.1502249665714687
v -97.20775658247774 26.5 1.4057624691749173
v -101.43818744893002 26.5 5.214859530450967
v -102.68491200230591 26.5 6.930828665525032
v -103.25640008136796 26.5 9.6194686894883
v -102.49840575116392 26.5 13.185551638180169
v -102.49052946795355 26.5 13.203242059912329
v -99.6314153433058 26.5 16.37860998807102
v -99.27327886319624 26.5 16.585380181268906
v -95.37580832572054 26.5 18.83558584523913
v -94.15150783103944 26.5 19.38067954490859
v -89.54179845002054 26.5 14.261078616623468
v -88.8039338896557 26.5 12.603807679883356
v -88.48472860158942 26.5 9.56677223350585
v -8.772352246126983 26.5 -55.386452281246605
v -14.513757125461634 26.5 -54.166079000939746
v -20.096146244532253 26.5 -52.35225082411744
v -25.458357779958313 26.5 -49.96484043185343
v -30.541642220041798 26.5 -47.030004792003794
v -37.67771642897781 26.5 -41.845343396209564
v -43.57989857799175 26.5 -35.290306036713226
v -47.03000479200378 26.5 -30.541642220041812
v -49.96484043185345 26.5 -25.458357779958266
v -52.35225082411746 26.5 -20.096146244532214
v -54.166079000939746 26.5 -14.513757125461657
v -55.386452281246605 26.5 -8.772352246127003
v -56.0 26.5 -2.9348356398503554
v -56.0 26.5 2.9348356398503634
v -55.386452281246605 26.5 8.772352246127017
v -54.166079000939746 26.5 14.513757125461657
v -52.35225082411745 26.5 20.096146244532243
v -49.96484043185344 26.5 25.458357779958288
v -47.030004792003794 26.5 30.54164222004179
v -43.57989857799126 26.5 35.29030603671389
v -39.652321875477924 26.5 39.65232187547678
v -30.87996962935003 26.5 47.55098331589557
v -20.096146244532246 26.5 52.35225082411744
v -14.513757125461662 26.5 54.16607900093974
v -8.772352246126994 26.5 55.386452281246605
v -2.934835639850352 26.5 56.0
v 2.9348356398503634 26.5 56.0
v 8.772352246127022 26.5 55.386452281246605
v 14.513757125461652 26.5 54.166079000939746
v 20.09614624453224 26.5 52.35225082411745
v 25.458357779958277 26.5 49.964840431853446
v 30.541642220041826 26.5 47.03000479200377
v 35.29030603671322 26.5 43.579898577991756
v 88.31162286903736 26.5 -4.160709531830041
v 90.77749473758566 26.5 -7.554690989898389
v 91.53472084426328 26.5 -9.88519331233946
v 91.60960528875103 26.5 -10.597671209147924
v 90.90562124923522 26.5 -12.178845250142059
v 25.458357779958288 26.5 -49.96484043185344
v 20.096146244532253 26.5 -52.35225082411744
v 14.51375712546166 26.5 -54.16607900093974
v 8.772352246126994 26.5 -55.386452281246605
v 2.934835639850352 26.5 -56.0
v -2.9348356398503284 26.5 -56.0
v -8.772352246126983 26.5 -55.386452281246605
v -99.6314153433058 25.5 16.37860998807102
v -101.43818744893002 25.5 5.214859530450967
v -102.68491200230591 25.5 6.930828665525032
v -103.25640008136796 25.5 9.6194686894883
v -102.49840575116392 25.5 13.185551638180169
v -102.49052946795355 25.5 13.203242059912329
v -99.6314153433058 25.5 16.37860998807102
v -87.8259676764401 25.5 12.865852936939605
v -87.6291940922332 25.5 10.993677341831553
v -88.56168182573562 25.5 6.606667474076787
v -90.45323249852176 25.5 3.330405603720103
v -94.89926091640274 25.5 -0.6728163648030524
v -88.78522095393042 25.5 15.020371073671006
v -87.8259676764401 25.5 12.865852936939605
v -31.08702868825761 25.5 -47.86982630614613
v -40.80749450109649 25.5 -40.807494501096485
v -47.86982630614613 25.5 -31.087028688257618
v -50.85706972528004 25.5 -25.91297131174191
v -53.287112445976845 25.5 -20.45500599889863
v -55.13333041167052 25.5 -14.772931359846023
v -56.375496071983136 25.5 -8.929001393379114
v -57.0 25.5 -2.987243419133061
v -57.0 25.5 2.98724341913361
v -56.37549607198324 25.5 8.929001393378602
v -55.13333041167052 25.5 14.772931359846034
v -53.287112445976845 25.5 20.45500599889863
v -50.857069725280034 25.5 25.912971311741924
v -14.772931359846025 25.5 55.13333041167052
v -8.929001393378572 25.5 56.37549607198325
v -2.987243419133598 25.5 57.0
v 2.98724341913306 25.5 57.0
v 8.929001393379092 25.5 56.375496071983136
v 14.772931359846035 25.5 55.133330411670514
v 20.455005998898592 25.5 53.28711244597686
v 25.912971311741916 25.5 50.857069725280034
v 59.13953402774542 25.5 27.488488159910776
v 94.87490515898357 25.5 -4.687784531140328
v 95.53688289063905 25.5 -5.598918712745457
v 96.93545373648784 25.5 -8.740160263432193
v 97.0 25.5 -9.043826558205813
v 97.0 25.5 -10.195110820770648
v 96.39582407645283 25.5 -13.037535062112665
v 95.88457268119912 25.5 -13.923048454132559
v 52.132015266403606 25.5 -39.18359925529929
v 20.45500599889863 25.5 -53.287112445976845
v 14.77293135984602 25.5 -55.13333041167052
v 8.929001393378574 25.5 -56.37549607198325
v 2.987243419133598 25.5 -57.0
v -2.987243419133032 25.5 -57.0
v -8.929001393379133 25.5 -56.37549607198313
v -14.772931359846059 25.5 -55.133330411670514
v -20.4550059988986 25.5 -53.28711244597686
v -25.912971311741902 25.5 -50.85706972528004
v -31.08702868825761 25.5 -47.86982630614613
v -92.68559798877465 25.5 20.38877950745156
v -92.27120880727358 25.5 19.818421729994654
v -88.34909822292991 25.5 13.025126925007756
v -88.0 25.5 11.950713071439234
v -88.0 25.5 9.249172703379402
v -88.05679347867687 25.5 8.981980393574192
v -88.15397772914973 25.5 8.524764442632472
v -89.47563688395701 25.5 5.556269378368148
v -95.47965746342082 25.5 0.15022496657146753
v -97.20775658247774 25.5 1.4057624691749173
v -100.43818237566794 25.5 4.3144509181674255
v -102.4954608746748 25.5 8.93517408109931
v -102.56184451547865 25.5 9.566772233505375
v -102.3096659303856 25.5 11.966091199630824
v -102.11341629162102 25.5 12.57008548203318
v -100.57303367357845 25.5 14.690240268115025
v -92.9002084708109 25.5 20.26487408787702
v -92.68559798877465 25.5 20.38877950745156
v -14.513757125461652 25.5 -54.166079000939746
v -20.09614624453226 25.5 -52.35225082411744
v -25.4583577799583 25.5 -49.96484043185344
v -30.541642220041794 25.5 -47.030004792003794
v -40.091573544936914 25.5 -40.09157354493691
v -47.03000479200378 25.5 -30.54164222004182
v -49.964840431853446 25.5 -25.458357779958277
v -52.35225082411746 25.5 -20.09614624453221
v -54.166079000939746 25.5 -14.513757125461659
v -55.386452281246605 25.5 -8.772352246127003
v -56.0 25.5 -2.9348356398503554
v -56.0 25.5 2.9348356398503634
v -55.386452281246605 25.5 8.772352246127014
v -54.166079000939746 25.5 14.513757125461654
v -49.95405154841269 25.5 27.477044674234378
v -47.86982630614612 25.5 31.087028688257625
v -44.35811105259757 25.5 35.92049007308469
v -40.3603990518258 25.5 40.36039905182467
v -31.431397658445782 25.5 48.40010801796509
v -20.4550059988986 25.5 53.28711244597686
v -16.490574002730128 25.5 54.575234485907934
v -2.934835639850352 25.5 56.0
v 2.9348356398503426 25.5 56.0
v 8.772352246127 25.5 55.386452281246605
v 14.51375712546164 25.5 54.166079000939746
v 27.477044674234374 25.5 49.95405154841269
v 31.087028688257643 25.5 47.869826306146116
v 43.66017139130528 25.5 38.73490342170172
v 90.83495720112586 25.5 -3.7414645103450757
v 93.74188130805676 25.5 -6.969930803161215
v 94.48532737778238 25.5 -9.258022532733412
v 94.67719592681175 25.5 -11.083529835501794
v 93.55185609023465 25.5 -13.611084491593312
v 90.17327612973624 25.5 -16.065766517162082
v 51.67740173461825 25.5 -38.29136996187347
v 20.096146244532246 25.5 -52.35225082411745
v 14.513757125461664 25.5 -54.16607900093974
v 8.772352246126992 25.5 -55.386452281246605
v 2.934835639850352 25.5 -56.0
v -2.9348356398503586 25.5 -56.0
v -8.772352246127017 25.5 -55.386452281246605
v -14.513757125461652 25.5 -54.166079000939746
v -94.89926091640274 24.5 -0.6728163648030524
v -100.43818237566794 24.5 4.3144509181674255
v -102.4954608746748 24.5 8.93517408109931
v -102.56184451547865 24.5 9.566772233505375
v -102.3096659303856 24.5 11.966091199630824
v -102.11341629162102 24.5 12.57008548203318
v -100.57303367357845 24.5 14.690240268115025
v -92.9002084708109 24.5 20.26487408787702
v -92.68559798877465 24.5 20.38877950745156
v -91.25575286112625 24.5 20.059600438419714
v -87.87249189482121 24.5 14.199620549514801
v -87.28352075825097 24.5 11.428729206792749
v -87.75233282656502 24.5 6.968280328314994
v -87.92640585860099 24.5 6.577305897017223
v -89.96796160334546 24.5 3.767345480316882
v -52.358918720784935 24.5 23.311692546231157
v -43.96311013826915 24.5 37.85365958177133
v -41.0684762281725 24.5 41.06847622817363
v -31.982825687541546 24.5 49.24923272003459
v -29.553547071486037 24.5 50.33081724450913
v -11.91624481251253 24.5 56.06152413686275
v 23.31169254623113 24.5 52.35891872078494
v 39.372096474694516 24.5 43.08644018939248
v 59.769718064114905 24.5 28.26670063451827
v 97.95690962981237 24.5 -6.117201091612092
v 98.24533480909446 24.5 -6.765014650799577
v 98.75104744496316 24.5 -11.576548977559893
v 98.67322494529344 24.5 -11.942675052700885
v 98.37595442441223 24.5 -12.610355574397763
v 97.08815375172854 24.5 -14.38286113745021
v 60.871696584624736 24.5 -35.29244243197213
v -87.6291940922332 24.5 10.993677341831553
v -88.56168182573562 24.5 6.606667474076787
v -90.45323249852176 24.5 3.330405603720103
v -92.94555359623655 24.5 1.0863096076488805
v -94.15202264147058 24.5 1.822187040386123e-16
v -100.07270118800984 24.5 5.331002908291409
v -101.2091835227717 24.5 7.299448054003424
v -101.37007595599363 24.5 7.794624046986643
v -101.55633623591515 24.5 9.56677223350564
v -101.3261304192126 24.5 11.757034273095652
v -100.77549004745636 24.5 13.45173108015392
v -100.51516062197148 24.5 13.902634871798954
v -98.99425039442005 24.5 15.591776804449287
v -92.0945750509893 24.5 19.575306221300053
v -88.78522095393042 24.5 15.020371073671006
v -87.8259676764401 24.5 12.865852936939605
v -87.6291940922332 24.5 10.993677341831553
v -40.80749450109649 24.5 -40.807494501096485
v -47.86982630614613 24.5 -31.087028688257618
v -50.85706972528004 24.5 -25.91297131174191
v -53.287112445976845 24.5 -20.45500599889863
v -55.13333041167052 24.5 -14.772931359846023
v -56.375496071983136 24.5 -8.929001393379114
v -57.0 24.5 -2.987243419133061
v -57.0 24.5 2.98724341913361
v -56.37549607198324 24.5 8.929001393378602
v -55.13333041167052 24.5 14.772931359846034
v -53.287112445976845 24.5 20.45500599889863
v -50.857069725280034 24.5 25.912971311741924
v -47.86982630614612 24.5 31.08702868825763
v -44.35811105259757 24.5 35.92049007308469
v -40.3603990518258 24.5 40.36039905182467
v -31.431397658445782 24.5 48.40010801796509
v -20.455005998898613 24.5 53.28711244597685
v -14.772931359846025 24.5 55.13333041167052
v -8.929001393378572 24.5 56.37549607198325
v -2.987243419133598 24.5 57.0
v 2.98724341913306 24.5 57.0
v 8.929001393379092 24.5 56.375496071983136
v 14.772931359846035 24.5 55.133330411670514
v 20.455005998898592 24.5 53.28711244597686
v 25.912971311741916 24.5 50.857069725280034
v 31.08702868825764 24.5 47.869826306146116
v 59.13953402774542 24.5 27.488488159910776
v 94.87490515898357 24.5 -4.687784531140328
v 95.53688289063905 24.5 -5.598918712745457
v 96.93545373648784 24.5 -8.740160263432193
v 97.0 24.5 -9.043826558205813
v 97.0 24.5 -10.195110820770648
v 96.39582407645283 24.5 -13.037535062112665
v 95.88457268119912 24.5 -13.923048454132559
v 52.132015266403606 24.5 -39.18359925529929
v 20.45500599889863 24.5 -53.287112445976845
v 14.77293135984602 24.5 -55.13333041167052
v 8.929001393378574 24.5 -56.37549607198325
v 2.987243419133598 24.5 -57.0
v -2.987243419133032 24.5 -57.0
v -8.929001393379133 24.5 -56.37549607198313
v -14.772931359846059 24.5 -55.133330411670514
v -20.4550059988986 24.5 -53.28711244597686
v -25.912971311741902 24.5 -50.85706972528004
v -31.08702868825761 24.5 -47.86982630614613
v -40.80749450109649 24.5 -40.807494501096485
v -100.51516062197148 23.5 13.902634871798954
v -98.99425039442005 23.5 15.591776804449287
v -100.07270118800984 23.5 5.331002908291409
v -101.2091835227717 23.5 7.299448054003424
v -101.37007595599363 23.5 7.794624046986643
v -101.55633623591515 23.5 9.56677223350564
v -101.3261304192126 23.5 11.757034273095652
v -100.77549004745636 23.5 13.45173108015392
v -100.51516062197148 23.5 13.902634871798954
v -93.4322211585484 23.5 -0.6481121663147127
v -91.22377933717156 23.5 20.078060361081896
v -88.2669295746344 23.5 16.008305806376274
v -86.61900417044686 23.5 10.936512919415401
v -87.61646420178904 23.5 6.243832422961619
v -88.31306132969695 23.5 5.037290805018575
v -93.4322211585484 23.5 -0.6481121663147127
v -3.0396511984164567 23.5 -58.0
v -9.085650540631459 23.5 -57.36453986271971
v -15.032105594228266 23.5 -56.10058182240184
v -20.813865753266203 23.5 -54.22197406783572
v -26.367584843527254 23.5 -51.74929901870587
v -31.632415156473446 23.5 -48.70964782028869
v -41.5234154572562 23.5 -41.5234154572562
v -48.7096478202887 23.5 -31.632415156473428
v -51.74929901870588 23.5 -26.36758484352725
v -54.2219740678357 23.5 -20.81386575326624
v -56.10058182240185 23.5 -15.032105594228241
v -57.36453986271971 23.5 -9.085650540631464
v -58.0 23.5 -3.039651198416442
v -58.0 23.5 3.0396511984164505
v -57.3645398627197 23.5 9.085650540631473
v -56.10058182240184 23.5 15.032105594228275
v -54.22197406783571 23.5 20.81386575326623
v -51.74929901870587 23.5 26.367584843527258
v -48.70964782028868 23.5 31.63241515647346
v -45.13632352720602 23.5 36.55067410945287
v -20.813865753265265 23.5 54.221974067836136
v -15.032105594229254 23.5 56.10058182240164
v -9.08565054063119 23.5 57.36453986271977
v -3.039651198416709 23.5 58.0
v 3.0396511984164354 23.5 58.0
v 9.085650540631496 23.5 57.3645398627197
v 15.032105594228284 23.5 56.10058182240184
v 20.81386575326621 23.5 54.22197406783572
v 26.367584843527258 23.5 51.74929901870587
v 31.63241515647347 23.5 48.70964782028867
v 67.5093993823355 23.5 22.643493003622417
v 99.28586800438765 23.5 -5.968167857176754
v 99.48750464132529 23.5 -6.317412757020065
v 100.0 23.5 -8.728513852409062
v 100.0 23.5 -10.510423526567935
v 99.62952014676114 23.5 -12.253394199070664
v 98.6269279358117 23.5 -14.50525317409305
v 97.68218423947218 23.5 -15.554497346553692
v 92.35482200259509 23.5 -19.425052573734668
v 70.0659914346295 23.5 -32.29351490207156
v 20.813865753265283 23.5 -54.22197406783613
v 15.032105594229249 23.5 -56.10058182240164
v 9.085650540631192 23.5 -57.36453986271977
v 3.039651198416709 23.5 -58.0
v -3.0396511984164567 23.5 -58.0
v -92.22484139931606 23.5 19.500096910027253
v -91.25575286112625 23.5 20.059600438419714
v -87.87249189482121 23.5 14.199620549514801
v -87.28352075825097 23.5 11.428729206792749
v -87.75233282656502 23.5 6.968280328314994
v -87.92640585860099 23.5 6.577305897017223
v -89.96796160334546 23.5 3.767345480316882
v -94.15202264147058 23.5 1.822187040386123e-16
v -94.68908957614947 23.5 0.48357724004351876
v -99.61109146038278 23.5 4.9153676426487785
v -100.7606345423583 23.5 7.497283677952977
v -101.0 23.5 8.623409617143174
v -101.0 23.5 10.615527761833366
v -100.58581534822879 23.5 12.564113345440058
v -100.11754585204682 23.5 13.615863853962374
v -98.45631251602354 23.5 15.902355383348805
v -92.22484139931606 23.5 19.500096910027253
v -55.13333041167052 23.5 -14.772931359846025
v -56.375496071983136 23.5 -8.929001393379114
v -57.0 23.5 -2.987243419133061
v -57.0 23.5 2.98724341913361
v -56.37549607198324 23.5 8.929001393378591
v -55.133330411670514 23.5 14.772931359846051
v -52.358918720784935 23.5 23.311692546231157
v -43.96311013826915 23.5 37.85365958177133
v -41.0684762281725 23.5 41.06847622817363
v -31.982825687541546 23.5 49.24923272003459
v -29.553547071486037 23.5 50.33081724450913
v -11.91624481251253 23.5 56.06152413686275
v -2.987243419133598 23.5 57.0
v 2.9872434191330637 23.5 57.0
v 8.929001393379096 23.5 56.375496071983136
v 14.772931359846037 23.5 55.133330411670514
v 23.31169254623113 23.5 52.35891872078494
v 39.372096474694516 23.5 43.08644018939248
v 59.769718064114905 23.5 28.26670063451827
v 97.95690962981237 23.5 -6.117201091612092
v 98.24533480909446 23.5 -6.765014650799577
v 98.75104744496316 23.5 -11.576548977559893
v 98.67322494529344 23.5 -11.942675052700885
v 98.37595442441223 23.5 -12.610355574397763
v 97.08815375172854 23.5 -14.38286113745021
v 60.871696584624736 23.5 -35.29244243197213
v 20.455005998898635 23.5 -53.287112445976845
v 14.772931359846018 23.5 -55.13333041167052
v 8.929001393378575 23.5 -56.37549607198325
v 2.987243419133598 23.5 -57.0
v -2.9872434191330672 23.5 -57.0
v -8.929001393379101 23.5 -56.375496071983136
v -14.772931359846076 23.5 -55.13333041167051
v -20.455005998898606 23.5 -53.28711244597686
v -25.91297131174192 23.5 -50.857069725280034
v -31.087028688257664 23.5 -47.8698263061461
v -40.80749450109649 23.5 -40.80749450109649
v -47.86982630614613 23.5 -31.087028688257615
v -50.857069725280034 23.5 -25.912971311741924
v -53.287112445976845 23.5 -20.455005998898628
v -55.13333041167052 23.5 -14.772931359846025
v -99.61109146038278 22.5 4.9153676426487785
v -100.7606345423583 22.5 7.497283677952977
v -101.0 22.5 8.623409617143174
v -101.0 22.5 10.615527761833366
v -100.58581534822879 22.5 12.564113345440058
v -100.11754585204682 22.5 13.615863853962374
v -98.45631251602354 22.5 15.902355383348805
v -86.80768369006202 22.5 13.999826153328884
v -86.27244318073008 22.5 11.48171753731326
v -86.5730977516171 22.5 8.62118037506631
v -87.67960777017613 22.5 5.215692707227673
v -89.22072332841283 22.5 3.094529115513835
v -93.4047843665382 22.5 -0.6728163648032579
v -43.339819946074144 22.5 39.023349158584494
v 75.24908070055669 22.5 17.02028537272613
v 99.61109146038278 22.5 -4.915367642648779
v 100.7606345423583 22.5 -7.497283677952976
v 101.0 22.5 -8.623409617143174
v 101.0 22.5 -10.615527761833366
v 100.58581534822879 22.5 -12.564113345440058
v 100.11754585204682 22.5 -13.615863853962374
v 98.45631251602354 22.5 -15.902355383348805
v -99.2887962475518 22.5 4.625171729557932
v -100.3865404448206 22.5 8.003680973521746
v -100.55082795635164 22.5 9.566772233505406
v -100.34259490803952 22.5 11.547977346560776
v -99.85691252603937 22.5 13.042754017938691
v -99.06402989685994 22.5 14.416067016116253
v -95.54937487252192 22.5 17.580676614341925
v -91.22377933717156 22.5 20.078060361081896
v -88.2669295746344 22.5 16.008305806376274
v -86.61900417044686 22.5 10.936512919415401
v -87.61646420178904 22.5 6.243832422961619
v -88.31306132969695 22.5 5.037290805018575
v -93.4322211585484 22.5 -0.6481121663147127
v -99.2887962475518 22.5 4.625171729557932
v -9.085650540631459 22.5 -57.36453986271971
v -15.032105594228266 22.5 -56.10058182240184
v -20.813865753266203 22.5 -54.22197406783572
v -26.367584843527254 22.5 -51.74929901870587
v -31.632415156473446 22.5 -48.70964782028869
v -41.5234154572562 22.5 -41.5234154572562
v -48.7096478202887 22.5 -31.632415156473428
v -51.74929901870588 22.5 -26.36758484352725
v -54.2219740678357 22.5 -20.81386575326624
v -56.10058182240185 22.5 -15.032105594228241
v -57.36453986271971 22.5 -9.085650540631464
v -58.0 22.5 -3.039651198416442
v -58.0 22.5 3.0396511984164505
v -57.3645398627197 22.5 9.085650540631473
v -56.10058182240184 22.5 15.032105594228275
v -54.22197406783571 22.5 20.81386575326623
v -51.74929901870587 22.5 26.367584843527258
v -48.70964782028868 22.5 31.63241515647346
v -45.13632352720602 22.5 36.55067410945287
v -41.068476228172486 22.5 41.06847622817364
v -31.982825687541542 22.5 49.2492327200346
v -20.813865753265265 22.5 54.221974067836136
v -15.032105594229254 22.5 56.10058182240164
v -9.08565054063119 22.5 57.36453986271977
v -3.039651198416709 22.5 58.0
v 3.0396511984164354 22.5 58.0
v 9.085650540631496 22.5 57.3645398627197
v 15.032105594228284 22.5 56.10058182240184
v 20.81386575326621 22.5 54.22197406783572
v 26.367584843527258 22.5 51.74929901870587
v 31.63241515647347 22.5 48.70964782028867
v 67.5093993823355 22.5 22.643493003622417
v 99.28586800438765 22.5 -5.968167857176754
v 99.48750464132529 22.5 -6.317412757020065
v 100.0 22.5 -8.728513852409062
v 100.0 22.5 -10.510423526567935
v 99.62952014676114 22.5 -12.253394199070664
v 98.6269279358117 22.5 -14.50525317409305
v 97.68218423947218 22.5 -15.554497346553692
v 92.35482200259509 22.5 -19.425052573734668
v 70.0659914346295 22.5 -32.29351490207156
v 20.813865753265283 22.5 -54.22197406783613
v 15.032105594229249 22.5 -56.10058182240164
v 9.085650540631192 22.5 -57.36453986271977
v 3.039651198416709 22.5 -58.0
v -3.0396511984164567 22.5 -58.0
v -9.085650540631459 22.5 -57.36453986271971
v -99.2887962475518 21.5 4.625171729557932
v -100.3865404448206 21.5 8.003680973521746
v -100.55082795635164 21.5 9.566772233505406
v -100.34259490803952 21.5 11.547977346560776
v -99.85691252603937 21.5 13.042754017938691
v -99.06402989685994 21.5 14.416067016116253
v -95.54937487252192 21.5 17.580676614341925
v -99.2887962475518 21.5 4.625171729557932
v 75.24908070055669 21.5 17.02028537272613
v 70.0659914346295 21.5 -32.293514902071564
v -86.0 21.5 12.267481952088218
v -86.0 21.5 9.038964232848537
v -86.2413873262146 21.5 7.903326149892828
v -88.05540953277125 21.5 3.828965565287713
v -92.68907633307093 21.5 -1.3172427726736435
v -90.3897274573419 21.5 20.559600438419658
v -86.51194318009537 21.5 13.843081049436893
v -86.0 21.5 12.267481952088218
v -6.096045645409292 21.5 -58.0
v -28.294998798663375 21.5 -51.79120659124731
v -32.17780162468707 21.5 -49.54946933443229
v -42.23933641341558 21.5 -42.23933641341559
v -49.549469334432274 21.5 -32.177801624687085
v -52.6415283121316 21.5 -26.82219837531238
v -55.156835689695534 21.5 -21.17272550763121
v -56.542305508254 21.5 -16.90868785580062
v -58.0 21.5 10.905779990153174
v -57.06783323313268 21.5 15.291279828612348
v -55.156835689695534 21.5 21.1727255076312
v -52.641528312131584 21.5 26.822198375312407
v -49.549469334432295 21.5 32.17780162468706
v -45.91453600181062 21.5 37.18085814582557
v -41.776553404520364 21.5 41.77655340452153
v -32.53425371663775 21.5 50.0983574221037
v -21.172725507631203 21.5 55.156835689695534
v -15.291279828612344 21.5 57.06783323313268
v -9.242299687883479 21.5 58.353583653456255
v -3.0920589776992298 21.5 59.0
v 3.0920589776992227 21.5 59.0
v 9.242299687883525 21.5 58.35358365345625
v 15.291279828612359 21.5 57.06783323313268
v 21.17272550763121 21.5 55.156835689695534
v 26.822198375312368 21.5 52.641528312131605
v 32.17780162468708 21.5 49.54946933443228
v 44.825080254016214 21.5 40.36068354669132
v 35.45408674441332 21.5 -48.79836400182675
v 21.172725507631203 21.5 -55.156835689695534
v 16.908687855800487 21.5 -56.542305508254046
v 90.38562763752005 21.5 4.736910023586346
v 100.43818237566794 21.5 -4.314450918167425
v 101.71692974382596 21.5 -7.186564531583589
v 102.0 21.5 -8.518305381877742
v 102.0 21.5 -10.720631997099254
v 101.54211054969645 21.5 -12.874832491809883
v 100.98834156586506 21.5 -14.118617993742754
v 99.14039189817045 21.5 -16.662102506298332
v 88.29165124598849 21.5 -22.92562584220402
v -86.80768369006202 21.5 13.999826153328884
v -86.27244318073008 21.5 11.48171753731326
v -86.5730977516171 21.5 8.62118037506631
v -87.67960777017613 21.5 5.215692707227673
v -89.22072332841283 21.5 3.094529115513835
v -93.4047843665382 21.5 -0.6728163648032579
v -97.11661998378004 21.5 2.669335436730073
v -98.40550237437827 21.5 4.443329856763137
v -99.48750464132529 21.5 6.317412757020066
v -100.0 21.5 8.728513852409062
v -100.0 21.5 10.510423526567935
v -99.62952014676114 21.5 12.25339419907065
v -99.24675013822996 21.5 13.113109714179307
v -97.23907872866921 21.5 15.876432344545591
v -92.3548220025951 21.5 19.425052573734664
v -91.22377933717156 21.5 20.078060361081892
v -86.80768369006202 21.5 13.999826153328884
v -51.749299018705884 21.5 -26.367584843527236
v -54.2219740678357 21.5 -20.813865753266242
v -56.10058182240185 21.5 -15.032105594228241
v -57.3645398627197 21.5 -9.085650540631484
v -58.0 21.5 -3.039651198416442
v -58.0 21.5 3.0396511984164505
v -57.36453986271971 21.5 9.085650540631462
v -56.10058182240184 21.5 15.032105594228259
v -54.22197406783571 21.5 20.81386575326622
v -51.74929901870588 21.5 26.367584843527236
v -48.70964782028868 21.5 31.632415156473453
v -43.339819946074144 21.5 39.023349158584494
v -31.982825687541542 21.5 49.2492327200346
v -20.813865753265265 21.5 54.221974067836136
v -15.032105594229254 21.5 56.10058182240164
v -9.08565054063119 21.5 57.36453986271977
v -3.039651198416709 21.5 58.0
v 3.03965119841646 21.5 58.0
v 9.085650540631455 21.5 57.36453986271971
v 15.03210559422826 21.5 56.10058182240184
v 20.813865753266246 21.5 54.2219740678357
v 26.367584843527236 21.5 51.749299018705884
v 31.632415156473453 21.5 48.70964782028868
v 46.05437692180299 21.5 38.2314792605095
v 52.641528312131605 21.5 26.822198375312368
v 55.15683568969555 21.5 21.17272550763118
v 57.06783323313269 21.5 15.291279828612334
v 58.353583653456255 21.5 9.242299687883492
v 59.0 21.5 3.0920589776992333
v 59.0 21.5 -3.0920589776992418
v 58.35358365345625 21.5 -9.242299687883502
v 57.06783323313268 21.5 -15.291279828612348
v 55.15683568969553 21.5 -21.172725507631224
v 52.6415283121316 21.5 -26.822198375312386
v 49.549469334432295 21.5 -32.177801624687056
v 45.914536001810596 21.5 -37.180858145825596
v 37.09920679383571 21.5 -46.971273086541814
v 20.81386575326527 21.5 -54.221974067836136
v 15.032105594229254 21.5 -56.10058182240164
v 9.085650540631205 21.5 -57.36453986271977
v 9.085650540631189 21.5 -57.36453986271977
v 3.039651198416709 21.5 -58.0
v -3.0396511984164274 21.5 -58.0
v -9.085650540631484 21.5 -57.3645398627197
v -15.032105594228264 21.5 -56.10058182240184
v -18.632470564826626 21.5 -54.93075232982743
v -20.813865753266196 21.5 -54.22197406783572
v -26.36758484352727 21.5 -51.74929901870586
v -31.632415156473474 21.5 -48.70964782028867
v -41.523415457256206 21.5 -41.5234154572562
v -48.709647820288694 21.5 -31.63241515647344
v -51.749299018705884 21.5 -26.367584843527236
v 99.61109146038278 21.5 -4.915367642648779
v 100.7606345423583 21.5 -7.497283677952976
v 101.0 21.5 -8.623409617143174
v 101.0 21.5 -10.615527761833366
v 100.58581534822879 21.5 -12.564113345440058
v 100.11754585204682 21.5 -13.615863853962374
v 98.45631251602354 21.5 -15.902355383348805
v 87.79165124598855 21.5 -22.059600438419686
v 81.91183465645132 21.5 -11.875459366154827
v 81.00494082345449 21.5 -9.838542467217003
v 80.44548999850169 21.5 -8.116729873400658
v 80.21984485478598 21.5 -7.055152936218075
v 80.44051499944443 21.5 -6.672941033956053
v 81.81269890236105 21.5 -4.784291918420043
v 89.71649703116132 21.5 3.993765198109101
v 99.61109146038278 21.5 -4.915367642648779
v -97.11661998378004 20.5 2.6693354367300657
v -98.40550237437827 20.5 4.443329856763137
v -99.48750464132529 20.5 6.317412757020066
v -100.0 20.5 8.728513852409062
v -100.0 20.5 10.510423526567935
v -99.62952014676114 20.5 12.25339419907065
v -99.24675013822996 20.5 13.113109714179307
v -97.23907872866921 20.5 15.876432344545591
v 44.825080254016214 20.5 40.36068354669132
v 35.45408674441332 20.5 -48.79836400182675
v 81.00494082345449 20.5 -9.838542467217003
v 80.44548999850169 20.5 -8.116729873400658
v 80.21984485478598 20.5 -7.055152936218075
v 80.44051499944443 20.5 -6.672941033956053
v 81.81269890236105 20.5 -4.784291918420043
v 90.38562763752005 20.5 4.736910023586346
v 88.29165124598849 20.5 -22.92562584220402
v 81.91183465645132 20.5 -11.875459366154827
v 81.00494082345449 20.5 -9.838542467217003
v -87.04362952629482 20.5 16.025879353233755
v -85.87003525000885 20.5 13.389943451051987
v -85.60703893719143 20.5 10.88770068079037
v -86.67124657784247 20.5 5.880997371846471
v -88.87956613127722 20.5 2.0560757059496733
v -92.65754609160588 20.5 -1.3456327296064583
v -90.35298362335422 20.5 20.58081450086351
v -87.04362952629482 20.5 16.025879353233755
v 15.291279828612339 20.5 -57.06783323313268
v 9.24229968788348 20.5 -58.353583653456255
v 3.0920589776992298 20.5 -59.0
v -3.0920589776992067 20.5 -59.0
v -9.242299687883513 20.5 -58.35358365345625
v -15.29127982861235 20.5 -57.06783323313268
v -21.172725507631228 20.5 -55.15683568969553
v -26.82219837531239 20.5 -52.6415283121316
v -57.06783323313269 20.5 -15.291279828612334
v -58.353583653456255 20.5 -9.242299687883492
v -59.0 20.5 -3.0920589776992333
v -59.0 20.5 3.0920589776992418
v -58.35358365345625 20.5 9.242299687883502
v 101.69406756887365 20.5 -13.860708142368267
v 101.32863390812246 20.5 -14.493657809585216
v 99.63141534330582 20.5 -16.378609988071016
v 95.646499191335 20.5 1.345632729606204
v 95.79149743556164 20.5 1.2150757240884535
v 100.8412389102213 20.5 -4.393230354320602
v 101.70073809607938 20.5 -5.576229494395347
v 102.35361146716657 20.5 -7.585567120450503
v 102.56184451547865 20.5 -9.566772233505427
v 102.3096659303856 20.5 -11.966091199630831
v 101.69406756887365 20.5 -13.860708142368267
v -86.0 20.5 9.038964232848537
v -86.2413873262146 20.5 7.903326149892828
v -88.05540953277125 20.5 3.828965565287713
v -92.68907633307093 20.5 -1.3172427726736435
v -94.37534308286502 20.5 0.20107862860592893
v -98.41506744892155 20.5 4.687647066008736
v -99.22330102231011 20.5 6.502969393743464
v -99.54531967678813 20.5 9.566772233505622
v -99.35905939686653 20.5 11.338920420025167
v -98.93833500462182 20.5 12.633776955724793
v -96.94126200266413 20.5 16.092808861539606
v -92.3548220025951 20.5 19.425052573734664
v -90.3897274573419 20.5 20.559600438419658
v -86.51194318009537 20.5 13.843081049436893
v -86.0 20.5 12.267481952088218
v -86.0 20.5 9.038964232848537
v -6.096045645409292 20.5 -58.0
v -15.032105594228264 20.5 -56.10058182240184
v -28.294998798663375 20.5 -51.79120659124731
v -32.17780162468707 20.5 -49.54946933443229
v -42.23933641341558 20.5 -42.23933641341559
v -49.549469334432274 20.5 -32.177801624687085
v -52.6415283121316 20.5 -26.82219837531238
v -55.156835689695534 20.5 -21.17272550763121
v -56.542305508254 20.5 -16.90868785580062
v -58.0 20.5 -3.039651198416442
v -58.0 20.5 10.905779990153174
v -57.06783323313268 20.5 15.291279828612348
v -55.156835689695534 20.5 21.1727255076312
v -52.641528312131584 20.5 26.822198375312407
v -49.549469334432295 20.5 32.17780162468706
v -45.91453600181062 20.5 37.18085814582557
v -41.776553404520364 20.5 41.77655340452153
v -32.53425371663775 20.5 50.0983574221037
v -21.172725507631203 20.5 55.156835689695534
v -15.291279828612344 20.5 57.06783323313268
v -9.242299687883479 20.5 58.353583653456255
v -3.0920589776992298 20.5 59.0
v 3.0920589776992227 20.5 59.0
v 9.242299687883525 20.5 58.35358365345625
v 15.291279828612359 20.5 57.06783323313268
v 21.17272550763121 20.5 55.156835689695534
v 26.822198375312368 20.5 52.641528312131605
v 32.17780162468708 20.5 49.54946933443228
v 42.23933641341558 20.5 42.23933641341559
v 49.549469334432274 20.5 32.177801624687085
v 52.641528312131605 20.5 26.822198375312368
v 55.15683568969555 20.5 21.17272550763118
v 57.06783323313269 20.5 15.291279828612334
v 58.353583653456255 20.5 9.242299687883492
v 59.0 20.5 3.0920589776992333
v 59.0 20.5 -3.0920589776992418
v 58.35358365345625 20.5 -9.242299687883502
v 57.06783323313268 20.5 -15.291279828612348
v 55.15683568969553 20.5 -21.172725507631224
v 52.6415283121316 20.5 -26.822198375312386
v 49.549469334432295 20.5 -32.177801624687056
v 45.914536001810596 20.5 -37.180858145825596
v 41.776553404520364 20.5 -41.776553404521536
v 32.53425371663774 20.5 -50.09835742210371
v 21.172725507631203 20.5 -55.156835689695534
v 16.908687855800487 20.5 -56.542305508254046
v 3.039651198416709 20.5 -58.0
v -6.096045645409292 20.5 -58.0
v 100.43818237566794 20.5 -4.314450918167425
v 101.71692974382596 20.5 -7.186564531583589
v 102.0 20.5 -8.518305381877742
v 102.0 20.5 -10.720631997099254
v 101.54211054969645 20.5 -12.874832491809883
v 100.98834156586506 20.5 -14.118617993742754
v 99.14039189817045 20.5 -16.662102506298332
v 93.55639370259199 20.5 -19.886025367669944
v 88.16904260722467 20.5 -12.470972720775794
v 87.0 20.5 -8.873029534263981
v 87.0 20.5 -7.8523941718142005
v 89.96796160334546 20.5 -3.7673454803168784
v 94.89926091640274 20.5 0.6728163648030541
v 100.43818237566794 20.5 -4.314450918167425
v -98.41506744892155 19.5 4.687647066008736
v -99.22330102231011 19.5 6.502969393743464
v -99.54531967678813 19.5 9.566772233505622
v -99.35905939686653 19.5 11.338920420025167
v -98.93833500462182 19.5 12.633776955724793
v -96.94126200266413 19.5 16.092808861539606
v 93.55639370259199 19.5 -19.886025367669944
v 88.16904260722467 19.5 -12.470972720775794
v 87.0 19.5 -8.873029534263981
v 87.0 19.5 -7.8523941718142005
v 89.96796160334546 19.5 -3.7673454803168784
v 95.646499191335 19.5 1.345632729606204
v 95.79149743556164 19.5 1.2150757240884535
v -88.47348505347998 19.5 2.4217127507111265
v -85.87372908345935 19.5 14.415649534963805
v -85.26136560320921 19.5 11.534705867833937
v -85.58956224044414 19.5 8.41212344853053
v -86.77749473758585 19.5 4.7560431588019725
v -88.47348505347998 19.5 2.4217127507111265
v -24.129646670660282 19.5 -54.196073763619474
v -40.462869411123954 19.5 -44.766083217678656
v -42.955257369575286 19.5 -42.95525736957531
v -50.389290848574845 19.5 -32.723188092902895
v -52.70978411266457 19.5 -28.70397586087815
v -58.028595159208756 19.5 -12.334358665583236
v -59.0 19.5 11.010884225418607
v -58.035084643863726 19.5 15.550454062995435
v -56.091697311554384 19.5 21.531585261998835
v -53.53375760555743 19.5 27.276811907097727
v -50.38929084857485 19.5 32.72318809290289
v -46.692748476419794 19.5 37.811042182192736
v -42.48463058086805 19.5 42.48463058086919
v -33.0856817457326 19.5 50.94748212417362
v -21.53158526199882 19.5 56.09169731155439
v -15.550454062994383 19.5 58.03508464386407
v -9.398948835136125 19.5 59.342627444192786
v -3.144466756982476 19.5 60.0
v 3.144466756982366 19.5 60.0
v 9.398948835135235 19.5 59.342627444192864
v 15.550454062995458 19.5 58.035084643863726
v 21.531585261998824 19.5 56.09169731155439
v 27.27681190709771 19.5 53.53375760555744
v 32.72318809290287 19.5 50.38929084857486
v 42.9552573695753 19.5 42.95525736957529
v 50.38929084857484 19.5 32.72318809290291
v 53.53375760555743 19.5 27.276811907097716
v 56.09169731155439 19.5 21.531585261998817
v 58.035084643863726 19.5 15.550454062995438
v 59.342627444192864 19.5 9.398948835135206
v 59.827742634029214 19.5 4.783386116752833
v 54.196073763619474 19.5 -24.129646670660282
v 45.590056710572476 19.5 -39.03570545734187
v 42.48463058086805 19.5 -42.48463058086919
v 33.0856817457326 19.5 -50.94748212417362
v 30.27126658021865 19.5 -52.2005404882278
v 12.33435866558324 19.5 -58.02859515920875
v -36.041976947200524 19.5 49.63125469824012
v -36.08321047536465 19.5 49.59412786272047
v -36.055003468894384 19.5 49.62545491711222
v -36.041976947200524 19.5 49.63125469824012
v -45.58482737696559 19.5 -41.04476292883888
v -45.60590473182122 19.5 -41.00825587933977
v -45.57329135832563 19.5 -41.05314433698467
v -45.58482737696559 19.5 -41.04476292883888
v 97.14097574119941 19.5 1.298822572103943e-15
v 101.26527329095327 19.5 -3.7135341936860438
v 102.67322494529361 19.5 -6.875845385213741
v 103.0 19.5 -8.413201146611854
v 103.0 19.5 -10.825736232364687
v 102.49840575116392 19.5 -13.185551638180133
v 101.85913727968243 19.5 -14.621372133525094
v 99.824471280318 19.5 -17.42184962924772
v 95.01821235419519 19.5 -20.196744514039768
v -85.87003525000885 19.5 13.389943451051987
v -85.60703893719143 19.5 10.88770068079037
v -86.67124657784247 19.5 5.880997371846471
v -88.87956613127722 19.5 2.0560757059496733
v -92.65754609160588 19.5 -1.3456327296064583
v -94.37534308286502 19.5 0.20107862860592893
v -95.59781020244564 19.5 1.5587659105793648
v -98.16874594042277 19.5 4.414079315998391
v -99.0 19.5 6.972416250369311
v -99.0 19.5 10.405319291301968
v -98.67322494529344 19.5 11.94267505270089
v -96.77009890062813 19.5 16.21716613439407
v -92.35482200259507 19.5 19.425052573734682
v -90.35298362335422 19.5 20.58081450086351
v -87.04362952629482 19.5 16.025879353233755
v -85.87003525000885 19.5 13.389943451051987
v 51.136514301588036 19.5 -29.428959107676835
v 49.549469334432295 19.5 -32.177801624687056
v 45.914536001810596 19.5 -37.180858145825596
v 41.776553404520364 19.5 -41.776553404521536
v 32.53425371663774 19.5 -50.09835742210371
v 21.17272550763122 19.5 -55.15683568969553
v 17.838855877861697 19.5 -56.240075597080356
v 15.291279828612339 19.5 -57.06783323313268
v 9.24229968788351 19.5 -58.35358365345625
v 3.0920589776992298 19.5 -59.0
v -3.0920589776992067 19.5 -59.0
v -6.348068765443831 19.5 -58.65777958124154
v -9.24229968788351 19.5 -58.35358365345625
v -13.27495311503607 19.5 -57.49641670657387
v -15.29127982861235 19.5 -57.06783323313268
v -21.172725507631228 19.5 -55.15683568969553
v -26.822198375312357 19.5 -52.64152831213161
v -32.17780162468708 19.5 -49.54946933443228
v -42.23933641341558 19.5 -42.23933641341559
v -49.549469334432274 19.5 -32.177801624687085
v -52.6415283121316 19.5 -26.82219837531238
v -55.15683568969554 19.5 -21.17272550763119
v -56.42523977391252 19.5 -17.26897913915074
v -57.06783323313269 19.5 -15.291279828612334
v -58.353583653456255 19.5 -9.242299687883492
v -59.0 19.5 -3.0920589776992333
v -59.0 19.5 3.0920589776992418
v -58.35358365345625 19.5 9.242299687883502
v -57.06783323313268 19.5 15.291279828612348
v -55.15683568969553 19.5 21.172725507631224
v -52.6415283121316 19.5 26.822198375312386
v -49.549469334432295 19.5 32.177801624687056
v -45.914536001810596 19.5 37.180858145825596
v -41.776553404520364 19.5 41.776553404521536
v -32.53425371663774 19.5 50.09835742210371
v -21.17272550763121 19.5 55.156835689695534
v -15.291279828612339 19.5 57.06783323313268
v -9.24229968788348 19.5 58.353583653456255
v -3.0920589776992298 19.5 59.0
v 3.0920589776992067 19.5 59.0
v 9.242299687883513 19.5 58.35358365345625
v 15.29127982861235 19.5 57.06783323313268
v 21.172725507631228 19.5 55.15683568969553
v 26.82219837531239 19.5 52.6415283121316
v 32.17780162468707 19.5 49.54946933443229
v 42.23933641341558 19.5 42.23933641341559
v 49.549469334432274 19.5 32.177801624687085
v 52.6415283121316 19.5 26.82219837531238
v 55.15683568969555 19.5 21.172725507631178
v 57.06783323313269 19.5 15.291279828612334
v 58.353583653456255 19.5 9.242299687883492
v 59.0 19.5 3.0920589776992333
v 59.0 19.5 -3.092058977699241
v 58.88718904035574 19.5 -4.165383562185327
v 58.35358365345625 19.5 -9.242299687883502
v 57.06783323313268 19.5 -15.291279828612348
v 55.15683568969553 19.5 -21.172725507631224
v 52.641528312131605 19.5 -26.822198375312375
v 52.6415283121316 19.5 -26.822198375312386
v 51.136514301588036 19.5 -29.428959107676835
v 101.32863390812246 19.5 -14.493657809585216
v 99.63141534330582 19.5 -16.378609988071016
v 94.42718941640973 19.5 -19.383271227888102
v 93.95085183555976 19.5 -18.72764879356523
v 92.94082582718569 19.5 -16.97823243009535
v 90.75986631608707 19.5 -12.079717165771685
v 90.29034631433741 19.5 -7.612532750578336
v 90.7534811881523 19.5 -6.810359618373949
v 95.79149743556114 19.5 -1.21507572408889
v 96.99991684769806 19.5 -0.12700999819279393
v 100.8412389102213 19.5 -4.393230354320602
v 101.70073809607938 19.5 -5.576229494395347
v 102.35361146716657 19.5 -7.585567120450503
v 102.56184451547865 19.5 -9.566772233505427
v 102.3096659303856 19.5 -11.966091199630831
v 101.69406756887365 19.5 -13.860708142368267
v 101.32863390812246 19.5 -14.493657809585216
v -94.375343082865 18.5 0.20107862860591036
v -98.16874594042277 18.5 4.414079315998391
v -99.0 18.5 6.972416250369311
v -99.0 18.5 10.405319291301968
v -98.67322494529344 18.5 11.94267505270089
v -96.77009890062813 18.5 16.21716613439407
v -92.35482200259507 18.5 19.425052573734682
v -90.35298362335422 18.5 20.58081450086351
v 95.79149743556114 18.5 -1.21507572408889
v 97.14097574119941 18.5 1.298822572103943e-15
v 95.01821235419519 18.5 -20.196744514039768
v 93.95085183555976 18.5 -18.72764879356523
v 92.94082582718569 18.5 -16.97823243009535
v 90.75986631608707 18.5 -12.079717165771685
v 90.29034631433741 18.5 -7.612532750578336
v 90.7534811881523 18.5 -6.810359618373949
v 95.79149743556114 18.5 -1.21507572408889
v -87.58745006662923 18.5 19.705913620803685
v -86.76582089049977 18.5 17.860504276704287
v -85.0 18.5 12.425866392412988
v -85.0 18.5 8.93385999758265
v -85.28509212474694 18.5 7.592607003522988
v -87.20628483070124 18.5 3.277537536193102
v -91.94593150759374 18.5 -1.986373379032314
v -88.15767664977302 18.5 20.69357503463513
v -87.58745006662923 18.5 19.705913620803685
v 21.531585261998806 18.5 -56.0916973115544
v 15.550454062994389 18.5 -58.03508464386407
v 9.398948835136125 18.5 -59.342627444192786
v 3.144466756982476 18.5 -60.0
v -3.144466756982324 18.5 -60.0
v -9.398948835135194 18.5 -59.342627444192864
v -15.550454062995433 18.5 -58.035084643863726
v -21.531585261998814 18.5 -56.09169731155439
v -27.276811907097738 18.5 -53.533757605557426
v -32.72318809290288 18.5 -50.38929084857486
v -53.53375760555743 18.5 -27.276811907097716
v -56.09169731155439 18.5 -21.531585261998817
v -58.035084643863726 18.5 -15.550454062995438
v -59.342627444192864 18.5 -9.398948835135206
v -60.0 18.5 -3.144466756982345
v -60.0 18.5 3.1444667569823532
v -59.342627444192864 18.5 9.398948835135222
v 60.0 18.5 3.144466756982345
v 60.0 18.5 -3.1444667569823532
v 59.342627444192864 18.5 -9.398948835135219
v 58.03508464386373 18.5 -15.55045406299542
v 56.091697311554384 18.5 -21.531585261998828
v 53.53375760555743 18.5 -27.276811907097724
v 50.38929084857485 18.5 -32.72318809290289
v 46.692748476419794 18.5 -37.811042182192736
v 101.64636755525453 18.5 -4.056673010521608
v 103.04633856560656 18.5 -6.481493929574867
v 103.33714697833967 18.5 -7.376510193915625
v 103.46817411984999 18.5 -8.623150171639821
v 102.08009408927015 18.5 -15.153553277871541
v 100.26858029219116 18.5 -17.165443171693216
v -92.65754609160588 18.5 -1.3456327296064603
v -93.54229079356195 18.5 -0.5490050217941316
v -97.56568086023682 18.5 4.988716324980483
v -98.16835215560162 18.5 6.032573628815674
v -98.53981139722461 18.5 9.566772233505832
v -98.37552388569357 18.5 11.129863493489426
v -98.0197574832045 18.5 12.224799893510106
v -95.87232954086593 18.5 15.944254195233585
v -94.95835193473636 18.5 16.767203328190313
v -89.76196068556875 18.5 19.767341214711845
v -85.87372908345935 18.5 14.415649534963805
v -85.26136560320921 18.5 11.534705867833937
v -85.58956224044414 18.5 8.41212344853053
v -86.77749473758585 18.5 4.7560431588019725
v -88.47348505347998 18.5 2.4217127507111265
v -92.65754609160588 18.5 -1.3456327296064603
v -9.24229968788351 18.5 -58.35358365345625
v -15.291279828612351 18.5 -57.06783323313268
v -24.129646670660282 18.5 -54.196073763619474
v -40.462869411123954 18.5 -44.766083217678656
v -40.92313362080358 18.5 -44.43168169522763
v -42.955257369575286 18.5 -42.9552573695753
v -50.389290848574845 18.5 -32.723188092902895
v -51.900659093028175 18.5 -30.105421504563548
v -52.70978411266457 18.5 -28.703975860878142
v -58.028595159208756 18.5 -12.334358665583236
v -59.0 18.5 -3.0920589776992333
v -59.0 18.5 11.010884225418607
v -58.035084643863726 18.5 15.550454062995435
v -56.45646374003408 18.5 20.408949630152662
v -56.09169731155439 18.5 21.53158526199881
v -53.533757605557426 18.5 27.27681190709773
v -50.950995734014846 18.5 31.750286692461163
v -50.38929084857485 18.5 32.72318809290289
v -46.692748476419794 18.5 37.811042182192736
v -43.750390946288036 18.5 41.07886127825898
v -42.48463058086805 18.5 42.48463058086919
v -33.0856817457326 18.5 50.94748212417362
v -21.53158526199882 18.5 56.09169731155439
v -15.550454062994383 18.5 58.03508464386407
v -9.398948835136125 18.5 59.342627444192786
v -3.144466756982476 18.5 60.0
v 3.144466756982324 18.5 60.0
v 9.398948835135194 18.5 59.342627444192864
v 15.550454062995433 18.5 58.035084643863726
v 21.531585261998814 18.5 56.09169731155439
v 27.27681190709772 18.5 53.53375760555743
v 32.72318809290287 18.5 50.38929084857486
v 42.95525736957529 18.5 42.95525736957529
v 50.38929084857484 18.5 32.72318809290291
v 53.53375760555743 18.5 27.276811907097716
v 56.09169731155439 18.5 21.531585261998817
v 58.035084643863726 18.5 15.550454062995438
v 59.342627444192864 18.5 9.398948835135206
v 59.827742634029214 18.5 4.783386116752818
v 58.35358365345625 18.5 -9.242299687883506
v 57.06783323313268 18.5 -15.291279828612351
v 54.196073763619474 18.5 -24.129646670660282
v 45.590056710572476 18.5 -39.03570545734187
v 42.48463058086805 18.5 -42.48463058086919
v 33.0856817457326 18.5 -50.94748212417362
v 30.27126658021865 18.5 -52.2005404882278
v 12.33435866558324 18.5 -58.02859515920875
v 3.0920589776992298 18.5 -59.0
v -3.0920589776992107 18.5 -59.0
v -9.24229968788351 18.5 -58.35358365345625
v -36.08321047536463 18.5 49.594127862720484
v -36.05500346889437 18.5 49.62545491711223
v -36.041976947200524 18.5 49.63125469824012
v -36.08321047536463 18.5 49.594127862720484
v -45.60590473182122 18.5 -41.00825587933977
v -45.57329135832564 18.5 -41.053144336984666
v -45.58482737696559 18.5 -41.04476292883888
v -45.60590473182122 18.5 -41.00825587933977
v 102.67322494529361 18.5 -6.875845385213741
v 103.0 18.5 -8.413201146611854
v 103.0 18.5 -10.825736232364667
v 102.71175127755092 18.5 -12.18183985101734
v 102.49840575116392 18.5 -13.185551638180133
v 101.85913727968243 18.5 -14.621372133525094
v 99.824471280318 18.5 -17.42184962924772
v 95.88900806801277 18.5 -19.693990374258014
v 94.7906733497032 18.5 -18.182262325350926
v 93.8330551206115 18.5 -16.523618898309977
v 93.30985224351426 18.5 -15.34848599613707
v 92.0 18.5 -11.317175310141163
v 92.0 18.5 -9.669589644442041
v 92.5690376740602 18.5 -6.992477869630858
v 95.21803127932544 18.5 -3.346450963900012
v 96.49957461190901 18.5 -1.9231529004367995
v 97.8882140161318 18.5 -0.6728163648032592
v 101.26527329095327 18.5 -3.7135341936860518
v 102.67322494529361 18.5 -6.875845385213741
v -91.94593150759374 17.5 -1.986373379032314
v -93.54229079356195 17.5 -0.5490050217941316
v -97.56568086023682 17.5 4.988716324980483
v -98.16835215560162 17.5 6.032573628815674
v -98.53981139722461 17.5 9.566772233505832
v -98.37552388569357 17.5 11.129863493489426
v -98.0197574832045 17.5 12.224799893510106
v -95.87232954086593 17.5 15.944254195233585
v 94.7906733497032 17.5 -18.182262325350926
v 93.8330551206115 17.5 -16.523618898309977
v 93.30985224351426 17.5 -15.34848599613707
v 92.0 17.5 -11.317175310141163
v 92.0 17.5 -9.669589644442041
v 92.5690376740602 17.5 -6.992477869630858
v 95.21803127932544 17.5 -3.346450963900012
v 96.49957461190901 17.5 -1.9231529004367995
v 97.8882140161318 17.5 -0.6728163648032592
v 95.88900806801277 17.5 -19.693990374258014
v 94.7906733497032 17.5 -18.182262325350926
v -90.53365607575734 17.5 -1.9123591599137697
v -85.0700865372647 17.5 15.34571208682341
v -84.59596135967053 17.5 10.834712350269411
v -86.03135542784214 17.5 4.081714198182473
v -89.77054395707694 17.5 -1.064837290689494
v -90.53365607575734 17.5 -1.9123591599137697
v -47.573871167702315 17.5 -39.59963802480365
v -49.64260078223027 17.5 -36.016493225318854
v -60.0 17.5 6.306254115940151
v -56.37771208805649 17.5 23.347778891669442
v -54.42598689898327 17.5 27.73142543888305
v -51.2291123627183 17.5 33.26857456111718
v -47.47096095102656 17.5 38.4412262185629
v -36.70170975399572 17.5 50.40169137332462
v -36.471106757102504 17.5 50.53483007565685
v -21.890445016365167 17.5 57.0265589334138
v -15.809628297377945 17.5 59.00233605459511
v -11.115988460685028 17.5 60.0
v 6.306254115940181 17.5 60.0
v 23.347778891669467 17.5 56.377712088056484
v 27.731425438883058 17.5 54.42598689898327
v 33.26857456111868 17.5 51.22911236271743
v 43.67117832573501 17.5 43.671178325735
v 51.229112362717416 17.5 33.26857456111871
v 54.42598689898326 17.5 27.731425438883072
v 57.02655893341379 17.5 21.890445016365206
v 59.002336054595105 17.5 15.809628297377955
v 60.0 17.5 11.11598846068503
v 44.83429649593864 17.5 -40.368981888190845
v 102.60285112866939 17.5 -5.116579945969283
v 103.68502717083672 17.5 -8.447175335273153
v 103.29320144155861 17.5 -12.17514812616663
v 102.6126450902911 17.5 -14.269685204582707
v 101.42452944772681 17.5 -16.327561862771404
v 100.89677287609514 17.5 -16.802756014273317
v 102.18542572386309 17.5 -4.542043165648547
v 102.60285112866939 17.5 -5.116579945969283
v -86.76582089049977 17.5 17.860504276704287
v -85.0 17.5 12.425866392412988
v -85.0 17.5 8.93385999758265
v -85.12039766193574 17.5 8.367433532128913
v -85.28509212474694 17.5 7.592607003522988
v -87.20628483070124 17.5 3.277537536193102
v -91.27680090123481 17.5 -1.2432285535548389
v -96.36938170884743 17.5 3.3421518015331184
v -97.092285965718 17.5 4.337144150921427
v -98.0 17.5 7.130800690694083
v -98.0 17.5 10.30021505603608
v -97.71692974382579 17.5 11.631955906331044
v -95.74654603680904 17.5 16.05751017099237
v -94.95835193473636 17.5 16.767203328190313
v -88.15767664977302 17.5 20.69357503463513
v -87.58745006662923 17.5 19.705913620803685
v -86.76582089049977 17.5 17.860504276704287
v 21.531585261998806 17.5 -56.0916973115544
v 15.550454062994389 17.5 -58.03508464386407
v 9.398948835136125 17.5 -59.342627444192786
v 3.144466756982476 17.5 -60.0
v -3.144466756982324 17.5 -60.0
v -9.398948835135194 17.5 -59.342627444192864
v -15.550454062995433 17.5 -58.035084643863726
v -21.531585261998814 17.5 -56.09169731155439
v -27.276811907097738 17.5 -53.533757605557426
v -32.72318809290288 17.5 -50.38929084857486
v -45.5848273769656 17.5 -41.04476292883887
v -53.53375760555743 17.5 -27.276811907097716
v -56.09169731155439 17.5 -21.531585261998817
v -58.035084643863726 17.5 -15.550454062995438
v -59.342627444192864 17.5 -9.398948835135206
v -60.0 17.5 -3.144466756982345
v -60.0 17.5 3.1444667569823532
v -59.342627444192864 17.5 9.398948835135222
v -58.03508464386373 17.5 15.550454062995426
v -56.09169731155439 17.5 21.53158526199881
v -53.533757605557426 17.5 27.27681190709773
v -50.389290848574845 17.5 32.7231880929029
v -46.6927484764198 17.5 37.81104218219273
v -36.05500346889437 17.5 49.62545491711223
v -21.531585261998806 17.5 56.0916973115544
v -15.550454062994389 17.5 58.03508464386407
v -9.398948835136125 17.5 59.342627444192786
v -3.144466756982476 17.5 60.0
v 3.144466756982324 17.5 60.0
v 9.398948835135194 17.5 59.342627444192864
v 15.550454062995433 17.5 58.035084643863726
v 21.531585261998814 17.5 56.09169731155439
v 27.276811907097738 17.5 53.533757605557426
v 32.72318809290288 17.5 50.38929084857486
v 42.95525736957529 17.5 42.9552573695753
v 50.38929084857484 17.5 32.72318809290291
v 53.53375760555743 17.5 27.276811907097716
v 56.09169731155439 17.5 21.531585261998817
v 58.035084643863726 17.5 15.550454062995438
v 59.342627444192864 17.5 9.398948835135206
v 60.0 17.5 3.144466756982345
v 60.0 17.5 -3.1444667569823532
v 59.342627444192864 17.5 -9.398948835135219
v 58.03508464386373 17.5 -15.55045406299542
v 56.091697311554384 17.5 -21.531585261998828
v 53.53375760555743 17.5 -27.276811907097724
v 50.38929084857485 17.5 -32.72318809290289
v 46.692748476419794 17.5 -37.811042182192736
v 42.48463058086805 17.5 -42.48463058086919
v 33.08568174573259 17.5 -50.947482124173625
v 21.531585261998806 17.5 -56.0916973115544
v 100.07966751626239 17.5 -2.646009959211509
v 101.64636755525453 17.5 -4.056673010521608
v 103.04633856560656 17.5 -6.481493929574867
v 103.33714697833967 17.5 -7.376510193915625
v 103.46817411984999 17.5 -8.623150171639821
v 102.08009408927015 17.5 -15.153553277871541
v 100.26858029219116 17.5 -17.165443171693216
v 96.75980378183027 17.5 -19.191236234476303
v 93.0 17.5 -14.01631028464597
v 93.0 17.5 -9.774693879708009
v 93.50299228066278 17.5 -7.408301251266663
v 95.9962437539334 17.5 -3.9766350002688777
v 97.2076517882563 17.5 -2.631230076785227
v 98.63545229106418 17.5 -1.345632729606519
v 100.07966751626239 17.5 -2.646009959211509
v -97.092285965718 16.5 4.337144150921427
v -98.0 16.5 7.130800690694083
v -98.0 16.5 10.30021505603608
v -97.71692974382579 16.5 11.631955906331044
v -95.74654603680904 16.5 16.05751017099237
v 93.0 16.5 -14.01631028464597
v 93.0 16.5 -9.774693879708009
v 93.50299228066278 16.5 -7.408301251266663
v -85.03683902298108 16.5 15.288125702858817
v -84.25028802568828 16.5 11.587694198354752
v -84.81843418691813 16.5 6.182144557146479
v -86.35716012863173 16.5 2.726109507097318
v 33.63710977482836 16.5 -51.79660682624313
v 21.890445016365167 16.5 -57.02655893341381
v 15.809628297377925 16.5 -59.00233605459512
v 9.555597982388736 16.5 -60.3316712349293
v 3.196874536265587 16.5 -61.0
v -3.196874536265558 16.5 -61.0
v -9.555597982388747 16.5 -60.331671234929296
v -15.80962829737796 16.5 -59.002336054595105
v -21.890445016365195 16.5 -57.026558933413796
v -27.73142543888306 16.5 -54.42598689898327
v -33.26857456111868 16.5 -51.22911236271743
v -46.180907536783465 16.5 -41.847753320130956
v -46.37879021220261 16.5 -41.66957895888709
v -54.42598689898327 16.5 -27.731425438883054
v -57.026558933413796 16.5 -21.890445016365195
v -59.0023360545951 16.5 -15.809628297377982
v -60.331671234929296 16.5 -9.555597982388747
v -61.0 16.5 -3.196874536265591
v -61.0 16.5 3.1968745362655993
v -60.331671234929296 16.5 9.555597982388761
v -59.00233605459511 16.5 15.809628297377945
v -57.026558933413796 16.5 21.890445016365184
v -9.555597982388736 16.5 60.3316712349293
v -3.196874536265587 16.5 61.0
v 3.196874536265563 16.5 61.0
v 9.555597982388752 16.5 60.331671234929296
v 15.80962829737793 16.5 59.00233605459511
v 21.890445016365206 16.5 57.02655893341379
v 60.331671234929296 16.5 9.555597982388747
v 61.0 16.5 3.196874536265591
v 61.0 16.5 -3.1968745362655993
v 60.331671234929296 16.5 -9.555597982388765
v 59.00233605459511 16.5 -15.80962829737795
v 57.026558933413796 16.5 -21.890445016365188
v 54.42598689898326 16.5 -27.73142543888307
v 51.2291123627183 16.5 -33.268574561117184
v 47.47096095102655 16.5 -38.441226218562925
v 43.19270775721533 16.5 -43.192707757217626
v 33.63710977482836 16.5 -51.79660682624313
v 103.45470095263157 16.5 -13.496270784549989
v 102.72993299350016 16.5 -15.124126273306661
v 102.67101227719469 16.5 -15.205223681970713
v 103.58874808882923 16.5 -6.473550697380786
v 103.62952014676131 16.5 -6.565126238843972
v 104.0 16.5 -8.308096911345887
v 104.0 16.5 -10.930840467630574
v 103.45470095263157 16.5 -13.496270784549989
v -96.36938170884743 16.5 3.3421518015331184
v -96.99279837442812 16.5 4.200211228958808
v -97.7325577461778 16.5 7.680505443061216
v -97.39198837452048 16.5 10.920806566954525
v -95.71322334666773 16.5 16.087514055962487
v -94.95835193473636 16.5 16.767203328190313
v -88.15767664977302 16.5 20.69357503463513
v -85.0700865372647 16.5 15.34571208682341
v -84.59596135967053 16.5 10.834712350269411
v -86.03135542784214 16.5 4.081714198182473
v -89.77054395707694 16.5 -1.064837290689494
v -90.53365607575734 16.5 -1.9123591599137697
v -96.36938170884743 16.5 3.3421518015331184
v -27.276811907097716 16.5 -53.53375760555743
v -32.72318809290289 16.5 -50.38929084857485
v -47.573871167702315 16.5 -39.59963802480365
v -49.64260078223027 16.5 -36.016493225318854
v -56.09169731155439 16.5 -21.531585261998817
v -58.035084643863726 16.5 -15.550454062995438
v -59.342627444192864 16.5 -9.398948835135206
v -60.0 16.5 -3.144466756982345
v -60.0 16.5 6.306254115940151
v -56.37771208805649 16.5 23.347778891669442
v -54.42598689898327 16.5 27.73142543888305
v -51.2291123627183 16.5 33.26857456111718
v -47.47096095102656 16.5 38.4412262185629
v -36.70170975399572 16.5 50.40169137332462
v -36.471106757102504 16.5 50.53483007565685
v -21.890445016365167 16.5 57.0265589334138
v -15.809628297377945 16.5 59.00233605459511
v -11.115988460685028 16.5 60.0
v 6.306254115940181 16.5 60.0
v 23.347778891669467 16.5 56.377712088056484
v 27.731425438883058 16.5 54.42598689898327
v 33.26857456111868 16.5 51.22911236271743
v 43.67117832573501 16.5 43.671178325735
v 51.229112362717416 16.5 33.26857456111871
v 54.42598689898326 16.5 27.731425438883072
v 57.02655893341379 16.5 21.890445016365206
v 59.002336054595105 16.5 15.809628297377955
v 60.0 16.5 11.11598846068503
v 60.0 16.5 -3.1444667569823532
v 59.342627444192864 16.5 -9.398948835135219
v 58.03508464386373 16.5 -15.55045406299542
v 56.091697311554384 16.5 -21.531585261998828
v 53.53375760555743 16.5 -27.276811907097724
v 50.38929084857485 16.5 -32.72318809290289
v 44.83429649593864 16.5 -40.368981888190845
v 33.08568174573259 16.5 -50.947482124173625
v 21.531585261998806 16.5 -56.0916973115544
v 15.550454062994389 16.5 -58.03508464386407
v 9.398948835136125 16.5 -59.342627444192786
v 3.144466756982476 16.5 -60.0
v -3.144466756982324 16.5 -60.0
v -9.398948835135194 16.5 -59.342627444192864
v -15.550454062995433 16.5 -58.035084643863726
v -21.531585261998792 16.5 -56.0916973115544
v -27.276811907097716 16.5 -53.53375760555743
v 103.68502717083672 16.5 -8.447175335273153
v 103.29320144155861 16.5 -12.17514812616663
v 102.6126450902911 16.5 -14.269685204582707
v 101.42452944772681 16.5 -16.327561862771404
v 100.89677287609514 16.5 -16.802756014273317
v 96.75980378183027 16.5 -19.191236234476303
v 95.63049486384591 16.5 -17.63687585713576
v 94.7252844140381 16.5 -16.06900536652636
v 94.24471386537365 16.5 -14.989626241770676
v 94.04155071801095 16.5 -14.364354367771773
v 93.99202874776225 16.5 -14.131371815459008
v 93.69565955735865 16.5 -11.311607324956352
v 94.89174893795558 16.5 -5.684449211372637
v 94.97303440821753 16.5 -5.501879055980213
v 95.30175928591191 16.5 -4.932510866101675
v 95.9962437539334 16.5 -3.9766350002688777
v 97.2076517882563 16.5 -2.631230076785227
v 98.63545229106418 16.5 -1.345632729606519
v 102.18542572386309 16.5 -4.542043165648547
v 102.60285112866939 16.5 -5.116579945969283
v 103.68502717083672 16.5 -8.447175335273153
v -95.71322334666773 15.5 16.087514055962487
v -94.95835193473636 15.5 16.767203328190313
v -96.99279837442812 15.5 4.200211228958808
v -97.7325577461778 15.5 7.680505443061216
v -97.39198837452048 15.5 10.920806566954525
v -95.71322334666773 15.5 16.087514055962487
v 93.99202874776225 15.5 -14.131371815459008
v 93.69565955735865 15.5 -11.311607324956352
v -89.79051125027986 15.5 -2.5814897662726994
v -87.29165124598852 15.5 21.19357503463517
v -86.69522077320342 15.5 20.160527152589058
v -84.0 15.5 14.106962182183628
v -84.0 15.5 8.828755762317217
v -84.78081132994906 15.5 5.155327269616982
v -87.74336565862569 15.5 0.024032652165937002
v -88.99233148246945 15.5 -1.6950213270589962
v -89.79051125027986 15.5 -2.5814897662726994
v -56.0332288064538 15.5 24.94760079509018
v -47.21700328287591 15.5 40.21775133291262
v -39.504226830884164 15.5 48.78365738457455
v -29.521929985307164 15.5 54.54693915549918
v -12.752472518653734 15.5 59.99566618155485
v 24.94760079509021 15.5 56.03322880645379
v 41.55364234755186 15.5 46.44572624596594
v 44.387099281894386 15.5 44.3870992818944
v 52.06893387686104 15.5 33.813961029332305
v 54.546939155499174 15.5 29.52192998530718
v 59.99566618155485 15.5 12.752472518653736
v 99.08132288589339 15.5 -0.944169042788814
v 103.12779368313309 15.5 -5.438230151094095
v -88.15767664977302 15.5 20.69357503463513
v -85.03683902298108 15.5 15.288125702858817
v -84.25028802568828 15.5 11.587694198354752
v -84.81843418691813 15.5 6.182144557146479
v -86.35716012863173 15.5 2.726109507097318
v -90.53365607575734 15.5 -1.912359159913769
v -96.36938170884741 15.5 3.342151801533108
v -96.96644202347154 15.5 4.163934824012573
v -97.40170865472456 15.5 8.305220188515404
v -95.83890077440564 15.5 15.65765319759395
v -91.80943553438146 15.5 18.585231059590843
v -88.15767664977302 15.5 20.69357503463513
v 21.890445016365167 15.5 -57.02655893341381
v 15.809628297377925 15.5 -59.00233605459512
v 9.555597982388736 15.5 -60.3316712349293
v 3.196874536265587 15.5 -61.0
v -3.196874536265558 15.5 -61.0
v -9.555597982388747 15.5 -60.331671234929296
v -15.80962829737796 15.5 -59.002336054595105
v -21.890445016365195 15.5 -57.026558933413796
v -27.73142543888306 15.5 -54.42598689898327
v -33.26857456111868 15.5 -51.22911236271743
v -46.180907536783465 15.5 -41.847753320130956
v -46.37879021220261 15.5 -41.66957895888709
v -54.42598689898327 15.5 -27.731425438883054
v -57.026558933413796 15.5 -21.890445016365195
v -59.0023360545951 15.5 -15.809628297377982
v -60.331671234929296 15.5 -9.555597982388747
v -61.0 15.5 -3.196874536265591
v -61.0 15.5 3.1968745362655993
v -60.331671234929296 15.5 9.555597982388761
v -59.00233605459511 15.5 15.809628297377945
v -57.026558933413796 15.5 21.890445016365184
v -54.425986898983254 15.5 27.731425438883083
v -54.372792040329486 15.5 27.82356163677285
v -51.229112362718304 15.5 33.26857456111718
v -47.47096095102656 15.5 38.4412262185629
v -36.70170975399572 15.5 50.40169137332462
v -36.47110675710247 15.5 50.53483007565687
v -21.890445016365167 15.5 57.02655893341381
v -15.809628297377925 15.5 59.00233605459512
v -9.555597982388736 15.5 60.3316712349293
v -3.196874536265587 15.5 61.0
v 3.196874536265563 15.5 61.0
v 9.555597982388752 15.5 60.331671234929296
v 15.80962829737793 15.5 59.00233605459511
v 21.890445016365206 15.5 57.02655893341379
v 27.731425438883065 15.5 54.42598689898327
v 33.26857456111873 15.5 51.2291123627174
v 43.67117832573501 15.5 43.671178325735006
v 51.2291123627174 15.5 33.26857456111873
v 54.42598689898327 15.5 27.731425438883054
v 57.026558933413796 15.5 21.890445016365195
v 59.0023360545951 15.5 15.809628297377982
v 60.331671234929296 15.5 9.555597982388747
v 61.0 15.5 3.196874536265591
v 61.0 15.5 -3.1968745362655993
v 60.331671234929296 15.5 -9.555597982388765
v 59.00233605459511 15.5 -15.80962829737795
v 57.026558933413796 15.5 -21.890445016365188
v 54.42598689898326 15.5 -27.73142543888307
v 51.2291123627183 15.5 -33.268574561117184
v 47.47096095102655 15.5 -38.441226218562925
v 43.19270775721533 15.5 -43.192707757217626
v 33.63710977482836 15.5 -51.79660682624313
v 21.890445016365167 15.5 -57.02655893341381
v 102.72993299350016 15.5 -15.124126273306661
v 102.67101227719469 15.5 -15.205223681970713
v 100.89677287609514 15.5 -16.802756014273317
v 96.75980378183027 15.5 -19.191236234476303
v 95.63049486384591 15.5 -17.63687585713576
v 94.7252844140381 15.5 -16.06900536652636
v 94.24471386537365 15.5 -14.989626241770676
v 94.04155071801095 15.5 -14.364354367771773
v 94.0 15.5 -14.168873608746988
v 94.0 15.5 -9.879798114973896
v 94.89174893795558 15.5 -5.684449211372637
v 94.97303440821753 15.5 -5.501879055980213
v 95.30175928591191 15.5 -4.932510866101675
v 95.99624375393338 15.5 -3.9766350002688826
v 97.2076517882563 15.5 -2.6312300767852266
v 98.63545229106418 15.5 -1.3456327296065194
v 102.1854257238631 15.5 -4.542043165648561
v 103.58874808882923 15.5 -6.473550697380786
v 103.62952014676131 15.5 -6.565126238843972
v 104.0 15.5 -8.308096911345887
v 104.0 15.5 -10.930840467630574
v 103.45470095263157 15.5 -13.496270784549989
v 102.72993299350016 15.5 -15.124126273306661
v -96.36938170884744 14.5 3.342151801533128
v -96.96644202347154 14.5 4.163934824012573
v -97.40170865472456 14.5 8.305220188515404
v -95.83890077440564 14.5 15.65765319759395
v 94.0 14.5 -14.168873608746988
v 94.0 14.5 -9.879798114973896
v 94.89174893795558 14.5 -5.684449211372632
v 94.97303440821753 14.5 -5.501879055980211
v 95.30175928591191 14.5 -4.932510866101676
v 95.99624375393338 14.5 -3.976635000268884
v 97.20765178825633 14.5 -2.6312300767851977
v 99.08132288589339 14.5 -0.944169042788814
v -84.09162139903451 14.5 15.650960753973987
v -83.32075848149995 14.5 12.024335861860447
v -85.09740082123973 14.5 3.6658908165464257
v -55.31821619240988 14.5 -28.186038970666665
v -57.96142055527266 14.5 -22.24930477073279
v -59.96958746532616 14.5 -16.068802531761037
v -61.0 14.5 -11.22109269595046
v -61.0 14.5 11.22109269595046
v -59.96958746532616 14.5 16.068802531761047
v -57.96142055527266 14.5 22.24930477073279
v -55.31821619240985 14.5 28.18603897066671
v -52.068933876861045 14.5 33.8139610293323
v -48.24917342563233 14.5 39.07141025493431
v -28.186038970666665 14.5 55.31821619240988
v -22.24930477073277 14.5 57.96142055527267
v -16.06880253176102 14.5 59.969587465326164
v -9.71224712964076 14.5 61.32071502566585
v -3.249282315548378 14.5 62.0
v 3.2492823155483737 14.5 62.0
v 9.712247129640794 14.5 61.32071502566584
v 16.06880253176101 14.5 59.969587465326164
v 22.249304770732813 14.5 57.961420555272646
v 28.186038970666694 14.5 55.318216192409864
v 33.81396102933234 14.5 52.06893387686102
v 55.31821619240987 14.5 28.186038970666672
v 57.96142055527267 14.5 22.24930477073277
v 59.96958746532615 14.5 16.068802531761065
v 61.32071502566584 14.5 9.712247129640774
v 62.0 14.5 3.249282315548382
v 62.0 14.5 -1.7067282417281175
v 57.33400728952436 14.5 -23.658498038038807
v 55.31821619240986 14.5 -28.186038970666708
v 52.068933876861024 14.5 -33.81396102933233
v 48.249173425632335 14.5 -39.07141025493431
v 43.90078493356377 14.5 -43.90078493356489
v 34.18853780392387 14.5 -52.645731528312744
v 22.24930477073281 14.5 -57.961420555272646
v 16.068802531761026 14.5 -59.96958746532616
v 11.22109269595046 14.5 -61.0
v -6.411358351206553 14.5 -61.0
v -23.658498038038825 14.5 -57.33400728952435
v -28.186038970666676 14.5 -55.31821619240987
v -33.81396102933231 14.5 -52.06893387686103
v -39.07141025493497 14.5 -48.24917342563185
v -48.78365738457442 14.5 -39.504226830884406
v -55.31821619240988 14.5 -28.186038970666665
v 100.12992884092866 14.5 -1.3456327296062565
v 102.09236420623843 14.5 -3.1126174692042894
v 102.00487558589825 14.5 -16.122082180433623
v 97.11246204047184 14.5 -19.67662868577539
v 100.12992884092866 14.5 -1.3456327296062565
v -93.66726590651712 14.5 0.9091558049538055
v -97.0 14.5 4.6105319977738155
v -97.0 14.5 10.195110820770648
v -96.39582407645283 14.5 13.037535062112662
v -94.85640030499285 14.5 15.703895248660638
v -93.1182110513422 14.5 17.634349986906663
v -91.80943553438146 14.5 18.585231059590843
v -87.29165124598852 14.5 21.19357503463517
v -86.69522077320342 14.5 20.160527152589058
v -84.0 14.5 14.106962182183628
v -84.0 14.5 8.828755762317217
v -84.78081132994906 14.5 5.155327269616982
v -87.74336565862569 14.5 0.024032652165937002
v -88.99233148246945 14.5 -1.6950213270589962
v -89.79051125027986 14.5 -2.5814897662726994
v -93.66726590651712 14.5 0.9091558049538055
v -33.26857456111868 14.5 -51.22911236271743
v -46.180907536783465 14.5 -41.847753320130956
v -46.37879021220261 14.5 -41.66957895888709
v -54.42598689898327 14.5 -27.731425438883054
v -57.026558933413796 14.5 -21.890445016365195
v -59.0023360545951 14.5 -15.809628297377982
v -60.331671234929296 14.5 -9.555597982388747
v -61.0 14.5 -3.196874536265591
v -61.0 14.5 3.1968745362655993
v -60.331671234929296 14.5 9.55559798238875
v -59.002336054595105 14.5 15.809628297377962
v -56.0332288064538 14.5 24.94760079509018
v -47.21700328287591 14.5 40.21775133291262
v -39.504226830884164 14.5 48.78365738457455
v -29.521929985307164 14.5 54.54693915549918
v -12.752472518653734 14.5 59.99566618155485
v -3.196874536265587 14.5 61.0
v 3.1968745362655904 14.5 61.0
v 9.555597982388782 14.5 60.331671234929296
v 15.80962829737798 14.5 59.002336054595105
v 24.94760079509021 14.5 56.03322880645379
v 41.55364234755186 14.5 46.44572624596594
v 44.387099281894386 14.5 44.3870992818944
v 52.06893387686104 14.5 33.813961029332305
v 54.546939155499174 14.5 29.52192998530718
v 59.99566618155485 14.5 12.752472518653736
v 61.0 14.5 3.196874536265591
v 61.0 14.5 -3.1968745362655993
v 60.331671234929296 14.5 -9.555597982388765
v 59.00233605459511 14.5 -15.80962829737795
v 57.026558933413796 14.5 -21.890445016365188
v 54.42598689898326 14.5 -27.73142543888307
v 51.2291123627183 14.5 -33.268574561117184
v 47.47096095102655 14.5 -38.441226218562925
v 43.19270775721533 14.5 -43.192707757217626
v 33.63710977482836 14.5 -51.79660682624313
v 21.890445016365167 14.5 -57.02655893341381
v 15.809628297377925 14.5 -59.00233605459512
v 9.555597982388736 14.5 -60.3316712349293
v 3.196874536265587 14.5 -61.0
v -3.196874536265558 14.5 -61.0
v -9.555597982388747 14.5 -60.331671234929296
v -15.80962829737796 14.5 -59.002336054595105
v -21.890445016365195 14.5 -57.026558933413796
v -27.73142543888306 14.5 -54.42598689898327
v -33.26857456111868 14.5 -51.22911236271743
v 94.24471386537367 14.5 -14.989626241770695
v 94.04155071801095 14.5 -14.364354367771766
v 94.02280258817963 14.5 -14.276151351670883
v 94.88554598278466 14.5 -6.067696264925361
v 99.75045349225205 14.5 -1.6873138682659996
v 103.12779368313309 14.5 -5.438230151094095
v 103.62952014676131 14.5 -6.565126238843972
v 104.0 14.5 -8.308096911345887
v 104.0 14.5 -10.930840467630574
v 103.45470095263157 14.5 -13.496270784549985
v 102.72993299350017 14.5 -15.124126273306626
v 102.67101227719468 14.5 -15.205223681970718
v 100.89677287609513 14.5 -16.802756014273335
v 96.75980378183029 14.5 -19.191236234476303
v 95.63049486384594 14.5 -17.636875857135795
v 94.72528441403813 14.5 -16.069005366526397
v 94.24471386537367 14.5 -14.989626241770695
v -97.0 13.5 4.6105319977738155
v -97.0 13.5 10.195110820770648
v -96.39582407645283 13.5 13.037535062112662
v -94.85640030499285 13.5 15.703895248660638
v 100.12992884092866 13.5 -1.3456327296062565
v 102.09236420623843 13.5 -3.1126174692042894
v 97.11246204047184 13.5 -19.67662868577539
v 95.63049486384594 13.5 -17.636875857135795
v 94.72528441403813 13.5 -16.069005366526397
v 94.24471386537367 13.5 -14.989626241770695
v 94.04155071801095 13.5 -14.364354367771766
v 94.02280258817963 13.5 -14.276151351670883
v 100.12992884092866 13.5 -1.3456327296062565
v -86.75232595864371 13.5 22.25943623514746
v -85.80299147977848 13.5 20.615140684375955
v -84.89609764678151 13.5 18.578223785437814
v -83.09323206532711 13.5 13.02957406565571
v -83.84046797370249 13.5 5.920099300090332
v -85.50803542656222 13.5 2.174681478001579
v -86.75232595864371 13.5 22.25943623514746
v 9.712247129640762 13.5 -61.32071502566585
v 3.249282315548378 13.5 -62.0
v -3.249282315548393 13.5 -62.0
v -9.712247129640753 13.5 -61.32071502566585
v -16.06880253176105 13.5 -59.96958746532615
v -22.249304770732806 13.5 -57.96142055527265
v -61.32071502566585 13.5 -9.712247129640774
v -62.0 13.5 -3.249282315548382
v -62.0 13.5 3.249282315548391
v -61.32071502566584 13.5 9.712247129640776
v -37.33887470288107 13.5 51.18852455694681
v -36.92572028888782 13.5 51.4270593690827
v 62.0 13.5 -3.249282315548391
v 61.32071502566584 13.5 -9.712247129640778
v 59.96958746532616 13.5 -16.06880253176103
v 57.961420555272646 13.5 -22.249304770732817
v 100.50855066246545 13.5 -18.18159675219694
v 98.22162243343335 13.5 -19.501955380845967
v -84.09162139903451 13.5 15.650960753973987
v -83.32075848149995 13.5 12.024335861860447
v -85.09740082123973 13.5 3.6658908165464257
v -88.99233148246944 13.5 -1.695021327058987
v -89.79051125027986 13.5 -2.581489766272697
v -93.66726590651712 13.5 0.9091558049538055
v -94.74974224674443 13.5 2.1113675754167613
v -96.04858378614792 13.5 4.361027112644563
v -96.82483941118468 13.5 6.750096270459939
v -96.21576753278813 13.5 12.54502810034263
v -94.76332640366925 13.5 15.807264288274608
v -93.1182110513422 13.5 17.634349986906663
v -91.80943553438146 13.5 18.58523105959084
v -87.29165124598852 13.5 21.19357503463517
v -84.09162139903451 13.5 15.650960753973987
v -57.96142055527266 13.5 -22.24930477073279
v -59.96958746532616 13.5 -16.068802531761037
v -61.0 13.5 -11.22109269595046
v -61.0 13.5 11.22109269595046
v -59.96958746532616 13.5 16.068802531761047
v -57.96142055527266 13.5 22.24930477073279
v -55.31821619240985 13.5 28.18603897066671
v -52.068933876861045 13.5 33.8139610293323
v -48.24917342563233 13.5 39.07141025493431
v -39.504226830884164 13.5 48.78365738457455
v -28.186038970666665 13.5 55.31821619240988
v -22.24930477073277 13.5 57.96142055527267
v -16.06880253176102 13.5 59.969587465326164
v -9.71224712964076 13.5 61.32071502566585
v -3.249282315548378 13.5 62.0
v 3.2492823155483737 13.5 62.0
v 9.712247129640794 13.5 61.32071502566584
v 16.06880253176101 13.5 59.969587465326164
v 22.249304770732813 13.5 57.961420555272646
v 28.186038970666694 13.5 55.318216192409864
v 33.81396102933234 13.5 52.06893387686102
v 44.3870992818944 13.5 44.38709928189439
v 52.068933876861024 13.5 33.813961029332326
v 55.31821619240987 13.5 28.186038970666672
v 57.96142055527267 13.5 22.24930477073277
v 59.96958746532615 13.5 16.068802531761065
v 61.32071502566584 13.5 9.712247129640774
v 62.0 13.5 3.249282315548382
v 62.0 13.5 -1.7067282417281175
v 57.33400728952436 13.5 -23.658498038038807
v 55.31821619240986 13.5 -28.186038970666708
v 52.068933876861024 13.5 -33.81396102933233
v 48.249173425632335 13.5 -39.07141025493431
v 43.90078493356377 13.5 -43.90078493356489
v 34.18853780392387 13.5 -52.645731528312744
v 22.24930477073281 13.5 -57.961420555272646
v 16.068802531761026 13.5 -59.96958746532616
v 11.22109269595046 13.5 -61.0
v -6.411358351206553 13.5 -61.0
v -23.658498038038825 13.5 -57.33400728952435
v -28.186038970666676 13.5 -55.31821619240987
v -33.81396102933231 13.5 -52.06893387686103
v -39.07141025493497 13.5 -48.24917342563185
v -48.78365738457442 13.5 -39.504226830884406
v -55.31821619240988 13.5 -28.186038970666665
v -57.96142055527266 13.5 -22.24930477073279
v 103.62952014676131 13.5 -6.565126238843972
v 104.0 13.5 -8.308096911345887
v 104.0 13.5 -10.930840467630574
v 103.45470095263158 13.5 -13.49627078454998
v 102.72993299350016 13.5 -15.12412627330665
v 102.00487558589825 13.5 -16.122082180433623
v 97.92147903484691 13.5 -19.088843433482825
v 94.07361413718728 13.5 -13.792711755928432
v 94.88554598278466 13.5 -6.067696264925361
v 99.75045349225205 13.5 -1.6873138682659965
v 103.12779368313309 13.5 -5.438230151094095
v 103.62952014676131 13.5 -6.565126238843972
v -96.04858378614792 12.5 4.361027112644563
v -96.82483941118468 12.5 6.750096270459939
v -96.21576753278813 12.5 12.54502810034263
v -94.76332640366925 12.5 15.807264288274608
v 100.50855066246545 12.5 -18.18159675219694
v 98.22162243343335 12.5 -19.501955380845967
v -83.1464037750878 12.5 16.013795805088915
v -83.11254704966028 12.5 15.854512435234236
v -82.57380620462867 12.5 10.728735689227658
v -84.1634462146369 12.5 3.2500674349112533
v -88.21411900786315 12.5 -2.325205363429802
v -89.48457651882389 12.5 -3.7361913746615474
v -83.1464037750878 12.5 16.013795805088915
v -84.91076218635187 12.5 21.069754216159563
v -85.9388526724922 12.5 22.850459172932805
v -85.7610864875297 12.5 22.979613866349343
v -84.91076218635187 12.5 21.069754216159563
v -40.80877427069926 12.5 -48.03047656902667
v -49.570490568196604 12.5 -40.14139177976976
v -55.465516676916174 12.5 -29.930907047522407
v -60.97920169272788 12.5 -12.961529445188853
v -62.0 12.5 11.326196931216348
v -60.936838876057266 12.5 16.32797676614428
v -58.89628217713194 12.5 22.608164525099454
v -56.210445485835706 12.5 28.640652502452003
v -52.90875539100358 12.5 34.35934749754815
v -49.02738590023983 12.5 39.70159429130379
v -40.14139177976951 12.5 49.57049056819674
v -28.64065250245203 12.5 56.21044548583569
v -22.608164525099443 12.5 58.89628217713194
v -16.32797676614424 12.5 60.93683887605728
v -9.868896276893246 12.5 62.30975881640239
v -3.301690094831624 12.5 63.0
v 3.3016900948316157 12.5 63.0
v 9.868896276893274 12.5 62.309758816402386
v 16.327976766144296 12.5 60.936838876057266
v 22.60816452509948 12.5 58.89628217713193
v 28.64065250245205 12.5 56.21044548583569
v 34.359347497548164 12.5 52.90875539100358
v 45.10302023805411 12.5 45.10302023805411
v 52.908755391003595 12.5 34.359347497548136
v 56.210445485835706 12.5 28.640652502452014
v 58.89628217713194 12.5 22.60816452509945
v 60.93683887605728 12.5 16.32797676614424
v 62.30975881640239 12.5 9.868896276893254
v 62.84426747271977 12.5 4.783386116752904
v 56.951806327871076 12.5 -25.356577857304547
v 48.030476569026874 12.5 -40.808774270698905
v 44.608862109911634 12.5 -44.608862109912806
v 34.73996583301964 12.5 -53.494856230382254
v 31.34784584332022 12.5 -55.00512535380493
v 12.96152944518883 12.5 -60.979201692727884
v -25.356577857304533 12.5 -56.95180632787108
v -40.80877427069926 12.5 -48.03047656902667
v -43.09700107528087 12.5 47.8640687458139
v -42.94390885665711 12.5 47.952456579447166
v -43.40417826934521 12.5 47.441275609522684
v -43.09700107528087 12.5 47.8640687458139
v -52.31928866250931 12.5 -37.38033382067142
v -51.97535774056839 12.5 -37.97603965176709
v -52.106727662967735 12.5 -37.857753642339624
v -52.31928866250931 12.5 -37.38033382067142
v 95.99624375393338 12.5 -3.976635000268884
v 97.20765178825633 12.5 -2.6312300767851977
v 99.08132288589339 12.5 -0.944169042788814
v 94.0 12.5 -13.691390588412773
v 94.0 12.5 -9.879798114973896
v 94.89174893795558 12.5 -5.684449211372632
v 94.97303440821753 12.5 -5.501879055980211
v 95.30175928591191 12.5 -4.932510866101676
v 95.99624375393338 12.5 -3.976635000268884
v -85.80299147977848 12.5 20.615140684375955
v -84.89609764678151 12.5 18.578223785437814
v -83.09323206532711 12.5 13.02957406565571
v -83.84046797370249 12.5 5.920099300090332
v -85.50803542656222 12.5 2.174681478001579
v -89.79051125027986 12.5 -2.581489766272699
v -93.66726590651712 12.5 0.9091558049538002
v -94.74974224674443 12.5 2.1113675754167613
v -95.97903540468205 12.5 4.240565782361525
v -96.72148016865687 12.5 7.733493773582052
v -96.46452963916593 12.5 10.178214757864195
v -96.40845286334738 12.5 10.711749640419622
v -94.74688773624706 12.5 15.825521278040814
v -93.1182110513422 12.5 17.63434998690666
v -86.75232595864371 12.5 22.25943623514746
v -85.80299147977848 12.5 20.615140684375955
v 22.24930477073278 12.5 -57.96142055527266
v 22.18368662378164 12.5 -57.98274118364739
v 16.068802531761015 12.5 -59.969587465326164
v 9.712247129640762 12.5 -61.32071502566585
v 3.249282315548378 12.5 -62.0
v -3.249282315548393 12.5 -62.0
v -9.712247129640753 12.5 -61.32071502566585
v -16.06880253176105 12.5 -59.96958746532615
v -22.249304770732806 12.5 -57.96142055527265
v -28.186038970666676 12.5 -55.31821619240987
v -33.81396102933231 12.5 -52.06893387686103
v -39.07141025493494 12.5 -48.249173425631874
v -48.783657384574404 12.5 -39.50422683088441
v -55.318216192409864 12.5 -28.186038970666683
v -57.96142055527267 12.5 -22.249304770732767
v -59.96958746532617 12.5 -16.068802531761
v -61.32071502566585 12.5 -9.712247129640774
v -62.0 12.5 -3.249282315548382
v -62.0 12.5 3.249282315548391
v -61.32071502566584 12.5 9.712247129640776
v -59.96958746532616 12.5 16.068802531761026
v -57.96142055527265 12.5 22.249304770732792
v -55.31821619240986 12.5 28.186038970666697
v -52.06893387686104 12.5 33.813961029332305
v -48.249173425632335 12.5 39.0714102549343
v -37.33887470288107 12.5 51.18852455694681
v -36.92572028888782 12.5 51.4270593690827
v -22.24930477073278 12.5 57.96142055527266
v -16.068802531761015 12.5 59.969587465326164
v -9.712247129640762 12.5 61.32071502566585
v -3.249282315548378 12.5 62.0
v 3.249282315548401 12.5 62.0
v 9.712247129640762 12.5 61.32071502566585
v 16.068802531761023 12.5 59.96958746532616
v 22.249304770732795 12.5 57.96142055527265
v 28.186038970666704 12.5 55.31821619240986
v 33.81396102933232 12.5 52.06893387686103
v 44.387099281894386 12.5 44.3870992818944
v 52.06893387686102 12.5 33.81396102933233
v 55.318216192409864 12.5 28.186038970666683
v 57.96142055527267 12.5 22.249304770732767
v 59.96958746532617 12.5 16.068802531761
v 61.32071502566585 12.5 9.712247129640774
v 62.0 12.5 3.249282315548382
v 62.0 12.5 -3.249282315548391
v 61.32071502566584 12.5 -9.712247129640778
v 59.96958746532616 12.5 -16.06880253176103
v 57.961420555272646 12.5 -22.249304770732817
v 55.31821619240986 12.5 -28.186038970666708
v 52.068933876861024 12.5 -33.81396102933233
v 48.249173425632335 12.5 -39.07141025493431
v 43.90078493356377 12.5 -43.90078493356489
v 34.18853780392387 12.5 -52.645731528312744
v 22.24930477073278 12.5 -57.96142055527266
v 104.0 12.5 -8.308096911345887
v 104.0 12.5 -10.930840467630574
v 103.45470095263157 12.5 -13.496270784549981
v 102.72993299350016 12.5 -15.124126273306652
v 102.00487558589825 12.5 -16.122082180433615
v 97.92147903484691 12.5 -19.088843433482822
v 95.5842495069431 12.5 -15.871922967284618
v 94.07361413718728 12.5 -13.792711755928432
v 94.88554598278466 12.5 -6.0676962649253605
v 99.75045349225205 12.5 -1.6873138682659965
v 103.12779368313309 12.5 -5.438230151094095
v 103.62952014676131 12.5 -6.565126238843972
v 104.0 12.5 -8.308096911345887
v -95.97903540468205 11.5 4.240565782361525
v -96.72148016865687 11.5 7.733493773582052
v -96.40845286334738 11.5 10.711749640419622
v -94.74688773624706 11.5 15.825521278040814
v -93.1182110513422 11.5 17.63434998690666
v 99.08132288589339 11.5 -0.944169042788814
v 103.12779368313309 11.5 -5.438230151094095
v -85.15851218053217 11.5 0.5011302063451081
v -86.06372263033951 11.5 -1.0667402842634912
v -88.66473135739349 11.5 -4.64672167116832
v -83.96123602492223 11.5 18.937083539804476
v -82.07649195921002 11.5 13.13643775697325
v -82.8625017604869 11.5 5.658054043034082
v -85.15851218053217 11.5 0.5011302063451081
v 3.301690094831624 11.5 -63.0
v -3.301690094831619 11.5 -63.0
v -9.868896276893283 11.5 -62.309758816402386
v -16.3279767661443 11.5 -60.936838876057266
v -22.60816452509948 11.5 -58.89628217713193
v -28.640652502452017 11.5 -56.210445485835706
v -34.35934749754816 11.5 -52.90875539100358
v -39.70159429130444 11.5 -49.02738590023936
v -58.89628217713193 11.5 -22.60816452509946
v -60.93683887605728 11.5 -16.327976766144236
v -62.30975881640239 11.5 -9.868896276893256
v -63.0 11.5 -3.3016900948316286
v -63.0 11.5 3.3016900948316374
v -62.309758816402386 11.5 9.868896276893272
v 63.0 11.5 3.3016900948316286
v 63.0 11.5 -3.3016900948316374
v 62.309758816402386 11.5 -9.868896276893267
v 60.93683887605727 11.5 -16.327976766144264
v 58.89628217713193 11.5 -22.608164525099465
v 56.2104454858357 11.5 -28.640652502452024
v 52.90875539100358 11.5 -34.35934749754816
v 49.02738590023983 11.5 -39.70159429130379
v 22.60816452509944 11.5 -58.896282177131944
v 16.327976766144243 11.5 -60.93683887605728
v 9.868896276893247 11.5 -62.30975881640239
v 3.301690094831624 11.5 -63.0
v 94.24471386537367 11.5 -14.989626241770695
v 94.04155071801095 11.5 -14.364354367771766
v 94.0 11.5 -14.168873608746988
v 97.11246204047184 11.5 -19.67662868577539
v 95.63049486384594 11.5 -17.636875857135795
v 94.72528441403813 11.5 -16.069005366526397
v 94.24471386537367 11.5 -14.989626241770695
v -83.11254704966028 11.5 15.854512435234236
v -82.57380620462867 11.5 10.728735689227658
v -84.1634462146369 11.5 3.2500674349112533
v -88.21411900786315 11.5 -2.325205363429802
v -89.48457651882389 11.5 -3.7361913746615474
v -94.7497422467444 11.5 2.1113675754167254
v -95.96675180319508 11.5 4.2192899604861624
v -96.0 11.5 4.535625422333791
v -96.0 11.5 10.09000658550476
v -94.84517922091845 11.5 15.523011193823153
v -94.84496768446282 11.5 15.523662236090194
v -89.92078641884692 11.5 19.957414962506398
v -86.75232595864371 11.5 22.25943623514746
v -83.1464037750878 11.5 16.013795805088915
v -83.11254704966028 11.5 15.854512435234236
v -85.9388526724922 11.5 22.850459172932805
v -85.7610864875297 11.5 22.979613866349343
v -84.91076218635187 11.5 21.069754216159563
v -85.9388526724922 11.5 22.850459172932805
v -49.570490568196604 11.5 -40.14139177976976
v -55.465516676916174 11.5 -29.930907047522407
v -60.97920169272788 11.5 -12.961529445188853
v -62.0 11.5 -3.249282315548382
v -62.0 11.5 11.326196931216348
v -60.936838876057266 11.5 16.32797676614428
v -58.89628217713194 11.5 22.608164525099454
v -56.210445485835706 11.5 28.640652502452003
v -52.90875539100358 11.5 34.35934749754815
v -49.02738590023983 11.5 39.70159429130379
v -40.14139177976951 11.5 49.57049056819674
v -28.64065250245203 11.5 56.21044548583569
v -22.608164525099443 11.5 58.89628217713194
v -16.32797676614424 11.5 60.93683887605728
v -9.868896276893246 11.5 62.30975881640239
v -3.301690094831624 11.5 63.0
v 3.3016900948316157 11.5 63.0
v 9.868896276893274 11.5 62.309758816402386
v 16.327976766144296 11.5 60.936838876057266
v 22.60816452509948 11.5 58.89628217713193
v 28.64065250245205 11.5 56.21044548583569
v 34.359347497548164 11.5 52.90875539100358
v 45.10302023805411 11.5 45.10302023805411
v 52.908755391003595 11.5 34.359347497548136
v 56.210445485835706 11.5 28.640652502452014
v 58.89628217713194 11.5 22.60816452509945
v 60.93683887605728 11.5 16.32797676614424
v 62.30975881640239 11.5 9.868896276893254
v 62.84426747271977 11.5 4.783386116752904
v 61.32071502566584 11.5 -9.712247129640783
v 59.96958746532616 11.5 -16.068802531761037
v 56.951806327871076 11.5 -25.356577857304547
v 48.030476569026874 11.5 -40.808774270698905
v 44.608862109911634 11.5 -44.608862109912806
v 34.73996583301964 11.5 -53.494856230382254
v 31.34784584332022 11.5 -55.00512535380493
v 12.96152944518883 11.5 -60.979201692727884
v 3.249282315548378 11.5 -62.0
v -3.249282315548393 11.5 -62.0
v -9.712247129640758 11.5 -61.32071502566585
v -16.068802531761058 11.5 -59.96958746532615
v -25.356577857304533 11.5 -56.95180632787108
v -40.80877427069926 11.5 -48.03047656902667
v -49.570490568196604 11.5 -40.14139177976976
v -42.94390885665711 11.5 47.952456579447166
v -43.40417826934521 11.5 47.441275609522684
v -43.09700107528087 11.5 47.8640687458139
v -42.94390885665711 11.5 47.952456579447166
v -51.97535774056839 11.5 -37.97603965176709
v -52.106727662967735 11.5 -37.857753642339624
v -52.31928866250931 11.5 -37.38033382067142
v -51.97535774056839 11.5 -37.97603965176709
v 97.20765178825633 11.5 -2.6312300767851977
v 98.63545229106418 11.5 -1.345632729606519
v 102.1854257238631 11.5 -4.54204316564856
v 103.58874808882923 11.5 -6.473550697380786
v 103.62952014676131 11.5 -6.565126238843972
v 104.0 11.5 -8.308096911345887
v 104.0 11.5 -10.930840467630574
v 103.45470095263157 11.5 -13.496270784549997
v 102.72993299350017 11.5 -15.12412627330664
v 102.00487558589825 11.5 -16.122082180433615
v 97.92147903484691 11.5 -19.088843433482822
v 94.0 11.5 -13.691390588412773
v 94.0 11.5 -9.879798114973896
v 94.89174893795558 11.5 -5.684449211372632
v 94.97303440821753 11.5 -5.501879055980211
v 95.30175928591191 11.5 -4.932510866101676
v 95.99624375393338 11.5 -3.976635000268884
v 97.20765178825633 11.5 -2.6312300767851977
v -94.74974224674442 10.5 2.1113675754167383
v -95.96675180319508 10.5 4.2192899604861624
v -96.0 10.5 10.09000658550476
v -94.84517922091845 10.5 15.523011193823153
v -94.84496768446282 10.5 15.523662236090194
v 102.00487558589825 10.5 -16.122082180433623
v 97.11246204047184 10.5 -19.67662868577539
v -84.93399557224446 10.5 23.580530590830946
v -83.02637440306282 10.5 19.29594329417084
v -82.43453378923837 10.5 17.47444518037164
v -82.12350325892372 10.5 16.011161582486263
v -81.56272862710779 10.5 10.675747358707012
v -83.22949160803435 10.5 2.8342440532758695
v -56.38409419833371 10.5 30.339884109736314
v -53.748576905147196 10.5 34.90473396576176
v -43.78108045742775 10.5 48.62381586876345
v -29.09526603423561 10.5 57.102674779262315
v -22.967024279465818 10.5 59.83114379899135
v -17.953972488477397 10.5 61.45998306411913
v 30.339884109736317 10.5 56.38409419833371
v 34.90473396576178 10.5 53.74857690514719
v 45.818941194213494 10.5 45.818941194213494
v 53.74857690514722 10.5 34.90473396576173
v 57.10267477926231 10.5 29.09526603423563
v 59.83114379899134 10.5 22.96702427946583
v 61.45998306411913 10.5 17.953972488477397
v -86.06372263033948 10.5 -1.066740284263444
v -88.66473135739349 10.5 -4.646721671168317
v -92.10518138089913 10.5 -0.8257148184185577
v -95.99992844542182 10.5 4.534944625998643
v -96.0 10.5 4.535625422333791
v -96.0 10.5 5.031146811172055
v -95.23780131957254 10.5 12.282982843286373
v -93.75856546516849 10.5 15.605400969555502
v -92.68062918487146 10.5 17.472441374351757
v -89.92078641884689 10.5 19.957414962506416
v -85.76108648752968 10.5 22.979613866349343
v -83.96123602492223 10.5 18.937083539804476
v -82.07649195921002 10.5 13.13643775697325
v -82.8625017604869 10.5 5.658054043034082
v -85.15851218053217 10.5 0.5011302063451081
v -86.06372263033948 10.5 -1.066740284263444
v -3.301690094831619 10.5 -63.0
v -9.868896276893283 10.5 -62.309758816402386
v -16.3279767661443 10.5 -60.936838876057266
v -22.60816452509948 10.5 -58.89628217713193
v -28.640652502452017 10.5 -56.210445485835706
v -34.35934749754811 10.5 -52.90875539100361
v -39.70159429130447 10.5 -49.02738590023933
v -43.506684083268986 10.5 -45.60126766263805
v -52.10672766296773 10.5 -37.85775364233963
v -58.89628217713193 10.5 -22.60816452509946
v -60.93683887605728 10.5 -16.327976766144236
v -62.30975881640239 10.5 -9.868896276893256
v -63.0 10.5 -3.3016900948316286
v -63.0 10.5 3.3016900948316374
v -62.309758816402386 10.5 9.86889627689327
v -60.93683887605727 10.5 16.327976766144268
v -59.128025318918624 10.5 21.894932472769295
v -58.89628217713193 10.5 22.608164525099472
v -56.21044548583569 10.5 28.640652502452042
v -52.90875539100359 10.5 34.35934749754815
v -43.097001075280865 10.5 47.86406874581391
v -28.640652502451996 10.5 56.21044548583571
v -22.60816452509944 10.5 58.896282177131944
v -16.327976766144243 10.5 60.93683887605728
v -9.868896276893262 10.5 62.30975881640239
v -9.868896276893247 10.5 62.30975881640239
v -3.301690094831624 10.5 63.0
v 3.3016900948316286 10.5 63.0
v 9.868896276893276 10.5 62.309758816402386
v 16.327976766144282 10.5 60.936838876057266
v 22.178672027180294 10.5 59.03583274909014
v 22.608164525099447 10.5 58.89628217713194
v 28.640652502452024 10.5 56.2104454858357
v 34.35934749754817 10.5 52.908755391003574
v 45.10302023805411 10.5 45.10302023805411
v 52.90875539100361 10.5 34.359347497548114
v 56.2104454858357 10.5 28.64065250245203
v 58.89628217713193 10.5 22.60816452509946
v 60.93683887605728 10.5 16.327976766144236
v 62.309758816402386 10.5 9.868896276893276
v 63.0 10.5 3.3016900948316286
v 63.0 10.5 -3.3016900948316374
v 62.309758816402386 10.5 -9.86889627689326
v 60.93683887605727 10.5 -16.327976766144253
v 58.89628217713193 10.5 -22.608164525099458
v 56.2104454858357 10.5 -28.64065250245202
v 52.90875539100359 10.5 -34.35934749754814
v 49.02738590023982 10.5 -39.7015942913038
v 47.922754952657776 10.5 -40.92841124595604
v 44.608862109911634 10.5 -44.60886210991279
v 34.739965833019625 10.5 -53.49485623038226
v 22.60816452509944 10.5 -58.896282177131944
v 16.327976766144243 10.5 -60.93683887605728
v 9.868896276893247 10.5 -62.30975881640239
v 3.301690094831624 10.5 -63.0
v -3.301690094831619 10.5 -63.0
v 94.04155071801095 10.5 -14.364354367771766
v 94.0 10.5 -14.168873608746988
v 94.0 10.5 -9.879798114973896
v 94.89174893795558 10.5 -5.684449211372652
v 94.97303440821753 10.5 -5.501879055980215
v 95.3017592859119 10.5 -4.932510866101702
v 95.9962437539334 10.5 -3.9766350002688724
v 97.2076517882563 10.5 -2.6312300767852257
v 98.63545229106418 10.5 -1.345632729606519
v 102.1854257238631 10.5 -4.54204316564856
v 103.58874808882923 10.5 -6.473550697380786
v 103.62952014676131 10.5 -6.565126238843972
v 104.0 10.5 -8.308096911345887
v 104.0 10.5 -10.930840467630574
v 103.45470095263157 10.5 -13.496270784549989
v 102.9591896525833 10.5 -14.609207386343485
v 102.72993299350016 10.5 -15.12412627330665
v 102.67101227719468 10.5 -15.205223681970729
v 100.89677287609514 10.5 -16.802756014273317
v 96.75980378183027 10.5 -19.1912362344763
v 95.63049486384594 10.5 -17.636875857135795
v 94.72528441403813 10.5 -16.069005366526397
v 94.24471386537367 10.5 -14.989626241770695
v 94.04155071801095 10.5 -14.364354367771766
v -95.99992844542182 9.5 4.534944625998643
v -96.0 9.5 4.535625422333791
v -96.0 9.5 5.031146811172055
v -95.23780131957254 9.5 12.282982843286373
v -93.75856546516849 9.5 15.605400969555502
v -92.68062918487146 9.5 17.472441374351757
v -95.99992844542182 9.5 4.534944625998643
v 103.58874808882923 9.5 -6.473550697380786
v 103.62952014676131 9.5 -6.565126238843972
v 104.0 9.5 -8.308096911345887
v 104.0 9.5 -10.930840467630574
v -81.0 9.5 13.05940415371106
v -81.0 9.5 8.51344305651993
v -81.45991131887646 9.5 6.349730418043738
v -84.26628288710643 9.5 0.046516674560021544
v -85.22390111619718 9.5 -1.6121267524793041
v -87.98065197524619 9.5 -5.406468794117736
v 3.35409787411487 9.5 -64.0
v -3.3540978741148653 9.5 -64.0
v -10.025545424144822 9.5 -63.29880260713903
v -16.58715100052868 9.5 -61.90409028678803
v -22.967024279465832 9.5 -59.83114379899134
v -29.095266034235657 9.5 -57.102674779262294
v -34.90473396576173 9.5 -53.74857690514722
v -40.33177832767481 9.5 -49.805598374845644
v -52.9338185782532 9.5 -38.4586703668207
v -59.83114379899133 9.5 -22.967024279465857
v -61.90409028678804 9.5 -16.587151000528653
v -63.29880260713903 9.5 -10.025545424144838
v -64.0 9.5 -3.3540978741148746
v -64.0 9.5 3.3540978741148835
v -63.29880260713903 9.5 10.02554542414484
v -61.90409028678804 9.5 16.587151000528653
v -59.831143798991334 9.5 22.96702427946584
v -57.10267477926231 9.5 29.09526603423562
v -16.587151000528657 9.5 61.90409028678804
v -10.025545424144827 9.5 63.29880260713903
v -3.35409787411487 9.5 64.0
v 3.354097874114894 9.5 64.0
v 10.025545424144854 9.5 63.29880260713903
v 16.587151000528632 9.5 61.90409028678805
v 22.967024279465836 9.5 59.831143798991334
v 29.095266034235642 9.5 57.1026747792623
v 61.90409028678804 9.5 16.587151000528653
v 63.29880260713903 9.5 10.025545424144838
v 64.0 9.5 3.3540978741148746
v 64.0 9.5 -3.3540978741148835
v 63.29880260713903 9.5 -10.02554542414484
v 61.90409028678804 9.5 -16.587151000528653
v 59.831143798991334 9.5 -22.96702427946584
v 57.10267477926231 9.5 -29.09526603423562
v 53.7485769051472 9.5 -34.90473396576174
v 49.80559837484612 9.5 -40.33177832767416
v 45.31693928625931 9.5 -45.316939286260464
v 35.2913938621145 9.5 -54.34398093245216
v 22.96702427946584 9.5 -59.831143798991334
v 16.587151000528657 9.5 -61.90409028678804
v 10.025545424144827 9.5 -63.29880260713903
v 3.35409787411487 9.5 -64.0
v 94.0 9.5 -8.416001435506963
v 94.87615481545326 9.5 -5.719474183969634
v -95.55583118974653 9.5 9.25713075112203
v -95.42491735217448 9.5 10.502692713883354
v -93.7986250634888 9.5 15.507905717406343
v -91.78616252209704 9.5 18.27782277500344
v -89.92078641884689 9.5 19.95741496250642
v -84.93399557224446 9.5 23.580530590830946
v -83.02637440306282 9.5 19.29594329417084
v -82.43453378923837 9.5 17.47444518037164
v -82.12350325892372 9.5 16.011161582486263
v -81.56272862710779 9.5 10.675747358707012
v -83.22949160803435 9.5 2.8342440532758695
v -88.66473135739349 9.5 -4.646721671168317
v -92.10518138089913 9.5 -0.8257148184185577
v -93.58058768917108 9.5 1.205007749636074
v -94.97915853502012 9.5 4.346249300323323
v -95.71040259113596 9.5 7.786482104103054
v -95.55583118974653 9.5 9.25713075112203
v -39.70159429130447 9.5 -49.02738590023933
v -52.106727662967735 9.5 -37.85775364233963
v -58.89628217713193 9.5 -22.60816452509946
v -60.93683887605728 9.5 -16.327976766144236
v -62.30975881640239 9.5 -9.868896276893256
v -63.0 9.5 -3.3016900948316286
v -63.0 9.5 3.3016900948316374
v -62.309758816402386 9.5 9.86889627689327
v -60.93683887605727 9.5 16.327976766144268
v -56.38409419833371 9.5 30.339884109736314
v -53.748576905147196 9.5 34.90473396576176
v -43.78108045742775 9.5 48.62381586876345
v -29.09526603423561 9.5 57.102674779262315
v -22.967024279465818 9.5 59.83114379899135
v -17.953972488477397 9.5 61.45998306411913
v -3.301690094831624 9.5 63.0
v 3.301690094831651 9.5 63.0
v 9.86889627689325 9.5 62.30975881640239
v 16.327976766144282 9.5 60.936838876057266
v 30.339884109736317 9.5 56.38409419833371
v 34.90473396576178 9.5 53.74857690514719
v 45.818941194213494 9.5 45.818941194213494
v 53.74857690514722 9.5 34.90473396576173
v 57.10267477926231 9.5 29.09526603423563
v 59.83114379899134 9.5 22.96702427946583
v 61.45998306411913 9.5 17.953972488477397
v 63.0 9.5 3.3016900948316286
v 63.0 9.5 -3.3016900948316374
v 62.309758816402386 9.5 -9.86889627689326
v 60.93683887605727 9.5 -16.327976766144253
v 58.89628217713193 9.5 -22.608164525099458
v 56.2104454858357 9.5 -28.64065250245202
v 52.90875539100359 9.5 -34.35934749754814
v 49.02738590023982 9.5 -39.7015942913038
v 44.60886210991165 9.5 -44.608862109912785
v 34.739965833019625 9.5 -53.49485623038226
v 22.60816452509944 9.5 -58.896282177131944
v 16.327976766144243 9.5 -60.93683887605728
v 9.868896276893247 9.5 -62.30975881640239
v 3.301690094831624 9.5 -63.0
v -3.301690094831619 9.5 -63.0
v -9.868896276893283 9.5 -62.309758816402386
v -16.3279767661443 9.5 -60.936838876057266
v -22.60816452509948 9.5 -58.89628217713193
v -28.640652502452017 9.5 -56.210445485835706
v -34.35934749754811 9.5 -52.90875539100361
v -39.70159429130447 9.5 -49.02738590023933
v 94.24471386537367 9.5 -14.989626241770695
v 94.04155071801095 9.5 -14.364354367771766
v 94.0 9.5 -14.168873608746988
v 94.0 9.5 -9.879798114973896
v 94.89174893795558 9.5 -5.684449211372652
v 94.97303440821753 9.5 -5.501879055980215
v 95.3017592859119 9.5 -4.932510866101702
v 95.9962437539334 9.5 -3.9766350002688724
v 97.2076517882563 9.5 -2.6312300767852257
v 98.63545229106418 9.5 -1.345632729606519
v 102.1854257238631 9.5 -4.54204316564856
v 102.6028511286694 9.5 -5.116579945969294
v 103.33714697833967 9.5 -7.376510193915625
v 103.80643533256773 9.5 -11.841490630163621
v 103.45470095263157 9.5 -13.496270784549989
v 102.72993299350016 9.5 -15.124126273306661
v 102.67101227719469 9.5 -15.205223681970713
v 100.89677287609514 9.5 -16.802756014273317
v 96.75980378183027 9.5 -19.191236234476303
v 95.63049486384594 9.5 -17.636875857135795
v 94.72528441403813 9.5 -16.069005366526397
v 94.24471386537367 9.5 -14.989626241770695
v -94.97915853502012 8.5 4.346249300323323
v -95.71040259113596 8.5 7.786482104103054
v -95.42491735217448 8.5 10.502692713883354
v 102.18542572386313 8.5 -4.542043165648577
v 102.6028511286694 8.5 -5.116579945969294
v 103.80643533256773 8.5 -11.841490630163621
v 103.45470095263157 8.5 -13.49627078455
v 102.72993299350016 8.5 -15.124126273306661
v 102.67101227719469 8.5 -15.205223681970713
v 100.89677287609514 8.5 -16.802756014273317
v -84.10690465695939 8.5 24.181447315312422
v -82.09151278120338 8.5 19.65480304853662
v -81.46728237850702 8.5 17.73361941475377
v -80.0 8.5 10.8305985577225
v -80.0 8.5 8.408338821254043
v -80.50361611740881 8.5 6.0390112716739015
v -81.8308358618778 8.5 3.058026918544811
v 93.99202874776225 8.5 -14.131371815459008
v 93.51226999940701 8.5 -9.566772233505496
v 93.70948320273723 8.5 -7.690413941836999
v -94.97317495672976 8.5 4.332809963443652
v -95.0 8.5 4.588033201617037
v -95.0 8.5 9.984902350239327
v -93.87792781018791 8.5 15.263836959437665
v -93.79862506348879 8.5 15.507905717406357
v -92.45822167896992 8.5 17.3528127019965
v -91.78616252209704 8.5 18.277822775003436
v -89.92078641884692 8.5 19.957414962506398
v -84.93399557224446 8.5 23.58053059083094
v -83.02637440306283 8.5 19.29594329417085
v -81.0 8.5 13.05940415371106
v -81.0 8.5 8.51344305651993
v -81.45991131887646 8.5 6.349730418043738
v -84.26628288710643 8.5 0.046516674560021544
v -85.22390111619718 8.5 -1.6121267524793041
v -87.98065197524618 8.5 -5.4064687941177265
v -92.10518138089914 8.5 -0.8257148184185465
v -93.2229134326203 8.5 0.7127113695016192
v -93.58058768917108 8.5 1.205007749636074
v -94.97317495672976 8.5 4.332809963443652
v -3.3540978741148653 8.5 -64.0
v -10.025545424144822 8.5 -63.29880260713903
v -16.58715100052868 8.5 -61.90409028678803
v -22.967024279465832 8.5 -59.83114379899134
v -29.095266034235657 8.5 -57.102674779262294
v -34.90473396576173 8.5 -53.74857690514722
v -40.33177832767481 8.5 -49.805598374845644
v -52.9338185782532 8.5 -38.4586703668207
v -59.83114379899133 8.5 -22.967024279465857
v -61.90409028678804 8.5 -16.587151000528653
v -63.29880260713903 8.5 -10.025545424144838
v -64.0 8.5 -3.3540978741148746
v -64.0 8.5 3.3540978741148835
v -63.29880260713903 8.5 10.02554542414484
v -61.90409028678804 8.5 16.587151000528653
v -59.831143798991334 8.5 22.96702427946584
v -57.10267477926231 8.5 29.09526603423562
v -53.7485769051472 8.5 34.90473396576174
v -43.78108045742774 8.5 48.62381586876346
v -29.095266034235642 8.5 57.1026747792623
v -22.96702427946584 8.5 59.831143798991334
v -16.587151000528657 8.5 61.90409028678804
v -10.025545424144827 8.5 63.29880260713903
v -3.35409787411487 8.5 64.0
v 3.354097874114894 8.5 64.0
v 10.025545424144854 8.5 63.29880260713903
v 16.587151000528632 8.5 61.90409028678805
v 22.967024279465836 8.5 59.831143798991334
v 29.095266034235642 8.5 57.1026747792623
v 34.90473396576175 8.5 53.7485769051472
v 45.81894119421348 8.5 45.8189411942135
v 53.74857690514721 8.5 34.904733965761736
v 57.1026747792623 8.5 29.095266034235642
v 59.83114379899133 8.5 22.967024279465857
v 61.90409028678804 8.5 16.587151000528653
v 63.29880260713903 8.5 10.025545424144838
v 64.0 8.5 3.3540978741148746
v 64.0 8.5 -3.3540978741148835
v 63.29880260713903 8.5 -10.02554542414484
v 61.90409028678804 8.5 -16.587151000528653
v 59.831143798991334 8.5 -22.96702427946584
v 57.10267477926231 8.5 -29.09526603423562
v 53.7485769051472 8.5 -34.90473396576174
v 49.80559837484612 8.5 -40.33177832767416
v 45.31693928625931 8.5 -45.316939286260464
v 35.2913938621145 8.5 -54.34398093245216
v 22.96702427946584 8.5 -59.831143798991334
v 16.587151000528657 8.5 -61.90409028678804
v 10.025545424144827 8.5 -63.29880260713903
v 3.35409787411487 8.5 -64.0
v -3.3540978741148653 8.5 -64.0
v 94.0116580008158 8.5 -14.223720190401313
v 94.0 8.5 -14.168873608746985
v 94.0 8.5 -8.416001435506963
v 94.87615481545326 8.5 -5.719474183969634
v 94.97303440821753 8.5 -5.501879055980229
v 95.3017592859119 8.5 -4.9325108661017065
v 95.99624375393338 8.5 -3.9766350002688933
v 97.20765178825631 8.5 -2.6312300767852164
v 98.40097951344042 8.5 -1.556752966856697
v 98.63545229106418 8.5 -1.345632729606518
v 101.64636755525453 8.5 -4.056673010521608
v 103.04633856560656 8.5 -6.481493929574867
v 103.33714697833967 8.5 -7.376510193915625
v 103.5673527950422 8.5 -9.566772233505388
v 103.29320144155861 8.5 -12.175148126166635
v 102.6126450902911 8.5 -14.269685204582705
v 102.14210719427406 8.5 -15.084680747370784
v 100.26858029219117 8.5 -17.165443171693198
v 96.75980378183027 8.5 -19.191236234476303
v 95.63049486384594 8.5 -17.636875857135795
v 94.72528441403813 8.5 -16.069005366526397
v 94.24471386537367 8.5 -14.989626241770695
v 94.04155071801095 8.5 -14.364354367771766
v 94.0116580008158 8.5 -14.223720190401313
v -93.79862506348879 7.5 15.50790571740637
v -91.78616252209704 7.5 18.277822775003436
v -89.92078641884692 7.5 19.957414962506398
v 103.04633856560656 7.5 -6.481493929574867
v 103.33714697833967 7.5 -7.376510193915625
v 103.5673527950422 7.5 -9.566772233505388
v 103.29320144155861 7.5 -12.175148126166635
v 103.04633856560656 7.5 -6.481493929574867
v -81.36481654204405 7.5 1.9981458682498754
v -87.29657259309876 7.5 -6.166215917067292
v -79.72214011007065 7.5 14.333104898088854
v -79.19490013808377 7.5 11.852635850958775
v -79.68834917340597 7.5 7.157781889318832
v -81.36481654204405 7.5 1.9981458682498754
v -41.9908201462691 7.5 -49.6574231413304
v -53.760909493538215 7.5 -39.05958709130236
v -56.87484859752416 7.5 -32.06556535205157
v -64.0 7.5 11.536405401747214
v -62.87134169751909 7.5 16.84632523491174
v -60.76600542085019 7.5 23.32588403383345
v -57.994904072688136 7.5 29.549879566020977
v -54.58839841928977 7.5 35.45012043397757
v -44.46515983957531 7.5 49.38356299171283
v -29.549879566022486 7.5 57.99490407268726
v -23.325884033831723 7.5 60.76600542085076
v -16.846325234911678 7.5 62.871341697519114
v -10.182194571396858 7.5 64.28784639787558
v -3.406505653397662 7.5 65.0
v 3.406505653397622 7.5 65.0
v 10.182194571396884 7.5 64.28784639787557
v 16.84632523491174 7.5 62.87134169751909
v 23.32588403383175 7.5 60.766005420850746
v 29.549879566022533 7.5 57.99490407268724
v 35.450120433977574 7.5 54.58839841928977
v 40.96196236404301 7.5 50.583810849454075
v 48.57048787060007 7.5 43.73306371220683
v 54.58839841928977 7.5 35.45012043397757
v 57.99490407268724 7.5 29.54987956602253
v 60.76600542085074 7.5 23.32588403383176
v 62.87134169751907 7.5 16.8463252349118
v 64.28784639787557 7.5 10.182194571396865
v 64.85528403184682 7.5 4.783386116752667
v 49.6574231413302 7.5 -41.99082014626944
v 46.025016462608264 7.5 -46.02501646260717
v 38.416490956051284 7.5 -52.875763599854345
v 30.748861171950985 7.5 -57.30267171975104
v 93.0 7.5 -12.19395312715298
v 93.0 7.5 -9.774693879708009
v 93.88188163855096 7.5 -5.625766969984939
v -95.0 7.5 9.984902350239327
v -93.87792781018791 7.5 15.263836959437665
v -93.86151480977357 7.5 15.314350980608573
v -89.22705422801526 7.5 20.461440902191928
v -84.10690465695939 7.5 24.181447315312422
v -82.09151278120338 7.5 19.65480304853662
v -81.46728237850702 7.5 17.73361941475377
v -80.0 7.5 10.8305985577225
v -80.0 7.5 8.408338821254043
v -80.50361611740881 7.5 6.0390112716739015
v -81.8308358618778 7.5 3.058026918544811
v -87.98065197524618 7.5 -5.406468794117734
v -92.10518138089914 7.5 -0.8257148184185465
v -93.58058768917108 7.5 1.2050077496360723
v -94.97317495672976 7.5 4.332809963443648
v -95.0 7.5 4.588033201617037
v -95.0 7.5 9.984902350239327
v -3.3540978741148653 7.5 -64.0
v -10.025545424144822 7.5 -63.29880260713903
v -16.58715100052868 7.5 -61.90409028678803
v -22.967024279465832 7.5 -59.83114379899134
v -29.095266034235657 7.5 -57.102674779262294
v -34.90473396576173 7.5 -53.74857690514722
v -40.33177832767481 7.5 -49.805598374845644
v -52.9338185782532 7.5 -38.4586703668207
v -59.83114379899133 7.5 -22.967024279465857
v -61.90409028678804 7.5 -16.587151000528653
v -63.29880260713903 7.5 -10.025545424144838
v -64.0 7.5 -3.3540978741148746
v -64.0 7.5 3.3540978741148835
v -63.29880260713903 7.5 10.02554542414484
v -61.90409028678804 7.5 16.587151000528653
v -59.831143798991334 7.5 22.96702427946584
v -57.10267477926231 7.5 29.09526603423562
v -53.7485769051472 7.5 34.90473396576174
v -43.78108045742774 7.5 48.62381586876346
v -29.095266034235642 7.5 57.1026747792623
v -22.96702427946584 7.5 59.831143798991334
v -16.587151000528657 7.5 61.90409028678804
v -10.025545424144827 7.5 63.29880260713903
v -3.35409787411487 7.5 64.0
v 3.354097874114894 7.5 64.0
v 10.025545424144854 7.5 63.29880260713903
v 16.587151000528632 7.5 61.90409028678805
v 22.967024279465836 7.5 59.831143798991334
v 29.095266034235642 7.5 57.1026747792623
v 34.90473396576175 7.5 53.7485769051472
v 45.81894119421348 7.5 45.8189411942135
v 53.74857690514721 7.5 34.904733965761736
v 57.1026747792623 7.5 29.095266034235642
v 59.83114379899133 7.5 22.967024279465857
v 61.90409028678804 7.5 16.587151000528653
v 63.29880260713903 7.5 10.025545424144838
v 64.0 7.5 3.3540978741148746
v 64.0 7.5 -3.3540978741148835
v 63.29880260713903 7.5 -10.02554542414484
v 61.90409028678804 7.5 -16.587151000528653
v 59.831143798991334 7.5 -22.96702427946584
v 57.10267477926231 7.5 -29.09526603423562
v 53.7485769051472 7.5 -34.90473396576174
v 49.80559837484612 7.5 -40.33177832767416
v 45.31693928625931 7.5 -45.316939286260464
v 35.2913938621145 7.5 -54.34398093245216
v 22.96702427946584 7.5 -59.831143798991334
v 16.587151000528657 7.5 -61.90409028678804
v 10.025545424144827 7.5 -63.29880260713903
v 3.35409787411487 7.5 -64.0
v -3.3540978741148653 7.5 -64.0
v 102.6126450902911 7.5 -14.269685204582705
v 102.14210719427406 7.5 -15.084680747370784
v 100.26858029219117 7.5 -17.1654431716932
v 96.75980378183027 7.5 -19.191236234476303
v 95.63049486384591 7.5 -17.63687585713576
v 94.7252844140381 7.5 -16.06900536652636
v 94.24471386537365 7.5 -14.989626241770676
v 94.04155071801095 7.5 -14.364354367771773
v 93.99202874776225 7.5 -14.131371815459008
v 93.51226999940701 7.5 -9.566772233505496
v 93.70948320273723 7.5 -7.690413941836999
v 95.30175928591191 7.5 -4.932510866101677
v 95.9962437539334 7.5 -3.9766350002688635
v 97.2076517882563 7.5 -2.6312300767852213
v 98.63545229106418 7.5 -1.345632729606518
v 101.64636755525453 7.5 -4.056673010521608
v 102.32315751316544 7.5 -5.228907603675698
v 103.0 7.5 -8.413201146611854
v 103.0 7.5 -13.077529375927623
v 102.6126450902911 7.5 -14.269685204582705
v -92.10518138089914 6.5 -0.8257148184185469
v -93.58058768917108 6.5 1.2050077496360725
v -94.97317495672976 6.5 4.332809963443648
v -95.0 6.5 9.984902350239327
v -93.87792781018791 6.5 15.263836959437675
v -93.86151480977357 6.5 15.314350980608573
v 101.64636755525453 6.5 -4.056673010521611
v 102.32315751316544 6.5 -5.228907603675698
v 103.0 6.5 -13.077529375927623
v 102.61264509029111 6.5 -14.269685204582695
v 102.14210719427406 6.5 -15.084680747370776
v 101.64636755525453 6.5 -4.056673010521611
v -80.22178953748467 6.5 20.372522557269598
v -82.45272282638892 6.5 25.38328076427563
v -81.96501562471326 6.5 25.73762078750748
v -80.22178953748467 6.5 20.372522557269598
v -83.27981374167415 6.5 24.782364039794025
v -79.02427175749932 6.5 15.224260250444045
v -78.42964580595428 6.5 9.56677223350562
v -78.70481366223294 6.5 6.948724962783259
v -80.85323048756429 6.5 0.33657786847067833
v -81.58959500682818 6.5 -1.3173239207943244
v -85.52503563297918 6.5 -8.13370703545855
v 23.32588403383177 6.5 -60.76600542085074
v 16.84632523491168 6.5 -62.87134169751911
v 10.182194571396852 6.5 -64.28784639787558
v 3.406505653397662 6.5 -65.0
v -3.406505653397621 6.5 -65.0
v -10.182194571396876 6.5 -64.28784639787557
v -16.84632523491173 6.5 -62.87134169751909
v -23.325884033831766 6.5 -60.76600542085074
v -29.54987956602249 6.5 -57.99490407268726
v -35.45012043397759 6.5 -54.58839841928975
v -40.961962364043 6.5 -50.58381084945408
v -60.76600542085074 6.5 -23.325884033831766
v -62.87134169751907 6.5 -16.846325234911795
v -64.28784639787557 6.5 -10.182194571396867
v -65.0 6.5 -3.406505653397666
v -65.0 6.5 3.406505653397675
v -64.28784639787557 6.5 10.182194571396874
v -47.58330249197704 6.5 47.583302491977044
v 65.0 6.5 3.406505653397666
v 65.0 6.5 -3.406505653397675
v 64.28784639787557 6.5 -10.18219457139687
v 62.871341697519085 6.5 -16.84632523491176
v 60.76600542085019 6.5 -23.325884033833464
v 57.99490407268814 6.5 -29.549879566020966
v 54.58839841928975 6.5 -35.45012043397759
v 50.58381084945359 6.5 -40.96196236404368
v 29.54987956602249 6.5 -57.99490407268726
v 23.32588403383177 6.5 -60.76600542085074
v -55.58800040882348 6.5 -37.41446704187967
v -56.436618043318134 6.5 -36.650368291718216
v -57.80971021938301 6.5 -32.42442510641921
v -55.58800040882348 6.5 -37.41446704187967
v 93.0 6.5 -14.01631028464597
v 93.0 6.5 -8.257616995182193
v 93.94129319359388 6.5 -5.3606144296032054
v 94.08080511479167 6.5 -5.047265524194924
v 94.46193777176934 6.5 -4.387124397885885
v 95.21803127932547 6.5 -3.3464509638999855
v 96.49957461190901 6.5 -1.9231529004367915
v 97.8882140161318 6.5 -0.6728163648032572
v -87.29657259309876 6.5 -6.166215917067292
v -89.31624723604912 6.5 -3.9231399827234403
v -91.53140178822113 6.5 -1.4629616148003466
v -94.99444811857559 6.5 4.535210578338536
v -95.0 6.5 4.588033201617037
v -95.0 6.5 4.978739031888809
v -94.25983510635689 6.5 12.020937586230257
v -91.74884957359664 6.5 17.660703431551227
v -89.22705422801526 6.5 20.461440902191928
v -84.10690465695939 6.5 24.181447315312422
v -79.72214011007065 6.5 14.333104898088854
v -79.19490013808377 6.5 11.852635850958775
v -79.68834917340597 6.5 7.157781889318832
v -81.36481654204405 6.5 1.9981458682498754
v -87.29657259309876 6.5 -6.166215917067292
v 3.35409787411487 6.5 -64.0
v -3.3540978741148546 6.5 -64.0
v -10.02554542414487 6.5 -63.298802607139024
v -16.587151000528678 6.5 -61.90409028678804
v -22.967024279465807 6.5 -59.83114379899135
v -29.09526603423565 6.5 -57.102674779262294
v -41.9908201462691 6.5 -49.6574231413304
v -53.760909493538215 6.5 -39.05958709130236
v -56.87484859752416 6.5 -32.06556535205157
v -61.90409028678805 6.5 -16.58715100052865
v -63.29880260713903 6.5 -10.02554542414484
v -64.0 6.5 -3.3540978741148746
v -64.0 6.5 11.536405401747214
v -62.87134169751909 6.5 16.84632523491174
v -60.76600542085019 6.5 23.32588403383345
v -57.994904072688136 6.5 29.549879566020977
v -54.58839841928977 6.5 35.45012043397757
v -44.46515983957531 6.5 49.38356299171283
v -29.549879566022486 6.5 57.99490407268726
v -23.325884033831723 6.5 60.76600542085076
v -16.846325234911678 6.5 62.871341697519114
v -10.182194571396858 6.5 64.28784639787558
v -3.406505653397662 6.5 65.0
v 3.406505653397622 6.5 65.0
v 10.182194571396884 6.5 64.28784639787557
v 16.84632523491174 6.5 62.87134169751909
v 23.32588403383175 6.5 60.766005420850746
v 29.549879566022533 6.5 57.99490407268724
v 35.450120433977574 6.5 54.58839841928977
v 40.96196236404301 6.5 50.583810849454075
v 48.57048787060007 6.5 43.73306371220683
v 54.58839841928977 6.5 35.45012043397757
v 57.99490407268724 6.5 29.54987956602253
v 60.76600542085074 6.5 23.32588403383176
v 62.87134169751907 6.5 16.8463252349118
v 64.28784639787557 6.5 10.182194571396865
v 64.85528403184682 6.5 4.783386116752667
v 63.298802607139024 6.5 -10.025545424144859
v 61.90409028678805 6.5 -16.587151000528642
v 59.831143798991334 6.5 -22.967024279465836
v 57.1026747792623 6.5 -29.095266034235635
v 49.6574231413302 6.5 -41.99082014626944
v 46.025016462608264 6.5 -46.02501646260717
v 38.416490956051284 6.5 -52.875763599854345
v 30.748861171950985 6.5 -57.30267171975104
v 16.587151000528653 6.5 -61.90409028678804
v 10.025545424144829 6.5 -63.29880260713903
v 3.35409787411487 6.5 -64.0
v 103.0 6.5 -8.413201146611854
v 103.0 6.5 -10.825736232364687
v 102.49840575116392 6.5 -13.185551638180137
v 101.17430204202003 6.5 -16.15953726138027
v 100.26858029219116 6.5 -17.165443171693212
v 96.75980378183027 6.5 -19.191236234476303
v 95.63049486384594 6.5 -17.6368758571358
v 94.72528441403811 6.5 -16.069005366526373
v 93.0 6.5 -12.19395312715298
v 93.0 6.5 -9.774693879708009
v 93.88188163855096 6.5 -5.625766969984939
v 98.63545229106418 6.5 -1.3456327296065191
v 101.26527329095327 6.5 -3.7135341936860424
v 102.67322494529361 6.5 -6.875845385213741
v 103.0 6.5 -8.413201146611854
v -95.0 5.5 4.588033201617037
v -95.0 5.5 4.978739031888809
v -94.25983510635689 5.5 12.020937586230257
v -91.74884957359664 5.5 17.660703431551227
v -94.99444811857559 5.5 4.535210578338536
v -95.0 5.5 4.588033201617037
v 101.17430204202003 5.5 -16.15953726138027
v 100.26858029219117 5.5 -17.1654431716932
v -77.7652236878409 5.5 12.811990283834021
v -77.27224806489937 5.5 8.121640540120874
v -79.91836886570543 5.5 -0.022281885896959033
v -80.69736571340232 5.5 -1.7719374525796274
v -84.82147007731115 5.5 -8.91509574658623
v -46.58330249197715 5.5 49.31535329954572
v -38.289560884241915 5.5 54.10374724936086
v 46.5348621503732 5.5 46.5348621503732
v 56.60172139814337 5.5 32.67901908581431
v 49.31772614553203 5.5 44.405880077010465
v 51.930990119063495 5.5 42.05288662642489
v 54.10374724936008 5.5 38.28956088424365
v 54.645426196675785 5.5 37.072930048922856
v 49.31772614553203 5.5 44.405880077010465
v 95.88900806801277 5.5 -19.69399037425801
v 94.79067334970318 5.5 -18.182262325350898
v 93.83305512061153 5.5 -16.523618898310033
v 93.30985224351424 5.5 -15.34848599613702
v 93.0742993072799 5.5 -14.623528602155313
v 93.00298495702579 5.5 -14.28802096271189
v 92.50676171984352 5.5 -9.566772233505782
v 92.7371795181179 5.5 -7.3744933239839545
v 98.41219227953447 5.5 -0.20102421731134043
v 100.96244155513008 5.5 -3.0333629787219194
v -82.45272282638892 5.5 25.383280764275625
v -81.96501562471326 5.5 25.73762078750748
v -80.22178953748467 5.5 20.372522557269598
v -82.45272282638892 5.5 25.383280764275625
v -89.22705422801526 5.5 20.461440902191917
v -83.27981374167415 5.5 24.782364039794025
v -79.02427175749932 5.5 15.224260250444045
v -78.42964580595428 5.5 9.56677223350562
v -78.70481366223294 5.5 6.948724962783259
v -80.85323048756429 5.5 0.33657786847067833
v -81.58959500682818 5.5 -1.3173239207943244
v -85.52503563297918 5.5 -8.13370703545855
v -88.48454292256214 5.5 -4.846841201919492
v -91.53140178822112 5.5 -1.4629616148003568
v -93.4157837919852 5.5 1.8008837565874962
v -94.56650502501519 5.5 7.214601517116564
v -92.91067639945686 5.5 15.004662725054633
v -92.85915774658072 5.5 15.163220834868975
v -90.82458656031713 5.5 18.687201501093195
v -89.22705422801526 5.5 20.461440902191917
v 16.84632523491168 5.5 -62.87134169751911
v 10.182194571396852 5.5 -64.28784639787558
v 3.406505653397662 5.5 -65.0
v -3.406505653397608 5.5 -65.0
v -10.182194571396861 5.5 -64.28784639787557
v -16.846325234911724 5.5 -62.87134169751909
v -23.32588403383174 5.5 -60.766005420850746
v -29.549879566022483 5.5 -57.99490407268726
v -35.450120433977574 5.5 -54.58839841928976
v -40.96196236404301 5.5 -50.583810849454075
v -45.24716131913084 5.5 -46.725400379672124
v -53.76090949353821 5.5 -39.05958709130237
v -60.76600542085074 5.5 -23.325884033831766
v -62.87134169751907 5.5 -16.846325234911795
v -64.28784639787557 5.5 -10.182194571396867
v -65.0 5.5 -3.406505653397666
v -65.0 5.5 3.406505653397675
v -64.28784639787557 5.5 10.182194571396874
v -62.87134169751909 5.5 16.84632523491173
v -60.76600542085019 5.5 23.325884033833447
v -60.21883630823472 5.5 24.554845982312326
v -57.99490407268813 5.5 29.549879566020984
v -47.58330249197703 5.5 47.583302491977044
v -29.54987956602249 5.5 57.99490407268726
v -23.32588403383177 5.5 60.76600542085074
v -16.84632523491168 5.5 62.87134169751911
v -10.182194571396852 5.5 64.28784639787558
v -3.406505653397662 5.5 65.0
v 3.406505653397608 5.5 65.0
v 10.182194571396861 5.5 64.28784639787557
v 16.846325234911724 5.5 62.87134169751909
v 23.32588403383174 5.5 60.766005420850746
v 29.549879566022515 5.5 57.99490407268725
v 35.450120433977546 5.5 54.58839841928978
v 40.961962364043 5.5 50.583810849454075
v 48.570487870600076 5.5 43.73306371220682
v 52.44804405297868 5.5 38.396065487169686
v 54.58839841928978 5.5 35.45012043397755
v 57.994904072687255 5.5 29.549879566022508
v 60.76600542085074 5.5 23.325884033831766
v 62.87134169751907 5.5 16.846325234911795
v 64.28784639787557 5.5 10.182194571396867
v 65.0 5.5 3.406505653397666
v 65.0 5.5 -3.406505653397675
v 64.28784639787557 5.5 -10.18219457139687
v 62.871341697519085 5.5 -16.84632523491176
v 60.76600542085019 5.5 -23.325884033833464
v 57.99490407268814 5.5 -29.549879566020966
v 54.58839841928975 5.5 -35.45012043397759
v 50.58381084945359 5.5 -40.96196236404368
v 46.02501646260827 5.5 -46.02501646260716
v 38.41649095605129 5.5 -52.87576359985434
v 29.54987956602249 5.5 -57.99490407268726
v 23.32588403383177 5.5 -60.76600542085074
v 16.84632523491168 5.5 -62.87134169751911
v -56.436618043318134 5.5 -36.650368291718216
v -57.80971021938301 5.5 -32.42442510641921
v -55.58800040882348 5.5 -37.41446704187967
v -56.436618043318134 5.5 -36.650368291718216
v 103.0 5.5 -8.413201146611854
v 103.0 5.5 -10.825736232364687
v 102.49840575116392 5.5 -13.185551638180137
v 101.85913727968241 5.5 -14.62137213352512
v 99.82447128031801 5.5 -17.42184962924771
v 96.75980378183027 5.5 -19.191236234476303
v 93.0 5.5 -14.01631028464597
v 93.0 5.5 -8.257616995182193
v 93.94129319359388 5.5 -5.3606144296032054
v 94.08080511479167 5.5 -5.047265524194934
v 94.2217396910876 5.5 -4.803159677507189
v 94.46193777176934 5.5 -4.387124397885885
v 95.21803127932547 5.5 -3.3464509638999855
v 95.64828813104158 5.5 -2.8686023197930637
v 96.499574611909 5.5 -1.9231529004368122
v 97.8882140161318 5.5 -0.6728163648032592
v 101.26527329095326 5.5 -3.713534193686035
v 102.67322494529361 5.5 -6.875845385213741
v 103.0 5.5 -8.413201146611854
v -93.4157837919852 4.5 1.8008837565874962
v -94.56650502501519 4.5 7.214601517116564
v -92.85915774658072 4.5 15.163220834868975
v -90.82458656031712 4.5 18.68720150109322
v -89.22705422801526 4.5 20.461440902191917
v 99.82447128031801 4.5 -17.42184962924771
v 95.88900806801277 4.5 -19.69399037425801
v 98.41219227953447 4.5 -0.20102421731134043
v 100.96244155513008 4.5 -3.0333629787219194
v 102.67322494529361 4.5 -6.875845385213741
v 103.0 4.5 -8.413201146611854
v 103.0 4.5 -10.825736232364687
v 102.49840575116392 4.5 -13.18555163818014
v 101.85913727968243 4.5 -14.621372133525103
v 99.82447128031801 4.5 -17.42184962924771
v -77.59827673558276 4.5 18.77031635228669
v -76.0 4.5 11.251015498785138
v -76.0 4.5 5.565081509665239
v -76.89247449060717 4.5 2.8183274625746844
v -84.11790452164324 4.5 -9.696484457713758
v -80.2637140080093 4.5 26.97368876500719
v -77.59827673558276 4.5 18.77031635228669
v -65.0 4.5 11.641509637013101
v -63.83859310825042 4.5 17.105499469293967
v -61.700867042709596 4.5 23.68474378819938
v -58.88713336611309 4.5 30.004493097807842
v -48.31535329954617 4.5 48.315353299545635
v -30.0044930978061 4.5 58.887133366113865
v -23.684743788198407 4.5 61.70086704271003
v -17.105499469294916 4.5 63.83859310825022
v -10.338843718649336 4.5 65.27689018861213
v -3.458913432680908 4.5 66.0
v 3.4589134326807436 4.5 66.0
v 10.338843718649503 4.5 65.27689018861209
v 17.10549946929396 4.5 63.83859310825042
v 23.684743788199356 4.5 61.7008670427096
v 30.004493097806098 4.5 58.887133366113865
v 35.995506902193405 4.5 55.42821993343209
v 41.59214640041382 4.5 51.36202332406038
v 58.88713336611308 4.5 30.004493097807856
v 61.700867042709596 4.5 23.68474378819937
v 63.8385931082504 4.5 17.105499469294017
v 65.27689018861209 4.5 10.338843718649482
v 65.86079231141032 4.5 4.783386116752826
v 59.70753889212295 4.5 -26.58350904394832
v 50.47089642748181 4.5 -42.581843084054995
v 42.05288662642555 4.5 -51.93099011906289
v 31.157838234165332 4.5 -58.22124924116832
v 13.5887002247949 4.5 -63.92980822624697
v -26.583509043948336 4.5 -59.70753889212295
v -42.58184308405464 4.5 -50.47089642748202
v -55.81858405456816 4.5 -38.55248132430873
v -63.92980822624697 4.5 -13.5887002247949
v 92.0 4.5 -9.669589644442041
v 92.764924710637 4.5 -6.070901819295098
v 97.55837289646222 4.5 -0.7472382749323291
v 95.58184795335355 4.5 -19.55261693653149
v 92.0 4.5 -11.317175310141163
v 92.0 4.5 -9.669589644442041
v -77.7652236878409 4.5 12.811990283834021
v -77.27224806489937 4.5 8.121640540120874
v -79.91836886570543 4.5 -0.022281885896959033
v -80.69736571340232 4.5 -1.7719374525796274
v -84.82147007731115 4.5 -8.91509574658623
v -91.53140178822112 4.5 -1.4629616148003568
v -92.72513909235873 4.5 0.6046520468562929
v -93.98257323800058 4.5 4.474636415980246
v -94.0 4.5 4.640440980899694
v -94.0 4.5 9.879798114973896
v -92.91067639945686 4.5 15.004662725054633
v -92.89651203089859 4.5 15.048256168980883
v -88.66905580625965 4.5 20.866850486157247
v -81.96501562471326 4.5 25.73762078750748
v -77.7652236878409 4.5 12.811990283834021
v -29.549879566022483 4.5 -57.99490407268726
v -35.450120433977574 4.5 -54.58839841928976
v -40.96196236404301 4.5 -50.583810849454075
v -56.436618043318134 4.5 -36.650368291718216
v -62.87134169751907 4.5 -16.846325234911795
v -64.28784639787557 4.5 -10.182194571396867
v -65.0 4.5 -3.406505653397666
v -65.0 4.5 3.406505653397675
v -64.28784639787557 4.5 10.182194571396881
v -62.87134169751909 4.5 16.846325234911742
v -60.7660054208502 4.5 23.325884033833432
v -57.99490407268813 4.5 29.549879566020984
v -46.58330249197715 4.5 49.31535329954572
v -38.289560884241915 4.5 54.10374724936086
v -23.32588403383177 4.5 60.76600542085074
v -16.84632523491168 4.5 62.87134169751911
v -10.182194571396852 4.5 64.28784639787558
v -3.406505653397662 4.5 65.0
v 3.4065056533976112 4.5 65.0
v 10.182194571396865 4.5 64.28784639787557
v 16.84632523491176 4.5 62.871341697519085
v 23.325884033831777 4.5 60.76600542085074
v 29.549879566022526 4.5 57.99490407268725
v 35.45012043397756 4.5 54.588398419289774
v 46.5348621503732 4.5 46.5348621503732
v 56.60172139814337 4.5 32.67901908581431
v 60.76600542085074 4.5 23.325884033831766
v 62.87134169751907 4.5 16.846325234911795
v 64.28784639787557 4.5 10.182194571396867
v 65.0 4.5 3.406505653397666
v 65.0 4.5 -3.406505653397675
v 64.28784639787557 4.5 -10.18219457139687
v 62.871341697519085 4.5 -16.84632523491176
v 60.76600542085019 4.5 -23.325884033833464
v 57.99490407268814 4.5 -29.549879566020966
v 54.58839841928975 4.5 -35.45012043397759
v 50.58381084945359 4.5 -40.96196236404368
v 46.02501646260827 4.5 -46.02501646260716
v 38.41649095605129 4.5 -52.87576359985434
v 29.54987956602249 4.5 -57.99490407268726
v 23.32588403383177 4.5 -60.76600542085074
v 17.431969354718937 4.5 -62.68105438801074
v 16.84632523491168 4.5 -62.87134169751911
v 10.182194571396852 4.5 -64.28784639787558
v 3.406505653397662 4.5 -65.0
v -3.406505653397608 4.5 -65.0
v -10.182194571396861 4.5 -64.28784639787557
v -16.846325234911724 4.5 -62.87134169751909
v -23.32588403383174 4.5 -60.766005420850746
v -29.549879566022483 4.5 -57.99490407268726
v 51.930990119063495 4.5 42.05288662642489
v 54.10374724936008 4.5 38.28956088424365
v 54.645426196675785 4.5 37.072930048922856
v 49.31772614553203 4.5 44.405880077010465
v 51.930990119063495 4.5 42.05288662642489
v 94.79067334970318 4.5 -18.182262325350898
v 93.83305512061153 4.5 -16.523618898310033
v 93.30985224351424 4.5 -15.34848599613702
v 93.0742993072799 4.5 -14.623528602155313
v 93.00298495702579 4.5 -14.28802096271189
v 92.50676171984352 4.5 -9.566772233505782
v 92.7371795181179 4.5 -7.3744933239839545
v 94.46193777176936 4.5 -4.387124397885857
v 95.21803127932546 4.5 -3.346450963899999
v 96.499574611909 4.5 -1.9231529004368122
v 97.669047454057 4.5 -0.8701548236702701
v 100.40850256372327 4.5 -3.9126279522784215
v 102.12776104418927 4.5 -6.890470991789196
v 102.35361146716657 4.5 -7.585567120450503
v 102.56184451547865 4.5 -9.566772233505379
v 102.3096659303856 4.5 -11.96609119963085
v 101.69406756887365 4.5 -13.860708142368269
v 100.6376962641046 4.5 -15.69039691388606
v 99.55101984617386 4.5 -16.668844755433994
v 95.71565979380466 4.5 -19.45539694369309
v 94.79067334970318 4.5 -18.182262325350898
v -91.5314017882211 3.5 -1.4629616148003668
v -92.72513909235873 3.5 0.6046520468562929
v -93.98257323800058 3.5 4.474636415980246
v -94.0 3.5 9.879798114973896
v 100.40850256372327 3.5 -3.9126279522784215
v 102.12776104418927 3.5 -6.890470991789196
v 102.35361146716657 3.5 -7.585567120450503
v 102.56184451547865 3.5 -9.566772233505379
v 102.3096659303856 3.5 -11.96609119963085
v 101.69406756887365 3.5 -13.860708142368269
v 100.6376962641046 3.5 -15.69039691388606
v 99.55101984617386 3.5 -16.668844755433994
v -79.4130631996572 3.5 27.591722753757125
v -74.81461715432181 3.5 13.439161063439748
v -74.22202774654808 3.5 7.8010494661685765
v -77.11378400012734 3.5 -1.098861148995895
v -81.99260386082982 3.5 -12.056869969387902
v -77.69410452308279 3.5 28.840619336172246
v -75.66377391412088 3.5 19.28866482105434
v -78.56241239130513 3.5 28.20975674250704
v -77.69410452308279 3.5 28.840619336172246
v -17.105499469293953 3.5 -63.83859310825042
v -23.684743788199373 3.5 -61.700867042709596
v -30.00449309780615 3.5 -58.887133366113844
v -35.99550690219337 3.5 -55.42821993343212
v -41.59214640041384 3.5 -51.36202332406036
v -57.30487370552286 3.5 -37.2142201115911
v -63.8385931082504 3.5 -17.10549946929402
v -65.27689018861209 3.5 -10.33884371864948
v -66.0 3.5 -3.458913432680777
v -66.0 3.5 3.4589134326805158
v -65.27689018861203 3.5 10.338843718649763
v -51.57165493442302 3.5 46.435326674086866
v 66.0 3.5 3.458913432680777
v 66.0 3.5 -3.4589134326805158
v 65.27689018861203 3.5 -10.338843718649748
v 63.838593108250414 3.5 -17.105499469293978
v 61.700867042709596 3.5 -23.684743788199388
v 58.88713336611308 3.5 -30.00449309780786
v 55.428219933433205 3.5 -35.99550690219188
v 51.36202332405989 3.5 -41.59214640041449
v 30.004493097806115 3.5 -58.88713336611386
v 23.684743788198418 3.5 -61.70086704271002
v 17.105499469294912 3.5 -63.83859310825022
v 10.338843718649338 3.5 -65.27689018861213
v 3.458913432680908 3.5 -66.0
v -3.4589134326807307 3.5 -66.0
v -10.338843718649494 3.5 -65.27689018861209
v -17.105499469293953 3.5 -63.83859310825042
v -61.84954931751378 3.5 -26.463214776264714
v -58.79116335647772 3.5 -35.87595889887332
v -60.09913782246193 3.5 -34.69825339986283
v -61.84954931751378 3.5 -26.463214776264714
v 92.94082582718565 3.5 -16.97823243009528
v 92.37499062165541 3.5 -15.70734575050472
v 92.10704789654885 3.5 -14.88270283653835
v 92.01394116628914 3.5 -14.444670109963473
v 92.0 3.5 -14.312028772971612
v 92.0 3.5 -7.262236995770668
v 93.18857582136586 3.5 -4.59265199240955
v 93.6221162576255 3.5 -3.8417379296722576
v 94.43981880471969 3.5 -2.716266927528592
v 96.88555653165895 3.5 4.9302037733927997e-14
v 94.76837466720188 3.5 -20.14363987431695
v 92.94082582718565 3.5 -16.97823243009528
v -76.0 3.5 11.251015498785138
v -76.0 3.5 5.565081509665239
v -76.89247449060717 3.5 2.8183274625746844
v -84.11790452164324 3.5 -9.696484457713758
v -91.06988636284349 3.5 -1.9755264220114706
v -93.99520874351418 3.5 4.5948552204999356
v -94.0 3.5 4.640440980899694
v -94.0 3.5 4.9263312526055625
v -92.97011632923525 3.5 14.725019841713866
v -92.91067639945688 3.5 15.004662725054589
v -92.89651203089859 3.5 15.048256168980883
v -88.66905580625965 3.5 20.866850486157247
v -80.2637140080093 3.5 26.97368876500719
v -77.59827673558276 3.5 18.77031635228669
v -76.0 3.5 11.251015498785138
v -65.0 3.5 11.641509637013101
v -63.83859310825042 3.5 17.105499469293967
v -61.700867042709596 3.5 23.68474378819938
v -58.88713336611309 3.5 30.004493097807842
v -48.31535329954617 3.5 48.315353299545635
v -30.0044930978061 3.5 58.887133366113865
v -23.684743788198407 3.5 61.70086704271003
v -17.105499469294916 3.5 63.83859310825022
v -10.338843718649336 3.5 65.27689018861213
v -3.458913432680908 3.5 66.0
v 3.4589134326807436 3.5 66.0
v 10.338843718649503 3.5 65.27689018861209
v 17.10549946929396 3.5 63.83859310825042
v 23.684743788199356 3.5 61.7008670427096
v 30.004493097806098 3.5 58.887133366113865
v 35.995506902193405 3.5 55.42821993343209
v 41.59214640041382 3.5 51.36202332406038
v 51.930990119063495 3.5 42.05288662642489
v 58.88713336611308 3.5 30.004493097807856
v 61.700867042709596 3.5 23.68474378819937
v 63.8385931082504 3.5 17.105499469294017
v 65.27689018861209 3.5 10.338843718649482
v 65.86079231141032 3.5 4.783386116752826
v 64.28784639787557 3.5 -10.182194571396872
v 62.87134169751909 3.5 -16.84632523491173
v 59.70753889212295 3.5 -26.58350904394832
v 50.47089642748181 3.5 -42.581843084054995
v 42.05288662642555 3.5 -51.93099011906289
v 31.157838234165332 3.5 -58.22124924116832
v 13.5887002247949 3.5 -63.92980822624697
v 3.406505653397662 3.5 -65.0
v -3.406505653397725 3.5 -65.0
v -10.18219457139686 3.5 -64.28784639787558
v -16.84632523491176 3.5 -62.871341697519085
v -26.583509043948336 3.5 -59.70753889212295
v -42.58184308405464 3.5 -50.47089642748202
v -55.81858405456816 3.5 -38.55248132430873
v -63.92980822624697 3.5 -13.5887002247949
v -65.0 3.5 -3.406505653397666
v -65.0 3.5 11.641509637013101
v 92.764924710637 3.5 -6.070901819295098
v 97.55837289646222 3.5 -0.7472382749323291
v 100.11331685306055 3.5 -3.5847910078176684
v 101.71692974382596 3.5 -7.186564531583589
v 102.0 3.5 -8.518305381877742
v 102.0 3.5 -10.720631997099254
v 101.15765625818807 3.5 -14.68354772735844
v 99.0278169690782 3.5 -17.048973896418758
v 95.58184795335355 3.5 -19.55261693653149
v 93.8330551206115 3.5 -16.52361889830997
v 93.30985224351426 3.5 -15.348485996137072
v 92.0 3.5 -11.317175310141163
v 92.0 3.5 -9.669589644442041
v 92.764924710637 3.5 -6.070901819295098
v -92.97011632923525 2.5 14.725019841713866
v -92.91067639945685 2.5 15.004662725054667
v -92.8965120308986 2.5 15.048256168980867
v -88.66905580625964 2.5 20.86685048615726
v 100.11331685306055 2.5 -3.5847910078176684
v 101.71692974382596 2.5 -7.186564531583589
v 102.0 2.5 -8.518305381877742
v 102.0 2.5 -10.720631997099254
v 101.15765625818807 2.5 -14.68354772735844
v 99.0278169690782 2.5 -17.048973896418758
v -75.92294581914139 2.5 30.127441458432532
v -71.23306535155817 2.5 8.063288600785603
v -71.11369163918104 2.5 6.927523594976138
v -71.89695930420062 2.5 3.242538954344182
v -79.79523995049226 2.5 -14.497289827842803
v -77.93326172153715 2.5 -16.56522615125985
v -79.06278531371323 2.5 -15.310763113994268
v -73.37433751269032 2.5 -2.5343001664622458
v -77.93326172153715 2.5 -16.56522615125985
v -73.72030115135706 2.5 31.727756483662084
v -73.23306535155827 2.5 27.092017509231773
v -74.15178711519981 2.5 31.41426358069294
v -73.72030115135706 2.5 31.727756483662084
v -63.276890188611986 2.5 -29.36757262709565
v -62.627764808521995 2.5 -32.42146743509369
v -62.99021372703185 2.5 -32.09511696301604
v -63.276890188611986 2.5 -29.36757262709565
v -50.87967322598531 2.5 47.98954303810703
v -38.74417441602726 2.5 54.995976542786686
v 49.33182771863508 2.5 45.738815693164035
v 52.71782330268521 2.5 42.690051575310676
v 54.995976542786686 2.5 38.744174416027256
v -58.74457184124249 2.5 32.7832848607849
v -54.56576001487709 2.5 45.64434522374291
v -53.111028943279216 2.5 46.70126921406958
v -52.35304364555033 2.5 47.138892229755136
v -58.74457184124249 2.5 32.7832848607849
v 91.0 2.5 -11.475559750465479
v 91.0 2.5 -9.564485409176154
v 91.6350830674575 2.5 -6.576654487995649
v -94.0 2.5 4.640440980899694
v -94.0 2.5 4.9263312526055625
v -93.28186889314124 2.5 11.75889232917414
v -90.43818237566776 2.5 18.14591682087515
v -82.18110510062631 2.5 25.58062259340226
v -79.4130631996572 2.5 27.591722753757125
v -74.81461715432181 2.5 13.439161063439748
v -74.22202774654808 2.5 7.8010494661685765
v -77.11378400012734 2.5 -1.098861148995895
v -81.99260386082982 2.5 -12.056869969387902
v -91.06988636284349 2.5 -1.9755264220114706
v -93.99520874351418 2.5 4.5948552204999356
v -94.0 2.5 4.640440980899694
v -75.66377391412088 2.5 19.28866482105434
v -78.56241239130513 2.5 28.20975674250704
v -77.69410452308279 2.5 28.840619336172246
v -75.66377391412088 2.5 19.28866482105434
v -23.684743788199373 2.5 -61.700867042709596
v -30.00449309780615 2.5 -58.887133366113844
v -35.99550690219337 2.5 -55.42821993343212
v -41.59214640041384 2.5 -51.36202332406036
v -57.30487370552286 2.5 -37.2142201115911
v -63.8385931082504 2.5 -17.10549946929402
v -65.27689018861209 2.5 -10.33884371864948
v -66.0 2.5 -3.458913432680777
v -66.0 2.5 3.4589134326805158
v -65.27689018861203 2.5 10.338843718649763
v -63.83859310825042 2.5 17.105499469293967
v -61.700867042709596 2.5 23.68474378819938
v -51.57165493442302 2.5 46.435326674086866
v -30.004493097806115 2.5 58.88713336611386
v -23.684743788198418 2.5 61.70086704271002
v -17.105499469294912 2.5 63.83859310825022
v -10.338843718649338 2.5 65.27689018861213
v -3.458913432680908 2.5 66.0
v 3.458913432680729 2.5 66.0
v 10.338843718649493 2.5 65.27689018861209
v 17.105499469293985 2.5 63.838593108250414
v 23.68474378819934 2.5 61.70086704270961
v 30.004493097806158 2.5 58.88713336611384
v 35.995506902193384 2.5 55.42821993343211
v 41.59214640041383 2.5 51.36202332406037
v 51.93099011906349 2.5 42.0528866264249
v 58.88713336611309 2.5 30.00449309780784
v 61.7008670427096 2.5 23.68474378819936
v 63.8385931082504 2.5 17.10549946929402
v 65.27689018861209 2.5 10.33884371864948
v 66.0 2.5 3.458913432680777
v 66.0 2.5 -3.4589134326805158
v 65.27689018861203 2.5 -10.338843718649748
v 63.838593108250414 2.5 -17.105499469293978
v 61.700867042709596 2.5 -23.684743788199388
v 58.88713336611308 2.5 -30.00449309780786
v 55.428219933433205 2.5 -35.99550690219188
v 51.36202332405989 2.5 -41.59214640041449
v 42.052886626425554 2.5 -51.93099011906288
v 30.004493097806115 2.5 -58.88713336611386
v 23.684743788198418 2.5 -61.70086704271002
v 17.105499469294912 2.5 -63.83859310825022
v 10.338843718649338 2.5 -65.27689018861213
v 3.458913432680908 2.5 -66.0
v -3.4589134326807307 2.5 -66.0
v -10.338843718649494 2.5 -65.27689018861209
v -17.105499469293953 2.5 -63.83859310825042
v -23.684743788199373 2.5 -61.700867042709596
v -58.79116335647772 2.5 -35.87595889887332
v -60.09913782246193 2.5 -34.69825339986283
v -61.84954931751378 2.5 -26.463214776264714
v -58.79116335647772 2.5 -35.87595889887332
v 92.37499062165541 2.5 -15.70734575050472
v 92.10704789654885 2.5 -14.88270283653835
v 92.01394116628914 2.5 -14.444670109963473
v 92.0 2.5 -14.312028772971612
v 92.0 2.5 -7.262236995770668
v 93.18857582136586 2.5 -4.59265199240955
v 93.6221162576255 2.5 -3.8417379296722576
v 94.43981880471969 2.5 -2.716266927528592
v 96.88555653165895 2.5 4.9302037733927997e-14
v 99.93949179336904 2.5 -3.39173872113334
v 101.37007595599363 2.5 -7.794624046986643
v 101.7842801775259 2.5 -11.735513969122257
v 101.54211054969645 2.5 -12.874832491809874
v 100.98834156586506 2.5 -14.11861799374275
v 98.6709206409878 2.5 -17.30827425686538
v 94.76837466720188 2.5 -20.14363987431695
v 92.94082582718565 2.5 -16.97823243009528
v 92.37499062165541 2.5 -15.70734575050472
v -91.06988636284352 1.5 -1.9755264220114437
v -93.99520874351418 1.5 4.5948552204999356
v -94.0 1.5 4.640440980899694
v -94.0 1.5 4.9263312526055625
v -93.28186889314124 1.5 11.75889232917414
v -90.43818237566776 1.5 18.14591682087515
v -82.18110510062631 1.5 25.58062259340226
v -75.92294581914139 1.5 30.127441458432532
v -91.06988636284352 1.5 -1.9755264220114437
v -73.72030115135706 1.5 31.727756483662084
v -74.15178711519981 1.5 31.41426358069294
v -73.72030115135706 1.5 31.727756483662084
v -50.87967322598531 1.5 47.98954303810703
v -54.56576001487709 1.5 45.64434522374291
v -53.111028943279216 1.5 46.70126921406958
v -52.35304364555033 1.5 47.138892229755136
v 96.88555653165895 1.5 5.136142234532786e-14
v 99.93949179336904 1.5 -3.39173872113334
v 101.37007595599363 1.5 -7.794624046986643
v 101.7842801775259 1.5 -11.735513969122257
v 101.54211054969645 1.5 -12.874832491809874
v 100.98834156586506 1.5 -14.11861799374275
v 98.6709206409878 1.5 -17.30827425686538
v 96.88555653165895 1.5 5.136142234532786e-14
v -68.0 1.5 3.5637289912464185
v -70.93280258529353 1.5 -24.34002367752237
v -68.0 1.5 34.647730565621245
v -68.0 1.5 3.5637289912464185
v -68.0 1.5 -27.59723093227278
v -70.03239854099573 1.5 -25.340023677522332
v -68.0 1.5 -6.003043242258799
v -68.0 1.5 -27.59723093227278
v 62.63572866456887 1.5 24.043603542566036
v 64.80584451898125 1.5 17.364673703678072
v 66.26593397934873 1.5 10.495492865901063
v 66.86630059097385 1.5 4.783386116753034
v 60.62611641353994 1.5 -26.992486106163582
v 51.28436971363342 1.5 -43.17286602184056
v 42.690051575310896 1.5 -52.71782330268508
v 31.566815296380117 1.5 -59.13982676258558
v 13.797757151330305 1.5 -64.91334373742
v -26.992486106162698 1.5 -60.626116413540224
v -43.17286602184091 1.5 -51.28436971363299
v -61.66016537900323 1.5 -34.638330604299185
v -67.0 1.5 -28.707843447101972
v -67.0 1.5 3.5113212119637622
v -63.37419235970129 1.5 38.00857654267038
v -30.459106629591453 1.5 59.77936265953969
v -24.043603542566007 1.5 62.63572866456889
v -17.36467370367808 1.5 64.80584451898125
v -10.495492865901316 1.5 66.26593397934867
v -3.511321211963748 1.5 67.0
v 3.5113212119640824 1.5 67.0
v 10.495492865901014 1.5 66.26593397934874
v 17.364673703679394 1.5 64.80584451898096
v 24.043603542562924 1.5 62.63572866457004
v 30.459106629593183 1.5 59.7793626595387
v 36.54089337040699 1.5 56.268041447575946
v 42.2223304367852 1.5 52.14023579866616
v 59.779362659539686 1.5 30.45910662959147
v 62.63572866456887 1.5 24.043603542566036
v -67.0 1.5 35.374273093626606
v -64.46283210613996 1.5 37.21763346920572
v -67.0 1.5 13.078093445468978
v -67.0 1.5 35.374273093626606
v 92.29634652793926 1.5 -4.138038460625913
v 92.78229474348318 1.5 -3.2963514614564198
v 93.66160633011168 1.5 -2.086082891160129
v 95.53992380205284 1.5 5.073666977516818e-14
v 91.0 1.5 -13.61662348876784
v 91.0 1.5 -7.940848114533209
v 92.07156994987574 1.5 -4.642894920868953
v 92.29634652793926 1.5 -4.138038460625913
v -71.23306535155817 1.5 8.063288600785603
v -71.11369163918104 1.5 6.927523594976138
v -71.89695930420062 1.5 3.242538954344182
v -79.79523995049226 1.5 -14.4972898278428
v -85.70376127539535 1.5 -7.935212100270261
v -92.23463935315256 1.5 1.053770410756281
v -92.99202874776229 1.5 4.617007361236904
v -93.35739834464093 1.5 8.09326686643255
v -91.94342498872552 1.5 14.745488490672448
v -91.94058022516344 1.5 14.754243772654617
v -90.01111327416538 1.5 18.09617856330825
v -88.5542378632128 1.5 19.714202627259112
v -75.69535813964674 1.5 29.056725608935672
v -71.23306535155817 1.5 8.063288600785603
v -73.37433751269032 1.5 -2.5343001664622458
v -77.93326172153715 1.5 -16.565226151259843
v -79.06278531371323 1.5 -15.31076311399426
v -73.37433751269032 1.5 -2.5343001664622458
v -73.23306535155827 1.5 27.092017509231773
v -73.92419943570516 1.5 30.343547731196086
v -73.59960207854594 1.5 30.5793815156504
v -73.23306535155827 1.5 27.092017509231773
v -62.627764808521995 1.5 -32.42146743509369
v -62.99021372703185 1.5 -32.09511696301604
v -63.276890188611986 1.5 -29.36757262709565
v -62.627764808521995 1.5 -32.42146743509369
v -35.99550690219342 1.5 -55.42821993343209
v -41.59214640041382 1.5 -51.36202332406038
v -60.09913782246192 1.5 -34.698253399862836
v -65.27689018861209 1.5 -10.33884371864948
v -66.0 1.5 -3.458913432680777
v -66.0 1.5 3.4589134326805158
v -65.27689018861203 1.5 10.338843718649754
v -63.83859310825042 1.5 17.105499469293953
v -61.700867042709596 1.5 23.68474378819937
v -51.474059799184225 1.5 46.65452893678736
v -44.82596115684388 1.5 51.484655330822314
v -38.74417441602724 1.5 54.99597654278669
v -23.684743788198418 1.5 61.70086704271002
v -17.105499469294912 1.5 63.83859310825022
v -10.338843718649338 1.5 65.27689018861213
v -3.458913432680908 1.5 66.0
v 3.458913432680836 1.5 66.0
v 10.338843718649475 1.5 65.2768901886121
v 17.105499469293942 1.5 63.83859310825042
v 23.68474378819939 1.5 61.70086704270959
v 30.004493097806108 1.5 58.887133366113865
v 35.995506902193384 1.5 55.4282199334321
v 49.33182771863505 1.5 45.73881569316406
v 52.71782330268521 1.5 42.69005157531067
v 54.68664148343429 1.5 39.27995845538794
v 54.995976542786686 1.5 38.744174416027256
v 61.7008670427096 1.5 23.68474378819936
v 63.8385931082504 1.5 17.10549946929402
v 65.27689018861209 1.5 10.33884371864948
v 66.0 1.5 3.458913432680777
v 66.0 1.5 -3.4589134326805016
v 65.27689018861203 1.5 -10.338843718649741
v 63.838593108250414 1.5 -17.105499469293974
v 61.70086704270959 1.5 -23.684743788199405
v 58.88713336611309 1.5 -30.00449309780784
v 55.42821993343319 1.5 -35.99550690219189
v 51.36202332405989 1.5 -41.59214640041449
v 42.052886626425554 1.5 -51.93099011906288
v 30.004493097806115 1.5 -58.88713336611386
v 23.68474378819845 1.5 -61.70086704271001
v 17.105499469294877 1.5 -63.83859310825023
v 10.338843718649438 1.5 -65.27689018861211
v 3.458913432680908 1.5 -66.0
v -3.4589134326807325 1.5 -66.0
v -10.338843718649501 1.5 -65.27689018861209
v -15.032193933908804 1.5 -64.27928780414331
v -17.105499469293942 1.5 -63.83859310825042
v -23.68474378819935 1.5 -61.7008670427096
v -30.004493097806144 1.5 -58.887133366113844
v -32.612726112360804 1.5 -57.38126933305144
v -35.995506902193405 1.5 -55.428219933432096
v -35.99550690219342 1.5 -55.42821993343209
v -55.09149112699622 1.5 44.02631123499304
v -53.09209378793385 1.5 45.4789584322026
v -58.74457184124249 1.5 32.7832848607849
v -55.09149112699622 1.5 44.02631123499304
v 92.94082582718566 1.5 -16.9782324300953
v 92.94082582718565 1.5 -16.97823243009528
v 92.3749906216554 1.5 -15.70734575050468
v 91.0 1.5 -11.475559750465479
v 91.0 1.5 -9.564485409176154
v 91.6350830674575 1.5 -6.576654487995649
v 94.43981880471969 1.5 -2.716266927528584
v 96.2127401668559 1.5 -0.7472382749321037
v 99.59502927757094 1.5 -4.503650890062736
v 100.43272226527202 1.5 -5.954577705905167
v 101.0 1.5 -8.623409617143174
v 101.0 1.5 -12.76076049527836
v 100.77549004745636 1.5 -13.451731080153921
v 98.46075624856273 1.5 -17.460967625834602
v 94.76837466720188 1.5 -20.14363987431695
v 92.94082582718566 1.5 -16.9782324300953
v -70.93280258529353 0.5 -24.34002367752237
v -85.70376127539535 0.5 -7.935212100270261
v -92.23463935315256 0.5 1.053770410756281
v -92.99202874776229 0.5 4.617007361236904
v -93.35739834464093 0.5 8.09326686643255
v -68.0 0.5 -27.59723093227278
v -70.03239854099573 0.5 -25.340023677522332
v -68.0 0.5 -27.59723093227278
v -61.66016537900323 0.5 -34.638330604299185
v -67.0 0.5 -28.707843447101972
v 99.59502927757094 0.5 -4.503650890062736
v 100.43272226527202 0.5 -5.954577705905167
v 101.0 0.5 -12.76076049527836
v 100.77549004745636 0.5 -13.451731080153921
v 98.46075624856273 0.5 -17.460967625834602
v 94.76837466720188 0.5 -20.14363987431695
v 3.511321211963748 0.5 -67.0
v -3.5113212119640824 0.5 -67.0
v -10.495492865901014 0.5 -66.26593397934874
v -17.364673703679394 0.5 -64.80584451898096
v -24.043603542562924 0.5 -62.63572866457004
v -30.459106629593215 0.5 -59.779362659538684
v -36.54089337040705 0.5 -56.26804144757592
v -42.22233043678522 0.5 -52.140235798666154
v 67.0 0.5 3.5113212119640234
v 67.0 0.5 -3.5113212119637622
v 66.26593397934867 0.5 -10.495492865901332
v 64.80584451898098 0.5 -17.364673703679355
v 62.63572866457003 0.5 -24.043603542562927
v 59.779362659538684 0.5 -30.45910662959321
v 56.26804144757594 0.5 -36.54089337040701
v 52.140235798665664 0.5 -42.22233043678589
v 30.459106629591453 0.5 -59.77936265953969
v 24.043603542566007 0.5 -62.63572866456889
v 17.36467370367808 0.5 -64.80584451898125
v 10.495492865901316 0.5 -66.26593397934867
v 3.511321211963748 0.5 -67.0
v 93.45214724126836 0.5 -19.863867098284675
v 92.04859653376072 0.5 -17.432845961882187
v 91.44012899979558 0.5 -16.066205504869657
v 90.0 0.5 -11.633944190790146
v 90.0 0.5 -9.459381173910721
v 90.70112846085499 0.5 -6.160831106360082
v -70.7921456639451 0.5 -23.00176246480452
v -90.71792850206954 0.5 -0.8719386770147665
v -91.80656157094138 0.5 1.0136291090709078
v -92.99903772682755 0.5 4.6836933425158085
v -93.0 0.5 4.69284876018294
v -93.0 0.5 4.873923473323177
v -91.98107253849888 0.5 14.568370694460606
v -91.94342498872552 0.5 14.745488490672448
v -91.94058022516344 0.5 14.754243772654617
v -90.01111327416538 0.5 18.09617856330825
v -88.5542378632128 0.5 19.714202627259112
v -68.0 0.5 34.647730565621245
v -68.0 0.5 3.5637289912464185
v -70.7921456639451 0.5 -23.00176246480452
v -68.0 0.5 -6.003043242258799
v -68.0 0.5 -26.10275438240802
v -69.8917416196473 0.5 -24.00176246480448
v -68.0 0.5 -6.003043242258799
v 64.80584451898125 0.5 17.364673703678072
v 66.26593397934873 0.5 10.495492865901063
v 66.86630059097385 0.5 4.783386116753034
v 65.27689018861203 0.5 -10.338843718649741
v 63.838593108250414 0.5 -17.105499469293974
v 60.62611641353994 0.5 -26.992486106163582
v 51.28436971363342 0.5 -43.17286602184056
v 42.690051575310896 0.5 -52.71782330268508
v 31.566815296380117 0.5 -59.13982676258558
v 13.797757151330305 0.5 -64.91334373742
v 3.458913432680908 0.5 -66.0
v -3.4589134326807325 0.5 -66.0
v -10.338843718649501 0.5 -65.27689018861209
v -17.10549946929396 0.5 -63.83859310825042
v -26.992486106162698 0.5 -60.626116413540224
v -43.17286602184091 0.5 -51.28436971363299
v -54.55066809715199 0.5 -41.03975070980254
v -67.0 0.5 -27.21336689723721
v -67.0 0.5 3.5113212119637622
v -63.37419235970129 0.5 38.00857654267038
v -44.82596115684388 0.5 51.484655330822314
v -30.459106629591453 0.5 59.77936265953969
v -24.043603542566007 0.5 62.63572866456889
v -17.36467370367808 0.5 64.80584451898125
v -10.495492865901316 0.5 66.26593397934867
v -3.511321211963748 0.5 67.0
v 3.5113212119640824 0.5 67.0
v 10.495492865901014 0.5 66.26593397934874
v 17.364673703679394 0.5 64.80584451898096
v 24.043603542562924 0.5 62.63572866457004
v 30.459106629593183 0.5 59.7793626595387
v 36.54089337040699 0.5 56.268041447575946
v 42.2223304367852 0.5 52.14023579866616
v 52.71782330268521 0.5 42.69005157531067
v 59.779362659539686 0.5 30.45910662959147
v 62.63572866456887 0.5 24.043603542566036
v 64.80584451898125 0.5 17.364673703678072
v -64.46283210613996 0.5 37.21763346920572
v -67.0 0.5 13.078093445468978
v -67.0 0.5 35.374273093626606
v -64.46283210613996 0.5 37.21763346920572
v 92.78229474348318 0.5 -3.2963514614564198
v 93.66160633011168 0.5 -2.086082891160129
v 95.53992380205284 0.5 5.073666977516818e-14
v 99.26419215099105 0.5 -4.136219036912977
v 100.7606345423583 0.5 -7.497283677952976
v 101.0 0.5 -8.623409617143174
v 101.0 0.5 -10.615527761833366
v 100.58581534822879 0.5 -12.564113345440045
v 99.47605263788103 0.5 -15.056681203188738
v 98.35500060427516 0.5 -16.301735621486124
v 94.26562052742004 0.5 -19.272844160499208
v 91.0 0.5 -13.61662348876784
v 91.0 0.5 -7.940848114533209
v 92.07156994987574 0.5 -4.642894920868953
v 92.29634652793926 0.5 -4.138038460625913
v 92.78229474348318 0.5 -3.2963514614564198
v -90.71792850206954 -0.5 -0.8719386770147665
v -91.80656157094138 -0.5 1.0136291090709078
v -92.99903772682755 -0.5 4.6836933425158085
v -93.0 -0.5 4.69284876018294
v -91.94342498872554 -0.5 14.74548849067238
v -91.94058022516344 -0.5 14.754243772654593
v -90.0111132741654 -0.5 18.096178563308232
v -88.5542378632128 -0.5 19.7142026272591
v 99.26419215099105 -0.5 -4.136219036912977
v 100.7606345423583 -0.5 -7.497283677952976
v 101.0 -0.5 -8.623409617143174
v 101.0 -0.5 -10.615527761833366
v 100.58581534822879 -0.5 -12.564113345440045
v 99.47605263788103 -0.5 -15.056681203188738
v 98.35500060427516 -0.5 -16.301735621486124
v 95.53992380205284 -0.5 5.0320076262255564e-14
v 99.26419215099105 -0.5 -4.136219036912977
v 89.49023688115297 -0.5 -9.56677223350584
v 89.70826525299647 -0.5 -7.492370842425979
v 90.60278363897916 -0.5 -5.483249652575416
v 89.93160496036197 -0.5 -13.766108997560353
v 89.49023688115297 -0.5 -9.56677223350584
v -3.5113212119640465 -0.5 -67.0
v -10.495492865901053 -0.5 -66.26593397934873
v -17.364673703679394 -0.5 -64.80584451898096
v -22.91535473255813 -0.5 -63.002318925191936
v -24.043603542562874 -0.5 -62.63572866457005
v -30.45910662959317 -0.5 -59.7793626595387
v -36.54089337040701 -0.5 -56.26804144757593
v -42.222330436785214 -0.5 -52.140235798666154
v -54.550668097152 -0.5 -41.03975070980253
v -90.22076166077437 -0.5 -1.4240983929152775
v -93.0 -0.5 4.8181731204299645
v -93.0 -0.5 4.873923473323177
v -91.98107253849888 -0.5 14.568370694460606
v -91.97378174118495 -0.5 14.602671199025835
v -91.9694813883653 -0.5 14.62290276838255
v -87.95313485010028 -0.5 20.15092952999751
v -44.82596115684387 -0.5 51.48465533082233
v -30.45910662959147 -0.5 59.779362659539686
v -24.043603542566018 -0.5 62.63572866456888
v -17.364673703678076 -0.5 64.80584451898125
v -10.495492865901316 -0.5 66.26593397934867
v -3.511321211963748 -0.5 67.0
v 3.511321211964006 -0.5 67.0
v 10.495492865901069 -0.5 66.26593397934873
v 17.364673703679358 -0.5 64.80584451898098
v 24.04360354256293 -0.5 62.63572866457003
v 26.159383538560988 -0.5 61.693722718549715
v 30.459106629593197 -0.5 59.77936265953869
v 36.54089337040697 -0.5 56.26804144757596
v 42.222330436785235 -0.5 52.14023579866613
v 45.44166646237751 -0.5 49.241532621269116
v 52.71782330268522 -0.5 42.69005157531066
v 59.7793626595397 -0.5 30.45910662959145
v 62.63572866456887 -0.5 24.043603542566043
v 64.80584451898125 -0.5 17.36467370367807
v 66.26593397934873 -0.5 10.495492865901063
v 67.0 -0.5 3.5113212119640234
v 67.0 -0.5 -3.5113212119637622
v 66.26593397934867 -0.5 -10.495492865901332
v 64.80584451898098 -0.5 -17.364673703679355
v 62.63572866457003 -0.5 -24.043603542562927
v 59.779362659538684 -0.5 -30.45910662959321
v 56.26804144757594 -0.5 -36.54089337040701
v 52.140235798665664 -0.5 -42.22233043678589
v 42.690051575310896 -0.5 -52.71782330268508
v 30.459106629591453 -0.5 -59.77936265953969
v 24.043603542566007 -0.5 -62.63572866456889
v 17.36467370367808 -0.5 -64.80584451898125
v 10.495492865901316 -0.5 -66.26593397934867
v 3.511321211963748 -0.5 -67.0
v -3.5113212119640465 -0.5 -67.0
v 94.75993604270707 -0.5 -18.913702916390296
v 93.45214724126836 -0.5 -19.863867098284672
v 92.04859653376069 -0.5 -17.432845961882133
v 91.44012899979558 -0.5 -16.066205504869657
v 90.0 -0.5 -11.633944190790146
v 90.0 -0.5 -9.459381173910721
v 90.70112846085499 -0.5 -6.160831106360082
v 93.66160633011167 -0.5 -2.0860828911601477
v 95.33919986353523 -0.5 -0.22292651814341585
v 99.89651203089844 -0.5 -6.49552859124543
v 100.0 -0.5 -6.814031810044995
v 100.0 -0.5 -12.602376054954043
v 99.85691252603937 -0.5 -13.042754017938677
v 97.70100912561337 -0.5 -16.776888243687033
v 94.75993604270707 -0.5 -18.913702916390296
v -93.0 -1.5 4.8181731204299645
v -93.0 -1.5 4.873923473323177
v -91.98107253849889 -1.5 14.56837069446055
v -91.9694813883653 -1.5 14.62290276838255
v 95.33919986353523 -1.5 -0.22292651814341585
v 99.89651203089844 -1.5 -6.49552859124543
v 100.0 -1.5 -6.814031810044995
v 100.0 -1.5 -12.602376054954043
v 99.85691252603937 -1.5 -13.042754017938677
v 97.70100912561335 -1.5 -16.776888243687047
v 93.45214724126836 -1.5 -19.863867098284672
v -37.08627983862284 -1.5 57.10786296171849
v -30.91372016137851 -1.5 60.67159195296453
v -24.40246329693052 -1.5 63.570590286428896
v -18.790200194618535 -1.5 65.39412510881125
v 7.041983762800064 -1.5 67.0
v 31.975792358594756 -1.5 60.05840428400292
v 37.08627983862281 -1.5 57.10786296171851
v 42.85251447315172 -1.5 52.91844827327581
v 53.504656486308036 -1.5 43.32721652419493
v 60.67159195296453 -1.5 30.913720161378514
v 63.570590286428924 -1.5 24.402463296930456
v 65.3941251088113 -1.5 18.790200194618432
v 46.51702816777154 -1.5 -49.9620117550041
v 43.32721652419515 -1.5 -53.50465648630791
v 39.1987879478126 -1.5 -55.88820583621252
v -48.96985326514015 -1.5 -47.23787350517927
v 92.54241150876362 -1.5 -20.288158588125334
v 91.15636724033412 -1.5 -17.887459493665816
v 90.50526737793672 -1.5 -16.42506525923726
v 89.0 -1.5 -11.792328631114463
v 89.0 -1.5 -9.354276938645288
v 89.76717385425256 -1.5 -5.745007724724043
v 92.88339385550321 -1.5 -1.4558988547919849
v 94.19429107244645 -1.5 -7.670552051806464e-14
v -42.222330436785214 -1.5 -52.140235798666154
v -54.550668097152005 -1.5 -41.039750709802526
v -90.22076166077437 -1.5 -1.4240983929152824
v -91.11027293061728 -1.5 0.5737766299541527
v -92.00298495702575 -1.5 4.773656508488884
v -92.34632076712002 -1.5 8.040278535911526
v -90.97915853502016 -1.5 14.472271137590308
v -89.23858973857122 -1.5 18.381652661924825
v -87.95313485010028 -1.5 20.15092952999751
v -44.82596115684387 -1.5 51.48465533082233
v -30.45910662959147 -1.5 59.779362659539686
v -24.043603542566018 -1.5 62.63572866456888
v -17.364673703678076 -1.5 64.80584451898125
v -10.495492865901316 -1.5 66.26593397934867
v -3.511321211963748 -1.5 67.0
v 3.5113212119640425 -1.5 67.0
v 10.495492865901108 -1.5 66.26593397934873
v 17.36467370367938 -1.5 64.80584451898098
v 24.043603542562916 -1.5 62.63572866457004
v 30.459106629593197 -1.5 59.77936265953869
v 36.54089337040697 -1.5 56.26804144757596
v 42.222330436785235 -1.5 52.14023579866613
v 52.717823302685225 -1.5 42.69005157531066
v 59.7793626595397 -1.5 30.45910662959145
v 62.63572866456887 -1.5 24.043603542566043
v 64.80584451898125 -1.5 17.36467370367807
v 66.26593397934873 -1.5 10.495492865901063
v 67.0 -1.5 3.5113212119640234
v 67.0 -1.5 -3.5113212119637622
v 66.26593397934867 -1.5 -10.495492865901332
v 64.80584451898098 -1.5 -17.364673703679355
v 62.63572866457003 -1.5 -24.043603542562927
v 59.779362659538684 -1.5 -30.45910662959321
v 56.26804144757594 -1.5 -36.54089337040701
v 52.140235798665664 -1.5 -42.22233043678589
v 42.690051575310896 -1.5 -52.71782330268508
v 30.459106629591453 -1.5 -59.77936265953969
v 24.043603542566007 -1.5 -62.63572866456889
v 17.36467370367808 -1.5 -64.80584451898125
v 10.495492865901316 -1.5 -66.26593397934867
v 3.511321211963748 -1.5 -67.0
v -3.5113212119640465 -1.5 -67.0
v -10.49549286590111 -1.5 -66.26593397934873
v -17.36467370367938 -1.5 -64.80584451898098
v -24.043603542562874 -1.5 -62.63572866457005
v -30.45910662959317 -1.5 -59.7793626595387
v -36.54089337040701 -1.5 -56.26804144757593
v -42.222330436785214 -1.5 -52.140235798666154
v 89.70826525299647 -1.5 -7.492370842425979
v 90.60278363897916 -1.5 -5.483249652575416
v 94.86710743724959 -1.5 -0.7472382749323273
v 98.41506744892155 -1.5 -4.687647066008738
v 99.22330102231011 -1.5 -6.502969393743464
v 99.7621250224841 -1.5 -11.629537308080776
v 99.62952014676114 -1.5 -12.253394199070648
v 98.6269279358117 -1.5 -14.50525317409305
v 97.17892626988375 -1.5 -16.11342194576614
v 93.30215863171296 -1.5 -19.604079205978103
v 89.93160496036197 -1.5 -13.766108997560353
v 89.49023688115297 -1.5 -9.56677223350584
v 89.70826525299647 -1.5 -7.492370842425979
v -92.00298495702575 -2.5 4.773656508488884
v -92.34632076712002 -2.5 8.040278535911526
v -90.97915853502016 -2.5 14.472271137590308
v -89.23858973857122 -2.5 18.381652661924825
v -87.95313485010028 -2.5 20.15092952999751
v 99.22330102231011 -2.5 -6.502969393743464
v 99.7621250224841 -2.5 -11.629537308080776
v 99.62952014676114 -2.5 -12.253394199070648
v 98.6269279358117 -2.5 -14.50525317409305
v 97.17892626988375 -2.5 -16.11342194576614
v 92.54241150876362 -2.5 -20.288158588125334
v 98.41506744892155 -2.5 -4.687647066008738
v 99.22330102231011 -2.5 -6.502969393743464
v -17.62384793806247 -2.5 65.77309592971201
v -10.652142013153345 -2.5 67.25497777008522
v -3.5637289912465393 -2.5 68.0
v 3.5637289912463657 -2.5 68.0
v 10.652142013154421 -2.5 67.25497777008509
v 17.623847938061562 -2.5 65.77309592971231
v 24.402463296930534 -2.5 63.57059028642889
v 30.913720161378553 -2.5 60.67159195296452
v 65.77309592971264 -2.5 17.623847938060543
v 67.25497777008499 -2.5 10.652142013155444
v 68.0 -2.5 3.5637289912464087
v 68.0 -2.5 -3.5637289912464185
v 67.25497777008498 -2.5 -10.652142013155471
v 65.77309592971264 -2.5 -17.62384793806057
v 63.57059028642889 -2.5 -24.402463296930538
v 60.671591952964526 -2.5 -30.913720161378535
v 57.10786296171849 -2.5 -37.08627983862285
v 52.91844827327534 -2.5 -42.852514473152375
v 30.913720161378496 -2.5 -60.67159195296455
v 24.40246329693051 -2.5 -63.5705902864289
v 17.623847938062475 -2.5 -65.77309592971201
v 10.652142013153341 -2.5 -67.25497777008522
v 3.5637289912465393 -2.5 -68.0
v -3.5637289912463563 -2.5 -68.0
v -10.652142013154403 -2.5 -67.25497777008509
v -17.623847938061616 -2.5 -65.7730959297123
v -24.40246329693053 -2.5 -63.570590286428896
v -30.913720161378535 -2.5 -60.671591952964526
v -37.08627983862285 -2.5 -57.10786296171849
v -42.8525144731517 -2.5 -52.91844827327583
v -48.14924799165104 -2.5 -48.149247991651094
v 46.5173979860173 -2.5 -51.66280436056114
v 46.129733601083586 -2.5 -51.88662249755785
v 47.29524064237902 -2.5 -50.5921957913736
v 46.5173979860173 -2.5 -51.66280436056114
v 88.81770951876811 -2.5 -13.836785498400214
v 88.0 -2.5 -9.989764675596605
v 88.0 -2.5 -9.249172703379402
v 88.15397772914973 -2.5 -8.524764442632472
v 90.51188794108782 -2.5 -3.228811397055225
v 91.10265171519698 -2.5 -2.2055785250270183
v 92.10518138089866 -2.5 -0.8257148184192352
v 93.52147470764318 -2.5 0.7472382749323064
v -91.11027293061728 -2.5 0.5737766299541527
v -91.83043759685395 -2.5 3.9618850025136507
v -92.0 -2.5 4.759613389790077
v -92.0 -2.5 4.82151569403993
v -90.99389688399542 -2.5 14.393947418236506
v -87.46559259381877 -2.5 20.505149713385716
v -51.4856605706545 -2.5 46.64610048295653
v -37.08627983862284 -2.5 57.10786296171849
v -30.91372016137851 -2.5 60.67159195296453
v -26.572882251746517 -2.5 62.60425750860744
v -24.402463296930517 -2.5 63.570590286428896
v -20.663960169748442 -2.5 64.78530358687867
v -18.790200194618535 -2.5 65.39412510881125
v -3.511321211963748 -2.5 67.0
v 7.041983762800064 -2.5 67.0
v 17.364673703679397 -2.5 64.80584451898096
v 31.975792358594756 -2.5 60.05840428400292
v 37.08627983862281 -2.5 57.10786296171851
v 42.85251447315172 -2.5 52.91844827327581
v 52.443746222232605 -2.5 44.282464416605535
v 53.504656486308036 -2.5 43.32721652419493
v 60.67159195296453 -2.5 30.913720161378514
v 63.57059028642889 -2.5 24.40246329693053
v 65.3941251088113 -2.5 18.790200194618386
v 67.0 -2.5 3.5113212119640234
v 67.0 -2.5 -3.5113212119637622
v 66.26593397934867 -2.5 -10.495492865901337
v 64.80584451898098 -2.5 -17.36467370367936
v 62.63572866457003 -2.5 -24.04360354256293
v 59.77936265953869 -2.5 -30.459106629593197
v 56.26804144757593 -2.5 -36.54089337040702
v 46.51702816777156 -2.5 -49.96201175500408
v 43.32721652419515 -2.5 -53.50465648630791
v 39.1987879478126 -2.5 -55.88820583621252
v 24.043603542566007 -2.5 -62.63572866456889
v 17.36467370367808 -2.5 -64.80584451898125
v 10.495492865901316 -2.5 -66.26593397934867
v 3.511321211963748 -2.5 -67.0
v -3.5113212119640402 -2.5 -67.0
v -10.495492865901102 -2.5 -66.26593397934873
v -17.364673703679376 -2.5 -64.80584451898098
v -24.043603542562895 -2.5 -62.635728664570046
v -30.459106629593222 -2.5 -59.77936265953868
v -36.54089337040701 -2.5 -56.26804144757594
v -48.969853265140095 -2.5 -47.237873505179316
v -90.22076166077437 -2.5 -1.4240983929152693
v -90.68292505813413 -2.5 -0.3860624068927423
v -91.11027293061728 -2.5 0.5737766299541527
v 90.50526737793672 -2.5 -16.42506525923726
v 89.0 -2.5 -11.792328631114463
v 89.0 -2.5 -9.354276938645288
v 89.76717385425256 -2.5 -5.745007724724043
v 92.88339385550321 -2.5 -1.4558988547919849
v 94.19429107244645 -2.5 -8.08515244563304e-14
v 97.68841222854802 -2.5 -3.8806146842959284
v 98.02717849369675 -2.5 -4.25685273797206
v 99.0 -2.5 -8.833618087674495
v 99.0 -2.5 -10.405319291301968
v 98.28625932434625 -2.5 -13.763205164342105
v 96.94126200266413 -2.5 -16.09280886153959
v 92.13591981533511 -2.5 -19.584094322252437
v 91.15636724033408 -2.5 -17.887459493665734
v 90.50526737793672 -2.5 -16.42506525923726
v -90.22076166077437 -3.5 -1.4240983929152693
v -91.1102729306173 -3.5 0.5737766299541573
v -92.0 -3.5 4.759613389790077
v -92.0 -3.5 4.82151569403993
v -87.46559259381877 -3.5 20.505149713385716
v 92.13591981533511 -3.5 -19.584094322252437
v 93.52147470764318 -3.5 0.7472382749323064
v 98.02717849369675 -3.5 -4.256852737972059
v 99.0 -3.5 -8.833618087674495
v 99.0 -3.5 -10.405319291301968
v 98.28625932434625 -3.5 -13.763205164342105
v 96.94126200266413 -3.5 -16.09280886153959
v 92.13591981533511 -3.5 -19.584094322252437
v 56.424252314796604 -3.5 40.45340117996473
v 56.780435129638136 -3.5 39.65340147959793
v 56.12965674446046 -3.5 40.7805827071933
v 56.424252314796604 -3.5 40.45340117996473
v 91.27149408838156 -3.5 -20.086865043799403
v 90.26413794690829 -3.5 -18.342073025451153
v 87.8259676764401 -3.5 -12.865852936939605
v 87.47922032202591 -3.5 -9.566772233505624
v 87.75233282656502 -3.5 -6.968280328315004
v 89.61965864766286 -3.5 -2.7741978652683943
v 90.26283020105444 -3.5 -1.660192056811176
v 92.08512826813002 -3.5 0.8479860564212176
v -30.913720161378517 -3.5 60.67159195296453
v -24.402463296930517 -3.5 63.570590286428896
v -17.62384793806247 -3.5 65.77309592971201
v -10.652142013153345 -3.5 67.25497777008522
v -3.5637289912465393 -3.5 68.0
v 3.5637289912463657 -3.5 68.0
v 10.652142013154421 -3.5 67.25497777008509
v 17.623847938061562 -3.5 65.77309592971231
v 24.402463296930534 -3.5 63.57059028642889
v 30.913720161378553 -3.5 60.67159195296452
v 37.08627983862284 -3.5 57.107862961718496
v 42.85251447315173 -3.5 52.91844827327581
v 53.50465648630804 -3.5 43.327216524194924
v 60.67159195296454 -3.5 30.913720161378507
v 63.57059028642889 -3.5 24.402463296930538
v 65.77309592971264 -3.5 17.623847938060543
v 67.25497777008499 -3.5 10.652142013155444
v 68.0 -3.5 3.5637289912464087
v 68.0 -3.5 -3.5637289912464185
v 67.25497777008498 -3.5 -10.652142013155471
v 65.77309592971264 -3.5 -17.62384793806057
v 63.57059028642889 -3.5 -24.402463296930538
v 60.671591952964526 -3.5 -30.913720161378535
v 57.10786296171849 -3.5 -37.08627983862285
v 52.91844827327534 -3.5 -42.852514473152375
v 43.327216524195144 -3.5 -53.504656486307915
v 30.913720161378496 -3.5 -60.67159195296455
v 24.40246329693051 -3.5 -63.5705902864289
v 17.623847938062475 -3.5 -65.77309592971201
v 10.652142013153341 -3.5 -67.25497777008522
v 3.5637289912465393 -3.5 -68.0
v -3.5637289912463563 -3.5 -68.0
v -10.652142013154403 -3.5 -67.25497777008509
v -17.623847938061616 -3.5 -65.7730959297123
v -24.40246329693053 -3.5 -63.570590286428896
v -30.913720161378535 -3.5 -60.671591952964526
v -37.08627983862285 -3.5 -57.10786296171849
v -42.8525144731517 -3.5 -52.91844827327583
v -48.14924799165104 -3.5 -48.149247991651094
v -89.81751988978583 -3.5 -1.8719437502770329
v -91.9981318637669 -3.5 4.839289823011762
v -90.99389688399542 -3.5 14.393947418236506
v -89.19763998801378 -3.5 17.505155625522686
v -87.23712028264335 -3.5 19.68253334587633
v -81.55092106425552 -3.5 24.802410118795944
v -37.086279838622815 -3.5 57.10786296171851
v -30.913720161378517 -3.5 60.67159195296453
v 46.129733601083586 -3.5 -51.88662249755785
v 47.29524064237902 -3.5 -50.5921957913736
v 46.5173979860173 -3.5 -51.66280436056114
v 46.129733601083586 -3.5 -51.88662249755785
v 88.81770951876811 -3.5 -13.836785498400214
v 88.0 -3.5 -9.989764675596605
v 88.0 -3.5 -9.249172703379402
v 88.15397772914973 -3.5 -8.524764442632472
v 90.51188794108782 -3.5 -3.228811397055225
v 91.10265171519698 -3.5 -2.2055785250270183
v 92.10518138089866 -3.5 -0.8257148184192352
v 92.84865834283993 -3.5 -7.176875068610356e-14
v 97.28337301394954 -3.5 -4.9252496134310375
v 98.41946942247448 -3.5 -8.421794826592174
v 98.53981139722461 -3.5 -9.566772233505818
v 98.37552388569358 -3.5 -11.129863493489411
v 97.50496416125972 -3.5 -13.809170825507307
v 96.1077299872477 -3.5 -15.732298681281936
v 92.03124121133105 -3.5 -19.402785661652025
v 88.81770951876811 -3.5 -13.836785498400214
v 46.5173979860173 -4.5 -51.66280436056115
v -89.81751988978583 -4.5 -1.8719437502770329
v -91.9981318637669 -4.5 4.839289823011762
v -90.99389688399542 -4.5 14.393947418236506
v -89.19763998801378 -4.5 17.505155625522686
v -87.23712028264335 -4.5 19.68253334587633
v 97.50496416125972 -4.5 -13.809170825507307
v 96.1077299872477 -4.5 -15.732298681281936
v 91.27149408838156 -4.5 -20.086865043799403
v 97.28337301394954 -4.5 -4.9252496134310375
v 98.41946942247448 -4.5 -8.421794826592174
v 98.53981139722461 -4.5 -9.566772233505818
v 98.37552388569358 -4.5 -11.129863493489411
v 97.50496416125972 -4.5 -13.809170825507307
v -34.18728150516017 -4.5 59.214108539595784
v 49.642669629943185 -4.5 47.9851117801119
v 89.89654106395572 -4.5 -19.975030243941436
v 88.63554413421846 -4.5 -17.142784767971246
v 87.0 -4.5 -12.10909751176355
v 87.0 -4.5 -7.307310353235137
v 87.67960777017613 -4.5 -5.215692707227687
v 3.563728991246407 -4.5 68.0
v 10.65214201315433 -4.5 67.2549777700851
v 17.62384793806158 -4.5 65.7730959297123
v 24.40246329693052 -4.5 63.570590286428896
v 30.913720161378517 -4.5 60.67159195296453
v 37.08627983862282 -4.5 57.1078629617185
v 41.999310000853306 -4.5 53.53833760748498
v 42.85251447315169 -4.5 52.91844827327583
v 53.50465648630803 -4.5 43.32721652419493
v 60.671591952964526 -4.5 30.91372016137853
v 63.57059028642889 -4.5 24.40246329693053
v 65.0389273819514 -4.5 19.883386391017208
v 65.77309592971264 -4.5 17.623847938060543
v 67.25497777008499 -4.5 10.652142013155444
v 68.0 -4.5 3.5637289912464087
v 68.0 -4.5 -3.5637289912464185
v 67.25497777008498 -4.5 -10.652142013155471
v 66.68287175729233 -4.5 -13.343689186753455
v 65.77309592971262 -4.5 -17.623847938060585
v 64.15477136990083 -4.5 -22.604538793599737
v 63.570590286428896 -4.5 -24.402463296930517
v 60.67159195296453 -4.5 -30.91372016137851
v 57.107862961718496 -4.5 -37.08627983862283
v 46.78051198626172 -4.5 -51.30065900760187
v 45.37134762505816 -4.5 -52.324476844965766
v 30.913720161378496 -4.5 -60.67159195296455
v 24.40246329693051 -4.5 -63.5705902864289
v 17.623847938062475 -4.5 -65.77309592971201
v 10.652142013153341 -4.5 -67.25497777008522
v 3.5637289912465393 -4.5 -68.0
v -3.5637289912463563 -4.5 -68.0
v -10.652142013154403 -4.5 -67.25497777008509
v -17.623847938061616 -4.5 -65.7730959297123
v -24.40246329693051 -4.5 -63.5705902864289
v -30.913720161378514 -4.5 -60.67159195296453
v -37.08627983862286 -4.5 -57.10786296171848
v -40.56646512650151 -4.5 -54.57936034473606
v -42.8525144731517 -4.5 -52.91844827327583
v -48.14924799165104 -4.5 -48.149247991651094
v -84.92554880078792 -4.5 -7.3050280639006955
v -89.01190534625155 -4.5 -1.6806407941255188
v -90.72304889114947 -4.5 2.162650533144037
v -91.0 -4.5 4.797664318749026
v -91.0 -4.5 9.564485409176154
v -90.0228633335525 -4.5 14.161551991220517
v -88.3677940247535 -4.5 17.87889852214328
v -86.71735678201571 -4.5 20.150530503919853
v -86.37983080969252 -4.5 20.45444025445522
v -81.55092106425552 -4.5 24.80241011879594
v -37.0862798386228 -4.5 57.10786296171852
v -30.913720161378517 -4.5 60.67159195296453
v -24.402463296930517 -4.5 63.570590286428896
v -17.62384793806247 -4.5 65.77309592971201
v -12.976043988123056 -4.5 66.76101715662749
v -10.652142013153343 -4.5 67.25497777008522
v -3.5637289912465393 -4.5 68.0
v 3.563728991246407 -4.5 68.0
v 56.12965674446046 -4.5 40.7805827071933
v 56.4242523147966 -4.5 40.453401179964736
v 56.780435129638114 -4.5 39.65340147959797
v 56.12965674446046 -4.5 40.7805827071933
v 90.26413794690829 -4.5 -18.342073025451153
v 87.8259676764401 -4.5 -12.865852936939605
v 87.47922032202591 -4.5 -9.566772233505624
v 87.75233282656502 -4.5 -6.968280328315004
v 89.61965864766286 -4.5 -2.7741978652683943
v 90.26283020105443 -4.5 -1.660192056811205
v 92.08512826813002 -4.5 0.8479860564212145
v 92.10518138089914 -4.5 0.8257148184185468
v 96.72585934609211 -4.5 -5.534102793192587
v 97.59706939343202 -4.5 -7.043082859249795
v 98.0 -4.5 -8.938722322939928
v 98.0 -4.5 -10.30021505603608
v 97.71692974382579 -4.5 -11.631955906331047
v 95.96553819802968 -4.5 -15.56564572369406
v 90.81969238940172 -4.5 -19.304321546220397
v 90.26413794690829 -4.5 -18.342073025451153
v -89.01190534625155 -5.5 -1.6806407941255188
v -90.72304889114947 -5.5 2.162650533144037
v -91.0 -5.5 4.797664318749026
v -91.0 -5.5 9.564485409176154
v -90.0228633335525 -5.5 14.161551991220517
v -88.3677940247535 -5.5 17.87889852214328
v -86.71735678201571 -5.5 20.150530503919853
v 97.59706939343202 -5.5 -7.043082859249795
v 98.0 -5.5 -8.938722322939928
v 98.0 -5.5 -10.30021505603608
v 97.71692974382579 -5.5 -11.631955906331047
v 95.96553819802968 -5.5 -15.56564572369406
v 96.72585934609211 -5.5 -5.534102793192587
v 97.59706939343202 -5.5 -7.043082859249795
v 38.58119246826873 -5.5 -57.257813338128194
v -45.75151280661589 -5.5 -50.812202695397424
v -74.4414237824051 -5.5 31.203830224298567
v -37.631666306838625 -5.5 57.947684475860854
v -31.368333693162135 -5.5 61.563821246391136
v -24.761323051298156 -5.5 64.50545190828774
v -18.999257121153608 -5.5 66.37766061998428
v 32.38476942080913 -5.5 60.97698180542019
v 37.631666306838646 -5.5 57.94768447586084
v 43.48269850952252 -5.5 53.69666074788212
v 48.85732516799895 -5.5 48.85732516799896
v 58.589604442799605 -5.5 38.04853400759257
v 64.50545190828778 -5.5 24.76132305129807
v 66.37766061998425 -5.5 18.999257121153732
v 89.06945014867048 -5.5 -20.57594696842304
v 87.70068251235918 -5.5 -17.501644522337905
v 86.0 -5.5 -12.267481952088218
v 86.0 -5.5 -9.038964232848537
v 86.67124657784248 -5.5 -5.880997371846443
v 89.42300868691187 -5.5 -1.114805588595353
v 91.40104888598259 -5.5 1.6077331793707768
v 89.06945014867048 -5.5 -20.57594696842304
v -10.652142013154403 -5.5 -67.25497777008509
v -17.623847938061616 -5.5 -65.7730959297123
v -24.40246329693051 -5.5 -63.5705902864289
v -30.913720161378514 -5.5 -60.67159195296453
v -37.08627983862286 -5.5 -57.10786296171848
v -42.85251447315172 -5.5 -52.918448273275814
v -48.14924799165107 -5.5 -48.149247991651066
v -84.9255488007879 -5.5 -7.3050280639007426
v -88.67960777017632 -5.5 -2.1380091700518635
v -90.98139175764982 -5.5 4.946153514328959
v -90.02159319937593 -5.5 14.078026800384118
v -86.29722847288335 -5.5 20.528815732586644
v -83.24035929582381 -5.5 23.28123310250046
v -81.55092106425552 -5.5 24.80241011879594
v -34.18728150516017 -5.5 59.214108539595784
v -24.40246329693051 -5.5 63.5705902864289
v -17.623847938062475 -5.5 65.77309592971201
v -10.652142013153343 -5.5 67.25497777008522
v -3.5637289912465393 -5.5 68.0
v 3.5637289912464274 -5.5 68.0
v 10.652142013154348 -5.5 67.2549777700851
v 17.623847938061587 -5.5 65.7730959297123
v 24.40246329693052 -5.5 63.570590286428896
v 30.913720161378517 -5.5 60.67159195296453
v 37.08627983862282 -5.5 57.1078629617185
v 49.642669629943185 -5.5 47.9851117801119
v 56.42425231479659 -5.5 40.45340117996475
v 63.57059028642889 -5.5 24.40246329693053
v 65.77309592971264 -5.5 17.623847938060546
v 67.25497777008499 -5.5 10.652142013155444
v 68.0 -5.5 3.5637289912464087
v 68.0 -5.5 -3.5637289912464185
v 67.25497777008498 -5.5 -10.652142013155471
v 65.77309592971264 -5.5 -17.62384793806057
v 63.570590286428896 -5.5 -24.402463296930517
v 60.67159195296453 -5.5 -30.91372016137851
v 57.107862961718496 -5.5 -37.08627983862283
v 46.78051198626172 -5.5 -51.30065900760187
v 45.37134762505816 -5.5 -52.324476844965766
v 30.913720161378496 -5.5 -60.67159195296455
v 24.40246329693051 -5.5 -63.5705902864289
v 17.623847938062475 -5.5 -65.77309592971201
v 10.652142013153341 -5.5 -67.25497777008522
v 3.5637289912465393 -5.5 -68.0
v -3.5637289912463563 -5.5 -68.0
v -10.652142013154403 -5.5 -67.25497777008509
v 89.89654106395572 -5.5 -19.975030243941436
v 88.63554413421846 -5.5 -17.142784767971246
v 87.0 -5.5 -12.10909751176355
v 87.0 -5.5 -7.307310353235137
v 87.67960777017613 -5.5 -5.215692707227687
v 92.08512826813002 -5.5 0.8479860564212145
v 92.10518138089914 -5.5 0.8257148184185468
v 96.05884376782532 -5.5 -4.61603461059355
v 97.0 -5.5 -9.043826558205813
v 97.0 -5.5 -10.195110820770648
v 96.39582407645283 -5.5 -13.037535062112665
v 95.08549635724373 -5.5 -15.307089246348664
v 89.9207864188469 -5.5 -19.957414962506416
v 89.89654106395572 -5.5 -19.975030243941436
v -84.92554880078788 -6.5 -7.3050280639007505
v -88.67960777017632 -6.5 -2.1380091700518635
v -90.98139175764982 -6.5 4.946153514328959
v -90.02159319937593 -6.5 14.078026800384118
v -86.29722847288335 -6.5 20.528815732586644
v -74.4414237824051 -6.5 31.203830224298567
v 91.40104888598259 -6.5 1.6077331793707768
v 92.10518138089917 -6.5 0.8257148184185246
v 96.05884376782532 -6.5 -4.61603461059355
v 97.0 -6.5 -9.043826558205813
v 97.0 -6.5 -10.195110820770648
v 96.39582407645283 -6.5 -13.037535062112665
v 95.08549635724373 -6.5 -15.307089246348664
v 89.9207864188469 -6.5 -19.957414962506416
v -17.883022172443592 -6.5 66.7403473404437
v -10.808791160407017 -6.5 68.24402156082164
v -3.6161367705296508 -6.5 69.0
v 3.6161367705296237 -6.5 69.0
v 10.808791160407056 -6.5 68.24402156082162
v 17.883022172443624 -6.5 66.74034734044369
v 24.761323051298117 -6.5 64.50545190828775
v 31.36833369316216 -6.5 61.56382124639112
v 66.74034734044366 -6.5 17.883022172443706
v 68.24402156082162 -6.5 10.808791160407027
v 69.0 -6.5 3.616136770529655
v 69.0 -6.5 -2.4424578885880437
v 64.02807369979783 -6.5 -25.833532062627025
v 61.56382124639113 -6.5 -31.368333693162143
v 57.947684475860825 -6.5 -37.63166630683867
v 49.39854597501158 -6.5 -49.3985459750116
v 37.631666306838646 -6.5 -57.94768447586084
v 31.368333693162104 -6.5 -61.56382124639115
v 24.76132305129807 -6.5 -64.50545190828778
v 17.883022172443642 -6.5 -66.74034734044369
v 11.956822342810385 -6.5 -68.0
v -7.147087998065995 -6.5 -68.0
v -25.833532062627526 -6.5 -64.0280736997976
v -31.36833369316214 -6.5 -61.56382124639113
v -37.63166630683867 -6.5 -57.947684475860825
v -43.482698509522535 -6.5 -53.69666074788211
v -48.85732516799894 -6.5 -48.85732516799897
v -79.30234116989158 -6.5 -15.044709382121967
v -83.7998010560168 -6.5 -8.854486906814868
v 86.76582089049975 -6.5 -17.86050427670424
v 86.30353943216265 -6.5 -16.437748242838776
v 85.0 -6.5 -10.305077381393891
v 85.0 -6.5 -8.93385999758265
v 85.28509212474694 -6.5 -7.5926070035229865
v 87.83520006081042 -6.5 -1.8649708016994282
v 88.58318717276826 -6.5 -0.569419120381747
v 90.23296235748472 -6.5 1.7013016167039794
v 88.24235923338524 -6.5 -21.176863692904643
v 86.76582089049975 -6.5 -17.86050427670424
v 67.25497777008498 -6.5 -10.652142013155471
v 65.97632248627228 -6.5 -16.667742161024442
v 65.77309592971264 -6.5 -17.62384793806057
v 63.570590286428896 -6.5 -24.402463296930517
v 60.67159195296453 -6.5 -30.91372016137851
v 57.107862961718496 -6.5 -37.08627983862283
v 46.78051198626172 -6.5 -51.30065900760187
v 38.58119246826873 -6.5 -57.257813338128194
v 24.40246329693051 -6.5 -63.5705902864289
v 17.623847938062475 -6.5 -65.77309592971201
v 10.652142013153341 -6.5 -67.25497777008522
v 3.5637289912465393 -6.5 -68.0
v -3.56372899124639 -6.5 -68.0
v -10.65214201315444 -6.5 -67.25497777008509
v -14.163160847438192 -6.5 -66.50868767871104
v -17.62384793806157 -6.5 -65.77309592971231
v -24.40246329693049 -6.5 -63.5705902864289
v -30.913720161378524 -6.5 -60.671591952964526
v -37.086279838622836 -6.5 -57.107862961718496
v -45.75151280661589 -6.5 -50.812202695397424
v -84.2812475850223 -6.5 -8.020597057449672
v -89.96940652810686 -6.5 1.8315832335000877
v -90.48492511775042 -6.5 3.4181863099538874
v -90.96804642650962 -6.5 4.90508080838059
v -89.06656813208502 -6.5 13.850832844850256
v -87.49699831093561 -6.5 17.376144382362096
v -85.97011850708405 -6.5 19.477714139115943
v -66.70174246418387 -6.5 36.82703785519489
v -37.631666306838625 -6.5 57.947684475860854
v -31.368333693162135 -6.5 61.563821246391136
v -24.761323051298156 -6.5 64.50545190828774
v -18.999257121153608 -6.5 66.37766061998428
v -3.5637289912465393 -6.5 68.0
v 3.563728991246386 -6.5 68.0
v 10.652142013154439 -6.5 67.25497777008509
v 17.62384793806157 -6.5 65.77309592971231
v 32.38476942080913 -6.5 60.97698180542019
v 37.631666306838646 -6.5 57.94768447586084
v 43.48269850952252 -6.5 53.69666074788212
v 48.85732516799895 -6.5 48.85732516799896
v 58.589604442799605 -6.5 38.04853400759257
v 64.50545190828778 -6.5 24.76132305129807
v 66.37766061998425 -6.5 18.999257121153732
v 68.0 -6.5 3.5637289912464087
v 68.0 -6.5 -3.5637289912464185
v 67.25497777008498 -6.5 -10.652142013155471
v 87.70068251235918 -6.5 -17.501644522337905
v 86.0 -6.5 -12.267481952088218
v 86.0 -6.5 -9.038964232848537
v 86.67124657784248 -6.5 -5.880997371846443
v 89.42300868691187 -6.5 -1.114805588595353
v 90.85099634623444 -6.5 0.8506508083521798
v 95.28805990053733 -6.5 -5.2564432477718785
v 96.0 -6.5 -7.447569571343066
v 96.0 -6.5 -10.09000658550476
v 95.28251550560553 -6.5 -13.465505740916905
v 94.26409849607094 -6.5 -14.867236500340633
v 89.22705422801526 -6.5 -20.46144090219192
v 89.06945014867048 -6.5 -20.57594696842304
v 87.70068251235918 -6.5 -17.501644522337905
v -79.30234116989158 -7.5 -15.044709382121967
v -83.7998010560168 -7.5 -8.854486906814868
v -89.96940652810686 -7.5 1.8315832335000877
v -90.96804642650962 -7.5 4.90508080838059
v -89.06656813208502 -7.5 13.850832844850256
v -87.49699831093561 -7.5 17.376144382362096
v -85.97011850708405 -7.5 19.477714139115943
v 95.28805990053733 -7.5 -5.2564432477718785
v 96.0 -7.5 -7.447569571343066
v 96.0 -7.5 -10.09000658550476
v 95.28251550560553 -7.5 -13.465505740916905
v 94.26409849607094 -7.5 -14.867236500340633
v 89.22705422801526 -7.5 -20.46144090219192
v 88.24235923338524 -7.5 -21.176863692904643
v 69.0 -7.5 -3.616136770529665
v 68.24402156082162 -7.5 -10.808791160407052
v 66.74034734044369 -7.5 -17.88302217244364
v 64.50545190828775 -7.5 -24.761323051298117
v 10.808791160407017 -7.5 -68.24402156082164
v 3.6161367705296508 -7.5 -69.0
v -3.6161367705296836 -7.5 -69.0
v -10.808791160406978 -7.5 -68.24402156082164
v -17.883022172443646 -7.5 -66.74034734044368
v -24.761323051298124 -7.5 -64.50545190828775
v 84.0 -7.5 -8.828755762317217
v 84.32879692327947 -7.5 -7.281887857152736
v 85.314018717148 -7.5 -5.069043477672147
v 84.50361611740898 -7.5 -12.77950916624074
v 84.0 -7.5 -10.410181616659779
v 84.0 -7.5 -8.828755762317217
v -37.631666306838646 -7.5 57.94768447586084
v -31.368333693162167 -7.5 61.563821246391115
v -24.76132305129808 -7.5 64.50545190828777
v -17.883022172443592 -7.5 66.7403473404437
v -10.808791160407017 -7.5 68.24402156082164
v -3.6161367705296508 -7.5 69.0
v 3.6161367705296237 -7.5 69.0
v 10.808791160407056 -7.5 68.24402156082162
v 17.883022172443624 -7.5 66.74034734044369
v 24.761323051298117 -7.5 64.50545190828775
v 31.36833369316216 -7.5 61.56382124639112
v 37.631666306838646 -7.5 57.94768447586084
v 43.48269850952252 -7.5 53.69666074788212
v 48.85732516799895 -7.5 48.85732516799896
v 58.589604442799605 -7.5 38.04853400759257
v 64.50545190828775 -7.5 24.761323051298135
v 66.74034734044366 -7.5 17.883022172443706
v 68.24402156082162 -7.5 10.808791160407027
v 69.0 -7.5 3.616136770529655
v 69.0 -7.5 -2.4424578885880437
v 64.02807369979783 -7.5 -25.833532062627025
v 61.56382124639113 -7.5 -31.368333693162143
v 57.947684475860825 -7.5 -37.63166630683867
v 49.39854597501158 -7.5 -49.3985459750116
v 37.631666306838646 -7.5 -57.94768447586084
v 31.368333693162104 -7.5 -61.56382124639115
v 24.76132305129807 -7.5 -64.50545190828778
v 17.883022172443642 -7.5 -66.74034734044369
v 11.956822342810385 -7.5 -68.0
v -7.147087998065995 -7.5 -68.0
v -25.833532062627526 -7.5 -64.0280736997976
v -31.36833369316214 -7.5 -61.56382124639113
v -37.63166630683867 -7.5 -57.947684475860825
v -43.482698509522535 -7.5 -53.69666074788211
v -48.85732516799894 -7.5 -48.85732516799897
v -72.90092106439066 -7.5 -22.154206663970502
v -88.1411096324333 -7.5 -1.1778866543451536
v -89.19768252768216 -7.5 1.1952149226942612
v -89.98219833872828 -7.5 4.886071628703748
v -89.04928951475652 -7.5 13.762106182531188
v -85.51039528926115 -7.5 19.8916507837013
v -66.70174246418387 -7.5 36.82703785519489
v -37.631666306838646 -7.5 57.94768447586084
v 86.30353943216265 -7.5 -16.437748242838776
v 85.0 -7.5 -10.305077381393891
v 85.0 -7.5 -8.93385999758265
v 85.28509212474694 -7.5 -7.5926070035229865
v 87.83520006081042 -7.5 -1.8649708016994282
v 88.58318717276826 -7.5 -0.569419120381747
v 90.23296235748472 -7.5 1.7013016167039794
v 95.0334148673722 -7.5 -4.905954427985604
v 95.52328655853405 -7.5 -9.56677223350577
v 95.42491735217449 -7.5 -10.50269271388335
v 93.97671202225767 -7.5 -14.959810416217778
v 87.90743514135744 -7.5 -20.424611865743746
v 86.76582089049975 -7.5 -17.86050427670424
v 86.30353943216265 -7.5 -16.437748242838776
v -85.51039528926115 -8.5 19.8916507837013
v -88.1411096324333 -8.5 -1.1778866543451536
v -89.19768252768216 -8.5 1.1952149226942612
v -89.98219833872828 -8.5 4.886071628703748
v -89.04928951475652 -8.5 13.762106182531188
v -85.51039528926115 -8.5 19.8916507837013
v 90.23296235748472 -8.5 1.7013016167039796
v 95.0334148673722 -8.5 -4.905954427985604
v 95.52328655853405 -8.5 -9.56677223350577
v 95.42491735217449 -8.5 -10.50269271388335
v 93.97671202225767 -8.5 -14.959810416217778
v 87.90743514135744 -8.5 -20.424611865743746
v 86.69837821482206 -8.5 -20.167618882575997
v 83.54732091594151 -8.5 -13.090228312610995
v 83.0 -8.5 -10.515285851925212
v 83.0 -8.5 -8.723651527050794
v 83.3725017218116 -8.5 -6.971168710783383
v 84.44322300333063 -8.5 -4.566289337889798
v 88.99689437998472 -8.5 1.7013016167039798
v 86.69837821482206 -8.5 -20.167618882575997
v -66.70174246418387 -8.5 36.82703785519488
v -37.63166630683865 -8.5 57.94768447586083
v -31.36833369316214 -8.5 61.56382124639113
v -24.761323051298092 -8.5 64.50545190828777
v -17.88302217244359 -8.5 66.7403473404437
v -10.808791160407015 -8.5 68.24402156082164
v -3.6161367705296508 -8.5 69.0
v 3.616136770529604 -8.5 69.0
v 10.808791160407031 -8.5 68.24402156082162
v 17.883022172443674 -8.5 66.74034734044368
v 24.761323051298092 -8.5 64.50545190828777
v 31.368333693162153 -8.5 61.56382124639112
v 37.63166630683868 -8.5 57.94768447586082
v 43.48269850952253 -8.5 53.69666074788212
v 48.85732516799895 -8.5 48.85732516799896
v 58.589604442799605 -8.5 38.04853400759257
v 64.50545190828775 -8.5 24.761323051298135
v 66.74034734044366 -8.5 17.883022172443706
v 68.24402156082162 -8.5 10.808791160407027
v 69.0 -8.5 3.616136770529655
v 69.0 -8.5 -3.616136770529665
v 68.24402156082162 -8.5 -10.808791160407052
v 66.74034734044369 -8.5 -17.88302217244364
v 64.50545190828775 -8.5 -24.761323051298117
v 61.56382124639112 -8.5 -31.368333693162153
v 57.94768447586084 -8.5 -37.631666306838646
v 49.39854597501158 -8.5 -49.398545975011594
v 37.63166630683863 -8.5 -57.94768447586085
v 31.368333693162157 -8.5 -61.56382124639112
v 24.761323051298085 -8.5 -64.50545190828777
v 17.883022172443592 -8.5 -66.7403473404437
v 10.808791160407017 -8.5 -68.24402156082164
v 3.6161367705296508 -8.5 -69.0
v -3.6161367705296836 -8.5 -69.0
v -10.808791160406978 -8.5 -68.24402156082164
v -17.883022172443646 -8.5 -66.74034734044368
v -24.761323051298124 -8.5 -64.50545190828775
v -31.368333693162146 -8.5 -61.56382124639113
v -37.63166630683868 -8.5 -57.94768447586082
v -43.48269850952253 -8.5 -53.69666074788212
v -48.85732516799895 -8.5 -48.85732516799896
v -72.90092106439066 -8.5 -22.154206663970502
v -87.7774947375856 -8.5 -1.6783596216275525
v -88.56214154235371 -8.5 0.7365349319044737
v -89.0 -8.5 4.902479877315064
v -89.0 -8.5 9.354276938645288
v -88.11027293061755 -8.5 13.540113698479965
v -86.1869986373156 -8.5 17.85985848754082
v -79.41954582444417 -8.5 25.375876275031843
v -66.70174246418387 -8.5 36.82703785519488
v 84.32879692327947 -8.5 -7.281887857152736
v 85.314018717148 -8.5 -5.069043477672147
v 89.61492836873472 -8.5 0.8506508083517951
v 94.06690128932264 -8.5 -5.276964229972666
v 94.51777827897054 -8.5 -9.566772233505509
v 94.44138184100139 -8.5 -10.293635787348455
v 93.10845636005293 -8.5 -14.395958596344924
v 87.4797669259497 -8.5 -19.464053326907987
v 84.50361611740898 -8.5 -12.77950916624074
v 84.0 -8.5 -10.410181616659779
v 84.0 -8.5 -8.828755762317217
v 84.32879692327947 -8.5 -7.281887857152736
v -87.7774947375856 -9.5 -1.6783596216275525
v -88.56214154235371 -9.5 0.7365349319044737
v -89.0 -9.5 4.902479877315064
v -89.0 -9.5 9.354276938645288
v -88.11027293061755 -9.5 13.540113698479965
v -86.1869986373156 -9.5 17.85985848754082
v -79.41954582444417 -9.5 25.375876275031843
v -66.70174246418387 -9.5 36.82703785519488
v 86.69837821482206 -9.5 -20.167618882575997
v 88.99689437998472 -9.5 1.7013016167039798
v 94.06690128932264 -9.5 -5.276964229972666
v 94.51777827897054 -9.5 -9.566772233505509
v 94.44138184100139 -9.5 -10.293635787348455
v 93.10845636005293 -9.5 -14.395958596344924
v 86.69837821482206 -9.5 -20.167618882575997
v 61.0907319266515 -9.5 35.27075052284341
v 52.42255148351035 -9.5 -47.20147736816477
v 82.0 -9.5 -10.6203900871911
v 82.0 -9.5 -8.618547291785363
v 82.41620652034413 -9.5 -6.660449564413125
v 85.15851218053217 -9.5 -0.5011302063451137
v 87.01932454985034 -9.5 2.7218913606665875
v 84.55183049089402 -9.5 -20.754746404872616
v 83.40178519996917 -9.5 -17.215270945987307
v 82.0 -9.5 -10.6203900871911
v -3.616136770529614 -9.5 -69.0
v -10.808791160407036 -9.5 -68.24402156082162
v -17.883022172443678 -9.5 -66.74034734044368
v -24.761323051298092 -9.5 -64.50545190828777
v -31.368333693162153 -9.5 -61.56382124639112
v -37.631666306838646 -9.5 -57.94768447586084
v -43.48269850952255 -9.5 -53.6966607478821
v -48.85732516799898 -9.5 -48.85732516799894
v -72.90092106439066 -9.5 -22.15420666397051
v -82.95997954187212 -9.5 -8.309100438602723
v -86.94297076738457 -9.5 -1.4103572699141427
v -88.24138732621469 -9.5 1.505934069064496
v -88.97112076120739 -9.5 4.939059959224264
v -88.07698583013708 -9.5 13.446185564678366
v -84.72356210563846 -9.5 19.254485834816805
v -58.962061145964995 -9.5 42.45024548608948
v -37.63166630683863 -9.5 57.94768447586085
v -31.368333693162096 -9.5 61.56382124639116
v -24.761323051298074 -9.5 64.50545190828778
v -17.883022172443596 -9.5 66.7403473404437
v -10.808791160407013 -9.5 68.24402156082164
v -3.6161367705296508 -9.5 69.0
v 3.616136770529666 -9.5 69.0
v 10.808791160407093 -9.5 68.24402156082162
v 17.88302217244371 -9.5 66.74034734044368
v 24.761323051298103 -9.5 64.50545190828777
v 31.368333693162157 -9.5 61.56382124639112
v 37.63166630683866 -9.5 57.94768447586083
v 43.482698509522564 -9.5 53.69666074788209
v 48.85732516799895 -9.5 48.857325167998965
v 58.589604442799605 -9.5 38.04853400759257
v 64.50545190828775 -9.5 24.761323051298138
v 66.74034734044366 -9.5 17.883022172443706
v 68.24402156082162 -9.5 10.808791160407027
v 69.0 -9.5 3.616136770529655
v 69.0 -9.5 -3.616136770529665
v 68.24402156082162 -9.5 -10.808791160407052
v 66.74034734044369 -9.5 -17.88302217244364
v 64.50545190828775 -9.5 -24.761323051298117
v 61.56382124639112 -9.5 -31.368333693162153
v 57.94768447586084 -9.5 -37.631666306838646
v 49.39854597501158 -9.5 -49.398545975011594
v 37.63166630683863 -9.5 -57.94768447586085
v 31.368333693162157 -9.5 -61.56382124639112
v 24.761323051298085 -9.5 -64.50545190828777
v 17.883022172443592 -9.5 -66.7403473404437
v 10.808791160407017 -9.5 -68.24402156082164
v 3.6161367705296508 -9.5 -69.0
v -3.616136770529614 -9.5 -69.0
v 83.54732091594151 -9.5 -13.090228312610995
v 83.0 -9.5 -10.515285851925212
v 83.0 -9.5 -8.723651527050794
v 83.3725017218116 -9.5 -6.971168710783383
v 84.44322300333063 -9.5 -4.566289337889798
v 88.378860391235 -9.5 0.8506508083521757
v 93.10038771127292 -9.5 -5.647974031958717
v 93.51226999940701 -9.5 -9.566772233505516
v 93.45784632982829 -9.5 -10.084578860813558
v 92.2402006978482 -9.5 -13.83210677647206
v 86.27070999941432 -9.5 -19.20706034374025
v 83.54732091594151 -9.5 -13.090228312610995
v -88.24138732621469 -10.5 1.505934069064496
v -88.97112076120739 -10.5 4.939059959224264
v -88.07698583013708 -10.5 13.446185564678366
v -84.72356210563846 -10.5 19.254485834816805
v -72.9009210643906 -10.5 -22.154206663970562
v -82.95997954187212 -10.5 -8.309100438602723
v -86.94297076738457 -10.5 -1.4103572699141427
v -88.24138732621469 -10.5 1.505934069064496
v 93.10038771127292 -10.5 -5.647974031958717
v 93.51226999940701 -10.5 -9.566772233505516
v 93.45784632982829 -10.5 -10.084578860813558
v 92.2402006978482 -10.5 -13.83210677647206
v -46.424329171419544 -10.5 -51.559440970329376
v -51.85256386411517 -10.5 48.85166559159156
v -39.083946608049914 -10.5 58.128609051946086
v 50.31548599474681 -10.5 48.732350055043874
v 60.330984803701995 -10.5 37.60901173556137
v 34.69003564494174 -10.5 -60.084904253413505
v 81.0 -10.5 -8.51344305651993
v 81.45991131887646 -10.5 -6.349730418043739
v 84.26628288710646 -10.5 -0.04651667455996314
v 86.37591348872024 -10.5 3.607470712637229
v 83.73835720474234 -10.5 -21.487201041651833
v 82.43453378923839 -10.5 -17.4744451803717
v 81.0 -10.5 -10.725494322456532
v 81.0 -10.5 -8.51344305651993
v -58.962061145964995 -10.5 42.45024548608948
v -37.63166630683863 -10.5 57.94768447586085
v -31.368333693162096 -10.5 61.56382124639116
v -24.761323051298074 -10.5 64.50545190828778
v -17.883022172443596 -10.5 66.7403473404437
v -10.808791160407013 -10.5 68.24402156082164
v -3.6161367705296508 -10.5 69.0
v 3.6161367705296117 -10.5 69.0
v 10.808791160407035 -10.5 68.24402156082162
v 17.883022172443678 -10.5 66.74034734044368
v 24.761323051298135 -10.5 64.50545190828775
v 31.36833369316215 -10.5 61.56382124639113
v 37.631666306838646 -10.5 57.94768447586084
v 43.48269850952252 -10.5 53.69666074788212
v 48.85732516799895 -10.5 48.85732516799896
v 61.0907319266515 -10.5 35.27075052284341
v 66.74034734044366 -10.5 17.883022172443706
v 68.24402156082162 -10.5 10.808791160407027
v 69.0 -10.5 3.616136770529655
v 69.0 -10.5 -3.616136770529665
v 68.24402156082162 -10.5 -10.808791160407043
v 66.74034734044369 -10.5 -17.883022172443624
v 64.50545190828775 -10.5 -24.761323051298106
v 61.56382124639112 -10.5 -31.36833369316215
v 52.42255148351035 -10.5 -47.20147736816477
v 37.63166630683863 -10.5 -57.94768447586085
v 31.368333693162157 -10.5 -61.56382124639112
v 24.761323051298085 -10.5 -64.50545190828777
v 17.883022172443592 -10.5 -66.7403473404437
v 10.808791160407017 -10.5 -68.24402156082164
v 3.6161367705296508 -10.5 -69.0
v -3.616136770529643 -10.5 -69.0
v -10.808791160407068 -10.5 -68.24402156082162
v -17.883022172443695 -10.5 -66.74034734044368
v -24.7613230512981 -10.5 -64.50545190828777
v -31.36833369316214 -10.5 -61.56382124639113
v -37.63166630683867 -10.5 -57.947684475860825
v -43.482698509522535 -10.5 -53.69666074788211
v -48.85732516799894 -10.5 -48.85732516799897
v -66.49950095888683 -10.5 -29.263703945822275
v -86.87538170499558 -10.5 -1.2187100732015042
v -87.57860603118061 -10.5 0.9455918584393483
v -88.0 -10.5 4.95488765659831
v -88.0 -10.5 9.249172703379402
v -87.1539777291499 -10.5 13.22939455211012
v -84.30272779924172 -10.5 19.6334067462757
v -58.962061145964995 -10.5 42.45024548608948
v 82.0 -10.5 -8.618547291785363
v 82.41620652034413 -10.5 -6.660449564413125
v 85.15851218053217 -10.5 -0.5011302063451137
v 87.01932454985034 -10.5 2.7218913606665875
v 88.5831871727683 -10.5 0.5694191203816865
v 92.07753706471729 -10.5 -5.482972431896786
v 92.50676171984352 -10.5 -9.566772233505796
v 92.30390267992563 -10.5 -11.496847072118339
v 91.36682759539111 -10.5 -13.601552171892248
v 86.52904310629546 -10.5 -18.97445616952844
v 84.55183049089402 -10.5 -20.754746404872616
v 83.40178519996917 -10.5 -17.215270945987307
v 82.0 -10.5 -10.6203900871911
v 82.0 -10.5 -8.618547291785363
v -66.49950095888683 -11.5 -29.263703945822275
v -86.87538170499558 -11.5 -1.2187100732015042
v -87.57860603118061 -11.5 0.9455918584393483
v -88.0 -11.5 4.95488765659831
v -88.0 -11.5 9.249172703379402
v -87.1539777291499 -11.5 13.22939455211012
v -84.30272779924172 -11.5 19.6334067462757
v -51.85256386411517 -11.5 48.85166559159156
v 86.37591348872024 -11.5 3.607470712637229
v 88.5831871727683 -11.5 0.5694191203816865
v 92.07753706471729 -11.5 -5.482972431896786
v 92.50676171984352 -11.5 -9.566772233505796
v 92.30390267992563 -11.5 -11.496847072118339
v 91.36682759539111 -11.5 -13.601552171892248
v 86.52904310629546 -11.5 -18.97445616952844
v 83.73835720474234 -11.5 -21.487201041651833
v 38.17705277505229 -11.5 58.78750599000466
v 44.112882545893925 -11.5 54.47487322248789
v 49.56540234434682 -11.5 49.56540234434686
v 60.8762933279905 -11.5 37.00338526404351
v 62.147912281321375 -11.5 35.25315192695042
v 67.36119613115736 -11.5 19.208314047688596
v 63.381848977792096 -11.5 -28.219417292806483
v 51.19325481572334 -11.5 -49.330681654346975
v 38.17705277505224 -11.5 -58.78750599000469
v 32.79374648302438 -11.5 -61.89555932683718
v 14.424927930936107 -11.5 -67.86395027093907
v -28.21941729280646 -11.5 -63.3818489777921
v -44.945934835196674 -11.5 -53.72478957208812
v -49.56540234434686 -11.5 -49.56540234434683
v -54.4748732224879 -11.5 -44.11288254589392
v -38.17705277505225 -11.5 58.78750599000468
v -31.82294722494743 -11.5 62.45605053981699
v -25.12018280566568 -11.5 65.44031353014664
v -19.208314047688596 -11.5 67.36119613115736
v 32.793746483024385 -11.5 61.89555932683718
v 38.17705277505229 -11.5 58.78750599000466
v 80.0 -11.5 -10.8305985577225
v 80.0 -11.5 -8.408338821254043
v 80.50361611740881 -11.5 -6.039011271673889
v 83.37405359368059 -11.5 0.40809685722532296
v 85.18518428833691 -11.5 3.545067239517583
v 82.58662270587315 -11.5 -21.178594712784886
v 81.46728237850702 -11.5 -17.73361941475377
v 80.0 -11.5 -10.8305985577225
v -24.761323051298117 -11.5 -64.50545190828775
v -31.3683336931621 -11.5 -61.56382124639115
v -37.6316663068387 -11.5 -57.9476844758608
v -46.424329171419544 -11.5 -51.559440970329376
v -60.098080853384225 -11.5 -36.37320122767268
v -86.3995182047982 -11.5 -0.1723783747812556
v -87.28509212474704 -11.5 1.8166532154343502
v -87.96004318368645 -11.5 4.992048289745084
v -87.10468214551757 -11.5 13.130264946826003
v -83.93672892201674 -11.5 18.617320885931036
v -44.11288254589396 -11.5 54.474873222487865
v -39.083946608049914 -11.5 58.128609051946086
v -24.761323051298096 -11.5 64.50545190828777
v -17.883022172443585 -11.5 66.7403473404437
v -10.80879116040707 -11.5 68.24402156082162
v -3.6161367705296508 -11.5 69.0
v 3.6161367705296734 -11.5 69.0
v 10.808791160406972 -11.5 68.24402156082164
v 17.883022172443706 -11.5 66.74034734044366
v 24.761323051298202 -11.5 64.50545190828772
v 31.368333693162153 -11.5 61.56382124639113
v 37.631666306838646 -11.5 57.94768447586084
v 50.315485994746794 -11.5 48.73235005504389
v 60.330984803701995 -11.5 37.60901173556136
v 66.74034734044366 -11.5 17.88302217244371
v 68.24402156082162 -11.5 10.808791160407026
v 69.0 -11.5 3.616136770529655
v 69.0 -11.5 -3.616136770529665
v 68.24402156082162 -11.5 -10.80879116040702
v 66.74034734044368 -11.5 -17.883022172443656
v 65.8354841757125 -11.5 -20.667904637933137
v 64.50545190828775 -11.5 -24.761323051298106
v 61.56382124639112 -11.5 -31.36833369316215
v 55.29260911476317 -11.5 -42.2303917301841
v 52.42255148351035 -11.5 -47.20147736816477
v 34.69003564494174 -11.5 -60.084904253413505
v 24.76132305129811 -11.5 -64.50545190828775
v 17.88302217244352 -11.5 -66.74034734044372
v 10.808791160407115 -11.5 -68.24402156082162
v 3.6161367705296508 -11.5 -69.0
v -3.6161367705296414 -11.5 -69.0
v -10.808791160407061 -11.5 -68.24402156082162
v -17.883022172443656 -11.5 -66.74034734044368
v -22.604086497466433 -11.5 -65.20638055406127
v -24.761323051298117 -11.5 -64.50545190828775
v 81.45991131887646 -11.5 -6.349730418043739
v 84.26628288710646 -11.5 -0.04651667455996314
v 85.82859534946714 -11.5 2.6594878875467765
v 87.74336565862572 -11.5 0.024032652165891556
v 91.25294728494845 -11.5 -6.054741037935294
v 91.66609228105234 -11.5 -7.998435426186031
v 91.32593646670998 -11.5 -11.234801815062204
v 90.32408922622092 -11.5 -13.484987559035076
v 88.7972094223687 -11.5 -15.586557315789854
v 83.40009599202469 -11.5 -20.446140076005786
v 82.43453378923839 -11.5 -17.4744451803717
v 81.0 -11.5 -10.725494322456532
v 81.0 -11.5 -8.51344305651993
v 81.45991131887646 -11.5 -6.349730418043739
v 60.8762933279905 -12.5 37.00338526404351
v 62.147912281321375 -12.5 35.25315192695042
v 51.19325481572334 -12.5 -49.330681654346975
v -86.3995182047982 -12.5 -0.1723783747812556
v -87.28509212474704 -12.5 1.8166532154343502
v -87.96004318368645 -12.5 4.992048289745084
v -87.10468214551757 -12.5 13.130264946826003
v -83.93672892201674 -12.5 18.617320885931036
v 85.18518428833691 -12.5 3.545067239517583
v 87.74336565862572 -12.5 0.024032652165891556
v 91.25294728494845 -12.5 -6.054741037935294
v 91.66609228105234 -12.5 -7.998435426186031
v 91.32593646670998 -12.5 -11.234801815062204
v 90.32408922622092 -12.5 -13.484987559035076
v 88.7972094223687 -12.5 -15.586557315789854
v 82.58662270587315 -12.5 -21.178594712784886
v 31.822947224947487 -12.5 -62.456050539816964
v 25.120182805665664 -12.5 -65.44031353014664
v 18.14219640682672 -12.5 -67.70759875117474
v 12.061926578075818 -12.5 -69.0
v -7.252192233331945 -12.5 -69.0
v -26.144251208997307 -12.5 -64.98436890126528
v -31.82294722494748 -12.5 -62.456050539816964
v -38.177052775052296 -12.5 -58.787505990004654
v -44.112882545893946 -12.5 -54.47487322248788
v -18.14219640682674 -12.5 67.70759875117473
v -10.965440307658602 -12.5 69.23306535155827
v -3.668544549812897 -12.5 70.0
v 3.668544549812911 -12.5 70.0
v 10.965440307658639 -12.5 69.23306535155827
v 18.14219640682669 -12.5 67.70759875117474
v 25.12018280566572 -12.5 65.44031353014661
v 31.822947224947466 -12.5 62.45605053981697
v 67.70759875117473 -12.5 18.142196406826745
v 69.23306535155827 -12.5 10.965440307658609
v 70.0 -12.5 3.6685445498129012
v 70.0 -12.5 -2.5475621238534765
v 64.9843689012653 -12.5 -26.14425120899729
v 62.45605053981696 -12.5 -31.822947224947498
v 55.07832285355197 -12.5 -44.60154642196604
v 31.822947224947487 -12.5 -62.456050539816964
v 57.483190025923754 -12.5 -42.43619429396337
v 58.564893716490545 -12.5 -40.56262854316693
v 57.896364069964065 -12.5 -42.064170713710574
v 57.483190025923754 -12.5 -42.43619429396337
v 65.37682246218077 -12.5 29.107636714486183
v 65.71855496043783 -12.5 27.499911713798753
v 65.05002531391202 -12.5 29.557434401024842
v 65.37682246218077 -12.5 29.107636714486183
v 78.42964580595428 -12.5 -9.566772233505608
v 78.61237569490659 -12.5 -7.828213473333687
v 82.48182430025476 -12.5 0.8627103890106729
v 83.99445508795367 -12.5 3.4826637663981086
v 81.43488820700387 -12.5 -20.869988383917626
v 78.74875919901385 -12.5 -12.60293335729788
v 78.42964580595428 -12.5 -9.566772233505608
v 80.6214149208521 -12.5 -21.602443020696917
v 80.30542191794765 -12.5 -21.88696439848191
v 79.53277955704515 -12.5 -18.25196788352144
v 80.6214149208521 -12.5 -21.602443020696917
v 49.56540234434682 -12.5 49.56540234434686
v 54.47487322248792 -12.5 44.11288254589389
v 63.147912281321354 -12.5 32.17546838977522
v 67.36119613115736 -12.5 19.20831404768858
v 69.0 -12.5 3.616136770529655
v 69.0 -12.5 -3.616136770529665
v 68.24402156082162 -12.5 -10.80879116040702
v 66.74034734044368 -12.5 -17.883022172443656
v 63.381848977792096 -12.5 -28.219417292806483
v 52.673455681179696 -12.5 -46.76689854996914
v 44.112882545893925 -12.5 -54.474873222487886
v 39.711965629830516 -12.5 -57.67232652422616
v 38.17705277505224 -12.5 -58.78750599000469
v 32.79374648302438 -12.5 -61.89555932683718
v 14.424927930936107 -12.5 -67.86395027093907
v 3.6161367705296508 -12.5 -69.0
v -3.6161367705297014 -12.5 -69.0
v -10.808791160406994 -12.5 -68.24402156082164
v -11.293798345133304 -12.5 -68.14093010125096
v -17.883022172443656 -12.5 -66.74034734044368
v -28.21941729280646 -12.5 -63.3818489777921
v -44.945934835196674 -12.5 -53.72478957208812
v -49.56540234434685 -12.5 -49.56540234434683
v -54.474873222487886 -12.5 -44.11288254589393
v -81.28033651358724 -12.5 -7.218327502171054
v -85.1585121805321 -12.5 -0.5011302063452454
v -86.81118403828697 -12.5 3.2108315613688005
v -86.97646618224415 -12.5 4.7833861167526965
v -86.09784418791396 -12.5 13.142915988305917
v -84.8846111694832 -12.5 15.867881963016234
v -83.19340354292751 -12.5 18.195629563970428
v -78.00339147174861 -12.5 23.959721922336286
v -44.11288254589395 -12.5 54.474873222487865
v -38.17705277505225 -12.5 58.787505990004675
v -31.822947224947516 -12.5 62.45605053981694
v -25.120182805665717 -12.5 65.44031353014661
v -19.20831404768857 -12.5 67.36119613115736
v -3.6161367705296508 -12.5 69.0
v 3.6161367705297094 -12.5 69.0
v 10.808791160407011 -12.5 68.24402156082164
v 17.883022172443667 -12.5 66.74034734044368
v 32.79374648302436 -12.5 61.89555932683719
v 38.17705277505227 -12.5 58.78750599000467
v 44.11288254589393 -12.5 54.474873222487886
v 45.90613932614557 -12.5 52.86021756508478
v 49.56540234434682 -12.5 49.56540234434686
v 80.0 -12.5 -8.408338821254043
v 80.50361611740881 -12.5 -6.039011271673889
v 83.37405359368059 -12.5 0.40809685722532296
v 84.63786614908389 -12.5 2.5970844144272953
v 89.2266091200835 -12.5 -3.7187784485457445
v 90.1976825276822 -12.5 -5.899845032172909
v 90.65501470353146 -12.5 -8.051423756706557
v 90.50723979630928 -12.5 -9.457408081207275
v 89.28805990053719 -12.5 -13.209657975280042
v 88.04997114743674 -12.5 -14.913740950986218
v 82.2483614931554 -12.5 -20.137533747138527
v 81.46728237850702 -12.5 -17.73361941475377
v 80.0 -12.5 -10.8305985577225
v 80.0 -12.5 -8.408338821254043
v -85.1585121805321 -13.5 -0.5011302063452454
v -86.81118403828697 -13.5 3.2108315613688005
v -86.97646618224415 -13.5 4.7833861167526965
v -86.09784418791396 -13.5 13.142915988305917
v -84.8846111694832 -13.5 15.867881963016234
v -83.19340354292751 -13.5 18.195629563970428
v 89.2266091200835 -13.5 -3.7187784485457445
v 90.1976825276822 -13.5 -5.899845032172909
v 90.65501470353146 -13.5 -8.051423756706557
v 90.50723979630928 -13.5 -9.457408081207275
v 89.28805990053719 -13.5 -13.209657975280042
v 88.04997114743674 -13.5 -14.913740950986218
v -25.12018280566574 -13.5 -65.44031353014661
v 70.0 -13.5 -3.668544549812911
v 69.23306535155827 -13.5 -10.965440307658609
v 67.70759875117473 -13.5 -18.142196406826734
v 65.44031353014661 -13.5 -25.120182805665735
v 10.965440307658596 -13.5 -69.23306535155827
v 3.668544549812897 -13.5 -70.0
v -3.6685445498128977 -13.5 -70.0
v -10.965440307658616 -13.5 -69.23306535155827
v -18.142196406826745 -13.5 -67.70759875117473
v -25.12018280566574 -13.5 -65.44031353014661
v 77.0 -13.5 -11.145911263519706
v 77.0 -13.5 -8.959533927489474
v 79.91836886570542 -13.5 0.022281885896908344
v 82.42239560263937 -13.5 5.646418019889931
v 79.44731218787511 -13.5 -22.659609869890556
v 77.0 -13.5 -11.145911263519706
v 25.120182805665664 -13.5 -65.44031353014664
v 18.14219640682672 -13.5 -67.70759875117474
v 12.061926578075818 -13.5 -69.0
v -7.252192233331945 -13.5 -69.0
v -26.144251208997307 -13.5 -64.98436890126528
v -31.82294722494748 -13.5 -62.456050539816964
v -38.177052775052296 -13.5 -58.787505990004654
v -44.112882545893946 -13.5 -54.47487322248788
v -49.56540234434685 -13.5 -49.565402344346836
v -54.474873222487886 -13.5 -44.11288254589393
v -81.28033651358724 -13.5 -7.218327502171054
v -84.80880679148311 -13.5 -1.1068377078587228
v -85.61153500883455 -13.5 1.3637057115098523
v -86.0 -13.5 5.0597032151643475
v -86.0 -13.5 9.038964232848537
v -85.17266511360829 -13.5 12.931268849988891
v -84.02424792428779 -13.5 16.465733527369665
v -82.72540638488397 -13.5 18.71539306459808
v -78.00339147174861 -13.5 23.959721922336286
v -44.11288254589395 -13.5 54.474873222487865
v -38.17705277505225 -13.5 58.787505990004675
v -31.822947224947516 -13.5 62.45605053981694
v -25.120182805665717 -13.5 65.44031353014661
v -18.14219640682674 -13.5 67.70759875117473
v -10.965440307658602 -13.5 69.23306535155827
v -3.668544549812897 -13.5 70.0
v 3.668544549812911 -13.5 70.0
v 10.965440307658639 -13.5 69.23306535155827
v 18.14219640682669 -13.5 67.70759875117474
v 25.12018280566572 -13.5 65.44031353014661
v 31.822947224947466 -13.5 62.45605053981697
v 38.17705277505227 -13.5 58.78750599000467
v 44.11288254589393 -13.5 54.474873222487886
v 49.56540234434688 -13.5 49.56540234434681
v 54.47487322248787 -13.5 44.11288254589395
v 63.147912281321354 -13.5 32.17546838977522
v 67.70759875117473 -13.5 18.142196406826745
v 69.23306535155827 -13.5 10.965440307658609
v 70.0 -13.5 3.6685445498129012
v 70.0 -13.5 -2.5475621238534765
v 64.9843689012653 -13.5 -26.14425120899729
v 62.45605053981696 -13.5 -31.822947224947498
v 55.07832285355197 -13.5 -44.60154642196604
v 44.112882545893925 -13.5 -54.474873222487886
v 38.17705277505223 -13.5 -58.787505990004696
v 31.822947224947487 -13.5 -62.456050539816964
v 25.120182805665664 -13.5 -65.44031353014664
v 58.564893716490545 -13.5 -40.56262854316693
v 57.896364069964065 -13.5 -42.064170713710574
v 57.483190025923754 -13.5 -42.43619429396337
v 58.564893716490545 -13.5 -40.56262854316693
v 65.71855496043783 -13.5 27.499911713798753
v 65.05002531391202 -13.5 29.557434401024842
v 65.37682246218077 -13.5 29.107636714486183
v 65.71855496043783 -13.5 27.499911713798753
v 78.61237569490659 -13.5 -7.828213473333687
v 82.48182430025476 -13.5 0.8627103890106729
v 83.99445508795367 -13.5 3.4826637663981086
v 85.24494338832217 -13.5 1.7615142780101736
v 86.39951820479821 -13.5 0.17237837478122342
v 89.10537767743595 -13.5 -5.90508150578021
v 89.47312933830455 -13.5 -9.404004835929623
v 88.38594686794718 -13.5 -12.750008426853995
v 84.47564195721861 -13.5 -18.132081409510445
v 81.43488820700387 -13.5 -20.869988383917626
v 78.74875919901385 -13.5 -12.60293335729788
v 78.42964580595428 -13.5 -9.566772233505608
v 78.61237569490659 -13.5 -7.828213473333687
v 80.30542191794765 -13.5 -21.88696439848191
v 79.53277955704515 -13.5 -18.25196788352144
v 80.6214149208521 -13.5 -21.602443020696917
v 80.30542191794765 -13.5 -21.88696439848191
v -81.28033651358719 -14.5 -7.218327502171122
v -84.80880679148311 -14.5 -1.1068377078587228
v -85.61153500883455 -14.5 1.3637057115098523
v -86.0 -14.5 5.0597032151643475
v -86.0 -14.5 9.038964232848537
v -85.17266511360829 -14.5 12.931268849988891
v -84.02424792428779 -14.5 16.465733527369665
v -82.72540638488397 -14.5 18.71539306459808
v -78.00339147174861 -14.5 23.959721922336282
v 82.42239560263937 -14.5 5.646418019889931
v 86.39951820479821 -14.5 0.17237837478122342
v 89.10537767743595 -14.5 -5.90508150578021
v 89.47312933830455 -14.5 -9.404004835929623
v 88.38594686794718 -14.5 -12.750008426853995
v 84.47564195721861 -14.5 -18.132081409510445
v 79.44731218787511 -14.5 -22.659609869890556
v 76.67843531153854 -14.5 -4.796134686193757
v 81.70225353384245 -14.5 6.487545786510951
v 78.56802665494205 -14.5 -23.332631021568787
v 75.65320402001215 -14.5 -9.619468689488253
v 76.67843531153854 -14.5 -4.796134686193757
v -28.4715650153066 -14.5 -63.9481820349818
v -31.82294722494748 -14.5 -62.456050539816964
v -38.17705277505225 -14.5 -58.787505990004675
v -44.11288254589392 -14.5 -54.47487322248789
v -49.56540234434683 -14.5 -49.56540234434685
v -54.47487322248785 -14.5 -44.11288254589397
v -75.65712888269218 -14.5 -14.95800882039055
v -83.89022927006549 -14.5 -0.6978606456449682
v -84.62799949766159 -14.5 1.5727626380456097
v -85.0 -14.5 5.112110994447188
v -85.0 -14.5 8.93385999758265
v -84.20541370287724 -14.5 12.672094615605364
v -83.10567040287017 -14.5 16.056756465155896
v -81.91193309873276 -14.5 18.12437012681221
v -70.89389418989792 -14.5 30.361142027839144
v -44.11288254589394 -14.5 54.47487322248788
v -38.17705277505227 -14.5 58.78750599000467
v -31.822947224947452 -14.5 62.45605053981698
v -31.78771398022021 -14.5 62.47173739104604
v -25.120182805665696 -14.5 65.44031353014662
v -19.886693006536486 -14.5 67.1407774459177
v -18.142196406826745 -14.5 67.70759875117473
v -10.965440307658598 -14.5 69.23306535155827
v -3.668544549812897 -14.5 70.0
v 3.668544549812905 -14.5 70.0
v 10.965440307658628 -14.5 69.23306535155827
v 18.142196406826685 -14.5 67.70759875117474
v 25.120182805665717 -14.5 65.44031353014661
v 31.82294722494748 -14.5 62.456050539816964
v 38.177052775052246 -14.5 58.78750599000468
v 44.112882545893946 -14.5 54.47487322248787
v 49.56540234434684 -14.5 49.565402344346836
v 54.47487322248787 -14.5 44.112882545893946
v 65.37682246218077 -14.5 29.107636714486187
v 67.9476510550991 -14.5 17.012839109934472
v 69.23306535155827 -14.5 10.965440307658609
v 70.0 -14.5 3.6685445498129012
v 70.0 -14.5 -3.668544549812911
v 69.23306535155827 -14.5 -10.965440307658609
v 67.70759875117473 -14.5 -18.142196406826734
v 65.44031353014661 -14.5 -25.120182805665735
v 57.896364069964065 -14.5 -42.06417071371058
v 44.11288254589394 -14.5 -54.47487322248788
v 38.17705277505227 -14.5 -58.78750599000467
v 31.822947224947477 -14.5 -62.456050539816964
v 25.1201828056657 -14.5 -65.44031353014662
v 18.14219640682675 -14.5 -67.70759875117473
v 10.965440307658596 -14.5 -69.23306535155827
v 3.668544549812897 -14.5 -70.0
v -3.6685445498128684 -14.5 -70.0
v -10.965440307658584 -14.5 -69.23306535155827
v -18.142196406826777 -14.5 -67.70759875117471
v -25.12018280566574 -14.5 -65.44031353014661
v -28.4715650153066 -14.5 -63.9481820349818
v 77.0 -14.5 -8.959533927489474
v 79.91836886570542 -14.5 0.022281885896908344
v 82.32028752259238 -14.5 5.41707951719163
v 85.1585121805321 -14.5 0.5011302063452349
v 88.0 -14.5 -5.880955928780576
v 88.0 -14.5 -9.249172703379402
v 87.2997083553523 -14.5 -12.543785860205157
v 83.19340354292751 -14.5 -18.195629563970424
v 79.39511757022721 -14.5 -22.414053500151546
v 77.0 -14.5 -11.145911263519706
v 77.0 -14.5 -8.959533927489474
v -75.65712888269215 -15.5 -14.958008820390603
v -83.89022927006549 -15.5 -0.6978606456449682
v -84.62799949766159 -15.5 1.5727626380456097
v -85.0 -15.5 5.112110994447188
v -85.0 -15.5 8.93385999758265
v -84.20541370287724 -15.5 12.672094615605364
v -83.10567040287017 -15.5 16.056756465155896
v -81.91193309873276 -15.5 18.12437012681221
v -70.89389418989792 -15.5 30.361142027839144
v 81.70225353384245 -15.5 6.487545786510951
v 85.1585121805321 -15.5 0.5011302063452349
v 88.0 -15.5 -5.880955928780576
v 88.0 -15.5 -9.249172703379402
v 87.2997083553523 -15.5 -12.543785860205157
v 83.19340354292751 -15.5 -18.195629563970424
v 78.56802665494205 -15.5 -23.332631021568787
v 67.65595046347477 -15.5 25.97068613906554
v 60.77789635434238 -15.5 -39.46962739108156
v 75.09704644787858 -15.5 -25.693068528393255
v 74.0 -15.5 -15.255368800066234
v 74.0 -15.5 -8.48438060651572
v 79.47070149002559 -15.5 8.35270730613616
v -31.82294722494748 -15.5 -62.456050539816964
v -38.177052775052296 -15.5 -58.787505990004654
v -44.112882545893946 -15.5 -54.47487322248788
v -49.56540234434685 -15.5 -49.565402344346836
v -54.474873222487886 -15.5 -44.11288254589393
v -70.03392125179595 -15.5 -22.697690138611677
v -82.97165174864847 -15.5 -0.28888358342976755
v -83.64446398648856 -15.5 1.7818195645807116
v -84.0 -15.5 5.164518773729979
v -84.0 -15.5 8.828755762317217
v -83.23816229214619 -15.5 12.412920381222316
v -82.1870928814532 -15.5 15.647779402940635
v -81.09845981258114 -15.5 17.533347189026657
v -63.784396908046645 -15.5 36.76256213334254
v -44.11288254589394 -15.5 54.47487322248788
v -38.17705277505227 -15.5 58.78750599000467
v -31.822947224947452 -15.5 62.45605053981698
v -25.120182805665706 -15.5 65.44031353014662
v -18.142196406826745 -15.5 67.70759875117473
v -10.965440307658598 -15.5 69.23306535155827
v -3.668544549812897 -15.5 70.0
v 3.6685445498129092 -15.5 70.0
v 10.965440307658628 -15.5 69.23306535155827
v 18.142196406826685 -15.5 67.70759875117474
v 25.120182805665717 -15.5 65.44031353014661
v 31.822947224947512 -15.5 62.45605053981695
v 38.17705277505225 -15.5 58.78750599000468
v 44.112882545893946 -15.5 54.47487322248787
v 49.56540234434685 -15.5 49.565402344346836
v 54.474873222487886 -15.5 44.11288254589393
v 65.37682246218077 -15.5 29.10763671448619
v 69.23306535155827 -15.5 10.965440307658609
v 70.0 -15.5 3.6685445498129012
v 70.0 -15.5 -3.668544549812911
v 69.23306535155827 -15.5 -10.965440307658609
v 67.70759875117473 -15.5 -18.142196406826734
v 65.44031353014661 -15.5 -25.120182805665735
v 57.896364069964065 -15.5 -42.06417071371058
v 44.11288254589394 -15.5 -54.47487322248788
v 38.17705277505227 -15.5 -58.78750599000467
v 31.822947224947477 -15.5 -62.456050539816964
v 25.1201828056657 -15.5 -65.44031353014662
v 18.14219640682675 -15.5 -67.70759875117473
v 10.965440307658596 -15.5 -69.23306535155827
v 3.668544549812897 -15.5 -70.0
v -3.6685445498128684 -15.5 -70.0
v -10.965440307658584 -15.5 -69.23306535155827
v -18.142196406826795 -15.5 -67.70759875117471
v -25.120182805665713 -15.5 -65.44031353014662
v -31.82294722494748 -15.5 -62.456050539816964
v 81.19949939406075 -15.5 5.358341500328675
v 84.26628288710639 -15.5 0.04651667456008562
v 87.0 -15.5 -6.093512490450244
v 87.0 -15.5 -9.14406846811397
v 86.36575374874978 -15.5 -12.127962478569586
v 82.41519106832074 -15.5 -17.56544552760027
v 78.31103367177437 -15.5 -22.123574095033458
v 75.65320402001215 -15.5 -9.619468689488253
v 76.67843531153854 -15.5 -4.796134686193757
v 81.19949939406075 -15.5 5.358341500328675
v -84.0 -16.5 8.828755762317217
v -83.23816229214619 -16.5 12.412920381222316
v -82.1870928814532 -16.5 15.647779402940635
v -81.09845981258114 -16.5 17.533347189026657
v -63.784396908046645 -16.5 36.76256213334254
v -82.97165174864847 -16.5 -0.28888358342976755
v -83.64446398648856 -16.5 1.7818195645807116
v -84.0 -16.5 5.164518773729979
v -84.0 -16.5 8.828755762317217
v 86.36575374874978 -16.5 -12.127962478569586
v 82.41519106832074 -16.5 -17.56544552760027
v 75.09704644787858 -16.5 -25.693068528393255
v 79.47070149002559 -16.5 8.35270730613616
v 84.26628288710639 -16.5 0.04651667456008562
v 87.0 -16.5 -6.093512490450244
v 87.0 -16.5 -9.14406846811397
v 86.36575374874978 -16.5 -12.127962478569586
v 70.0 -16.5 22.744378736303364
v 67.23306535155827 -16.5 -29.99416921610375
v 66.88342883139815 -16.5 -33.32073849541317
v 66.41552383791829 -16.5 -33.84039963692298
v 67.23306535155827 -16.5 -29.99416921610375
v 65.71855496043783 -16.5 -27.499911713798717
v 63.741509811702045 -16.5 -36.801177848339414
v 62.26418600529743 -16.5 -38.1313661783636
v 65.71855496043783 -16.5 -27.499911713798717
v 72.0 -16.5 -13.340132341884756
v 72.80360059519471 -16.5 -5.694383403572082
v 77.70924537878375 -16.5 9.403638786109552
v 72.0 -16.5 -27.638210522549734
v 72.0 -16.5 -13.340132341884756
v 72.0 -16.5 19.292341855040835
v 72.34963652016013 -16.5 18.686753637941894
v 72.0 -16.5 15.36018435863221
v 72.0 -16.5 19.292341855040835
v 73.62018915410992 -16.5 0.054885738347317616
v 76.17293433375454 -16.5 12.06460757232937
v 77.03642901398044 -16.5 10.568990914112682
v 73.62018915410992 -16.5 0.054885738347317616
v -44.112882545893946 -16.5 54.47487322248787
v -38.177052775052275 -16.5 58.78750599000466
v -31.822947224947473 -16.5 62.456050539816964
v -25.1201828056657 -16.5 65.44031353014662
v -18.14219640682675 -16.5 67.70759875117473
v -10.965440307658596 -16.5 69.23306535155827
v -3.668544549812897 -16.5 70.0
v 3.6685445498128946 -16.5 70.0
v 10.96544030765862 -16.5 69.23306535155827
v 18.14219640682675 -16.5 67.70759875117473
v 25.120182805665742 -16.5 65.44031353014661
v 31.82294722494747 -16.5 62.45605053981697
v 38.17705277505227 -16.5 58.78750599000467
v 44.11288254589391 -16.5 54.4748732224879
v 49.56540234434684 -16.5 49.565402344346836
v 52.426512697056744 -16.5 46.38781738031986
v 54.47487322248789 -16.5 44.11288254589392
v 67.65595046347477 -16.5 25.970686139065528
v 70.0 -16.5 3.6685445498129012
v 70.0 -16.5 -3.668544549812911
v 69.23306535155827 -16.5 -10.965440307658605
v 67.70759875117473 -16.5 -18.142196406826727
v 60.777896354342374 -16.5 -39.46962739108156
v 44.11288254589394 -16.5 -54.47487322248788
v 38.17705277505227 -16.5 -58.78750599000467
v 31.822947224947477 -16.5 -62.456050539816964
v 25.1201828056657 -16.5 -65.44031353014662
v 18.14219640682675 -16.5 -67.70759875117473
v 10.965440307658596 -16.5 -69.23306535155827
v 3.668544549812897 -16.5 -70.0
v -3.6685445498128684 -16.5 -70.0
v -10.965440307658584 -16.5 -69.23306535155827
v -18.142196406826777 -16.5 -67.70759875117471
v -25.12018280566574 -16.5 -65.44031353014661
v -28.4715650153066 -16.5 -63.9481820349818
v -31.82294722494748 -16.5 -62.456050539816964
v -38.17705277505225 -16.5 -58.787505990004675
v -44.11288254589392 -16.5 -54.47487322248789
v -49.56540234434682 -16.5 -49.56540234434686
v -54.4748732224879 -16.5 -44.11288254589391
v -58.32163249584757 -16.5 -38.81827262963684
v -70.03392125179595 -16.5 -22.697690138611677
v -78.59066747692756 -16.5 -7.8769709292105
v -81.78809210942372 -16.5 -0.6954376228369783
v -83.8642110148301 -16.5 5.6941993535505775
v -83.21546740703977 -16.5 11.866582475414981
v -80.28498652642881 -16.5 16.942324251242347
v -56.67489962619753 -16.5 43.163982238843985
v -44.112882545893946 -16.5 54.47487322248787
v 74.0 -16.5 -15.255368800066234
v 74.0 -16.5 -8.48438060651572
v 79.05487810839003 -16.5 7.07293453010387
v 83.37405359368054 -16.5 -0.40809685722525385
v 85.84702902572097 -16.5 -5.962490618549706
v 85.21073697762206 -16.5 -12.016405063486392
v 81.63697859371327 -16.5 -16.935261491230754
v 74.95638952653016 -16.5 -24.354807315675394
v 74.0 -16.5 -15.255368800066234
v -70.03392125179596 -17.5 -22.697690138611662
v -78.59066747692756 -17.5 -7.876970929210516
v -81.78809210942372 -17.5 -0.6954376228369783
v -83.8642110148301 -17.5 5.6941993535505775
v -83.21546740703977 -17.5 11.866582475414981
v -80.28498652642881 -17.5 16.942324251242347
v 70.0 -17.5 22.744378736303364
v 60.777896354342374 -17.5 -39.46962739108156
v 67.23306535155827 -17.5 -29.99416921610375
v 66.88342883139815 -17.5 -33.32073849541317
v 66.41552383791829 -17.5 -33.84039963692298
v 67.23306535155827 -17.5 -29.99416921610375
v 63.741509811702045 -17.5 -36.801177848339414
v 62.26418600529743 -17.5 -38.1313661783636
v 77.70924537878375 -17.5 9.403638786109552
v 83.37405359368054 -17.5 -0.40809685722525385
v 85.84702902572097 -17.5 -5.962490618549706
v 85.21073697762206 -17.5 -12.016405063486392
v 81.63697859371327 -17.5 -16.935261491230754
v 72.0 -17.5 -27.638210522549734
v 72.0 -17.5 19.292341855040835
v 72.34963652016013 -17.5 18.686753637941894
v 72.0 -17.5 15.36018435863221
v 72.0 -17.5 19.292341855040835
v 76.17293433375454 -17.5 12.06460757232937
v 77.03642901398044 -17.5 10.568990914112682
v 71.99396763306244 -17.5 15.302790221066655
v 67.23909771849581 -17.5 -29.936775078538318
v 68.37749070088034 -17.5 -28.67246158550833
v 72.8446184414145 -17.5 13.829419801501354
v -54.4748732224879 -17.5 -44.11288254589391
v -58.7875059900047 -17.5 -38.177052775052225
v -81.1344967058136 -17.5 0.5290705409987975
v -82.847470908713 -17.5 5.801063044868197
v -82.24316372242033 -17.5 11.550661857562494
v -79.01641493926317 -17.5 17.139554693251746
v -74.45734601360316 -17.5 23.414574736712133
v -56.67489962619752 -17.5 43.16398223884399
v -44.112882545893946 -17.5 54.47487322248787
v -38.177052775052275 -17.5 58.78750599000466
v -31.822947224947473 -17.5 62.456050539816964
v -25.1201828056657 -17.5 65.44031353014662
v -18.14219640682675 -17.5 67.70759875117473
v -10.965440307658596 -17.5 69.23306535155827
v -3.668544549812897 -17.5 70.0
v 3.668544549812944 -17.5 70.0
v 10.965440307658673 -17.5 69.23306535155827
v 18.142196406826777 -17.5 67.70759875117473
v 25.120182805665753 -17.5 65.44031353014661
v 31.82294722494746 -17.5 62.45605053981698
v 38.17705277505227 -17.5 58.78750599000467
v 44.11288254589391 -17.5 54.4748732224879
v 49.56540234434684 -17.5 49.565402344346836
v 54.47487322248788 -17.5 44.11288254589394
v 58.787505990004675 -17.5 38.17705277505226
v 70.0 -17.5 18.756443470178656
v 70.0 -17.5 -3.668544549812911
v 69.23306535155827 -17.5 -10.965440307658605
v 67.70759875117473 -17.5 -18.142196406826727
v 61.97610485312444 -17.5 -35.78192082027651
v 49.56540234434743 -17.5 -49.56540234434631
v 44.11288254589394 -17.5 -54.47487322248788
v 38.17705277505227 -17.5 -58.78750599000467
v 31.822947224947477 -17.5 -62.456050539816964
v 25.1201828056657 -17.5 -65.44031353014662
v 18.14219640682675 -17.5 -67.70759875117473
v 10.965440307658596 -17.5 -69.23306535155827
v 3.668544549812897 -17.5 -70.0
v -3.6685445498128977 -17.5 -70.0
v -10.965440307658616 -17.5 -69.23306535155827
v -18.142196406826745 -17.5 -67.70759875117473
v -25.12018280566574 -17.5 -65.44031353014661
v -31.822947224947455 -17.5 -62.45605053981698
v -38.17705277505225 -17.5 -58.787505990004675
v -44.11288254589392 -17.5 -54.47487322248789
v -49.56540234434682 -17.5 -49.56540234434686
v -54.4748732224879 -17.5 -44.11288254589391
v 64.57064817575379 -17.5 -32.90038853589784
v 63.621224902547375 -17.5 -33.95482990499098
v 65.71855496043783 -17.5 -27.499911713798717
v 64.57064817575379 -17.5 -32.90038853589784
v 72.80360059519471 -17.5 -5.694383403572082
v 76.87759861551272 -17.5 6.844093234045244
v 83.53936387818584 -17.5 -4.694422669002015
v 84.14721812627033 -17.5 -6.565205681333702
v 84.25770014695283 -17.5 -7.616371891745934
v 83.4351786003427 -17.5 -11.486031525622726
v 82.6898536988007 -17.5 -12.776972123239723
v 72.0 -17.5 -24.649257422820913
v 72.0 -17.5 -13.340132341884756
v 72.80360059519471 -17.5 -5.694383403572082
v 75.55149604101487 -17.5 9.140970269123425
v 76.20478225070941 -17.5 8.009445362048375
v 73.62018915410992 -17.5 0.054885738347317616
v 75.55149604101487 -17.5 9.140970269123425
v -81.1344967058136 -18.5 0.5290705409987975
v -82.847470908713 -18.5 5.801063044868197
v -82.24316372242033 -18.5 11.550661857562494
v -79.01641493926317 -18.5 17.139554693251746
v -74.45734601360316 -18.5 23.414574736712133
v -56.67489962619752 -18.5 43.16398223884399
v 83.53936387818584 -18.5 -4.694422669002015
v 84.14721812627033 -18.5 -6.565205681333702
v 84.25770014695283 -18.5 -7.616371891745934
v 83.4351786003427 -18.5 -11.486031525622726
v 82.6898536988007 -18.5 -12.776972123239723
v 83.53936387818584 -18.5 -4.694422669002015
v 31.822947224947473 -18.5 62.45605053981697
v 38.177052775052246 -18.5 58.78750599000468
v 44.112882545893946 -18.5 54.47487322248787
v 49.56540234434685 -18.5 49.565402344346836
v 54.474873222487886 -18.5 44.11288254589393
v 58.787505990004675 -18.5 38.17705277505226
v 71.99396763306244 -18.5 15.302790221066655
v 67.23909771849581 -18.5 -29.936775078538318
v 49.56540234434743 -18.5 -49.56540234434631
v 44.11288254589394 -18.5 -54.47487322248788
v 38.17705277505227 -18.5 -58.78750599000467
v 31.822947224947452 -18.5 -62.45605053981698
v 25.120182805665706 -18.5 -65.44031353014662
v 18.142196406826745 -18.5 -67.70759875117473
v 10.965440307658598 -18.5 -69.23306535155827
v 3.668544549812897 -18.5 -70.0
v -3.6685445498128453 -18.5 -70.0
v -10.96544030765856 -18.5 -69.23306535155827
v -18.14219640682678 -18.5 -67.70759875117471
v -25.120182805665753 -18.5 -65.44031353014661
v -31.82294722494749 -18.5 -62.456050539816964
v -38.17705277505226 -18.5 -58.787505990004675
v -44.11288254589394 -18.5 -54.47487322248788
v -49.56540234434686 -18.5 -49.56540234434683
v -54.4748732224879 -18.5 -44.11288254589392
v -58.7875059900047 -18.5 -38.177052775052225
v -76.80620889007513 -18.5 -6.967743865641549
v -81.54732091594144 -18.5 3.6809680936537
v -81.89357771856103 -18.5 5.309978272869624
v -81.27086003780093 -18.5 11.234741239709582
v -78.17659342512063 -18.5 16.594168225035908
v -73.67913353899472 -18.5 22.78439070034394
v -49.56540234434743 -18.5 49.56540234434631
v -44.112882545893946 -18.5 54.47487322248787
v -38.177052775052246 -18.5 58.78750599000468
v -31.82294722494752 -18.5 62.45605053981694
v -25.120182805665685 -18.5 65.44031353014662
v -18.142196406826752 -18.5 67.70759875117473
v -10.965440307658596 -18.5 69.23306535155827
v -3.668544549812897 -18.5 70.0
v 3.6685445498129265 -18.5 70.0
v 10.96544030765865 -18.5 69.23306535155827
v 18.142196406826766 -18.5 67.70759875117473
v 25.120182805665745 -18.5 65.44031353014661
v 31.822947224947473 -18.5 62.45605053981697
v 68.37749070088034 -18.5 -28.67246158550833
v 72.8446184414145 -18.5 13.829419801501354
v 76.8062088900751 -18.5 6.9677438656416
v 82.77943838766022 -18.5 -6.448349244903978
v 82.31119624347315 -18.5 -10.903375657526338
v 73.67913353899472 -18.5 -22.78439070034394
v 68.37749070088034 -18.5 -28.67246158550833
v 73.67913353899472 -19.5 -22.78439070034394
v -76.80620889007513 -19.5 -6.967743865641549
v -81.54732091594144 -19.5 3.6809680936537
v -81.89357771856103 -19.5 5.309978272869624
v -81.27086003780093 -19.5 11.234741239709582
v -78.17659342512063 -19.5 16.594168225035908
v -73.67913353899472 -19.5 22.78439070034394
v 76.8062088900751 -19.5 6.9677438656416
v 82.77943838766022 -19.5 -6.448349244903978
v 82.31119624347315 -19.5 -10.903375657526338
v 73.67913353899472 -19.5 -22.78439070034394
v 49.56540234434743 -19.5 -49.56540234434631
v 44.112882545893946 -19.5 -54.47487322248787
v 38.177052775052246 -19.5 -58.78750599000468
v 31.82294722494752 -19.5 -62.45605053981694
v 25.120182805665685 -19.5 -65.44031353014662
v 18.142196406826752 -19.5 -67.70759875117473
v 10.965440307658596 -19.5 -69.23306535155827
v 3.668544549812897 -19.5 -70.0
v -3.6685445498129265 -19.5 -70.0
v -10.96544030765865 -19.5 -69.23306535155827
v -18.142196406826766 -19.5 -67.70759875117473
v -25.120182805665745 -19.5 -65.44031353014661
v -31.822947224947473 -19.5 -62.45605053981697
v -38.177052775052246 -19.5 -58.78750599000468
v -44.112882545893946 -19.5 -54.47487322248787
v -49.56540234434684 -19.5 -49.56540234434684
v -54.47487322248787 -19.5 -44.112882545893946
v -58.78750599000465 -19.5 -38.177052775052296
v -72.0228227733221 -19.5 -15.252811652077396
v -78.63473051300628 -19.5 -0.4022237230848308
v -80.0 -19.5 6.020864212978076
v -80.0 -19.5 9.434687248463229
v -78.51278279578403 -19.5 14.011871154082495
v -77.336771910977 -19.5 16.048781756822308
v -67.27771343349382 -19.5 29.89388798219246
v -49.56540234434743 -19.5 49.56540234434631
v -44.11288254589394 -19.5 54.47487322248788
v -38.17705277505227 -19.5 58.78750599000467
v -31.822947224947427 -19.5 62.45605053981699
v -25.120182805665713 -19.5 65.44031353014662
v -18.14219640682674 -19.5 67.70759875117473
v -10.9654403076586 -19.5 69.23306535155827
v -3.668544549812897 -19.5 70.0
v 3.668544549812936 -19.5 70.0
v 10.965440307658655 -19.5 69.23306535155827
v 18.142196406826766 -19.5 67.70759875117473
v 25.120182805665703 -19.5 65.44031353014662
v 31.822947224947477 -19.5 62.456050539816964
v 38.177052775052296 -19.5 58.787505990004654
v 44.112882545893946 -19.5 54.47487322248788
v 49.56540234434686 -19.5 49.56540234434683
v 54.4748732224879 -19.5 44.11288254589392
v 58.78750599000467 -19.5 38.177052775052275
v 72.02282277332209 -19.5 15.252811652077412
v 80.59102571447377 -19.5 -3.9916872400235315
v 81.12350325892378 -19.5 -6.496797128264157
v 81.22446741439009 -19.5 -7.457406900183507
v 80.45991131887662 -19.5 -11.054360527521483
v 79.65983688657735 -19.5 -12.851357124326176
v 67.27771343349382 -19.5 -29.893887982192446
v 49.56540234434743 -19.5 -49.56540234434631
v -72.0228227733221 -20.5 -15.252811652077396
v -78.63473051300628 -20.5 -0.4022237230848308
v -80.0 -20.5 6.020864212978076
v -80.0 -20.5 9.434687248463229
v -78.51278279578403 -20.5 14.011871154082495
v -77.336771910977 -20.5 16.048781756822308
v -67.27771343349382 -20.5 29.89388798219246
v -18.14219640682675 -20.5 67.70759875117473
v -10.965440307658598 -20.5 69.23306535155827
v -3.668544549812897 -20.5 70.0
v 3.668544549812945 -20.5 70.0
v 10.965440307658668 -20.5 69.23306535155827
v 18.142196406826777 -20.5 67.70759875117473
v 25.120182805665706 -20.5 65.44031353014662
v 31.822947224947477 -20.5 62.456050539816964
v 72.02282277332209 -20.5 15.252811652077412
v 80.59102571447377 -20.5 -3.9916872400235315
v 81.12350325892378 -20.5 -6.496797128264157
v 81.22446741439009 -20.5 -7.457406900183507
v 80.45991131887662 -20.5 -11.054360527521483
v 79.65983688657735 -20.5 -12.851357124326176
v 67.27771343349382 -20.5 -29.893887982192446
v -54.47487322248787 -20.5 -44.112882545893946
v -58.7875059900047 -20.5 -38.17705277505222
v -62.456050539816964 -20.5 -31.822947224947484
v -77.11378400012735 -20.5 1.0988611489959534
v -77.74325091945039 -20.5 3.0361611237928847
v -78.42964580595427 -20.5 9.566772233505645
v -78.27411448218886 -20.5 11.046553931857499
v -75.96195025747521 -20.5 16.239759807870087
v -60.87629332799002 -20.5 37.003385264044184
v -49.56540234434744 -20.5 49.5654023443463
v -44.11288254589395 -20.5 54.474873222487865
v -38.17705277505225 -20.5 58.787505990004675
v -31.82294722494748 -20.5 62.456050539816964
v -25.120182805665696 -20.5 65.44031353014662
v -19.208314047688596 -20.5 67.36119613115736
v -3.6161367705296508 -20.5 69.0
v 7.252192233331924 -20.5 69.0
v 17.883022172443653 -20.5 66.74034734044368
v 32.79374648302438 -20.5 61.89555932683718
v 38.177052775052246 -20.5 58.78750599000468
v 44.112882545893946 -20.5 54.47487322248787
v 49.56540234434685 -20.5 49.565402344346836
v 54.474873222487886 -20.5 44.11288254589393
v 58.787505990004675 -20.5 38.17705277505226
v 67.23943665656907 -20.5 23.537879438513244
v 78.0486456219873 -20.5 -0.7400013946312723
v 79.79725059036176 -20.5 -6.121654118820166
v 79.32625266856202 -20.5 -10.602900004004265
v 76.49695039683445 -20.5 -15.503395288606484
v 60.87629332799001 -20.5 -37.00338526404419
v 49.56540234434743 -20.5 -49.56540234434631
v 44.11288254589394 -20.5 -54.47487322248788
v 38.17705277505227 -20.5 -58.78750599000467
v 31.822947224947427 -20.5 -62.45605053981699
v 25.120182805665713 -20.5 -65.44031353014662
v 18.14219640682674 -20.5 -67.70759875117473
v 10.9654403076586 -20.5 -69.23306535155827
v 3.668544549812897 -20.5 -70.0
v -3.6685445498128817 -20.5 -70.0
v -10.965440307658596 -20.5 -69.23306535155827
v -18.142196406826734 -20.5 -67.70759875117473
v -25.120182805665735 -20.5 -65.44031353014661
v -31.82294722494747 -20.5 -62.45605053981697
v -38.17705277505228 -20.5 -58.78750599000466
v -44.11288254589395 -20.5 -54.47487322248787
v -49.56540234434684 -20.5 -49.56540234434684
v -54.47487322248787 -20.5 -44.112882545893946
v -77.11378400012735 -21.5 1.0988611489959534
v -77.74325091945039 -21.5 3.0361611237928847
v -78.42964580595427 -21.5 9.566772233505645
v -78.27411448218886 -21.5 11.046553931857499
v -75.96195025747521 -21.5 16.239759807870087
v -60.87629332799002 -21.5 37.003385264044184
v -31.82294722494743 -21.5 62.45605053981699
v -25.12018280566568 -21.5 65.44031353014664
v -19.208314047688596 -21.5 67.36119613115736
v 7.252192233331924 -21.5 69.0
v 32.79374648302438 -21.5 61.89555932683718
v 38.17705277505226 -21.5 58.787505990004675
v 44.11288254589391 -21.5 54.4748732224879
v 67.23943665656907 -21.5 23.537879438513244
v 78.0486456219873 -21.5 -0.7400013946312723
v 79.79725059036176 -21.5 -6.121654118820166
v 79.32625266856202 -21.5 -10.602900004004265
v 76.49695039683445 -21.5 -15.503395288606484
v 60.87629332799001 -21.5 -37.00338526404419
v 18.14219640682675 -21.5 -67.70759875117473
v 10.965440307658598 -21.5 -69.23306535155827
v 3.668544549812897 -21.5 -70.0
v -3.668544549812945 -21.5 -70.0
v -10.965440307658668 -21.5 -69.23306535155827
v -18.142196406826777 -21.5 -67.70759875117473
v -25.120182805665706 -21.5 -65.44031353014662
v -31.822947224947477 -21.5 -62.456050539816964
v -44.112882545893946 -21.5 -54.47487322248787
v -49.56540234434684 -21.5 -49.56540234434684
v -54.47487322248787 -21.5 -44.112882545893946
v -58.78750599000468 -21.5 -38.177052775052246
v -62.456050539816964 -21.5 -31.822947224947484
v -73.22262717680076 -21.5 -7.640820169223885
v -75.55469197557181 -21.5 -0.4634627304202965
v -77.0 -21.5 6.336176918775363
v -77.0 -21.5 8.09302611545729
v -76.63473051300618 -21.5 9.811483942042162
v -73.80728136017456 -21.5 16.162038715646307
v -70.03392125179593 -21.5 22.697690138611698
v -54.474873222487396 -21.5 44.1128825458946
v -49.565402344347426 -21.5 49.56540234434632
v -44.11288254589392 -21.5 54.4748732224879
v -38.17705277505225 -21.5 58.78750599000468
v -32.79374648302438 -21.5 61.89555932683718
v -14.424927930936107 -21.5 67.86395027093907
v -3.6161367705296508 -21.5 69.0
v 3.6161367705296423 -21.5 69.0
v 10.80879116040707 -21.5 68.24402156082162
v 17.883022172443653 -21.5 66.74034734044368
v 28.219417292806497 -21.5 63.38184897779209
v 44.94593483519666 -21.5 53.72478957208813
v 49.56540234434684 -21.5 49.565402344346836
v 54.47487322248788 -21.5 44.11288254589394
v 58.78750599000469 -21.5 38.17705277505224
v 62.456050539816985 -21.5 31.82294722494745
v 76.72214011007074 -21.5 -0.2192145696538919
v 77.84926740847736 -21.5 -5.52193159495281
v 77.38164529932305 -21.5 -9.971058768299075
v 70.03392125179593 -21.5 -22.697690138611705
v 54.47487322248741 -21.5 -44.112882545894585
v 49.56540234434744 -21.5 -49.5654023443463
v 44.11288254589395 -21.5 -54.474873222487865
v 38.17705277505225 -21.5 -58.787505990004675
v 31.82294722494748 -21.5 -62.456050539816964
v 25.120182805665696 -21.5 -65.44031353014662
v 19.208314047688596 -21.5 -67.36119613115736
v 3.6161367705296508 -21.5 -69.0
v -3.6161367705297067 -21.5 -69.0
v -10.80879116040701 -21.5 -68.24402156082164
v -17.883022172443663 -21.5 -66.74034734044368
v -32.793746483024385 -21.5 -61.89555932683718
v -38.177052775052246 -21.5 -58.78750599000468
v -44.112882545893946 -21.5 -54.47487322248787
v -77.0 -22.5 8.09302611545729
v -76.63473051300618 -22.5 9.811483942042162
v -73.80728136017456 -22.5 16.162038715646307
v -70.03392125179593 -22.5 22.697690138611698
v -54.474873222487396 -22.5 44.1128825458946
v -49.565402344347426 -22.5 49.56540234434632
v -44.11288254589393 -22.5 54.474873222487886
v -38.17705277505224 -22.5 58.78750599000469
v -32.79374648302438 -22.5 61.89555932683718
v -14.424927930936107 -22.5 67.86395027093907
v 28.219417292806497 -22.5 63.38184897779209
v 44.94593483519666 -22.5 53.72478957208813
v 49.56540234434684 -22.5 49.565402344346836
v 54.47487322248788 -22.5 44.11288254589394
v 58.78750599000469 -22.5 38.17705277505224
v 62.456050539816985 -22.5 31.82294722494745
v 76.72214011007074 -22.5 -0.2192145696538919
v 77.84926740847736 -22.5 -5.52193159495281
v 77.38164529932305 -22.5 -9.971058768299075
v 70.03392125179593 -22.5 -22.697690138611705
v 54.47487322248741 -22.5 -44.112882545894585
v 49.565402344347454 -22.5 -49.56540234434628
v 38.17705277505227 -22.5 -58.78750599000467
v 31.822947224947512 -22.5 -62.45605053981694
v 25.120182805665685 -22.5 -65.44031353014662
v 19.208314047688596 -22.5 -67.36119613115736
v -32.793746483024385 -22.5 -61.89555932683718
v -38.17705277505224 -22.5 -58.78750599000469
v -44.11288254589395 -22.5 -54.474873222487865
v -49.56540234434683 -22.5 -49.56540234434686
v -58.78750599000467 -22.5 -38.177052775052275
v -62.45605053981695 -22.5 -31.8229472249475
v -73.22262717680076 -22.5 -7.640820169223885
v -75.55469197557181 -22.5 -0.4634627304202965
v -77.0 -22.5 6.336176918775363
v -77.0 -22.5 8.09302611545729
v -17.883022172443585 -22.5 66.7403473404437
v -10.808791160407019 -22.5 68.24402156082164
v -3.6161367705296508 -22.5 69.0
v 3.6161367705296423 -22.5 69.0
v 10.80879116040707 -22.5 68.24402156082162
v 17.88302217244363 -22.5 66.74034734044369
v 24.761323051298113 -22.5 64.50545190828775
v 31.36833369316213 -22.5 61.563821246391136
v 37.63166630683864 -22.5 57.94768447586084
v 43.48269850952253 -22.5 53.69666074788211
v 48.857325167998944 -22.5 48.857325167998965
v 53.69666074788212 -22.5 43.48269850952252
v 57.94768447586084 -22.5 37.631666306838646
v 61.56382124639115 -22.5 31.368333693162107
v 72.28776555494191 -22.5 7.2819604148562656
v 76.49404324111386 -22.5 -5.663631172662751
v 75.67843531153848 -22.5 -9.500764795672426
v 72.91505206674871 -22.5 -15.707425183860998
v 69.1940997376521 -22.5 -22.152303670398094
v 48.73235005504387 -22.5 -50.315485994746815
v 44.11288254589393 -22.5 -54.47487322248788
v 39.08394660804992 -22.5 -58.12860905194608
v 24.761323051298085 -22.5 -64.50545190828777
v 17.883022172443592 -22.5 -66.7403473404437
v 10.808791160407015 -22.5 -68.24402156082164
v 3.6161367705296508 -22.5 -69.0
v -3.6161367705297067 -22.5 -69.0
v -10.80879116040701 -22.5 -68.24402156082164
v -17.883022172443663 -22.5 -66.74034734044368
v -24.761323051298138 -22.5 -64.50545190828775
v -31.368333693162167 -22.5 -61.56382124639112
v -37.631666306838625 -22.5 -57.947684475860854
v -50.315485994746794 -22.5 -48.73235005504388
v -54.4748732224879 -22.5 -44.11288254589391
v -58.12860905194607 -22.5 -39.083946608049935
v -68.39660873161436 -22.5 -16.021641733078237
v -73.62018915410994 -22.5 0.0548857383473312
v -75.0 -22.5 6.546385389306683
v -75.0 -22.5 7.882817644925436
v -74.53289959556618 -22.5 10.08035227177438
v -73.91989518869764 -22.5 11.966985843009553
v -63.57089210675702 -22.5 29.8919849886176
v -53.69666074788164 -22.5 43.48269850952318
v -48.857325167999555 -22.5 48.85732516799841
v -43.48269850952252 -22.5 53.69666074788212
v -37.631666306838646 -22.5 57.94768447586084
v -31.368333693162118 -22.5 61.56382124639114
v -24.7613230512981 -22.5 64.50545190828777
v -17.883022172443585 -22.5 66.7403473404437
v 72.28776555494191 -23.5 7.2819604148562656
v 76.49404324111386 -23.5 -5.663631172662751
v 75.67843531153848 -23.5 -9.500764795672426
v 72.91505206674871 -23.5 -15.707425183860998
v 69.1940997376521 -23.5 -22.152303670398094
v 48.73235005504387 -23.5 -50.315485994746815
v 44.112882545893946 -23.5 -54.47487322248787
v 39.08394660804992 -23.5 -58.12860905194608
v -50.315485994746794 -23.5 -48.73235005504388
v -54.47487322248788 -23.5 -44.11288254589394
v -58.12860905194607 -23.5 -39.083946608049935
v -68.39660873161436 -23.5 -16.021641733078237
v -73.62018915410994 -23.5 0.0548857383473312
v -75.0 -23.5 6.546385389306683
v -75.0 -23.5 7.882817644925436
v -74.53289959556618 -23.5 10.08035227177438
v -73.91989518869764 -23.5 11.966985843009553
v -63.57089210675702 -23.5 29.8919849886176
v 31.36833369316213 -23.5 61.563821246391136
v 37.63166630683864 -23.5 57.94768447586084
v 43.48269850952253 -23.5 53.69666074788211
v 48.857325167998944 -23.5 48.857325167998965
v 53.69666074788212 -23.5 43.48269850952252
v 57.94768447586084 -23.5 37.631666306838646
v 61.56382124639115 -23.5 31.368333693162107
v 68.39660873161436 -23.5 16.02164173307823
v 73.62018915410994 -23.5 -0.054885738347330036
v 74.81603467591468 -23.5 -5.680896586514948
v 74.77067161754081 -23.5 -6.112497256642132
v 73.0013176672803 -23.5 -11.558008780794896
v 57.94768447586085 -23.5 -37.63166630683864
v 53.69666074788164 -23.5 -43.48269850952318
v 48.857325167999555 -23.5 -48.85732516799841
v 43.48269850952252 -23.5 -53.69666074788212
v 37.631666306838646 -23.5 -57.94768447586084
v 31.368333693162118 -23.5 -61.56382124639114
v 24.761323051298085 -23.5 -64.50545190828777
v 17.883022172443592 -23.5 -66.7403473404437
v 10.808791160407015 -23.5 -68.24402156082164
v 3.6161367705296508 -23.5 -69.0
v -3.616136770529615 -23.5 -69.0
v -10.80879116040704 -23.5 -68.24402156082162
v -17.88302217244368 -23.5 -66.74034734044368
v -24.761323051298138 -23.5 -64.50545190828775
v -31.368333693162167 -23.5 -61.56382124639112
v -37.631666306838625 -23.5 -57.947684475860854
v -43.48269850952253 -23.5 -53.69666074788211
v -48.85732516799894 -23.5 -48.85732516799897
v -53.696660747882106 -23.5 -43.482698509522535
v -57.94768447586083 -23.5 -37.63166630683865
v -61.56382124639111 -23.5 -31.368333693162178
v -64.50545190828777 -23.5 -24.76132305129808
v -72.32281922380348 -23.5 -0.701940360283491
v -73.0 -23.5 5.741004345843647
v -73.0 -23.5 8.325996166191404
v -70.59645049490841 -23.5 15.723360908797527
v -57.94768447586084 -23.5 37.631666306838646
v -53.69666074788164 -23.5 43.48269850952318
v -48.857325167999555 -23.5 48.85732516799841
v -43.48269850952252 -23.5 53.69666074788212
v -37.631666306838646 -23.5 57.94768447586084
v -31.368333693162118 -23.5 61.56382124639114
v -24.7613230512981 -23.5 64.50545190828777
v -17.883022172443585 -23.5 66.7403473404437
v -10.808791160407019 -23.5 68.24402156082164
v -3.6161367705296508 -23.5 69.0
v 3.6161367705296206 -23.5 69.0
v 10.808791160407049 -23.5 68.24402156082162
v 17.883022172443617 -23.5 66.74034734044369
v 24.761323051298113 -23.5 64.50545190828775
v 31.36833369316213 -23.5 61.563821246391136
v -72.32281922380348 -24.5 -0.701940360283491
v -73.0 -24.5 5.741004345843647
v -73.0 -24.5 8.325996166191404
v -70.59645049490841 -24.5 15.723360908797527
v -17.883022172443592 -24.5 66.7403473404437
v -10.808791160407015 -24.5 68.24402156082164
v -3.6161367705296508 -24.5 69.0
v 3.6161367705296006 -24.5 69.0
v 10.80879116040703 -24.5 68.24402156082162
v 17.883022172443678 -24.5 66.74034734044368
v 24.761323051298135 -24.5 64.50545190828775
v 31.368333693162118 -24.5 61.56382124639114
v 68.39660873161436 -24.5 16.02164173307823
v 73.62018915410994 -24.5 -0.054885738347330036
v 74.81603467591468 -24.5 -5.680896586514948
v 74.77067161754081 -24.5 -6.112497256642132
v 73.0013176672803 -24.5 -11.558008780794896
v 24.7613230512981 -24.5 -64.50545190828777
v 17.883022172443585 -24.5 -66.7403473404437
v 10.808791160407019 -24.5 -68.24402156082164
v 3.6161367705296508 -24.5 -69.0
v -3.6161367705296206 -24.5 -69.0
v -10.808791160407049 -24.5 -68.24402156082162
v -17.883022172443617 -24.5 -66.74034734044369
v -24.761323051298113 -24.5 -64.50545190828775
v -31.36833369316213 -24.5 -61.563821246391136
v -37.63166630683864 -24.5 -57.94768447586084
v -43.48269850952253 -24.5 -53.69666074788211
v -48.85732516799894 -24.5 -48.85732516799897
v -53.696660747882106 -24.5 -43.482698509522535
v -57.94768447586083 -24.5 -37.63166630683865
v -61.56382124639111 -24.5 -31.368333693162178
v -64.50545190828777 -24.5 -24.76132305129808
v -66.7403473404437 -24.5 -17.883022172443596
v -70.23306535155822 -24.5 -1.4510758534365034
v -71.0 -24.5 5.845819904409685
v -71.0 -24.5 10.17432920742298
v -61.56382124639113 -24.5 31.368333693162135
v -57.94768447586084 -24.5 37.631666306838646
v -53.69666074788162 -24.5 43.4826985095232
v -48.857325167999534 -24.5 48.85732516799844
v -43.48269850952253 -24.5 53.69666074788212
v -37.63166630683865 -24.5 57.94768447586083
v -31.368333693162164 -24.5 61.563821246391115
v -24.76132305129808 -24.5 64.50545190828777
v -18.999257121153665 -24.5 66.37766061998427
v -3.5637289912465393 -24.5 68.0
v 3.563728991246424 -24.5 68.0
v 10.652142013154345 -24.5 67.2549777700851
v 17.623847938061584 -24.5 65.7730959297123
v 32.384769420809114 -24.5 60.976981805420195
v 37.631666306838625 -24.5 57.94768447586085
v 43.48269850952251 -24.5 53.69666074788213
v 48.85732516799897 -24.5 48.85732516799894
v 53.69666074788211 -24.5 43.482698509522535
v 57.947684475860854 -24.5 37.631666306838625
v 61.56382124639111 -24.5 31.368333693162185
v 64.50545190828777 -24.5 24.761323051298085
v 69.69664254191115 -24.5 8.784481099857052
v 72.79387952087289 -24.5 -5.786873247556481
v 72.40631720289505 -24.5 -9.474282389520903
v 66.34720736314415 -24.5 -23.083265906726318
v 57.94768447586085 -24.5 -37.63166630683864
v 53.69666074788164 -24.5 -43.48269850952318
v 48.857325167999555 -24.5 -48.85732516799841
v 43.48269850952252 -24.5 -53.69666074788212
v 37.631666306838646 -24.5 -57.94768447586084
v 31.368333693162118 -24.5 -61.56382124639114
v 24.7613230512981 -24.5 -64.50545190828777
v 37.63166630683865 -25.5 -57.94768447586083
v 31.368333693162164 -25.5 -61.563821246391115
v 24.76132305129808 -25.5 -64.50545190828777
v 17.883022172443592 -25.5 -66.7403473404437
v 10.808791160407015 -25.5 -68.24402156082164
v 3.6161367705296508 -25.5 -69.0
v -3.6161367705296117 -25.5 -69.0
v -10.808791160407042 -25.5 -68.24402156082162
v -17.883022172443617 -25.5 -66.74034734044369
v -24.761323051298113 -25.5 -64.50545190828775
v -31.36833369316216 -25.5 -61.56382124639112
v -37.63166630683866 -25.5 -57.94768447586083
v -43.482698509522514 -25.5 -53.69666074788213
v -48.857325167998965 -25.5 -48.857325167998944
v -57.947684475860825 -25.5 -37.63166630683866
v -61.5638212463911 -25.5 -31.36833369316219
v -64.50545190828777 -25.5 -24.761323051298078
v -66.7403473404437 -25.5 -17.883022172443596
v -70.23306535155822 -25.5 -1.4510758534365034
v -71.0 -25.5 5.845819904409685
v -71.0 -25.5 10.17432920742298
v -61.56382124639113 -25.5 31.368333693162135
v -57.94768447586083 -25.5 37.63166630683865
v -53.69666074788163 -25.5 43.482698509523196
v -48.85732516799953 -25.5 48.85732516799845
v -43.48269850952252 -25.5 53.69666074788213
v -37.631666306838646 -25.5 57.94768447586084
v -31.368333693162143 -25.5 61.56382124639113
v -24.76132305129812 -25.5 64.50545190828775
v -18.999257121153665 -25.5 66.37766061998427
v 32.384769420809114 -25.5 60.976981805420195
v 37.63166630683864 -25.5 57.94768447586084
v 43.48269850952253 -25.5 53.69666074788211
v 48.85732516799894 -25.5 48.85732516799897
v 53.696660747882106 -25.5 43.482698509522535
v 57.94768447586083 -25.5 37.63166630683865
v 61.563821246391115 -25.5 31.368333693162167
v 64.50545190828777 -25.5 24.761323051298085
v 69.69664254191115 -25.5 8.784481099857052
v 72.79387952087289 -25.5 -5.786873247556481
v 72.40631720289505 -25.5 -9.474282389520903
v 66.34720736314415 -25.5 -23.083265906726318
v 57.94768447586084 -25.5 -37.631666306838646
v 53.69666074788162 -25.5 -43.4826985095232
v 48.857325167999534 -25.5 -48.85732516799844
v 38.58119246826873 -25.5 -57.257813338128194
v 24.402463296930524 -25.5 -63.570590286428896
v 17.623847938062468 -25.5 -65.77309592971201
v 10.652142013153346 -25.5 -67.25497777008522
v 3.5637289912465393 -25.5 -68.0
v -3.563728991246381 -25.5 -68.0
v -10.652142013154434 -25.5 -67.25497777008509
v -17.623847938061566 -25.5 -65.77309592971231
v -24.402463296930534 -25.5 -63.57059028642889
v -30.91372016137852 -25.5 -60.67159195296453
v -37.08627983862282 -25.5 -57.1078629617185
v -49.642669629943185 -25.5 -47.9851117801119
v -53.6966607478821 -25.5 -43.48269850952255
v -57.257813338128194 -25.5 -38.58119246826874
v -63.57059028642889 -25.5 -24.40246329693053
v -65.77309592971264 -25.5 -17.623847938060546
v -67.25497777008499 -25.5 -10.652142013155444
v -68.0 -25.5 -3.5637289912464087
v -68.0 -25.5 10.770141942068584
v -63.570590286428896 -25.5 24.40246329693053
v -60.671591952964526 -25.5 30.91372016137853
v -57.107862961718496 -25.5 37.086279838622836
v -52.91844827327533 -25.5 42.85251447315238
v -48.14924799165167 -25.5 48.149247991650526
v -42.85251447315172 -25.5 52.91844827327581
v -37.0862798386228 -25.5 57.10786296171852
v -30.913720161378496 -25.5 60.67159195296455
v -24.40246329693051 -25.5 63.5705902864289
v -17.623847938062475 -25.5 65.77309592971201
v -10.652142013153341 -25.5 67.25497777008522
v -3.5637289912465393 -25.5 68.0
v 3.563728991246424 -25.5 68.0
v 10.652142013154345 -25.5 67.2549777700851
v 17.623847938061584 -25.5 65.7730959297123
v 24.402463296930517 -25.5 63.570590286428896
v 30.91372016137853 -25.5 60.671591952964526
v 37.0862798386228 -25.5 57.10786296171852
v 42.85251447315173 -25.5 52.9184482732758
v 48.14924799165105 -25.5 48.14924799165109
v 52.9184482732758 -25.5 42.85251447315173
v 57.1078629617185 -25.5 37.08627983862282
v 60.67159195296453 -25.5 30.913720161378517
v 63.570590286428924 -25.5 24.402463296930456
v 65.77309592971264 -25.5 17.623847938060575
v 70.77172436583112 -25.5 -5.892849908597663
v 70.4503847764638 -25.5 -8.950191875408528
v 60.671591952964526 -25.5 -30.913720161378528
v 57.107862961718496 -25.5 -37.086279838622836
v 47.98511178011191 -25.5 -49.64266962994318
v 43.48269850952253 -25.5 -53.69666074788212
v 38.58119246826873 -25.5 -57.257813338128194
v -49.642669629943185 -26.5 -47.9851117801119
v -53.69666074788213 -26.5 -43.48269850952252
v -57.257813338128194 -26.5 -38.58119246826874
v -68.0 -26.5 10.770141942068584
v 70.77172436583112 -26.5 -5.892849908597663
v 70.4503847764638 -26.5 -8.950191875408528
v 47.98511178011191 -26.5 -49.64266962994318
v 43.482698509522535 -26.5 -53.696660747882106
v 38.58119246826873 -26.5 -57.257813338128194
v 10.652142013153346 -26.5 -67.25497777008522
v 3.5637289912465393 -26.5 -68.0
v -3.563728991246381 -26.5 -68.0
v -10.652142013154434 -26.5 -67.25497777008509
v -17.623847938061566 -26.5 -65.77309592971231
v -24.402463296930534 -26.5 -63.57059028642889
v -30.91372016137852 -26.5 -60.67159195296453
v -37.08627983862282 -26.5 -57.1078629617185
v -42.85251447315173 -26.5 -52.91844827327581
v -48.14924799165105 -26.5 -48.14924799165109
v -52.91844827327579 -26.5 -42.852514473151736
v -57.10786296171852 -26.5 -37.0862798386228
v -60.67159195296454 -26.5 -30.91372016137851
v -63.57059028642889 -26.5 -24.40246329693053
v -65.77309592971264 -26.5 -17.623847938060546
v -67.25497777008499 -26.5 -10.652142013155444
v -68.0 -26.5 -3.5637289912464087
v -68.0 -26.5 3.5637289912464185
v -67.25497777008499 -26.5 10.65214201315544
v -65.77309592971262 -26.5 17.623847938060592
v -63.570590286428896 -26.5 24.40246329693053
v -60.671591952964526 -26.5 30.91372016137853
v -57.107862961718496 -26.5 37.086279838622836
v -52.91844827327533 -26.5 42.85251447315238
v -48.14924799165167 -26.5 48.149247991650526
v -42.85251447315172 -26.5 52.91844827327581
v -37.0862798386228 -26.5 57.10786296171852
v -30.913720161378496 -26.5 60.67159195296455
v -24.40246329693051 -26.5 63.5705902864289
v -17.623847938062475 -26.5 65.77309592971201
v -10.652142013153341 -26.5 67.25497777008522
v -3.5637289912465393 -26.5 68.0
v 3.5637289912464016 -26.5 68.0
v 10.652142013154453 -26.5 67.25497777008509
v 17.623847938061576 -26.5 65.77309592971231
v 24.402463296930517 -26.5 63.570590286428896
v 30.91372016137853 -26.5 60.671591952964526
v 37.0862798386228 -26.5 57.10786296171852
v 42.85251447315173 -26.5 52.9184482732758
v 48.14924799165105 -26.5 48.14924799165109
v 52.9184482732758 -26.5 42.85251447315173
v 57.1078629617185 -26.5 37.08627983862282
v 60.67159195296453 -26.5 30.913720161378517
v 63.570590286428924 -26.5 24.402463296930456
v 65.77309592971264 -26.5 17.623847938060575
v 67.25497777008499 -26.5 10.652142013155446
v 68.87731715010085 -26.5 -4.783386116752919
v 68.3667044107208 -26.5 -9.641541814183645
v 63.57059028642889 -26.5 -24.402463296930534
v 60.671591952964526 -26.5 -30.913720161378528
v 57.107862961718496 -26.5 -37.086279838622836
v 52.91844827327533 -26.5 -42.852514473152375
v 48.14924799165166 -26.5 -48.14924799165053
v 42.85251447315171 -26.5 -52.91844827327582
v 37.086279838622815 -26.5 -57.10786296171851
v 30.91372016137853 -26.5 -60.671591952964526
v 24.402463296930524 -26.5 -63.570590286428896
v 17.623847938062468 -26.5 -65.77309592971201
v 10.652142013153346 -26.5 -67.25497777008522
v 67.25497777008499 -27.5 10.652142013155446
v 68.87731715010085 -27.5 -4.783386116752919
v 68.3667044107208 -27.5 -9.641541814183645
v 63.57059028642889 -27.5 -24.402463296930534
v 60.67159195296453 -27.5 -30.913720161378517
v 57.10786296171851 -27.5 -37.08627983862281
v 52.91844827327533 -27.5 -42.852514473152375
v 48.14924799165166 -27.5 -48.14924799165053
v 42.85251447315171 -27.5 -52.91844827327582
v 37.086279838622815 -27.5 -57.10786296171851
v 30.91372016137853 -27.5 -60.671591952964526
v 24.402463296930513 -27.5 -63.570590286428896
v 17.62384793806247 -27.5 -65.77309592971201
v 10.652142013153343 -27.5 -67.25497777008522
v 3.5637289912465393 -27.5 -68.0
v -3.563728991246379 -27.5 -68.0
v -10.652142013154434 -27.5 -67.25497777008509
v -17.62384793806157 -27.5 -65.77309592971231
v -24.402463296930534 -27.5 -63.57059028642889
v -30.913720161378553 -27.5 -60.67159195296452
v -37.08627983862284 -27.5 -57.107862961718496
v -42.85251447315173 -27.5 -52.91844827327581
v -48.14924799165105 -27.5 -48.14924799165109
v -52.91844827327579 -27.5 -42.852514473151736
v -57.10786296171852 -27.5 -37.0862798386228
v -60.67159195296454 -27.5 -30.91372016137851
v -63.57059028642889 -27.5 -24.402463296930538
v -65.77309592971264 -27.5 -17.623847938060543
v -67.25497777008499 -27.5 -10.652142013155444
v -68.0 -27.5 -3.5637289912464087
v -68.0 -27.5 3.5637289912464185
v -67.25497777008499 -27.5 10.65214201315544
v -65.77309592971262 -27.5 17.623847938060592
v -63.570590286428896 -27.5 24.40246329693053
v -60.671591952964526 -27.5 30.91372016137853
v -57.107862961718496 -27.5 37.086279838622836
v -52.91844827327533 -27.5 42.85251447315238
v -48.14924799165167 -27.5 48.149247991650526
v -42.85251447315172 -27.5 52.91844827327581
v -37.0862798386228 -27.5 57.10786296171852
v -30.913720161378496 -27.5 60.67159195296455
v -24.40246329693051 -27.5 63.5705902864289
v -17.623847938062475 -27.5 65.77309592971201
v -10.652142013153341 -27.5 67.25497777008522
v -3.5637289912465393 -27.5 68.0
v 3.5637289912464323 -27.5 68.0
v 10.652142013154352 -27.5 67.2549777700851
v 17.623847938061587 -27.5 65.7730959297123
v 24.4024632969305 -27.5 63.5705902864289
v 30.91372016137851 -27.5 60.67159195296453
v 37.08627983862281 -27.5 57.10786296171851
v 42.85251447315172 -27.5 52.91844827327581
v 48.149247991651066 -27.5 48.14924799165107
v 52.91844827327583 -27.5 42.8525144731517
v 57.1078629617185 -27.5 37.08627983862283
v 60.671591952964526 -27.5 30.913720161378528
v 63.57059028642888 -27.5 24.40246329693055
v 65.77309592971264 -27.5 17.62384793806054
v 67.25497777008499 -27.5 10.652142013155446
v 66.26593397934867 -27.5 -10.495492865901346
v 64.80584451898098 -27.5 -17.364673703679376
v 62.63572866457004 -27.5 -24.04360354256292
v 59.7793626595387 -27.5 -30.459106629593176
v 56.26804144757593 -27.5 -36.54089337040701
v 50.064964420463696 -27.5 -45.07869644181437
v 42.22233043678521 -27.5 -52.14023579866616
v 33.68452736537703 -27.5 -58.343312825778995
v 24.043603542566007 -27.5 -62.63572866456889
v 17.36467370367808 -27.5 -64.80584451898125
v 10.495492865901316 -27.5 -66.26593397934867
v 3.511321211963748 -27.5 -67.0
v -3.5113212119640824 -27.5 -67.0
v -10.495492865901014 -27.5 -66.26593397934874
v -17.364673703679394 -27.5 -64.80584451898096
v -24.043603542562924 -27.5 -62.63572866457004
v -30.459106629593183 -27.5 -59.7793626595387
v -36.54089337040699 -27.5 -56.268041447575946
v -45.07869644181436 -27.5 -50.0649644204637
v -52.140235798666154 -27.5 -42.222330436785214
v -58.34331282577899 -27.5 -33.684527365377036
v -62.63572866456887 -27.5 -24.043603542566036
v -64.80584451898125 -27.5 -17.364673703678072
v -66.26593397934873 -27.5 -10.495492865901063
v -67.0 -27.5 -3.5113212119640234
v -67.0 -27.5 3.5113212119637622
v -66.26593397934867 -27.5 10.49549286590134
v -64.80584451898098 -27.5 17.36467370367937
v -62.63572866457004 -27.5 24.043603542562913
v -59.77936265953869 -27.5 30.45910662959319
v -56.26804144757594 -27.5 36.540893370407005
v -52.14023579866566 -27.5 42.222330436785896
v -47.441170815304034 -27.5 47.44117081530295
v -42.22233043678522 -27.5 52.140235798666154
v -36.540893370407005 -27.5 56.26804144757594
v -30.459106629591453 -27.5 59.77936265953969
v -24.043603542566007 -27.5 62.63572866456889
v -17.36467370367808 -27.5 64.80584451898125
v -10.495492865901316 -27.5 66.26593397934867
v -3.511321211963748 -27.5 67.0
v 3.511321211964058 -27.5 67.0
v 10.495492865901122 -27.5 66.26593397934873
v 17.364673703679387 -27.5 64.80584451898098
v 24.0436035425629 -27.5 62.635728664570046
v 30.459106629593176 -27.5 59.7793626595387
v 36.54089337040698 -27.5 56.26804144757595
v 42.22233043678521 -27.5 52.140235798666154
v 47.44117081530347 -27.5 47.441170815303444
v 52.14023579866613 -27.5 42.22233043678524
v 56.268041447575946 -27.5 36.54089337040699
v 59.779362659539686 -27.5 30.45910662959147
v 62.63572866456887 -27.5 24.043603542566036
v 64.80584451898125 -27.5 17.364673703678072
v 66.26593397934873 -27.5 10.495492865901063
v 67.0 -27.5 3.5113212119640234
v 67.0 -27.5 -3.5113212119637622
v 66.26593397934867 -27.5 -10.495492865901346
v 67.0 -28.5 -3.5113212119637622
v 66.26593397934867 -28.5 -10.495492865901346
v 50.064964420463696 -28.5 -45.07869644181437
v 33.68452736537703 -28.5 -58.343312825778995
v -45.07869644181436 -28.5 -50.0649644204637
v -58.34331282577899 -28.5 -33.684527365377036
v -67.0 -28.5 3.5113212119637622
v -66.26593397934867 -28.5 10.49549286590134
v -64.80584451898098 -28.5 17.36467370367937
v -62.63572866457004 -28.5 24.043603542562913
v -10.495492865901316 -28.5 66.26593397934867
v -3.511321211963748 -28.5 67.0
v 3.511321211964058 -28.5 67.0
v 10.495492865901122 -28.5 66.26593397934873
v 17.364673703679387 -28.5 64.80584451898098
v 24.0436035425629 -28.5 62.635728664570046
v 66.26593397934873 -28.5 10.495492865901063
v 67.0 -28.5 3.5113212119640234
v 67.0 -28.5 -3.5113212119637622
v 64.80584451898098 -28.5 -17.364673703679376
v 62.63572866457004 -28.5 -24.04360354256292
v 59.7793626595387 -28.5 -30.459106629593176
v 56.26804144757593 -28.5 -36.54089337040701
v 52.14023579866568 -28.5 -42.222330436785874
v 47.441170815304034 -28.5 -47.44117081530294
v 42.22233043678521 -28.5 -52.14023579866616
v 36.540893370406984 -28.5 -56.26804144757595
v 30.459106629591446 -28.5 -59.7793626595397
v 24.043603542566007 -28.5 -62.63572866456889
v 17.36467370367808 -28.5 -64.80584451898125
v 10.495492865901316 -28.5 -66.26593397934867
v 3.511321211963748 -28.5 -67.0
v -3.5113212119640824 -28.5 -67.0
v -10.495492865901014 -28.5 -66.26593397934874
v -17.364673703679394 -28.5 -64.80584451898096
v -24.043603542562924 -28.5 -62.63572866457004
v -30.459106629593183 -28.5 -59.7793626595387
v -36.54089337040699 -28.5 -56.268041447575946
v -42.222330436785185 -28.5 -52.140235798666176
v -47.441170815303444 -28.5 -47.441170815303465
v -52.140235798666154 -28.5 -42.222330436785214
v -56.26804144757595 -28.5 -36.540893370406984
v -59.7793626595397 -28.5 -30.45910662959145
v -62.63572866456887 -28.5 -24.043603542566036
v -64.80584451898125 -28.5 -17.364673703678072
v -66.26593397934873 -28.5 -10.495492865901063
v -67.0 -28.5 -3.5113212119640234
v -67.0 -28.5 2.232249418056189
v -62.11548329686248 -28.5 25.21209376988742
v -59.77936265953869 -28.5 30.45910662959319
v -56.26804144757594 -28.5 36.540893370407005
v -52.14023579866566 -28.5 42.222330436785896
v -47.441170815304034 -28.5 47.44117081530295
v -42.22233043678522 -28.5 52.140235798666154
v -36.540893370407005 -28.5 56.26804144757594
v -30.459106629591453 -28.5 59.77936265953969
v -24.043603542566007 -28.5 62.63572866456889
v -17.36467370367808 -28.5 64.80584451898125
v -11.74661387227853 -28.5 66.0
v 6.936879527534656 -28.5 66.0
v 25.212093769887424 -28.5 62.11548329686247
v 30.459106629593176 -28.5 59.7793626595387
v 36.54089337040698 -28.5 56.26804144757595
v 42.22233043678521 -28.5 52.140235798666154
v 47.44117081530347 -28.5 47.441170815303444
v 52.14023579866613 -28.5 42.22233043678524
v 56.268041447575946 -28.5 36.54089337040699
v 59.779362659539686 -28.5 30.45910662959147
v 62.63572866456887 -28.5 24.043603542566036
v 64.80584451898125 -28.5 17.364673703678072
v 66.0 -28.5 11.746613872278532
v 66.0 -28.5 -11.746613872278532
v 64.80584451898098 -28.5 -17.364673703679376
v 42.22233043678523 -29.5 -52.14023579866615
v 36.540893370406984 -29.5 -56.26804144757595
v 30.459106629591446 -29.5 -59.7793626595397
v 24.04360354256601 -29.5 -62.63572866456889
v 17.364673703678076 -29.5 -64.80584451898125
v 10.495492865901314 -29.5 -66.26593397934867
v 3.511321211963748 -29.5 -67.0
v -3.511321211964053 -29.5 -67.0
v -10.495492865901111 -29.5 -66.26593397934873
v -17.364673703679383 -29.5 -64.80584451898098
v -24.043603542562895 -29.5 -62.635728664570046
v -30.459106629593222 -29.5 -59.77936265953868
v -36.54089337040701 -29.5 -56.26804144757594
v -42.222330436785185 -29.5 -52.140235798666176
v -47.441170815303444 -29.5 -47.441170815303465
v -52.14023579866614 -29.5 -42.22233043678523
v -56.26804144757595 -29.5 -36.540893370406984
v -59.7793626595397 -29.5 -30.45910662959145
v -62.63572866456887 -29.5 -24.043603542566043
v -64.80584451898125 -29.5 -17.36467370367807
v -66.26593397934873 -29.5 -10.495492865901063
v -67.0 -29.5 -3.5113212119640234
v -67.0 -29.5 2.232249418056189
v -62.11548329686248 -29.5 25.21209376988742
v -59.779362659538684 -29.5 30.4591066295932
v -56.268041447575925 -29.5 36.540893370407034
v -52.14023579866568 -29.5 42.222330436785874
v -47.441170815304034 -29.5 47.44117081530294
v -42.22233043678523 -29.5 52.14023579866615
v -36.540893370406984 -29.5 56.26804144757595
v -30.45910662959146 -29.5 59.77936265953969
v -24.04360354256599 -29.5 62.635728664568894
v -17.364673703678044 -29.5 64.80584451898126
v -11.74661387227853 -29.5 66.0
v 6.936879527534656 -29.5 66.0
v 25.212093769887424 -29.5 62.11548329686247
v 30.459106629593208 -29.5 59.779362659538684
v 36.540893370407034 -29.5 56.268041447575925
v 42.22233043678523 -29.5 52.14023579866615
v 47.441170815303444 -29.5 47.44117081530347
v 52.14023579866615 -29.5 42.22233043678522
v 56.26804144757594 -29.5 36.540893370407005
v 59.7793626595397 -29.5 30.459106629591442
v 62.63572866456891 -29.5 24.043603542565965
v 64.80584451898126 -29.5 17.364673703678054
v 66.0 -29.5 11.746613872278532
v 66.0 -29.5 -11.746613872278532
v 64.80584451898098 -29.5 -17.364673703679376
v 62.635728664570046 -29.5 -24.0436035425629
v 59.77936265953869 -29.5 -30.459106629593183
v 56.268041447575925 -29.5 -36.54089337040703
v 52.14023579866568 -29.5 -42.222330436785874
v 47.441170815304034 -29.5 -47.44117081530294
v 42.22233043678523 -29.5 -52.14023579866615
v 3.458913432680828 -29.5 66.0
v 10.338843718649438 -29.5 65.2768901886121
v 14.341937427918163 -29.5 64.42600635372705
v 17.10549946929397 -29.5 63.838593108250414
v 23.68474378819938 -29.5 61.700867042709596
v 30.004493097806137 -29.5 58.88713336611385
v 35.99550690219339 -29.5 55.4282199334321
v 41.592146400413824 -29.5 51.362023324060374
v 46.73309363895558 -29.5 46.733093638955566
v 51.36202332406038 -29.5 41.59214640041382
v 55.4282199334332 -29.5 35.995506902191885
v 58.88713336611309 -29.5 30.00449309780784
v 61.7008670427096 -29.5 23.68474378819936
v 63.8385931082504 -29.5 17.10549946929402
v 65.27689018861209 -29.5 10.33884371864948
v 66.0 -29.5 3.458913432680777
v 66.0 -29.5 -3.4589134326805158
v 65.27689018861203 -29.5 -10.338843718649754
v 63.83859310825042 -29.5 -17.105499469293953
v 61.700867042709596 -29.5 -23.68474378819937
v 58.88713336611308 -29.5 -30.004493097807853
v 55.42821993343321 -29.5 -35.99550690219186
v 51.3620233240599 -29.5 -41.59214640041448
v 46.73309363895616 -29.5 -46.73309363895504
v 41.59214640041382 -29.5 -51.36202332406038
v 35.9955069021934 -29.5 -55.428219933432096
v 30.004493097806115 -29.5 -58.88713336611386
v 23.684743788198418 -29.5 -61.70086704271002
v 17.105499469294912 -29.5 -63.83859310825022
v 10.338843718649338 -29.5 -65.27689018861213
v 3.458913432680908 -29.5 -66.0
v -3.458913432680828 -29.5 -66.0
v -10.338843718649466 -29.5 -65.2768901886121
v -17.10549946929397 -29.5 -63.838593108250414
v -23.68474378819938 -29.5 -61.700867042709596
v -30.004493097806137 -29.5 -58.88713336611385
v -35.99550690219339 -29.5 -55.4282199334321
v -41.592146400413824 -29.5 -51.362023324060374
v -46.73309363895558 -29.5 -46.733093638955566
v -51.36202332406038 -29.5 -41.59214640041382
v -55.4282199334332 -29.5 -35.995506902191885
v -58.88713336611309 -29.5 -30.00449309780784
v -61.7008670427096 -29.5 -23.68474378819936
v -63.8385931082504 -29.5 -17.10549946929402
v -65.27689018861209 -29.5 -10.33884371864948
v -66.0 -29.5 -3.458913432680777
v -66.0 -29.5 3.4589134326805158
v -65.27689018861203 -29.5 10.338843718649754
v -63.83859310825042 -29.5 17.105499469293953
v -61.700867042709596 -29.5 23.68474378819937
v -58.88713336611308 -29.5 30.004493097807853
v -55.42821993343321 -29.5 35.99550690219186
v -51.3620233240599 -29.5 41.59214640041448
v -46.73309363895616 -29.5 46.73309363895504
v -41.59214640041382 -29.5 51.36202332406038
v -35.9955069021934 -29.5 55.428219933432096
v -30.004493097806115 -29.5 58.88713336611386
v -23.684743788198418 -29.5 61.70086704271002
v -17.105499469294912 -29.5 63.83859310825022
v -10.338843718649338 -29.5 65.27689018861213
v -3.458913432680908 -29.5 66.0
v 3.458913432680828 -29.5 66.0
v 65.27689018861209 -30.5 10.33884371864948
v 66.0 -30.5 3.458913432680777
v 66.0 -30.5 -3.4589134326805158
v 65.27689018861203 -30.5 -10.338843718649754
v 63.83859310825042 -30.5 -17.105499469293953
v 61.700867042709596 -30.5 -23.68474378819937
v 58.88713336611308 -30.5 -30.004493097807853
v 55.42821993343321 -30.5 -35.99550690219186
v 51.3620233240599 -30.5 -41.59214640041448
v 30.004493097806115 -30.5 -58.88713336611386
v 23.684743788198418 -30.5 -61.70086704271002
v 17.105499469294912 -30.5 -63.83859310825022
v 10.338843718649338 -30.5 -65.27689018861213
v 3.458913432680908 -30.5 -66.0
v -3.458913432680828 -30.5 -66.0
v -10.338843718649466 -30.5 -65.2768901886121
v -17.10549946929397 -30.5 -63.838593108250414
v -23.68474378819938 -30.5 -61.700867042709596
v -30.004493097806137 -30.5 -58.88713336611385
v -35.99550690219339 -30.5 -55.4282199334321
v -41.592146400413824 -30.5 -51.362023324060374
v -58.88713336611309 -30.5 -30.00449309780784
v -61.7008670427096 -30.5 -23.68474378819936
v -63.8385931082504 -30.5 -17.10549946929402
v -65.27689018861209 -30.5 -10.33884371864948
v -66.0 -30.5 -3.458913432680777
v -66.0 -30.5 3.4589134326805158
v -65.27689018861203 -30.5 10.338843718649754
v -63.83859310825042 -30.5 17.105499469293953
v -61.700867042709596 -30.5 23.68474378819937
v -58.88713336611308 -30.5 30.004493097807853
v -55.42821993343321 -30.5 35.99550690219186
v -51.3620233240599 -30.5 41.59214640041448
v -46.73309363895616 -30.5 46.73309363895504
v -41.59214640041382 -30.5 51.36202332406038
v -35.9955069021934 -30.5 55.428219933432096
v -30.004493097806115 -30.5 58.88713336611386
v -23.684743788198418 -30.5 61.70086704271002
v -17.105499469294912 -30.5 63.83859310825022
v -10.338843718649338 -30.5 65.27689018861213
v -3.458913432680908 -30.5 66.0
v 3.458913432680828 -30.5 66.0
v 10.338843718649466 -30.5 65.2768901886121
v 17.10549946929397 -30.5 63.838593108250414
v 23.68474378819938 -30.5 61.700867042709596
v 30.004493097806137 -30.5 58.88713336611385
v 35.99550690219339 -30.5 55.4282199334321
v 41.592146400413824 -30.5 51.362023324060374
v 46.73309363895558 -30.5 46.733093638955566
v 51.36202332406038 -30.5 41.59214640041382
v 55.4282199334332 -30.5 35.995506902191885
v 58.88713336611309 -30.5 30.00449309780784
v 61.7008670427096 -30.5 23.68474378819936
v 63.8385931082504 -30.5 17.10549946929402
v 65.27689018861209 -30.5 10.33884371864948
v -46.73309363895557 -30.5 -46.733093638955566
v -51.36202332406037 -30.5 -41.59214640041383
v -55.428219933433205 -30.5 -35.99550690219187
v -58.22124924116806 -30.5 -31.157838234166174
v -63.929808226246976 -30.5 -13.5887002247949
v -65.0 -30.5 -3.406505653397666
v -65.0 -30.5 3.406505653397675
v -64.28784639787557 -30.5 10.182194571396867
v -62.871341697519085 -30.5 16.846325234911752
v -60.76600542085019 -30.5 23.32588403383346
v -57.99490407268812 -30.5 29.549879566021012
v -54.588398419289774 -30.5 35.45012043397757
v -48.57048787060006 -30.5 43.733063712206835
v -40.961962364043 -30.5 50.58381084945408
v -32.679019085814296 -30.5 56.601721398143376
v -23.32588403383177 -30.5 60.76600542085074
v -16.84632523491168 -30.5 62.87134169751911
v -10.182194571396852 -30.5 64.28784639787558
v -3.406505653397662 -30.5 65.0
v 3.4065056533976388 -30.5 65.0
v 10.182194571396895 -30.5 64.28784639787557
v 16.846325234911742 -30.5 62.87134169751909
v 23.32588403383175 -30.5 60.766005420850746
v 29.549879566022533 -30.5 57.99490407268724
v 35.450120433977574 -30.5 54.58839841928977
v 43.73306371220682 -30.5 48.570487870600076
v 50.58381084945409 -30.5 40.96196236404299
v 56.60172139814337 -30.5 32.67901908581431
v 60.76600542085074 -30.5 23.325884033831766
v 62.87134169751907 -30.5 16.846325234911795
v 64.28784639787557 -30.5 10.182194571396867
v 65.0 -30.5 3.406505653397666
v 65.0 -30.5 -3.406505653397675
v 64.28784639787557 -30.5 -10.182194571396883
v 62.87134169751909 -30.5 -16.846325234911745
v 59.70753889212295 -30.5 -26.583509043948332
v 50.47089642748181 -30.5 -42.581843084054995
v 46.73309363895616 -30.5 -46.73309363895504
v 41.592146400413824 -30.5 -51.362023324060374
v 35.995506902193405 -30.5 -55.42821993343209
v 31.15783823416532 -30.5 -58.22124924116832
v 13.5887002247949 -30.5 -63.92980822624697
v 3.406505653397662 -30.5 -65.0
v -3.406505653397618 -30.5 -65.0
v -10.182194571396872 -30.5 -64.28784639787557
v -16.846325234911763 -30.5 -62.871341697519085
v -26.58350904394834 -30.5 -59.70753889212295
v -42.581843084054654 -30.5 -50.47089642748201
v -44.78142590969488 -30.5 -48.49038315550748
v -46.73309363895557 -30.5 -46.733093638955566
v 35.995506902193405 -31.5 -55.42821993343209
v 31.15783823416532 -31.5 -58.22124924116832
v 13.5887002247949 -31.5 -63.92980822624697
v -26.58350904394834 -31.5 -59.70753889212295
v -42.581843084054654 -31.5 -50.47089642748201
v -46.73309363895557 -31.5 -46.73309363895557
v -51.36202332406037 -31.5 -41.59214640041383
v -55.428219933433226 -31.5 -35.99550690219184
v -58.22124924116805 -31.5 -31.157838234166196
v -63.929808226246976 -31.5 -13.5887002247949
v -65.0 -31.5 3.406505653397675
v -64.28784639787557 -31.5 10.182194571396867
v -62.871341697519085 -31.5 16.846325234911752
v -60.76600542085019 -31.5 23.32588403383346
v -48.57048787060006 -31.5 43.733063712206835
v -32.679019085814296 -31.5 56.601721398143376
v -10.182194571396852 -31.5 64.28784639787558
v -3.406505653397662 -31.5 65.0
v 3.4065056533976388 -31.5 65.0
v 10.182194571396895 -31.5 64.28784639787557
v 16.846325234911742 -31.5 62.87134169751909
v 23.32588403383175 -31.5 60.766005420850746
v 43.73306371220682 -31.5 48.570487870600076
v 56.60172139814337 -31.5 32.67901908581431
v 64.28784639787557 -31.5 10.182194571396867
v 65.0 -31.5 3.406505653397666
v 65.0 -31.5 -3.406505653397675
v 64.28784639787557 -31.5 -10.182194571396883
v 59.70753889212295 -31.5 -26.583509043948332
v 50.47089642748181 -31.5 -42.581843084054995
v 46.73309363895616 -31.5 -46.73309363895504
v 41.592146400413824 -31.5 -51.362023324060374
v 35.995506902193405 -31.5 -55.42821993343209
v 16.846325234911678 -31.5 -62.871341697519114
v 10.182194571396858 -31.5 -64.28784639787558
v 3.406505653397662 -31.5 -65.0
v -3.406505653397618 -31.5 -65.0
v -10.182194571396872 -31.5 -64.28784639787557
v -16.846325234911763 -31.5 -62.871341697519085
v -23.32588403383175 -31.5 -60.766005420850746
v -29.549879566022533 -31.5 -57.99490407268724
v -35.450120433977574 -31.5 -54.58839841928977
v -40.96196236404301 -31.5 -50.583810849454075
v -46.02501646260765 -31.5 -46.02501646260772
v -50.58381084945406 -31.5 -40.96196236404302
v -54.58839841928977 -31.5 -35.45012043397757
v -57.99490407268724 -31.5 -29.54987956602253
v -60.76600542085074 -31.5 -23.32588403383176
v -62.87134169751907 -31.5 -16.8463252349118
v -64.28784639787557 -31.5 -10.182194571396865
v -65.0 -31.5 -3.406505653397666
v -65.0 -31.5 2.0220409475248697
v -60.20289289392696 -31.5 24.590655477149156
v -57.99490407268812 -31.5 29.549879566021012
v -54.588398419289774 -31.5 35.45012043397757
v -50.583810849453585 -31.5 40.96196236404368
v -46.02501646260828 -31.5 46.025016462607155
v -40.961962364043 -31.5 50.58381084945408
v -35.45012043397757 -31.5 54.58839841928977
v -29.5498795660225 -31.5 57.994904072687255
v -23.32588403383177 -31.5 60.76600542085074
v -16.84632523491168 -31.5 62.87134169751911
v -11.536405401747212 -31.5 64.0
v 6.726671057003334 -31.5 64.0
v 24.590655477148285 -31.5 60.20289289392714
v 29.549879566022533 -31.5 57.99490407268724
v 35.450120433977574 -31.5 54.58839841928977
v 40.961962364043 -31.5 50.583810849454075
v 46.02501646260766 -31.5 46.02501646260771
v 50.58381084945409 -31.5 40.96196236404299
v 54.58839841928978 -31.5 35.45012043397755
v 57.994904072687255 -31.5 29.549879566022508
v 60.76600542085074 -31.5 23.325884033831766
v 62.87134169751907 -31.5 16.846325234911795
v 64.0 -31.5 11.536405401747214
v 64.0 -31.5 -11.536405401747214
v 62.87134169751909 -31.5 -16.846325234911745
v 60.7660054208502 -31.5 -23.325884033833436
v 57.99490407268812 -31.5 -29.549879566021
v 54.58839841928976 -31.5 -35.45012043397759
v 50.58381084945359 -31.5 -40.96196236404368
v 46.02501646260827 -31.5 -46.02501646260716
v 40.961962364043 -31.5 -50.58381084945408
v 35.45012043397758 -31.5 -54.58839841928976
v 29.549879566022486 -31.5 -57.99490407268726
v 23.325884033831723 -31.5 -60.76600542085076
v 16.846325234911678 -31.5 -62.871341697519114
v 40.961962364043 -32.5 -50.58381084945408
v 35.45012043397758 -32.5 -54.58839841928976
v 29.549879566022486 -32.5 -57.99490407268726
v 23.325884033831723 -32.5 -60.76600542085076
v 16.846325234911678 -32.5 -62.871341697519114
v 10.182194571396858 -32.5 -64.28784639787558
v 3.406505653397662 -32.5 -65.0
v -3.406505653397622 -32.5 -65.0
v -10.182194571396884 -32.5 -64.28784639787557
v -16.84632523491174 -32.5 -62.87134169751909
v -23.32588403383175 -32.5 -60.766005420850746
v -29.549879566022533 -32.5 -57.99490407268724
v -35.450120433977574 -32.5 -54.58839841928977
v -40.96196236404301 -32.5 -50.583810849454075
v -46.02501646260765 -32.5 -46.02501646260772
v -50.58381084945406 -32.5 -40.96196236404302
v -54.58839841928977 -32.5 -35.45012043397757
v -57.99490407268724 -32.5 -29.54987956602253
v -60.76600542085074 -32.5 -23.32588403383176
v -62.87134169751907 -32.5 -16.8463252349118
v -64.28784639787557 -32.5 -10.182194571396865
v -65.0 -32.5 -3.406505653397666
v -65.0 -32.5 2.0220409475248697
v -60.20289289392696 -32.5 24.590655477149156
v -57.99490407268813 -32.5 29.54987956602099
v -54.588398419289774 -32.5 35.45012043397756
v -50.583810849453585 -32.5 40.96196236404368
v -46.02501646260828 -32.5 46.025016462607155
v -40.96196236404302 -32.5 50.58381084945407
v -35.45012043397757 -32.5 54.58839841928977
v -29.5498795660225 -32.5 57.994904072687255
v -23.325884033831766 -32.5 60.76600542085074
v -16.846325234911728 -32.5 62.87134169751909
v -11.536405401747212 -32.5 64.0
v 6.726671057003334 -32.5 64.0
v 24.590655477148285 -32.5 60.20289289392714
v 29.549879566022515 -32.5 57.99490407268725
v 35.450120433977546 -32.5 54.58839841928978
v 40.961962364043 -32.5 50.583810849454075
v 46.02501646260766 -32.5 46.02501646260771
v 50.58381084945408 -32.5 40.961962364042996
v 54.58839841928978 -32.5 35.45012043397755
v 57.994904072687255 -32.5 29.549879566022508
v 60.76600542085075 -32.5 23.325884033831734
v 62.87134169751909 -32.5 16.846325234911742
v 64.0 -32.5 11.536405401747214
v 64.0 -32.5 -11.536405401747214
v 62.87134169751909 -32.5 -16.846325234911745
v 60.7660054208502 -32.5 -23.325884033833436
v 57.99490407268812 -32.5 -29.549879566021
v 54.58839841928976 -32.5 -35.45012043397759
v 50.58381084945359 -32.5 -40.96196236404368
v 46.02501646260827 -32.5 -46.02501646260716
v 40.961962364043 -32.5 -50.58381084945408
v -61.904090286788026 -32.5 16.587151000528713
v -59.83114379899134 -32.5 22.967024279465836
v -57.1026747792623 -32.5 29.095266034235635
v -53.74857690514721 -32.5 34.904733965761736
v -49.80559837484611 -32.5 40.331778327674165
v -45.31693928625933 -32.5 45.31693928626045
v -40.33177832767481 -32.5 49.805598374845644
v -34.90473396576173 -32.5 53.74857690514722
v -29.095266034235642 -32.5 57.1026747792623
v -22.96702427946584 -32.5 59.831143798991334
v -16.587151000528657 -32.5 61.90409028678804
v -10.025545424144827 -32.5 63.29880260713903
v -3.35409787411487 -32.5 64.0
v 3.354097874114904 -32.5 64.0
v 10.025545424144816 -32.5 63.29880260713904
v 16.587151000528685 -32.5 61.90409028678803
v 22.96702427946585 -32.5 59.831143798991334
v 29.095266034235678 -32.5 57.10267477926229
v 34.90473396576172 -32.5 53.748576905147225
v 40.33177832767482 -32.5 49.80559837484564
v 45.31693928625993 -32.5 45.31693928625991
v 49.80559837484563 -32.5 40.33177832767483
v 53.74857690514721 -32.5 34.904733965761736
v 57.1026747792623 -32.5 29.095266034235642
v 59.83114379899133 -32.5 22.967024279465857
v 61.90409028678804 -32.5 16.587151000528653
v 63.29880260713903 -32.5 10.025545424144838
v 64.0 -32.5 3.3540978741148746
v 64.0 -32.5 -3.3540978741148835
v 63.298802607139024 -32.5 -10.025545424144855
v 61.90409028678804 -32.5 -16.587151000528678
v 59.83114379899134 -32.5 -22.967024279465836
v 57.1026747792623 -32.5 -29.095266034235635
v 53.74857690514721 -32.5 -34.904733965761736
v 49.80559837484611 -32.5 -40.331778327674165
v 45.31693928625933 -32.5 -45.31693928626045
v 40.33177832767481 -32.5 -49.805598374845644
v 34.90473396576173 -32.5 -53.74857690514722
v 29.095266034235642 -32.5 -57.1026747792623
v 22.96702427946584 -32.5 -59.831143798991334
v 16.587151000528657 -32.5 -61.90409028678804
v 10.025545424144827 -32.5 -63.29880260713903
v 3.35409787411487 -32.5 -64.0
v -3.354097874114904 -32.5 -64.0
v -10.025545424144864 -32.5 -63.29880260713903
v -16.58715100052867 -32.5 -61.90409028678804
v -22.96702427946585 -32.5 -59.831143798991334
v -29.095266034235678 -32.5 -57.10267477926229
v -34.90473396576172 -32.5 -53.748576905147225
v -40.33177832767482 -32.5 -49.80559837484564
v -45.31693928625993 -32.5 -45.31693928625991
v -49.80559837484563 -32.5 -40.33177832767483
v -53.74857690514721 -32.5 -34.904733965761736
v -57.1026747792623 -32.5 -29.095266034235642
v -59.83114379899133 -32.5 -22.967024279465857
v -61.90409028678804 -32.5 -16.587151000528653
v -63.29880260713903 -32.5 -10.025545424144838
v -64.0 -32.5 -3.3540978741148746
v -64.0 -32.5 3.3540978741148835
v -63.298802607139024 -32.5 10.025545424144855
v -62.83542347141893 -32.5 12.205572858157739
v -61.904090286788026 -32.5 16.587151000528713
v 63.29880260713903 -33.5 10.025545424144838
v 64.0 -33.5 3.3540978741148746
v 64.0 -33.5 -3.3540978741148835
v 63.298802607139024 -33.5 -10.025545424144855
v 61.90409028678804 -33.5 -16.587151000528678
v 59.83114379899134 -33.5 -22.967024279465836
v 57.1026747792623 -33.5 -29.095266034235635
v 53.74857690514721 -33.5 -34.904733965761736
v 49.80559837484611 -33.5 -40.331778327674165
v 45.31693928625933 -33.5 -45.31693928626045
v 40.33177832767481 -33.5 -49.805598374845644
v 34.90473396576173 -33.5 -53.74857690514722
v 29.095266034235642 -33.5 -57.1026747792623
v 22.96702427946584 -33.5 -59.831143798991334
v 16.587151000528657 -33.5 -61.90409028678804
v 10.025545424144827 -33.5 -63.29880260713903
v 3.35409787411487 -33.5 -64.0
v -3.354097874114904 -33.5 -64.0
v -10.025545424144864 -33.5 -63.29880260713903
v -16.58715100052867 -33.5 -61.90409028678804
v -22.96702427946585 -33.5 -59.831143798991334
v -29.095266034235678 -33.5 -57.10267477926229
v -34.90473396576172 -33.5 -53.748576905147225
v -40.33177832767482 -33.5 -49.80559837484564
v -45.31693928625993 -33.5 -45.31693928625991
v -49.80559837484563 -33.5 -40.33177832767483
v -53.74857690514721 -33.5 -34.904733965761736
v -57.1026747792623 -33.5 -29.095266034235642
v -59.83114379899133 -33.5 -22.967024279465857
v -61.90409028678804 -33.5 -16.587151000528653
v -63.29880260713903 -33.5 -10.025545424144838
v -64.0 -33.5 -3.3540978741148746
v -64.0 -33.5 3.3540978741148835
v -63.298802607139024 -33.5 10.025545424144855
v -61.90409028678804 -33.5 16.587151000528678
v -59.83114379899134 -33.5 22.967024279465836
v -57.1026747792623 -33.5 29.095266034235635
v -53.74857690514721 -33.5 34.904733965761736
v -49.80559837484611 -33.5 40.331778327674165
v -45.31693928625933 -33.5 45.31693928626045
v -40.33177832767481 -33.5 49.805598374845644
v -34.90473396576173 -33.5 53.74857690514722
v -29.095266034235642 -33.5 57.1026747792623
v -22.96702427946584 -33.5 59.831143798991334
v -16.587151000528657 -33.5 61.90409028678804
v -10.025545424144827 -33.5 63.29880260713903
v -3.35409787411487 -33.5 64.0
v 3.354097874114904 -33.5 64.0
v 10.025545424144864 -33.5 63.29880260713903
v 16.58715100052867 -33.5 61.90409028678804
v 22.96702427946585 -33.5 59.831143798991334
v 29.095266034235678 -33.5 57.10267477926229
v 34.90473396576172 -33.5 53.748576905147225
v 40.33177832767482 -33.5 49.80559837484564
v 45.31693928625993 -33.5 45.31693928625991
v 49.80559837484563 -33.5 40.33177832767483
v 53.74857690514721 -33.5 34.904733965761736
v 57.1026747792623 -33.5 29.095266034235642
v 59.83114379899133 -33.5 22.967024279465857
v 61.90409028678804 -33.5 16.587151000528653
v 63.29880260713903 -33.5 10.025545424144838
v 63.0 -33.5 3.3016900948316286
v 63.0 -33.5 -3.3016900948316374
v 62.309758816402386 -33.5 -9.86889627689326
v 60.93683887605727 -33.5 -16.327976766144253
v 58.89628217713193 -33.5 -22.608164525099458
v 56.2104454858357 -33.5 -28.64065250245202
v 52.90875539100359 -33.5 -34.35934749754814
v 49.02738590023982 -33.5 -39.7015942913038
v 44.60886210991164 -33.5 -44.60886210991279
v 39.70159429130443 -33.5 -49.027385900239366
v 34.35934749754815 -33.5 -52.90875539100359
v 28.640652502451996 -33.5 -56.21044548583571
v 22.60816452509944 -33.5 -58.896282177131944
v 16.327976766144243 -33.5 -60.93683887605728
v 9.868896276893247 -33.5 -62.30975881640239
v 3.301690094831624 -33.5 -63.0
v -3.3016900948316463 -33.5 -63.0
v -9.868896276893246 -33.5 -62.30975881640239
v -16.32797676614428 -33.5 -60.936838876057266
v -22.608164525099472 -33.5 -58.89628217713193
v -28.64065250245203 -33.5 -56.2104454858357
v -34.359347497548136 -33.5 -52.908755391003595
v -39.701594291304424 -33.5 -49.027385900239366
v -44.60886210991223 -33.5 -44.60886210991226
v -49.02738590023934 -33.5 -39.70159429130446
v -52.90875539100361 -33.5 -34.359347497548114
v -56.2104454858357 -33.5 -28.64065250245203
v -58.89628217713193 -33.5 -22.60816452509946
v -60.93683887605728 -33.5 -16.327976766144236
v -62.30975881640239 -33.5 -9.868896276893256
v -63.0 -33.5 -3.3016900948316286
v -63.0 -33.5 3.3016900948316374
v -62.309758816402386 -33.5 9.86889627689326
v -60.93683887605727 -33.5 16.327976766144253
v -58.89628217713193 -33.5 22.608164525099458
v -56.2104454858357 -33.5 28.64065250245202
v -52.90875539100359 -33.5 34.35934749754814
v -49.02738590023982 -33.5 39.7015942913038
v -44.60886210991164 -33.5 44.60886210991279
v -39.70159429130443 -33.5 49.027385900239366
v -34.35934749754815 -33.5 52.90875539100359
v -28.640652502451996 -33.5 56.21044548583571
v -22.60816452509944 -33.5 58.896282177131944
v -16.327976766144243 -33.5 60.93683887605728
v -9.868896276893247 -33.5 62.30975881640239
v -3.301690094831624 -33.5 63.0
v 3.3016900948316463 -33.5 63.0
v 9.868896276893246 -33.5 62.30975881640239
v 16.32797676614428 -33.5 60.936838876057266
v 22.608164525099472 -33.5 58.89628217713193
v 28.64065250245203 -33.5 56.2104454858357
v 34.359347497548136 -33.5 52.908755391003595
v 39.701594291304424 -33.5 49.027385900239366
v 44.60886210991223 -33.5 44.60886210991226
v 49.02738590023934 -33.5 39.70159429130446
v 52.90875539100361 -33.5 34.359347497548114
v 56.2104454858357 -33.5 28.64065250245203
v 58.89628217713193 -33.5 22.60816452509946
v 60.93683887605728 -33.5 16.327976766144236
v 62.30975881640239 -33.5 9.868896276893256
v 63.0 -33.5 3.3016900948316286
v 62.30975881640239 -34.5 9.868896276893256
v 63.0 -34.5 3.3016900948316286
v 63.0 -34.5 -3.3016900948316374
v 62.309758816402386 -34.5 -9.86889627689326
v 60.93683887605727 -34.5 -16.327976766144253
v 58.89628217713193 -34.5 -22.608164525099458
v 56.2104454858357 -34.5 -28.64065250245202
v 52.90875539100359 -34.5 -34.35934749754814
v 49.02738590023982 -34.5 -39.7015942913038
v 44.60886210991164 -34.5 -44.60886210991279
v 39.70159429130443 -34.5 -49.027385900239366
v 34.35934749754815 -34.5 -52.90875539100359
v 28.640652502451996 -34.5 -56.21044548583571
v 22.60816452509944 -34.5 -58.896282177131944
v 16.327976766144243 -34.5 -60.93683887605728
v 9.868896276893247 -34.5 -62.30975881640239
v 3.301690094831624 -34.5 -63.0
v -3.3016900948316463 -34.5 -63.0
v -9.868896276893246 -34.5 -62.30975881640239
v -16.32797676614428 -34.5 -60.936838876057266
v -22.608164525099472 -34.5 -58.89628217713193
v -28.64065250245203 -34.5 -56.2104454858357
v -34.359347497548136 -34.5 -52.908755391003595
v -39.701594291304424 -34.5 -49.027385900239366
v -44.60886210991223 -34.5 -44.60886210991226
v -49.02738590023934 -34.5 -39.70159429130446
v -52.90875539100361 -34.5 -34.359347497548114
v -56.2104454858357 -34.5 -28.64065250245203
v -58.89628217713193 -34.5 -22.60816452509946
v -60.93683887605728 -34.5 -16.327976766144236
v -62.30975881640239 -34.5 -9.868896276893256
v -63.0 -34.5 -3.3016900948316286
v -63.0 -34.5 3.3016900948316374
v -62.309758816402386 -34.5 9.86889627689326
v -60.93683887605727 -34.5 16.327976766144253
v -58.89628217713193 -34.5 22.608164525099458
v -56.2104454858357 -34.5 28.64065250245202
v -52.90875539100359 -34.5 34.35934749754814
v -49.02738590023982 -34.5 39.7015942913038
v -44.60886210991164 -34.5 44.60886210991279
v -39.70159429130443 -34.5 49.027385900239366
v -34.35934749754815 -34.5 52.90875539100359
v -28.640652502451996 -34.5 56.21044548583571
v -22.60816452509944 -34.5 58.896282177131944
v -16.327976766144243 -34.5 60.93683887605728
v -9.868896276893247 -34.5 62.30975881640239
v -3.301690094831624 -34.5 63.0
v 3.3016900948316463 -34.5 63.0
v 9.868896276893246 -34.5 62.30975881640239
v 16.32797676614428 -34.5 60.936838876057266
v 22.608164525099472 -34.5 58.89628217713193
v 28.64065250245203 -34.5 56.2104454858357
v 34.359347497548136 -34.5 52.908755391003595
v 39.701594291304424 -34.5 49.027385900239366
v 44.60886210991223 -34.5 44.60886210991226
v 49.02738590023934 -34.5 39.70159429130446
v 52.90875539100361 -34.5 34.359347497548114
v 56.2104454858357 -34.5 28.64065250245203
v 58.89628217713193 -34.5 22.60816452509946
v 60.93683887605728 -34.5 16.327976766144236
v 62.30975881640239 -34.5 9.868896276893256
v 62.0 -34.5 3.249282315548382
v 62.0 -34.5 -3.249282315548391
v 61.32071502566584 -34.5 -9.712247129640776
v 59.96958746532616 -34.5 -16.068802531761026
v 57.96142055527265 -34.5 -22.249304770732792
v 55.31821619240986 -34.5 -28.186038970666697
v 52.06893387686104 -34.5 -33.813961029332305
v 48.249173425632335 -34.5 -39.0714102549343
v 43.90078493356376 -34.5 -43.9007849335649
v 39.07141025493494 -34.5 -48.249173425631874
v 33.813961029332326 -34.5 -52.068933876861024
v 28.186038970666683 -34.5 -55.318216192409864
v 22.24930477073278 -34.5 -57.96142055527266
v 16.068802531761015 -34.5 -59.969587465326164
v 9.712247129640762 -34.5 -61.32071502566585
v 3.249282315548378 -34.5 -62.0
v -3.2492823155483608 -34.5 -62.0
v -9.712247129640785 -34.5 -61.32071502566584
v -16.06880253176107 -34.5 -59.96958746532615
v -22.249304770732813 -34.5 -57.96142055527265
v -28.18603897066666 -34.5 -55.31821619240988
v -33.81396102933233 -34.5 -52.06893387686102
v -39.07141025493495 -34.5 -48.24917342563187
v -43.900784933564374 -34.5 -43.90078493356435
v -48.24917342563186 -34.5 -39.07141025493496
v -52.06893387686102 -34.5 -33.81396102933233
v -55.318216192409864 -34.5 -28.186038970666683
v -57.96142055527267 -34.5 -22.249304770732767
v -59.96958746532617 -34.5 -16.068802531761
v -61.32071502566585 -34.5 -9.712247129640774
v -62.0 -34.5 -3.249282315548382
v -62.0 -34.5 3.249282315548391
v -61.32071502566584 -34.5 9.712247129640776
v -59.96958746532616 -34.5 16.068802531761026
v -57.96142055527265 -34.5 22.249304770732792
v -55.31821619240986 -34.5 28.186038970666697
v -52.06893387686104 -34.5 33.813961029332305
v -48.249173425632335 -34.5 39.0714102549343
v -43.90078493356376 -34.5 43.9007849335649
v -39.07141025493494 -34.5 48.249173425631874
v -33.813961029332326 -34.5 52.068933876861024
v -28.186038970666683 -34.5 55.318216192409864
v -22.24930477073278 -34.5 57.96142055527266
v -16.068802531761015 -34.5 59.969587465326164
v -9.712247129640762 -34.5 61.32071502566585
v -3.249282315548378 -34.5 62.0
v 3.2492823155483608 -34.5 62.0
v 9.712247129640785 -34.5 61.32071502566584
v 16.06880253176107 -34.5 59.96958746532615
v 22.249304770732813 -34.5 57.96142055527265
v 28.18603897066666 -34.5 55.31821619240988
v 33.81396102933233 -34.5 52.06893387686102
v 39.07141025493495 -34.5 48.24917342563187
v 43.900784933564374 -34.5 43.90078493356435
v 48.24917342563186 -34.5 39.07141025493496
v 52.06893387686102 -34.5 33.81396102933233
v 55.318216192409864 -34.5 28.186038970666683
v 57.96142055527267 -34.5 22.249304770732767
v 59.96958746532617 -34.5 16.068802531761
v 61.32071502566585 -34.5 9.712247129640774
v 62.0 -34.5 3.249282315548382
v 61.32071502566585 -35.5 9.712247129640774
v 62.0 -35.5 3.249282315548382
v 62.0 -35.5 -3.249282315548391
v 61.32071502566584 -35.5 -9.712247129640776
v 59.96958746532616 -35.5 -16.068802531761026
v 57.96142055527265 -35.5 -22.249304770732792
v 55.31821619240986 -35.5 -28.186038970666697
v 52.06893387686104 -35.5 -33.813961029332305
v 48.249173425632335 -35.5 -39.0714102549343
v 43.90078493356376 -35.5 -43.9007849335649
v 39.07141025493494 -35.5 -48.249173425631874
v 33.813961029332326 -35.5 -52.068933876861024
v 28.186038970666683 -35.5 -55.318216192409864
v 22.24930477073278 -35.5 -57.96142055527266
v 16.068802531761015 -35.5 -59.969587465326164
v 9.712247129640762 -35.5 -61.32071502566585
v 3.249282315548378 -35.5 -62.0
v -3.2492823155483608 -35.5 -62.0
v -9.712247129640785 -35.5 -61.32071502566584
v -16.06880253176107 -35.5 -59.96958746532615
v -22.249304770732813 -35.5 -57.96142055527265
v -28.18603897066666 -35.5 -55.31821619240988
v -33.81396102933233 -35.5 -52.06893387686102
v -39.07141025493495 -35.5 -48.24917342563187
v -43.900784933564374 -35.5 -43.90078493356435
v -48.24917342563186 -35.5 -39.07141025493496
v -52.06893387686102 -35.5 -33.81396102933233
v -55.318216192409864 -35.5 -28.186038970666683
v -57.96142055527267 -35.5 -22.249304770732767
v -59.96958746532617 -35.5 -16.068802531761
v -61.32071502566585 -35.5 -9.712247129640774
v -62.0 -35.5 -3.249282315548382
v -62.0 -35.5 3.249282315548391
v -61.32071502566584 -35.5 9.712247129640776
v -59.96958746532616 -35.5 16.068802531761026
v -57.96142055527265 -35.5 22.249304770732792
v -55.31821619240986 -35.5 28.186038970666697
v -52.06893387686104 -35.5 33.813961029332305
v -48.249173425632335 -35.5 39.0714102549343
v -43.90078493356376 -35.5 43.9007849335649
v -39.07141025493494 -35.5 48.249173425631874
v -33.813961029332326 -35.5 52.068933876861024
v -28.186038970666683 -35.5 55.318216192409864
v -22.24930477073278 -35.5 57.96142055527266
v -16.068802531761015 -35.5 59.969587465326164
v -9.712247129640762 -35.5 61.32071502566585
v -3.249282315548378 -35.5 62.0
v 3.2492823155483608 -35.5 62.0
v 9.712247129640785 -35.5 61.32071502566584
v 16.06880253176107 -35.5 59.96958746532615
v 22.249304770732813 -35.5 57.96142055527265
v 28.18603897066666 -35.5 55.31821619240988
v 33.81396102933233 -35.5 52.06893387686102
v 39.07141025493495 -35.5 48.24917342563187
v 43.900784933564374 -35.5 43.90078493356435
v 48.24917342563186 -35.5 39.07141025493496
v 52.06893387686102 -35.5 33.81396102933233
v 55.318216192409864 -35.5 28.186038970666683
v 57.96142055527267 -35.5 22.249304770732767
v 59.96958746532617 -35.5 16.068802531761
v 61.32071502566585 -35.5 9.712247129640774
v 61.0 -35.5 3.196874536265591
v 61.0 -35.5 -3.1968745362655993
v 60.331671234929296 -35.5 -9.555597982388765
v 59.00233605459511 -35.5 -15.80962829737795
v 57.026558933413796 -35.5 -21.890445016365188
v 54.42598689898326 -35.5 -27.73142543888307
v 51.2291123627183 -35.5 -33.268574561117184
v 47.47096095102657 -35.5 -38.441226218562896
v 43.192707757215324 -35.5 -43.192707757217626
v 38.441226218562896 -35.5 -47.4709609510268
v 33.26857456111872 -35.5 -51.22911236271741
v 27.731425438883043 -35.5 -54.425986898983275
v 21.890445016365167 -35.5 -57.02655893341381
v 15.809628297377925 -35.5 -59.00233605459512
v 9.555597982388736 -35.5 -60.3316712349293
v 3.196874536265587 -35.5 -61.0
v -3.1968745362655695 -35.5 -61.0
v -9.55559798238876 -35.5 -60.331671234929296
v -15.809628297377934 -35.5 -59.00233605459511
v -21.890445016365163 -35.5 -57.0265589334138
v -27.73142543888307 -35.5 -54.42598689898326
v -33.2685745611187 -35.5 -51.22911236271742
v -38.441226218562875 -35.5 -47.47096095102681
v -43.192707757216546 -35.5 -43.192707757216525
v -47.47096095102681 -35.5 -38.44122621856288
v -51.2291123627174 -35.5 -33.26857456111873
v -54.42598689898327 -35.5 -27.731425438883054
v -57.026558933413796 -35.5 -21.890445016365195
v -59.0023360545951 -35.5 -15.809628297377982
v -60.331671234929296 -35.5 -9.555597982388747
v -61.0 -35.5 -3.196874536265591
v -61.0 -35.5 3.1968745362655993
v -60.331671234929296 -35.5 9.555597982388765
v -59.00233605459511 -35.5 15.80962829737795
v -57.026558933413796 -35.5 21.890445016365188
v -54.42598689898326 -35.5 27.73142543888307
v -51.2291123627183 -35.5 33.268574561117184
v -47.47096095102657 -35.5 38.441226218562896
v -43.192707757215324 -35.5 43.192707757217626
v -38.441226218562896 -35.5 47.4709609510268
v -33.26857456111872 -35.5 51.22911236271741
v -27.731425438883043 -35.5 54.425986898983275
v -21.890445016365167 -35.5 57.02655893341381
v -15.809628297377925 -35.5 59.00233605459512
v -9.555597982388736 -35.5 60.3316712349293
v -3.196874536265587 -35.5 61.0
v 3.1968745362655695 -35.5 61.0
v 9.55559798238876 -35.5 60.331671234929296
v 15.809628297377934 -35.5 59.00233605459511
v 21.890445016365163 -35.5 57.0265589334138
v 27.73142543888307 -35.5 54.42598689898326
v 33.2685745611187 -35.5 51.22911236271742
v 38.441226218562875 -35.5 47.47096095102681
v 43.192707757216546 -35.5 43.192707757216525
v 47.47096095102681 -35.5 38.44122621856288
v 51.2291123627174 -35.5 33.26857456111873
v 54.42598689898327 -35.5 27.731425438883054
v 57.026558933413796 -35.5 21.890445016365195
v 59.0023360545951 -35.5 15.809628297377982
v 60.331671234929296 -35.5 9.555597982388747
v 61.0 -35.5 3.196874536265591
v 60.331671234929296 -36.5 9.555597982388747
v 61.0 -36.5 3.196874536265591
v 61.0 -36.5 -3.1968745362655993
v 60.331671234929296 -36.5 -9.555597982388765
v 59.00233605459511 -36.5 -15.80962829737795
v 57.026558933413796 -36.5 -21.890445016365188
v 54.42598689898326 -36.5 -27.73142543888307
v 51.2291123627183 -36.5 -33.268574561117184
v 47.47096095102657 -36.5 -38.441226218562896
v 43.192707757215324 -36.5 -43.192707757217626
v 38.441226218562896 -36.5 -47.4709609510268
v 33.26857456111872 -36.5 -51.22911236271741
v 27.731425438883043 -36.5 -54.425986898983275
v 21.890445016365167 -36.5 -57.02655893341381
v 15.809628297377925 -36.5 -59.00233605459512
v 9.555597982388736 -36.5 -60.3316712349293
v 3.196874536265587 -36.5 -61.0
v -3.1968745362655695 -36.5 -61.0
v -9.55559798238876 -36.5 -60.331671234929296
v -15.809628297377934 -36.5 -59.00233605459511
v -21.890445016365163 -36.5 -57.0265589334138
v -27.73142543888307 -36.5 -54.42598689898326
v -33.2685745611187 -36.5 -51.22911236271742
v -38.441226218562875 -36.5 -47.47096095102681
v -43.192707757216546 -36.5 -43.192707757216525
v -47.47096095102681 -36.5 -38.44122621856288
v -51.2291123627174 -36.5 -33.26857456111873
v -54.42598689898327 -36.5 -27.731425438883054
v -57.026558933413796 -36.5 -21.890445016365195
v -59.0023360545951 -36.5 -15.809628297377982
v -60.331671234929296 -36.5 -9.555597982388747
v -61.0 -36.5 -3.196874536265591
v -61.0 -36.5 3.1968745362655993
v -60.331671234929296 -36.5 9.555597982388765
v -59.00233605459511 -36.5 15.80962829737795
v -57.026558933413796 -36.5 21.890445016365188
v -54.42598689898326 -36.5 27.73142543888307
v -51.2291123627183 -36.5 33.268574561117184
v -47.47096095102657 -36.5 38.441226218562896
v -43.192707757215324 -36.5 43.192707757217626
v -38.441226218562896 -36.5 47.4709609510268
v -33.26857456111872 -36.5 51.22911236271741
v -27.731425438883043 -36.5 54.425986898983275
v -21.890445016365167 -36.5 57.02655893341381
v -15.809628297377925 -36.5 59.00233605459512
v -9.555597982388736 -36.5 60.3316712349293
v -3.196874536265587 -36.5 61.0
v 3.1968745362655695 -36.5 61.0
v 9.55559798238876 -36.5 60.331671234929296
v 15.809628297377934 -36.5 59.00233605459511
v 21.890445016365163 -36.5 57.0265589334138
v 27.73142543888307 -36.5 54.42598689898326
v 33.2685745611187 -36.5 51.22911236271742
v 38.441226218562875 -36.5 47.47096095102681
v 43.192707757216546 -36.5 43.192707757216525
v 47.47096095102681 -36.5 38.44122621856288
v 51.2291123627174 -36.5 33.26857456111873
v 54.42598689898327 -36.5 27.731425438883054
v 57.026558933413796 -36.5 21.890445016365195
v 59.0023360545951 -36.5 15.809628297377982
v 60.331671234929296 -36.5 9.555597982388747
v 60.0 -36.5 3.144466756982345
v 60.0 -36.5 -3.1444667569823532
v 59.342627444192864 -36.5 -9.398948835135208
v 58.035084643863726 -36.5 -15.550454062995437
v 56.09169731155439 -36.5 -21.531585261998817
v 53.533757605557426 -36.5 -27.276811907097734
v 50.389290848574866 -36.5 -32.723188092902866
v 46.692748476419794 -36.5 -37.81104218219273
v 42.484630580868036 -36.5 -42.4846305808692
v 37.81104218219336 -36.5 -46.69274847641935
v 32.72318809290289 -36.5 -50.38929084857486
v 27.276811907097695 -36.5 -53.53375760555745
v 21.531585261998806 -36.5 -56.0916973115544
v 15.550454062994389 -36.5 -58.03508464386407
v 9.398948835136125 -36.5 -59.342627444192786
v 3.144466756982476 -36.5 -60.0
v -3.144466756982324 -36.5 -60.0
v -9.398948835135194 -36.5 -59.342627444192864
v -15.550454062995433 -36.5 -58.035084643863726
v -21.531585261998814 -36.5 -56.09169731155439
v -27.276811907097738 -36.5 -53.533757605557426
v -32.72318809290288 -36.5 -50.38929084857486
v -37.81104218219336 -36.5 -46.69274847641934
v -42.48463058086864 -36.5 -42.484630580868654
v -46.69274847641932 -36.5 -37.81104218219339
v -50.38929084857484 -36.5 -32.72318809290291
v -53.53375760555743 -36.5 -27.276811907097716
v -56.09169731155439 -36.5 -21.531585261998817
v -58.035084643863726 -36.5 -15.550454062995438
v -59.342627444192864 -36.5 -9.398948835135206
v -60.0 -36.5 -3.144466756982345
v -60.0 -36.5 3.1444667569823532
v -59.342627444192864 -36.5 9.398948835135208
v -58.035084643863726 -36.5 15.550454062995437
v -56.09169731155439 -36.5 21.531585261998817
v -53.533757605557426 -36.5 27.276811907097734
v -50.389290848574866 -36.5 32.723188092902866
v -46.692748476419794 -36.5 37.81104218219273
v -42.484630580868036 -36.5 42.4846305808692
v -37.81104218219336 -36.5 46.69274847641935
v -32.72318809290289 -36.5 50.38929084857486
v -27.276811907097695 -36.5 53.53375760555745
v -21.531585261998806 -36.5 56.0916973115544
v -15.550454062994389 -36.5 58.03508464386407
v -9.398948835136125 -36.5 59.342627444192786
v -3.144466756982476 -36.5 60.0
v 3.144466756982324 -36.5 60.0
v 9.398948835135194 -36.5 59.342627444192864
v 15.550454062995433 -36.5 58.035084643863726
v 21.531585261998814 -36.5 56.09169731155439
v 27.276811907097738 -36.5 53.533757605557426
v 32.72318809290288 -36.5 50.38929084857486
v 37.81104218219336 -36.5 46.69274847641934
v 42.48463058086864 -36.5 42.484630580868654
v 46.69274847641932 -36.5 37.81104218219339
v 50.38929084857484 -36.5 32.72318809290291
v 53.53375760555743 -36.5 27.276811907097716
v 56.09169731155439 -36.5 21.531585261998817
v 58.035084643863726 -36.5 15.550454062995438
v 59.342627444192864 -36.5 9.398948835135206
v 60.0 -36.5 3.144466756982345
v 59.342627444192864 -37.5 9.398948835135206
v 60.0 -37.5 3.144466756982345
v 60.0 -37.5 -3.1444667569823532
v 59.342627444192864 -37.5 -9.398948835135208
v 58.035084643863726 -37.5 -15.550454062995437
v 56.09169731155439 -37.5 -21.531585261998817
v 53.533757605557426 -37.5 -27.276811907097734
v 50.389290848574866 -37.5 -32.723188092902866
v 46.692748476419794 -37.5 -37.81104218219273
v 42.484630580868036 -37.5 -42.4846305808692
v 37.81104218219336 -37.5 -46.69274847641935
v 32.72318809290289 -37.5 -50.38929084857486
v 27.276811907097695 -37.5 -53.53375760555745
v 21.531585261998806 -37.5 -56.0916973115544
v 15.550454062994389 -37.5 -58.03508464386407
v 9.398948835136125 -37.5 -59.342627444192786
v 3.144466756982476 -37.5 -60.0
v -3.144466756982324 -37.5 -60.0
v -9.398948835135194 -37.5 -59.342627444192864
v -15.550454062995433 -37.5 -58.035084643863726
v -21.531585261998814 -37.5 -56.09169731155439
v -27.276811907097738 -37.5 -53.533757605557426
v -32.72318809290288 -37.5 -50.38929084857486
v -37.81104218219336 -37.5 -46.69274847641934
v -42.48463058086864 -37.5 -42.484630580868654
v -46.69274847641932 -37.5 -37.81104218219339
v -50.38929084857484 -37.5 -32.72318809290291
v -53.53375760555743 -37.5 -27.276811907097716
v -56.09169731155439 -37.5 -21.531585261998817
v -58.035084643863726 -37.5 -15.550454062995438
v -59.342627444192864 -37.5 -9.398948835135206
v -60.0 -37.5 -3.144466756982345
v -60.0 -37.5 3.1444667569823532
v -59.342627444192864 -37.5 9.398948835135208
v -58.035084643863726 -37.5 15.550454062995437
v -56.09169731155439 -37.5 21.531585261998817
v -53.533757605557426 -37.5 27.276811907097734
v -50.389290848574866 -37.5 32.723188092902866
v -46.692748476419794 -37.5 37.81104218219273
v -42.484630580868036 -37.5 42.4846305808692
v -37.81104218219336 -37.5 46.69274847641935
v -32.72318809290289 -37.5 50.38929084857486
v -27.276811907097695 -37.5 53.53375760555745
v -21.531585261998806 -37.5 56.0916973115544
v -15.550454062994389 -37.5 58.03508464386407
v -9.398948835136125 -37.5 59.342627444192786
v -3.144466756982476 -37.5 60.0
v 3.144466756982324 -37.5 60.0
v 9.398948835135194 -37.5 59.342627444192864
v 15.550454062995433 -37.5 58.035084643863726
v 21.531585261998814 -37.5 56.09169731155439
v 27.276811907097738 -37.5 53.533757605557426
v 32.72318809290288 -37.5 50.38929084857486
v 37.81104218219336 -37.5 46.69274847641934
v 42.48463058086864 -37.5 42.484630580868654
v 46.69274847641932 -37.5 37.81104218219339
v 50.38929084857484 -37.5 32.72318809290291
v 53.53375760555743 -37.5 27.276811907097716
v 56.09169731155439 -37.5 21.531585261998817
v 58.035084643863726 -37.5 15.550454062995438
v 59.342627444192864 -37.5 9.398948835135206
v 59.0 -37.5 3.0920589776992333
v 59.0 -37.5 -3.0920589776992418
v 58.35358365345625 -37.5 -9.242299687883502
v 57.06783323313268 -37.5 -15.291279828612348
v 55.15683568969553 -37.5 -21.172725507631224
v 52.6415283121316 -37.5 -26.822198375312386
v 49.549469334432295 -37.5 -32.177801624687056
v 45.914536001810596 -37.5 -37.180858145825596
v 41.776553404520364 -37.5 -41.776553404521536
v 37.18085814582622 -37.5 -45.91453600181015
v 32.177801624687035 -37.5 -49.54946933443232
v 26.82219837531238 -37.5 -52.641528312131605
v 21.17272550763121 -37.5 -55.156835689695534
v 15.291279828612339 -37.5 -57.06783323313268
v 9.24229968788348 -37.5 -58.353583653456255
v 3.0920589776992298 -37.5 -59.0
v -3.0920589776992067 -37.5 -59.0
v -9.242299687883513 -37.5 -58.35358365345625
v -15.29127982861235 -37.5 -57.06783323313268
v -21.172725507631228 -37.5 -55.15683568969553
v -26.82219837531239 -37.5 -52.6415283121316
v -32.17780162468707 -37.5 -49.54946933443229
v -37.180858145826235 -37.5 -45.914536001810134
v -41.776553404520975 -37.5 -41.77655340452098
v -45.91453600181011 -37.5 -37.18085814582626
v -49.549469334432274 -37.5 -32.177801624687085
v -52.6415283121316 -37.5 -26.82219837531238
v -55.15683568969555 -37.5 -21.172725507631178
v -57.06783323313269 -37.5 -15.291279828612334
v -58.353583653456255 -37.5 -9.242299687883492
v -59.0 -37.5 -3.0920589776992333
v -59.0 -37.5 3.0920589776992418
v -58.35358365345625 -37.5 9.242299687883502
v -57.06783323313268 -37.5 15.291279828612348
v -55.15683568969553 -37.5 21.172725507631224
v -52.6415283121316 -37.5 26.822198375312386
v -49.549469334432295 -37.5 32.177801624687056
v -45.914536001810596 -37.5 37.180858145825596
v -41.776553404520364 -37.5 41.776553404521536
v -37.18085814582622 -37.5 45.91453600181015
v -32.177801624687035 -37.5 49.54946933443232
v -26.82219837531238 -37.5 52.641528312131605
v -21.17272550763121 -37.5 55.156835689695534
v -15.291279828612339 -37.5 57.06783323313268
v -9.24229968788348 -37.5 58.353583653456255
v -3.0920589776992298 -37.5 59.0
v 3.0920589776992067 -37.5 59.0
v 9.242299687883513 -37.5 58.35358365345625
v 15.29127982861235 -37.5 57.06783323313268
v 21.172725507631228 -37.5 55.15683568969553
v 26.82219837531239 -37.5 52.6415283121316
v 32.17780162468707 -37.5 49.54946933443229
v 37.180858145826235 -37.5 45.914536001810134
v 41.776553404520975 -37.5 41.77655340452098
v 45.91453600181011 -37.5 37.18085814582626
v 49.549469334432274 -37.5 32.177801624687085
v 52.6415283121316 -37.5 26.82219837531238
v 55.15683568969555 -37.5 21.172725507631178
v 57.06783323313269 -37.5 15.291279828612334
v 58.353583653456255 -37.5 9.242299687883492
v 59.0 -37.5 3.0920589776992333
v 58.353583653456255 -38.5 9.242299687883492
v 59.0 -38.5 3.0920589776992333
v 59.0 -38.5 -3.0920589776992418
v 58.35358365345625 -38.5 -9.242299687883502
v 57.06783323313268 -38.5 -15.291279828612348
v 55.15683568969553 -38.5 -21.172725507631224
v 52.6415283121316 -38.5 -26.822198375312386
v 49.549469334432295 -38.5 -32.177801624687056
v 45.914536001810596 -38.5 -37.180858145825596
v 41.776553404520364 -38.5 -41.776553404521536
v 37.18085814582622 -38.5 -45.91453600181015
v 32.177801624687035 -38.5 -49.54946933443232
v 26.82219837531238 -38.5 -52.641528312131605
v 21.17272550763121 -38.5 -55.156835689695534
v 15.291279828612339 -38.5 -57.06783323313268
v 9.24229968788348 -38.5 -58.353583653456255
v 3.0920589776992298 -38.5 -59.0
v -3.0920589776992067 -38.5 -59.0
v -9.242299687883513 -38.5 -58.35358365345625
v -15.29127982861235 -38.5 -57.06783323313268
v -21.172725507631228 -38.5 -55.15683568969553
v -26.82219837531239 -38.5 -52.6415283121316
v -32.17780162468707 -38.5 -49.54946933443229
v -37.180858145826235 -38.5 -45.914536001810134
v -41.776553404520975 -38.5 -41.77655340452098
v -45.91453600181011 -38.5 -37.18085814582626
v -49.549469334432274 -38.5 -32.177801624687085
v -52.6415283121316 -38.5 -26.82219837531238
v -55.15683568969555 -38.5 -21.172725507631178
v -57.06783323313269 -38.5 -15.291279828612334
v -58.353583653456255 -38.5 -9.242299687883492
v -59.0 -38.5 -3.0920589776992333
v -59.0 -38.5 3.0920589776992418
v -58.35358365345625 -38.5 9.242299687883502
v -57.06783323313268 -38.5 15.291279828612348
v -55.15683568969553 -38.5 21.172725507631224
v -52.6415283121316 -38.5 26.822198375312386
v -49.549469334432295 -38.5 32.177801624687056
v -45.914536001810596 -38.5 37.180858145825596
v -41.776553404520364 -38.5 41.776553404521536
v -37.18085814582622 -38.5 45.91453600181015
v -32.177801624687035 -38.5 49.54946933443232
v -26.82219837531238 -38.5 52.641528312131605
v -21.17272550763121 -38.5 55.156835689695534
v -15.291279828612339 -38.5 57.06783323313268
v -9.24229968788348 -38.5 58.353583653456255
v -3.0920589776992298 -38.5 59.0
v 3.0920589776992067 -38.5 59.0
v 9.242299687883513 -38.5 58.35358365345625
v 15.29127982861235 -38.5 57.06783323313268
v 21.172725507631228 -38.5 55.15683568969553
v 26.82219837531239 -38.5 52.6415283121316
v 32.17780162468707 -38.5 49.54946933443229
v 37.180858145826235 -38.5 45.914536001810134
v 41.776553404520975 -38.5 41.77655340452098
v 45.91453600181011 -38.5 37.18085814582626
v 49.549469334432274 -38.5 32.177801624687085
v 52.6415283121316 -38.5 26.82219837531238
v 55.15683568969555 -38.5 21.172725507631178
v 57.06783323313269 -38.5 15.291279828612334
v 58.353583653456255 -38.5 9.242299687883492
v 58.0 -38.5 3.039651198416442
v 58.0 -38.5 -3.0396511984164505
v 57.3645398627197 -38.5 -9.085650540631473
v 56.10058182240184 -38.5 -15.032105594228275
v 54.22197406783571 -38.5 -20.81386575326623
v 51.74929901870587 -38.5 -26.367584843527258
v 48.70964782028868 -38.5 -31.63241515647346
v 45.13632352720602 -38.5 -36.55067410945287
v 41.068476228172486 -38.5 -41.06847622817364
v 36.55067410945351 -38.5 -45.136323527205555
v 31.63241515647345 -38.5 -48.70964782028869
v 26.367584843527244 -38.5 -51.74929901870588
v 20.813865753265265 -38.5 -54.221974067836136
v 15.032105594229254 -38.5 -56.10058182240164
v 9.08565054063119 -38.5 -57.36453986271977
v 3.039651198416709 -38.5 -58.0
v -3.0396511984164243 -38.5 -58.0
v -9.085650540631484 -38.5 -57.3645398627197
v -15.032105594228243 -38.5 -56.10058182240185
v -20.81386575326624 -38.5 -54.2219740678357
v -26.36758484352725 -38.5 -51.74929901870588
v -31.632415156473456 -38.5 -48.70964782028868
v -36.550674109453546 -38.5 -45.136323527205526
v -41.06847622817308 -38.5 -41.068476228173104
v -45.13632352720553 -38.5 -36.55067410945353
v -48.70964782028867 -38.5 -31.632415156473463
v -51.749299018705884 -38.5 -26.36758484352723
v -54.22197406783571 -38.5 -20.813865753266228
v -56.10058182240185 -38.5 -15.032105594228245
v -57.36453986271971 -38.5 -9.085650540631462
v -58.0 -38.5 -3.039651198416442
v -58.0 -38.5 3.0396511984164505
v -57.3645398627197 -38.5 9.085650540631473
v -56.10058182240184 -38.5 15.032105594228275
v -54.22197406783571 -38.5 20.81386575326623
v -51.74929901870587 -38.5 26.367584843527258
v -48.70964782028868 -38.5 31.63241515647346
v -45.13632352720602 -38.5 36.55067410945287
v -41.068476228172486 -38.5 41.06847622817364
v -36.55067410945351 -38.5 45.136323527205555
v -31.63241515647345 -38.5 48.70964782028869
v -26.367584843527244 -38.5 51.74929901870588
v -20.813865753265265 -38.5 54.221974067836136
v -15.032105594229254 -38.5 56.10058182240164
v -9.08565054063119 -38.5 57.36453986271977
v -3.039651198416709 -38.5 58.0
v 3.0396511984164243 -38.5 58.0
v 9.085650540631484 -38.5 57.3645398627197
v 15.032105594228243 -38.5 56.10058182240185
v 20.81386575326624 -38.5 54.2219740678357
v 26.36758484352725 -38.5 51.74929901870588
v 31.632415156473456 -38.5 48.70964782028868
v 36.550674109453546 -38.5 45.136323527205526
v 41.06847622817308 -38.5 41.068476228173104
v 45.13632352720553 -38.5 36.55067410945353
v 48.70964782028867 -38.5 31.632415156473463
v 51.749299018705884 -38.5 26.36758484352723
v 54.22197406783571 -38.5 20.813865753266228
v 56.10058182240185 -38.5 15.032105594228245
v 57.36453986271971 -38.5 9.085650540631462
v 58.0 -38.5 3.039651198416442
v 57.36453986271971 -39.5 9.085650540631462
v 58.0 -39.5 3.039651198416442
v 58.0 -39.5 -3.0396511984164505
v 57.3645398627197 -39.5 -9.085650540631473
v 56.10058182240184 -39.5 -15.032105594228275
v 54.22197406783571 -39.5 -20.81386575326623
v 51.74929901870587 -39.5 -26.367584843527258
v 48.70964782028868 -39.5 -31.63241515647346
v 45.13632352720602 -39.5 -36.55067410945287
v 41.068476228172486 -39.5 -41.06847622817364
v 36.55067410945351 -39.5 -45.136323527205555
v 31.63241515647345 -39.5 -48.70964782028869
v 26.367584843527244 -39.5 -51.74929901870588
v 20.813865753265265 -39.5 -54.221974067836136
v 15.032105594229254 -39.5 -56.10058182240164
v 9.08565054063119 -39.5 -57.36453986271977
v 3.039651198416709 -39.5 -58.0
v -3.0396511984164243 -39.5 -58.0
v -9.085650540631484 -39.5 -57.3645398627197
v -15.032105594228243 -39.5 -56.10058182240185
v -20.81386575326624 -39.5 -54.2219740678357
v -26.36758484352725 -39.5 -51.74929901870588
v -31.632415156473456 -39.5 -48.70964782028868
v -36.550674109453546 -39.5 -45.136323527205526
v -41.06847622817308 -39.5 -41.068476228173104
v -45.13632352720553 -39.5 -36.55067410945353
v -48.70964782028867 -39.5 -31.632415156473463
v -51.749299018705884 -39.5 -26.36758484352723
v -54.22197406783571 -39.5 -20.813865753266228
v -56.10058182240185 -39.5 -15.032105594228245
v -57.36453986271971 -39.5 -9.085650540631462
v -58.0 -39.5 -3.039651198416442
v -58.0 -39.5 3.0396511984164505
v -57.3645398627197 -39.5 9.085650540631473
v -56.10058182240184 -39.5 15.032105594228275
v -54.22197406783571 -39.5 20.81386575326623
v -51.74929901870587 -39.5 26.367584843527258
v -48.70964782028868 -39.5 31.63241515647346
v -45.13632352720602 -39.5 36.55067410945287
v -41.068476228172486 -39.5 41.06847622817364
v -36.55067410945351 -39.5 45.136323527205555
v -31.63241515647345 -39.5 48.70964782028869
v -26.367584843527244 -39.5 51.74929901870588
v -20.813865753265265 -39.5 54.221974067836136
v -15.032105594229254 -39.5 56.10058182240164
v -9.08565054063119 -39.5 57.36453986271977
v -3.039651198416709 -39.5 58.0
v 3.0396511984164243 -39.5 58.0
v 9.085650540631484 -39.5 57.3645398627197
v 15.032105594228243 -39.5 56.10058182240185
v 20.81386575326624 -39.5 54.2219740678357
v 26.36758484352725 -39.5 51.74929901870588
v 31.632415156473456 -39.5 48.70964782028868
v 36.550674109453546 -39.5 45.136323527205526
v 41.06847622817308 -39.5 41.068476228173104
v 45.13632352720553 -39.5 36.55067410945353
v 48.70964782028867 -39.5 31.632415156473463
v 51.749299018705884 -39.5 26.36758484352723
v 54.22197406783571 -39.5 20.813865753266228
v 56.10058182240185 -39.5 15.032105594228245
v 57.36453986271971 -39.5 9.085650540631462
v 2.934835639850352 -39.5 -56.0
v -2.9348356398503457 -39.5 -56.0
v -8.772352246127003 -39.5 -55.386452281246605
v -14.513757125461641 -39.5 -54.166079000939746
v -27.477044674234353 -39.5 -49.9540515484127
v -31.087028688257632 -39.5 -47.869826306146116
v -35.92049007308401 -39.5 -44.35811105259807
v -40.36039905182519 -39.5 -40.36039905182522
v -44.358111052598055 -39.5 -35.920490073084025
v -47.86982630614613 -39.5 -31.087028688257615
v -50.857069725280034 -39.5 -25.912971311741924
v -53.28711244597686 -39.5 -20.455005998898596
v -54.57523448590793 -39.5 -16.490574002730153
v -56.0 -39.5 -2.9348356398503554
v -56.0 -39.5 5.885837174877967
v -52.55253128218623 -39.5 22.10490230618971
v -50.85706972528004 -39.5 25.91297131174191
v -47.869826306146116 -39.5 31.087028688257636
v -44.35811105259758 -39.5 35.920490073084686
v -40.36039905182579 -39.5 40.360399051824686
v -35.92049007308402 -39.5 44.35811105259807
v -31.087028688257636 -39.5 47.869826306146116
v -25.912971311741877 -39.5 50.857069725280056
v -20.455005998898592 -39.5 53.28711244597687
v -14.772931359846035 -39.5 55.13333041167052
v -10.695571519621854 -39.5 56.0
v 5.885837174877954 -39.5 56.0
v 22.10490230618972 -39.5 52.55253128218622
v 25.91297131174192 -39.5 50.857069725280034
v 31.08702868825764 -39.5 47.869826306146116
v 35.92049007308403 -39.5 44.358111052598055
v 40.36039905182523 -39.5 40.36039905182518
v 44.35811105259807 -39.5 35.92049007308402
v 47.86982630614614 -39.5 31.087028688257607
v 50.857069725280056 -39.5 25.912971311741888
v 53.287112445976845 -39.5 20.45500599889864
v 55.133330411670514 -39.5 14.772931359846043
v 56.0 -39.5 10.695571519621854
v 56.0 -39.5 -2.9348356398503634
v 55.386452281246605 -39.5 -8.77235224612701
v 54.166079000939746 -39.5 -14.513757125461646
v 49.95405154841269 -39.5 -27.47704467423437
v 47.869826306146116 -39.5 -31.087028688257636
v 44.35811105259758 -39.5 -35.920490073084686
v 40.36039905182579 -39.5 -40.360399051824686
v 35.92049007308402 -39.5 -44.35811105259807
v 31.087028688257636 -39.5 -47.869826306146116
v 25.912971311741902 -39.5 -50.85706972528004
v 20.4550059988986 -39.5 -53.28711244597686
v 16.490574002730128 -39.5 -54.575234485907934
v 2.934835639850352 -39.5 -56.0
v 16.490574002730128 -40.5 -54.575234485907934
v 2.934835639850352 -40.5 -56.0
v -2.9348356398503457 -40.5 -56.0
v -8.772352246127003 -40.5 -55.386452281246605
v -14.513757125461641 -40.5 -54.166079000939746
v -27.477044674234353 -40.5 -49.9540515484127
v -31.087028688257632 -40.5 -47.869826306146116
v -35.92049007308401 -40.5 -44.35811105259807
v -40.36039905182519 -40.5 -40.36039905182522
v -44.358111052598055 -40.5 -35.920490073084025
v -47.86982630614613 -40.5 -31.087028688257615
v -50.857069725280034 -40.5 -25.912971311741924
v -53.28711244597686 -40.5 -20.455005998898596
v -54.57523448590793 -40.5 -16.490574002730153
v -56.0 -40.5 -2.9348356398503554
v -56.0 -40.5 5.885837174877967
v -52.55253128218623 -40.5 22.10490230618971
v -50.85706972528004 -40.5 25.91297131174191
v -47.869826306146116 -40.5 31.087028688257636
v -44.35811105259758 -40.5 35.920490073084686
v -40.36039905182579 -40.5 40.360399051824686
v -35.92049007308402 -40.5 44.35811105259807
v -31.087028688257636 -40.5 47.869826306146116
v -25.912971311741877 -40.5 50.857069725280056
v -20.455005998898592 -40.5 53.28711244597687
v -14.772931359846035 -40.5 55.13333041167052
v -10.695571519621854 -40.5 56.0
v 5.885837174877954 -40.5 56.0
v 22.10490230618972 -40.5 52.55253128218622
v 25.91297131174192 -40.5 50.857069725280034
v 31.08702868825764 -40.5 47.869826306146116
v 35.92049007308403 -40.5 44.358111052598055
v 40.36039905182523 -40.5 40.36039905182518
v 44.35811105259807 -40.5 35.92049007308402
v 47.86982630614614 -40.5 31.087028688257607
v 50.857069725280056 -40.5 25.912971311741888
v 53.287112445976845 -40.5 20.45500599889864
v 55.133330411670514 -40.5 14.772931359846043
v 56.0 -40.5 10.695571519621854
v 56.0 -40.5 -2.9348356398503634
v 55.386452281246605 -40.5 -8.77235224612701
v 54.166079000939746 -40.5 -14.513757125461646
v 49.95405154841269 -40.5 -27.47704467423437
v 47.869826306146116 -40.5 -31.087028688257636
v 44.35811105259758 -40.5 -35.920490073084686
v 40.36039905182579 -40.5 -40.360399051824686
v 35.92049007308402 -40.5 -44.35811105259807
v 31.087028688257636 -40.5 -47.869826306146116
v 25.912971311741902 -40.5 -50.85706972528004
v 20.4550059988986 -40.5 -53.28711244597686
v 16.490574002730128 -40.5 -54.575234485907934
v 54.39740849051015 -40.5 -8.615703098874073
v 53.19882759020841 -40.5 -14.254582891079448
v 51.41738920225858 -40.5 -19.737286490164664
v 49.07261113842761 -40.5 -25.003744248172946
v 46.190183277859944 -40.5 -29.996255751828198
v 42.801686103383794 -40.5 -34.66012200034483
v 38.94424469913023 -40.5 -38.94424469912913
v 34.66012200034416 -40.5 -42.801686103384284
v 29.99625575182819 -40.5 -46.19018327785995
v 25.003744248172968 -40.5 -49.0726111384276
v 19.73728649016464 -40.5 -51.41738920225858
v 14.2545828910794 -40.5 -53.198827590208424
v 8.615703098874068 -40.5 -54.39740849051016
v 2.8824278605675606 -40.5 -55.0
v -2.882427860567597 -40.5 -55.0
v -8.615703098874071 -40.5 -54.39740849051016
v -14.254582891079453 -40.5 -53.19882759020841
v -19.737286490164617 -40.5 -51.4173892022586
v -25.003744248172936 -40.5 -49.07261113842761
v -29.996255751828233 -40.5 -46.19018327785992
v -34.66012200034418 -40.5 -42.80168610338427
v -38.94424469912966 -40.5 -38.94424469912964
v -42.80168610338428 -40.5 -34.66012200034417
v -46.19018327785995 -40.5 -29.99625575182819
v -49.072611138427604 -40.5 -25.003744248172957
v -51.4173892022586 -40.5 -19.737286490164614
v -53.19882759020841 -40.5 -14.254582891079458
v -54.39740849051015 -40.5 -8.615703098874075
v -55.0 -40.5 -2.882427860567564
v -55.0 -40.5 2.8824278605675717
v -54.39740849051015 -40.5 8.615703098874079
v -53.19882759020842 -40.5 14.254582891079421
v -51.41738920225858 -40.5 19.737286490164646
v -49.0726111384276 -40.5 25.00374424817297
v -46.19018327785995 -40.5 29.996255751828194
v -41.098105121277044 -40.5 37.00490006417508
v -34.660122000344174 -40.5 42.80168610338427
v -27.651477687997303 -40.5 47.893764259967156
v -19.73728649016464 -40.5 51.41738920225858
v -14.2545828910794 -40.5 53.198827590208424
v -8.615703098874068 -40.5 54.39740849051016
v -2.8824278605675606 -40.5 55.0
v 2.882427860567584 -40.5 55.0
v 8.615703098874057 -40.5 54.39740849051016
v 14.254582891079412 -40.5 53.19882759020842
v 19.737286490164625 -40.5 51.41738920225859
v 25.003744248172953 -40.5 49.072611138427604
v 29.996255751828176 -40.5 46.19018327785996
v 37.00490006417506 -40.5 41.09810512127706
v 42.80168610338427 -40.5 34.66012200034417
v 47.89376425996716 -40.5 27.651477687997296
v 51.4173892022586 -40.5 19.737286490164614
v 53.19882759020841 -40.5 14.254582891079458
v 54.39740849051015 -40.5 8.615703098874075
v 55.0 -40.5 2.882427860567564
v 55.0 -40.5 -2.8824278605675717
v 54.39740849051015 -40.5 -8.615703098874073
v 55.0 -41.5 -2.8824278605675717
v 54.39740849051015 -41.5 -8.615703098874073
v 53.19882759020841 -41.5 -14.254582891079448
v 51.41738920225858 -41.5 -19.737286490164664
v 49.07261113842761 -41.5 -25.003744248172946
v 46.190183277859944 -41.5 -29.996255751828198
v 42.801686103383794 -41.5 -34.66012200034483
v 38.94424469913023 -41.5 -38.94424469912913
v 34.66012200034416 -41.5 -42.801686103384284
v 29.99625575182819 -41.5 -46.19018327785995
v 25.003744248172968 -41.5 -49.0726111384276
v 19.73728649016464 -41.5 -51.41738920225858
v 14.2545828910794 -41.5 -53.198827590208424
v 8.615703098874068 -41.5 -54.39740849051016
v 2.8824278605675606 -41.5 -55.0
v -2.882427860567597 -41.5 -55.0
v -8.615703098874071 -41.5 -54.39740849051016
v -14.254582891079453 -41.5 -53.19882759020841
v -19.737286490164617 -41.5 -51.4173892022586
v -25.003744248172936 -41.5 -49.07261113842761
v -29.996255751828233 -41.5 -46.19018327785992
v -34.66012200034418 -41.5 -42.80168610338427
v -38.94424469912966 -41.5 -38.94424469912964
v -42.80168610338428 -41.5 -34.66012200034417
v -46.19018327785995 -41.5 -29.99625575182819
v -49.072611138427604 -41.5 -25.003744248172957
v -51.4173892022586 -41.5 -19.737286490164614
v -53.19882759020841 -41.5 -14.254582891079458
v -54.39740849051015 -41.5 -8.615703098874075
v -55.0 -41.5 -2.882427860567564
v -55.0 -41.5 2.8824278605675717
v -54.39740849051015 -41.5 8.615703098874079
v -53.19882759020842 -41.5 14.254582891079421
v -51.41738920225858 -41.5 19.737286490164646
v -49.0726111384276 -41.5 25.00374424817297
v -46.19018327785995 -41.5 29.996255751828194
v -41.098105121277044 -41.5 37.00490006417508
v -34.660122000344174 -41.5 42.80168610338427
v -27.651477687997303 -41.5 47.893764259967156
v -19.73728649016464 -41.5 51.41738920225858
v -14.2545828910794 -41.5 53.198827590208424
v -8.615703098874068 -41.5 54.39740849051016
v -2.8824278605675606 -41.5 55.0
v 2.882427860567584 -41.5 55.0
v 8.615703098874057 -41.5 54.39740849051016
v 14.254582891079412 -41.5 53.19882759020842
v 19.737286490164625 -41.5 51.41738920225859
v 25.003744248172953 -41.5 49.072611138427604
v 29.996255751828176 -41.5 46.19018327785996
v 37.00490006417506 -41.5 41.09810512127706
v 42.80168610338427 -41.5 34.66012200034417
v 47.89376425996716 -41.5 27.651477687997296
v 51.4173892022586 -41.5 19.737286490164614
v 53.19882759020841 -41.5 14.254582891079458
v 54.39740849051015 -41.5 8.615703098874075
v 55.0 -41.5 2.882427860567564
v 55.0 -41.5 -2.8824278605675717
v 54.0 -41.5 2.8300200812843177
v 54.0 -41.5 -2.8300200812843257
v 53.408364699773514 -41.5 -8.459053951622497
v 52.23157617947758 -41.5 -13.995408656695352
v 50.482527580399314 -41.5 -19.378426735797973
v 48.18038184500177 -41.5 -24.549130716387612
v 45.35036176371738 -41.5 -29.45086928361238
v 42.023473628775854 -41.5 -34.02993796397596
v 38.236167522781884 -41.5 -38.23616752278188
v 34.029937963975975 -41.5 -42.02347362877584
v 29.45086928361083 -41.5 -45.3503617637185
v 24.54913071638933 -41.5 -48.18038184500101
v 19.378426735797966 -41.5 -50.482527580399314
v 13.995408656695348 -41.5 -52.23157617947758
v 8.459053951622481 -41.5 -53.408364699773514
v 2.830020081284314 -41.5 -54.0
v -2.8300200812842995 -41.5 -54.0
v -8.459053951622483 -41.5 -53.408364699773514
v -13.995408656695345 -41.5 -52.23157617947758
v -19.378426735797945 -41.5 -50.48252758039932
v -24.549130716387594 -41.5 -48.180381845001776
v -29.450869283612402 -41.5 -45.350361763717366
v -34.029937963975975 -41.5 -42.02347362877585
v -38.236167522781884 -41.5 -38.236167522781884
v -42.023473628775854 -41.5 -34.02993796397596
v -45.35036176371737 -41.5 -29.45086928361239
v -48.180381845001754 -41.5 -24.549130716387637
v -50.4825275803993 -41.5 -19.37842673579799
v -52.23157617947758 -41.5 -13.995408656695343
v -53.408364699773514 -41.5 -8.459053951622494
v -54.0 -41.5 -2.8300200812843177
v -54.0 -41.5 2.8300200812843257
v -53.408364699773514 -41.5 8.459053951622497
v -52.23157617947758 -41.5 13.995408656695352
v -50.482527580399314 -41.5 19.378426735797973
v -48.18038184500177 -41.5 24.549130716387612
v -45.35036176371738 -41.5 29.45086928361238
v -42.023473628775854 -41.5 34.02993796397596
v -38.236167522781884 -41.5 38.23616752278188
v -34.029937963975975 -41.5 42.02347362877584
v -29.45086928361083 -41.5 45.3503617637185
v -24.54913071638933 -41.5 48.18038184500101
v -19.378426735797966 -41.5 50.482527580399314
v -13.995408656695348 -41.5 52.23157617947758
v -8.459053951622481 -41.5 53.408364699773514
v -2.830020081284314 -41.5 54.0
v 2.8300200812842995 -41.5 54.0
v 8.459053951622483 -41.5 53.408364699773514
v 13.995408656695345 -41.5 52.23157617947758
v 19.378426735797945 -41.5 50.48252758039932
v 24.549130716387594 -41.5 48.180381845001776
v 29.450869283612402 -41.5 45.350361763717366
v 34.029937963975975 -41.5 42.02347362877585
v 38.236167522781884 -41.5 38.236167522781884
v 42.023473628775854 -41.5 34.02993796397596
v 45.35036176371737 -41.5 29.45086928361239
v 48.180381845001754 -41.5 24.549130716387637
v 50.4825275803993 -41.5 19.37842673579799
v 52.23157617947758 -41.5 13.995408656695343
v 53.408364699773514 -41.5 8.459053951622494
v 54.0 -41.5 2.8300200812843177
v 53.408364699773514 -42.5 8.459053951622494
v 54.0 -42.5 2.8300200812843177
v 54.0 -42.5 -2.8300200812843257
v 53.408364699773514 -42.5 -8.459053951622497
v 52.23157617947758 -42.5 -13.995408656695352
v 50.482527580399314 -42.5 -19.378426735797973
v 48.18038184500177 -42.5 -24.549130716387612
v 45.35036176371738 -42.5 -29.45086928361238
v 42.023473628775854 -42.5 -34.02993796397596
v 38.236167522781884 -42.5 -38.23616752278188
v 34.029937963975975 -42.5 -42.02347362877584
v 29.45086928361083 -42.5 -45.3503617637185
v 24.54913071638933 -42.5 -48.18038184500101
v 19.378426735797966 -42.5 -50.482527580399314
v 13.995408656695348 -42.5 -52.23157617947758
v 8.459053951622481 -42.5 -53.408364699773514
v 2.830020081284314 -42.5 -54.0
v -2.8300200812842995 -42.5 -54.0
v -8.459053951622483 -42.5 -53.408364699773514
v -13.995408656695345 -42.5 -52.23157617947758
v -19.378426735797945 -42.5 -50.48252758039932
v -24.549130716387594 -42.5 -48.180381845001776
v -29.450869283612402 -42.5 -45.350361763717366
v -34.029937963975975 -42.5 -42.02347362877585
v -38.236167522781884 -42.5 -38.236167522781884
v -42.023473628775854 -42.5 -34.02993796397596
v -45.35036176371737 -42.5 -29.45086928361239
v -48.180381845001754 -42.5 -24.549130716387637
v -50.4825275803993 -42.5 -19.37842673579799
v -52.23157617947758 -42.5 -13.995408656695343
v -53.408364699773514 -42.5 -8.459053951622494
v -54.0 -42.5 -2.8300200812843177
v -54.0 -42.5 2.8300200812843257
v -53.408364699773514 -42.5 8.459053951622497
v -52.23157617947758 -42.5 13.995408656695352
v -50.482527580399314 -42.5 19.378426735797973
v -48.18038184500177 -42.5 24.549130716387612
v -45.35036176371738 -42.5 29.45086928361238
v -42.023473628775854 -42.5 34.02993796397596
v -38.236167522781884 -42.5 38.23616752278188
v -34.029937963975975 -42.5 42.02347362877584
v -29.45086928361083 -42.5 45.3503617637185
v -24.54913071638933 -42.5 48.18038184500101
v -19.378426735797966 -42.5 50.482527580399314
v -13.995408656695348 -42.5 52.23157617947758
v -8.459053951622481 -42.5 53.408364699773514
v -2.830020081284314 -42.5 54.0
v 2.8300200812842995 -42.5 54.0
v 8.459053951622483 -42.5 53.408364699773514
v 13.995408656695345 -42.5 52.23157617947758
v 19.378426735797945 -42.5 50.48252758039932
v 24.549130716387594 -42.5 48.180381845001776
v 29.450869283612402 -42.5 45.350361763717366
v 34.029937963975975 -42.5 42.02347362877585
v 38.236167522781884 -42.5 38.236167522781884
v 42.023473628775854 -42.5 34.02993796397596
v 45.35036176371737 -42.5 29.45086928361239
v 48.180381845001754 -42.5 24.549130716387637
v 50.4825275803993 -42.5 19.37842673579799
v 52.23157617947758 -42.5 13.995408656695343
v 53.408364699773514 -42.5 8.459053951622494
v 53.0 -42.5 2.7776123020010717
v 53.0 -42.5 -2.7776123020010792
v 52.41932090903688 -42.5 -8.302404804370921
v 51.26432476874681 -42.5 -13.736234422310956
v 49.54766595853991 -42.5 -19.01956698143159
v 47.288152551575166 -42.5 -24.094517184603998
v 44.51054024957505 -42.5 -28.90548281539655
v 41.245261154169526 -42.5 -33.39975392760518
v 37.528090346434 -42.5 -37.528090346434
v 33.39975392760516 -42.5 -41.24526115416954
v 28.90548281539654 -42.5 -44.51054024957506
v 24.09451718460398 -42.5 -47.28815255157518
v 19.019566981431577 -42.5 -49.547665958539916
v 13.73623442231093 -42.5 -51.26432476874682
v 8.302404804370903 -42.5 -52.41932090903688
v 2.777612302001068 -42.5 -53.0
v -2.7776123020010512 -42.5 -53.0
v -8.302404804370942 -42.5 -52.41932090903687
v -13.736234422310961 -42.5 -51.26432476874681
v -19.01956698143159 -42.5 -49.54766595853991
v -24.094517184603987 -42.5 -47.28815255157517
v -28.90548281539656 -42.5 -44.510540249575044
v -33.399753927605175 -42.5 -41.24526115416953
v -37.528090346434 -42.5 -37.528090346434
v -41.24526115416955 -42.5 -33.399753927605154
v -44.51054024957504 -42.5 -28.90548281539657
v -47.288152551575166 -42.5 -24.094517184603998
v -49.54766595853991 -42.5 -19.019566981431588
v -51.26432476874682 -42.5 -13.736234422310929
v -52.41932090903688 -42.5 -8.30240480437091
v -53.0 -42.5 -2.7776123020010717
v -53.0 -42.5 2.7776123020010792
v -52.41932090903688 -42.5 8.302404804370921
v -51.26432476874681 -42.5 13.736234422310956
v -49.54766595853991 -42.5 19.01956698143159
v -47.288152551575166 -42.5 24.094517184603998
v -44.51054024957505 -42.5 28.90548281539655
v -41.245261154169526 -42.5 33.39975392760518
v -37.528090346434 -42.5 37.528090346434
v -33.39975392760516 -42.5 41.24526115416954
v -28.90548281539654 -42.5 44.51054024957506
v -24.09451718460398 -42.5 47.28815255157518
v -19.019566981431577 -42.5 49.547665958539916
v -13.73623442231093 -42.5 51.26432476874682
v -8.302404804370903 -42.5 52.41932090903688
v -2.777612302001068 -42.5 53.0
v 2.7776123020010512 -42.5 53.0
v 8.302404804370942 -42.5 52.41932090903687
v 13.736234422310961 -42.5 51.26432476874681
v 19.01956698143159 -42.5 49.54766595853991
v 24.094517184603987 -42.5 47.28815255157517
v 28.90548281539656 -42.5 44.510540249575044
v 33.399753927605175 -42.5 41.24526115416953
v 37.528090346434 -42.5 37.528090346434
v 41.24526115416955 -42.5 33.399753927605154
v 44.51054024957504 -42.5 28.90548281539657
v 47.288152551575166 -42.5 24.094517184603998
v 49.54766595853991 -42.5 19.019566981431588
v 51.26432476874682 -42.5 13.736234422310929
v 52.41932090903688 -42.5 8.30240480437091
v 53.0 -42.5 2.7776123020010717
v 52.41932090903688 -43.5 8.30240480437091
v 53.0 -43.5 2.7776123020010717
v 53.0 -43.5 -2.7776123020010792
v 52.41932090903688 -43.5 -8.302404804370921
v -53.0 -43.5 -2.7776123020010717
v -53.0 -43.5 2.7776123020010792
v -52.41932090903688 -43.5 8.302404804370921
v -51.26432476874681 -43.5 13.736234422310956
v -49.54766595853991 -43.5 19.01956698143159
v -47.288152551575166 -43.5 24.094517184603998
v -44.51054024957505 -43.5 28.90548281539655
v -41.245261154169526 -43.5 33.39975392760518
v -37.528090346434 -43.5 37.528090346434
v -33.39975392760516 -43.5 41.24526115416954
v -28.90548281539654 -43.5 44.51054024957506
v -24.09451718460398 -43.5 47.28815255157518
v -19.019566981431577 -43.5 49.547665958539916
v -13.73623442231093 -43.5 51.26432476874682
v -8.302404804370903 -43.5 52.41932090903688
v -2.777612302001068 -43.5 53.0
v 2.7776123020010512 -43.5 53.0
v 8.302404804370942 -43.5 52.41932090903687
v 13.736234422310961 -43.5 51.26432476874681
v 19.01956698143159 -43.5 49.54766595853991
v 24.094517184603987 -43.5 47.28815255157517
v 28.90548281539656 -43.5 44.510540249575044
v 33.399753927605175 -43.5 41.24526115416953
v 37.528090346434 -43.5 37.528090346434
v 41.24526115416955 -43.5 33.399753927605154
v 44.51054024957504 -43.5 28.90548281539657
v 47.288152551575166 -43.5 24.094517184603998
v 49.54766595853991 -43.5 19.019566981431588
v 51.26432476874682 -43.5 13.736234422310929
v 52.41932090903688 -43.5 8.30240480437091
v 51.26432476874681 -43.5 -13.736234422310956
v 49.54766595853991 -43.5 -19.01956698143159
v 47.288152551575166 -43.5 -24.094517184603998
v 44.51054024957505 -43.5 -28.90548281539655
v 41.245261154169526 -43.5 -33.39975392760518
v 37.528090346434 -43.5 -37.528090346434
v 33.39975392760516 -43.5 -41.24526115416954
v 28.90548281539654 -43.5 -44.51054024957506
v 24.09451718460398 -43.5 -47.28815255157518
v 19.019566981431577 -43.5 -49.547665958539916
v 13.73623442231093 -43.5 -51.26432476874682
v 8.302404804370903 -43.5 -52.41932090903688
v 2.777612302001068 -43.5 -53.0
v -2.7776123020010512 -43.5 -53.0
v -8.302404804370942 -43.5 -52.41932090903687
v -13.736234422310961 -43.5 -51.26432476874681
v -19.01956698143159 -43.5 -49.54766595853991
v -24.094517184603987 -43.5 -47.28815255157517
v -28.90548281539656 -43.5 -44.510540249575044
v -33.399753927605175 -43.5 -41.24526115416953
v -37.528090346434 -43.5 -37.528090346434
v -41.24526115416955 -43.5 -33.399753927605154
v -44.51054024957504 -43.5 -28.90548281539657
v -47.288152551575166 -43.5 -24.094517184603998
v -49.54766595853991 -43.5 -19.019566981431588
v -51.26432476874682 -43.5 -13.736234422310929
v -52.41932090903688 -43.5 -8.30240480437091
v -52.78918467708461 -43.5 -4.783386116752678
v -51.430277118300424 -43.5 8.14575565711798
v -50.29707335801548 -43.5 13.477060187928723
v -48.6128043366805 -43.5 18.660707227065682
v -46.39592325815022 -43.5 23.639903652817125
v -43.6707187354312 -43.5 28.360096347182957
v -38.85639029647947 -43.5 34.98645096976633
v -32.76956989123612 -43.5 40.46704867956206
v -26.143215268651502 -43.5 45.28137711851469
v -18.660707227065682 -43.5 48.6128043366805
v -13.477060187929725 -43.5 50.297073358015155
v -8.145755657116913 -43.5 51.43027711830054
v -2.725204522718277 -43.5 52.0
v 2.7252045227183057 -43.5 52.0
v 8.145755657116931 -43.5 51.43027711830054
v 13.477060187929768 -43.5 50.29707335801515
v 18.66070722706565 -43.5 48.61280433668051
v 23.639903652817136 -43.5 46.39592325815021
v 28.36009634718296 -43.5 43.6707187354312
v 34.986450969766324 -43.5 38.856390296479475
v 40.46704867956208 -43.5 32.76956989123609
v 45.281377118514705 -43.5 26.143215268651492
v 48.612804336680504 -43.5 18.66070722706567
v 50.29707335801548 -43.5 13.477060187928728
v 51.430277118300424 -43.5 8.145755657117983
v 52.0 -43.5 2.7252045227182804
v 52.0 -43.5 -10.27515457855967
v 51.26432476874681 -43.5 -13.736234422310956
v 52.0 -44.5 -10.27515457855967
v 51.26432476874681 -44.5 -13.736234422310954
v 49.5476659585399 -44.5 -19.019566981431616
v 47.288152551575166 -44.5 -24.09451718460401
v 44.51054024957505 -44.5 -28.905482815396553
v 41.245261154169526 -44.5 -33.39975392760518
v 37.528090346434 -44.5 -37.528090346434
v 33.39975392760516 -44.5 -41.24526115416954
v 28.90548281539654 -44.5 -44.51054024957506
v 24.094517184604005 -44.5 -47.288152551575166
v 19.019566981431566 -44.5 -49.547665958539916
v 13.736234422310936 -44.5 -51.26432476874682
v 8.302404804370902 -44.5 -52.41932090903688
v 2.777612302001068 -44.5 -53.0
v -2.777612302001071 -44.5 -53.0
v -8.302404804370891 -44.5 -52.41932090903688
v -13.736234422310968 -44.5 -51.2643247687468
v -19.019566981431595 -44.5 -49.54766595853991
v -24.09451718460402 -44.5 -47.28815255157516
v -28.905482815396567 -44.5 -44.510540249575044
v -33.39975392760515 -44.5 -41.245261154169555
v -37.528090346433984 -44.5 -37.528090346434006
v -41.24526115416953 -44.5 -33.39975392760517
v -44.51054024957504 -44.5 -28.905482815396567
v -47.288152551575166 -44.5 -24.094517184603998
v -49.54766595853991 -44.5 -19.019566981431588
v -51.26432476874682 -44.5 -13.736234422310929
v -52.41932090903688 -44.5 -8.30240480437091
v -52.78918467708461 -44.5 -4.783386116752678
v -38.85639029647947 -44.5 34.98645096976633
v -26.143215268651502 -44.5 45.28137711851469
v 34.986450969766324 -44.5 38.856390296479475
v 45.281377118514705 -44.5 26.143215268651492
v 52.0 -44.5 -10.27515457855967
v -51.430277118300424 -44.5 8.14575565711798
v -50.29707335801548 -44.5 13.477060187928723
v -48.6128043366805 -44.5 18.660707227065682
v -46.39592325815022 -44.5 23.639903652817125
v -43.6707187354312 -44.5 28.360096347182957
v -40.467048679562076 -44.5 32.769569891236095
v -36.82001317008633 -44.5 36.82001317008632
v -32.76956989123611 -44.5 40.46704867956206
v -28.360096347182953 -44.5 43.6707187354312
v -23.63990365281712 -44.5 46.39592325815022
v -18.660707227065682 -44.5 48.6128043366805
v -13.477060187929725 -44.5 50.297073358015155
v -8.145755657116913 -44.5 51.43027711830054
v -2.725204522718277 -44.5 52.0
v 2.7252045227182573 -44.5 52.0
v 8.145755657116947 -44.5 51.43027711830053
v 12.22934102487155 -44.5 50.5622842532446
v 13.477060187929768 -44.5 50.29707335801515
v 18.66070722706565 -44.5 48.61280433668051
v 23.639903652817136 -44.5 46.39592325815021
v 28.36009634718296 -44.5 43.6707187354312
v 32.76956989123612 -44.5 40.46704867956206
v 36.82001317008632 -44.5 36.820013170086334
v 40.46704867956206 -44.5 32.76956989123611
v 43.670718735431215 -44.5 28.360096347182935
v 46.39592325815023 -44.5 23.639903652817104
v 48.612804336680504 -44.5 18.66070722706567
v 50.29707335801548 -44.5 13.477060187928728
v 51.430277118300424 -44.5 8.145755657117983
v 52.0 -44.5 2.7252045227182804
v 52.0 -44.5 -2.7252045227182875
v 51.430277118300424 -44.5 -8.145755657117984
v 50.29707335801548 -44.5 -13.477060187928723
v 48.61280433668049 -44.5 -18.660707227065704
v 46.39592325815021 -44.5 -23.63990365281715
v 43.67071873543121 -44.5 -28.360096347182953
v 40.467048679562076 -44.5 -32.769569891236095
v 36.82001317008633 -44.5 -36.82001317008632
v 32.76956989123611 -44.5 -40.46704867956206
v 28.360096347182953 -44.5 -43.6707187354312
v 23.63990365281712 -44.5 -46.39592325815022
v 18.66070722706565 -44.5 -48.61280433668051
v 13.477060187929718 -44.5 -50.29707335801516
v 8.145755657116919 -44.5 -51.43027711830054
v 2.725204522718277 -44.5 -52.0
v -2.7252045227182573 -44.5 -52.0
v -8.145755657116947 -44.5 -51.43027711830053
v -13.477060187929773 -44.5 -50.29707335801515
v -18.660707227065654 -44.5 -48.61280433668051
v -23.639903652817136 -44.5 -46.39592325815021
v -28.36009634718296 -44.5 -43.6707187354312
v -32.76956989123612 -44.5 -40.46704867956206
v -36.82001317008632 -44.5 -36.820013170086334
v -40.46704867956206 -44.5 -32.76956989123611
v -43.670718735431215 -44.5 -28.360096347182935
v -46.39592325815023 -44.5 -23.639903652817104
v -48.612804336680504 -44.5 -18.66070722706567
v -50.29707335801548 -44.5 -13.477060187928728
v -51.430277118300424 -44.5 -8.145755657117983
v -52.0 -44.5 -2.7252045227182804
v -52.0 -44.5 2.7252045227182826
v -51.430277118300424 -44.5 8.14575565711798
v 51.430277118300424 -45.5 8.145755657117983
v 52.0 -45.5 2.7252045227182804
v 52.0 -45.5 -2.7252045227182875
v 51.430277118300424 -45.5 -8.145755657117984
v 50.29707335801548 -45.5 -13.477060187928723
v 48.61280433668049 -45.5 -18.660707227065704
v 46.39592325815021 -45.5 -23.63990365281715
v 43.67071873543121 -45.5 -28.360096347182953
v 40.467048679562076 -45.5 -32.769569891236095
v 36.82001317008633 -45.5 -36.82001317008632
v 32.76956989123611 -45.5 -40.46704867956206
v 28.360096347182953 -45.5 -43.6707187354312
v 23.63990365281712 -45.5 -46.39592325815022
v 18.66070722706565 -45.5 -48.61280433668051
v 13.477060187929718 -45.5 -50.29707335801516
v 8.145755657116919 -45.5 -51.43027711830054
v 2.725204522718277 -45.5 -52.0
v -2.7252045227182573 -45.5 -52.0
v -8.145755657116947 -45.5 -51.43027711830053
v -13.477060187929773 -45.5 -50.29707335801515
v -18.660707227065654 -45.5 -48.61280433668051
v -23.639903652817136 -45.5 -46.39592325815021
v -28.36009634718296 -45.5 -43.6707187354312
v -32.76956989123612 -45.5 -40.46704867956206
v -36.82001317008632 -45.5 -36.820013170086334
v -40.46704867956206 -45.5 -32.76956989123611
v -43.670718735431215 -45.5 -28.360096347182935
v -46.39592325815023 -45.5 -23.639903652817104
v -48.612804336680504 -45.5 -18.66070722706567
v -50.29707335801548 -45.5 -13.477060187928728
v -51.430277118300424 -45.5 -8.145755657117983
v -52.0 -45.5 -2.7252045227182804
v -52.0 -45.5 2.7252045227182875
v -51.430277118300424 -45.5 8.145755657117984
v -50.29707335801548 -45.5 13.477060187928723
v -48.61280433668049 -45.5 18.660707227065704
v -46.39592325815021 -45.5 23.63990365281715
v -43.67071873543121 -45.5 28.360096347182953
v -40.467048679562076 -45.5 32.769569891236095
v -36.82001317008633 -45.5 36.82001317008632
v -32.76956989123611 -45.5 40.46704867956206
v -28.360096347182953 -45.5 43.6707187354312
v -23.63990365281712 -45.5 46.39592325815022
v -18.66070722706565 -45.5 48.61280433668051
v -13.477060187929718 -45.5 50.29707335801516
v -8.145755657116919 -45.5 51.43027711830054
v -2.725204522718277 -45.5 52.0
v 2.7252045227182573 -45.5 52.0
v 8.145755657116947 -45.5 51.43027711830053
v 13.477060187929773 -45.5 50.29707335801515
v 18.660707227065654 -45.5 48.61280433668051
v 23.639903652817136 -45.5 46.39592325815021
v 28.36009634718296 -45.5 43.6707187354312
v 32.76956989123612 -45.5 40.46704867956206
v 36.82001317008632 -45.5 36.820013170086334
v 40.46704867956206 -45.5 32.76956989123611
v 43.670718735431215 -45.5 28.360096347182935
v 46.39592325815023 -45.5 23.639903652817104
v 48.612804336680504 -45.5 18.66070722706567
v 50.29707335801548 -45.5 13.477060187928728
v 51.430277118300424 -45.5 8.145755657117983
v 50.44123332756389 -45.5 -7.9891065098653495
v 49.3298219472841 -45.5 -13.217885953546666
v 47.67794271482164 -45.5 -18.301847472698082
v 45.50369396472362 -45.5 -23.185290121033514
v 42.83089722128888 -45.5 -27.814709878967115
v 39.68883620495576 -45.5 -32.139385854865296
v 36.11193599373844 -45.5 -36.111935993738435
v 32.1393858548653 -45.5 -39.688836204955756
v 27.814709878967122 -45.5 -42.83089722128887
v 23.18529012103352 -45.5 -45.50369396472361
v 18.301847472698036 -45.5 -47.677942714821654
v 13.217885953546627 -45.5 -49.32982194728412
v 7.989106509865333 -45.5 -50.4412333275639
v 2.672796743435031 -45.5 -51.0
v -2.672796743435054 -45.5 -51.0
v -7.98910650986532 -45.5 -50.4412333275639
v -13.217885953546682 -45.5 -49.329821947284096
v -18.301847472698064 -45.5 -47.67794271482165
v -23.185290121033496 -45.5 -45.503693964723624
v -27.814709878967136 -45.5 -42.830897221288865
v -32.13938585486528 -45.5 -39.68883620495578
v -36.111935993738435 -45.5 -36.11193599373844
v -39.68883620495577 -45.5 -32.13938585486529
v -42.83089722128886 -45.5 -27.814709878967147
v -45.503693964723624 -45.5 -23.185290121033493
v -47.67794271482164 -45.5 -18.30184747269808
v -49.329821947284096 -45.5 -13.217885953546679
v -50.44123332756389 -45.5 -7.989106509865342
v -51.0 -45.5 -2.672796743435034
v -51.0 -45.5 2.6727967434350415
v -50.44123332756389 -45.5 7.98910650986534
v -49.3298219472841 -45.5 13.21788595354665
v -47.67794271482164 -45.5 18.30184747269807
v -45.50369396472361 -45.5 23.185290121033525
v -42.83089722128888 -45.5 27.81470987896712
v -38.10915202154751 -45.5 34.31363460496269
v -32.13938585486528 -45.5 39.68883620495578
v -25.640461128869962 -45.5 44.41058140469696
v -18.301847472698036 -45.5 47.677942714821654
v -13.217885953546627 -45.5 49.32982194728412
v -7.989106509865333 -45.5 50.4412333275639
v -2.672796743435031 -45.5 51.0
v 2.672796743435054 -45.5 51.0
v 7.98910650986532 -45.5 50.4412333275639
v 13.217885953546682 -45.5 49.329821947284096
v 18.301847472698064 -45.5 47.67794271482165
v 23.185290121033496 -45.5 45.503693964723624
v 27.81470987896711 -45.5 42.83089722128888
v 34.31363460496269 -45.5 38.10915202154751
v 39.68883620495577 -45.5 32.13938585486529
v 44.41058140469696 -45.5 25.640461128869962
v 47.67794271482164 -45.5 18.30184747269808
v 49.329821947284096 -45.5 13.217885953546679
v 50.44123332756389 -45.5 7.989106509865342
v 51.0 -45.5 2.672796743435034
v 51.0 -45.5 -2.6727967434350415
v 50.44123332756389 -45.5 -7.9891065098653495
v 51.0 -46.5 -2.6727967434350415
v 50.44123332756389 -46.5 -7.9891065098653495
v 49.3298219472841 -46.5 -13.217885953546666
v 47.67794271482164 -46.5 -18.301847472698082
v 45.50369396472362 -46.5 -23.185290121033514
v 42.83089722128888 -46.5 -27.814709878967115
v 39.68883620495576 -46.5 -32.139385854865296
v 36.11193599373844 -46.5 -36.111935993738435
v 32.1393858548653 -46.5 -39.688836204955756
v 27.814709878967122 -46.5 -42.83089722128887
v 23.18529012103352 -46.5 -45.50369396472361
v 18.301847472698036 -46.5 -47.677942714821654
v 13.217885953546627 -46.5 -49.32982194728412
v 7.989106509865333 -46.5 -50.4412333275639
v 2.672796743435031 -46.5 -51.0
v -2.672796743435054 -46.5 -51.0
v -7.98910650986532 -46.5 -50.4412333275639
v -13.217885953546682 -46.5 -49.329821947284096
v -18.301847472698064 -46.5 -47.67794271482165
v -23.185290121033496 -46.5 -45.503693964723624
v -27.814709878967136 -46.5 -42.830897221288865
v -32.13938585486528 -46.5 -39.68883620495578
v -36.111935993738435 -46.5 -36.11193599373844
v -39.68883620495577 -46.5 -32.13938585486529
v -42.83089722128886 -46.5 -27.814709878967147
v -45.503693964723624 -46.5 -23.185290121033493
v -47.67794271482164 -46.5 -18.30184747269808
v -49.329821947284096 -46.5 -13.217885953546679
v -50.44123332756389 -46.5 -7.989106509865342
v -51.0 -46.5 -2.672796743435034
v -51.0 -46.5 2.6727967434350415
v -50.44123332756389 -46.5 7.98910650986534
v -49.3298219472841 -46.5 13.21788595354665
v -47.67794271482164 -46.5 18.30184747269807
v -45.50369396472361 -46.5 23.185290121033525
v -42.83089722128888 -46.5 27.81470987896712
v -38.10915202154751 -46.5 34.31363460496269
v -32.13938585486528 -46.5 39.68883620495578
v -25.640461128869962 -46.5 44.41058140469696
v -18.301847472698036 -46.5 47.677942714821654
v -13.217885953546627 -46.5 49.32982194728412
v -7.989106509865333 -46.5 50.4412333275639
v -2.672796743435031 -46.5 51.0
v 2.672796743435054 -46.5 51.0
v 7.98910650986532 -46.5 50.4412333275639
v 13.217885953546682 -46.5 49.329821947284096
v 18.301847472698064 -46.5 47.67794271482165
v 23.185290121033496 -46.5 45.503693964723624
v 27.81470987896711 -46.5 42.83089722128888
v 34.31363460496269 -46.5 38.10915202154751
v 39.68883620495577 -46.5 32.13938585486529
v 44.41058140469696 -46.5 25.640461128869962
v 47.67794271482164 -46.5 18.30184747269808
v 49.329821947284096 -46.5 13.217885953546679
v 50.44123332756389 -46.5 7.989106509865342
v 51.0 -46.5 2.672796743435034
v 51.0 -46.5 -2.6727967434350415
v 44.8733578492441 -46.5 -17.22526820959742
v 42.82700608444535 -46.5 -21.821449525679203
v 40.311432678860136 -46.5 -26.178550474321867
v 35.86743719674994 -46.5 -32.29518551055392
v 30.248833745757217 -46.5 -37.35419878113357
v 24.132198709524076 -46.5 -41.79819426324456
v 17.22526820959931 -46.5 -44.87335784924349
v 12.440363250395936 -46.5 -46.428067715091174
v 7.519159068108714 -46.5 -47.47410195535428
v 2.515573405586288 -46.5 -48.0
v -2.515573405586318 -46.5 -48.0
v -7.519159068108737 -46.5 -47.47410195535428
v -12.44036325039594 -46.5 -46.428067715091174
v -17.22526820959932 -46.5 -44.87335784924348
v -21.821449525677487 -46.5 -42.827006084446346
v -26.17855047432188 -46.5 -40.31143267886013
v -32.295185510553935 -46.5 -35.86743719674993
v -37.354198781133555 -46.5 -30.24883374575724
v -41.798194263243964 -46.5 -24.132198709524893
v -44.8733578492441 -46.5 -17.225268209597427
v -46.428067715091174 -46.5 -12.440363250395938
v -47.47410195535428 -46.5 -7.5191590681087215
v -48.0 -46.5 -2.515573405586291
v -48.0 -46.5 9.854737637496495
v -47.39531912582222 -46.5 12.699537484779029
v -45.80821947110296 -46.5 17.584127963965024
v -43.71923537787117 -46.5 22.27606305746457
v -41.15125419300271 -46.5 26.723936942537684
v -38.13241125574368 -46.5 30.879017782123093
v -34.69578164104266 -46.5 34.69578164104268
v -30.879017782123093 -46.5 38.13241125574368
v -26.723936942537705 -46.5 41.151254193002686
v -22.27606305746454 -46.5 43.719235377871186
v -17.58412796396505 -46.5 45.80821947110295
v -12.699537484779023 -46.5 47.39531912582222
v -7.675808215361274 -46.5 48.46314574609071
v -2.5679811848685383 -46.5 49.0
v 2.56798118486906 -46.5 49.0
v 7.675808215360778 -46.5 48.46314574609082
v 12.699537484779048 -46.5 47.39531912582222
v 17.584127963965038 -46.5 45.80821947110296
v 22.276063057464565 -46.5 43.71923537787118
v 26.723936942537694 -46.5 41.1512541930027
v 30.879017782123086 -46.5 38.13241125574369
v 34.69578164104267 -46.5 34.695781641042664
v 38.13241125574371 -46.5 30.87901778212306
v 41.15125419300269 -46.5 26.723936942537705
v 43.719235377871165 -46.5 22.27606305746458
v 45.808219471102966 -46.5 17.584127963965006
v 47.395319125822226 -46.5 12.69953748477902
v 48.463145746090824 -46.5 7.675808215360749
v 48.76715155883054 -46.5 4.783386116752949
v 47.474101955354165 -46.5 -7.519159068109271
v 46.428067715091174 -46.5 -12.440363250395947
v 44.8733578492441 -46.5 -17.22526820959742
v 46.428067715091174 -47.5 -12.440363250395947
v 44.8733578492441 -47.5 -17.22526820959742
v 42.82700608444535 -47.5 -21.821449525679203
v 40.311432678860136 -47.5 -26.178550474321867
v 35.86743719674994 -47.5 -32.29518551055392
v 30.248833745757217 -47.5 -37.35419878113357
v 24.132198709524076 -47.5 -41.79819426324456
v 17.22526820959931 -47.5 -44.87335784924349
v 12.440363250395936 -47.5 -46.428067715091174
v 7.519159068108714 -47.5 -47.47410195535428
v 2.515573405586288 -47.5 -48.0
v -2.515573405586318 -47.5 -48.0
v -7.519159068108737 -47.5 -47.47410195535428
v -12.44036325039594 -47.5 -46.428067715091174
v -17.22526820959932 -47.5 -44.87335784924348
v -21.821449525677487 -47.5 -42.827006084446346
v -26.17855047432188 -47.5 -40.31143267886013
v -32.295185510553935 -47.5 -35.86743719674993
v -37.354198781133555 -47.5 -30.24883374575724
v -41.798194263243964 -47.5 -24.132198709524893
v -44.8733578492441 -47.5 -17.225268209597427
v -46.428067715091174 -47.5 -12.440363250395938
v -47.47410195535428 -47.5 -7.5191590681087215
v -48.0 -47.5 -2.515573405586291
v -48.0 -47.5 9.854737637496495
v -47.39531912582222 -47.5 12.699537484779029
v -45.80821947110296 -47.5 17.584127963965024
v -43.71923537787117 -47.5 22.27606305746457
v -41.15125419300271 -47.5 26.723936942537684
v -38.13241125574368 -47.5 30.879017782123093
v -34.69578164104266 -47.5 34.69578164104268
v -30.879017782123093 -47.5 38.13241125574368
v -26.723936942537705 -47.5 41.151254193002686
v -22.27606305746454 -47.5 43.719235377871186
v -17.58412796396505 -47.5 45.80821947110295
v -12.699537484779023 -47.5 47.39531912582222
v -7.675808215361274 -47.5 48.46314574609071
v -2.5679811848685383 -47.5 49.0
v 2.56798118486906 -47.5 49.0
v 7.675808215360778 -47.5 48.46314574609082
v 12.699537484779048 -47.5 47.39531912582222
v 17.584127963965038 -47.5 45.80821947110296
v 22.276063057464565 -47.5 43.71923537787118
v 26.723936942537694 -47.5 41.1512541930027
v 30.879017782123086 -47.5 38.13241125574369
v 34.69578164104267 -47.5 34.695781641042664
v 38.13241125574371 -47.5 30.87901778212306
v 41.15125419300269 -47.5 26.723936942537705
v 43.719235377871165 -47.5 22.27606305746458
v 45.808219471102966 -47.5 17.584127963965006
v 47.395319125822226 -47.5 12.69953748477902
v 48.463145746090824 -47.5 7.675808215360749
v 48.76715155883054 -47.5 4.783386116752949
v 47.474101955354165 -47.5 -7.519159068109271
v 46.428067715091174 -47.5 -12.440363250395947
v 42.73410188144943 -47.5 4.783386116752683
v 41.53983921093502 -47.5 -6.579264184594601
v 40.6245592507047 -47.5 -10.885317844096406
v 39.26418811808785 -47.5 -15.07210968339972
v 37.47363032388992 -47.5 -19.09376833496909
v 35.27250359400378 -47.5 -22.90623166502982
v 32.68492393349274 -47.5 -26.467729527536154
v 29.73924140660802 -47.5 -29.739241406608006
v 26.467729527536154 -47.5 -32.68492393349274
v 22.90623166503136 -47.5 -35.272503594002664
v 19.093768334967365 -47.5 -37.47363032389069
v 15.072109683398766 -47.5 -39.26418811808828
v 10.885317844097422 -47.5 -40.62455925070448
v 6.579264184594575 -47.5 -41.53983921093502
v 2.201126729887721 -47.5 -42.0
v -2.2011267298877044 -47.5 -42.0
v -6.579264184594553 -47.5 -41.53983921093502
v -10.88531784409641 -47.5 -40.62455925070469
v -15.07210968339968 -47.5 -39.264188118087866
v -19.0937683349691 -47.5 -37.473630323889914
v -22.906231665029825 -47.5 -35.27250359400378
v -26.467729527536147 -47.5 -32.68492393349275
v -29.739241406608 -47.5 -29.739241406608027
v -32.68492393349273 -47.5 -26.46772952753616
v -35.27250359400376 -47.5 -22.906231665029853
v -37.47363032388993 -47.5 -19.093768334969074
v -39.26418811808787 -47.5 -15.07210968339968
v -40.6245592507047 -47.5 -10.88531784409641
v -41.53983921093502 -47.5 -6.57926418459458
v -42.0 -47.5 -2.2011267298877235
v -42.0 -47.5 9.224112225902456
v -41.59181066143553 -47.5 11.144492078480956
v -40.199049739947675 -47.5 15.430969437765155
v -38.36585961731652 -47.5 19.548381866752724
v -36.11232510814523 -47.5 23.451618133247184
v -33.46313640810022 -47.5 27.097913563905664
v -30.44731858295591 -47.5 30.44731858295589
v -27.097913563905642 -47.5 33.46313640810023
v -23.451618133247194 -47.5 36.11232510814522
v -19.548381866752724 -47.5 38.36585961731651
v -15.430969437765151 -47.5 40.199049739947675
v -11.144492078480946 -47.5 41.59181066143553
v -6.735913331847497 -47.5 42.528883001671474
v -2.253534509170512 -47.5 43.0
v 2.253534509170518 -47.5 43.0
v 6.735913331847485 -47.5 42.528883001671474
v 11.144492078480969 -47.5 41.591810661435524
v 15.430969437765144 -47.5 40.19904973994768
v 19.54838186675272 -47.5 38.36585961731652
v 23.45161813324716 -47.5 36.11232510814524
v 27.09791356390565 -47.5 33.463136408100226
v 30.447318582955894 -47.5 30.447318582955905
v 33.46313640810022 -47.5 27.09791356390566
v 36.11232510814522 -47.5 23.45161813324719
v 38.36585961731651 -47.5 19.548381866752727
v 40.19904973994769 -47.5 15.430969437765121
v 41.59181066143554 -47.5 11.144492078480939
v 42.528883001671474 -47.5 6.735913331847507
v 42.73410188144943 -47.5 4.783386116752683
v 42.528883001671474 -48.5 6.735913331847507
v 42.73410188144943 -48.5 4.783386116752683
v 41.53983921093502 -48.5 -6.579264184594601
v 40.6245592507047 -48.5 -10.885317844096406
v 39.26418811808785 -48.5 -15.07210968339972
v 37.47363032388992 -48.5 -19.09376833496909
v 35.27250359400378 -48.5 -22.90623166502982
v 32.68492393349274 -48.5 -26.467729527536154
v 29.73924140660802 -48.5 -29.739241406608006
v 26.467729527536154 -48.5 -32.68492393349274
v 22.90623166503136 -48.5 -35.272503594002664
v 19.093768334967365 -48.5 -37.47363032389069
v 15.072109683398766 -48.5 -39.26418811808828
v 10.885317844097422 -48.5 -40.62455925070448
v 6.579264184594575 -48.5 -41.53983921093502
v 2.201126729887721 -48.5 -42.0
v -2.2011267298877044 -48.5 -42.0
v -6.579264184594553 -48.5 -41.53983921093502
v -10.88531784409641 -48.5 -40.62455925070469
v -15.07210968339968 -48.5 -39.264188118087866
v -19.0937683349691 -48.5 -37.473630323889914
v -22.906231665029825 -48.5 -35.27250359400378
v -26.467729527536147 -48.5 -32.68492393349275
v -29.739241406608 -48.5 -29.739241406608027
v -32.68492393349273 -48.5 -26.46772952753616
v -35.27250359400376 -48.5 -22.906231665029853
v -37.47363032388993 -48.5 -19.093768334969074
v -39.26418811808787 -48.5 -15.07210968339968
v -40.6245592507047 -48.5 -10.88531784409641
v -41.53983921093502 -48.5 -6.57926418459458
v -42.0 -48.5 -2.2011267298877235
v -42.0 -48.5 9.224112225902456
v -41.59181066143553 -48.5 11.144492078480956
v -40.199049739947675 -48.5 15.430969437765155
v -38.36585961731652 -48.5 19.548381866752724
v -36.11232510814523 -48.5 23.451618133247184
v -33.46313640810022 -48.5 27.097913563905664
v -30.44731858295591 -48.5 30.44731858295589
v -27.097913563905642 -48.5 33.46313640810023
v -23.451618133247194 -48.5 36.11232510814522
v -19.548381866752724 -48.5 38.36585961731651
v -15.430969437765151 -48.5 40.199049739947675
v -11.144492078480946 -48.5 41.59181066143553
v -6.735913331847497 -48.5 42.528883001671474
v -2.253534509170512 -48.5 43.0
v 2.253534509170518 -48.5 43.0
v 6.735913331847485 -48.5 42.528883001671474
v 11.144492078480969 -48.5 41.591810661435524
v 15.430969437765144 -48.5 40.19904973994768
v 19.54838186675272 -48.5 38.36585961731652
v 23.45161813324716 -48.5 36.11232510814524
v 27.09791356390565 -48.5 33.463136408100226
v 30.447318582955894 -48.5 30.447318582955905
v 33.46313640810022 -48.5 27.09791356390566
v 36.11232510814522 -48.5 23.45161813324719
v 38.36585961731651 -48.5 19.548381866752727
v 40.19904973994769 -48.5 15.430969437765121
v 41.59181066143554 -48.5 11.144492078480939
v 42.528883001671474 -48.5 6.735913331847507
v 25.715138559150265 -48.5 -4.072877828558472
v 25.148536679007545 -48.5 -6.738530093965022
v 24.306402168340007 -48.5 -9.330353613533639
v 23.197961629075603 -48.5 -11.819951826407706
v 21.8353593677156 -48.5 -14.18004817359148
v 20.23352433978189 -48.5 -16.384784945616875
v 18.410006585043043 -48.5 -18.410006585043067
v 16.384784945616865 -48.5 -20.2335243397819
v 14.180048173591466 -48.5 -21.83535936771561
v 11.81995182640769 -48.5 -23.197961629075614
v 9.330353613532685 -48.5 -24.306402168340433
v 6.738530093966027 -48.5 -25.148536679007332
v 4.0728778285584575 -48.5 -25.71513855915027
v 1.3626022613591384 -48.5 -26.0
v -1.362602261359156 -48.5 -26.0
v -4.072877828558468 -48.5 -25.71513855915027
v -6.738530093965018 -48.5 -25.148536679007545
v -9.330353613533648 -48.5 -24.306402168340004
v -11.819951826407696 -48.5 -23.19796162907561
v -14.180048173591471 -48.5 -21.835359367715604
v -16.384784945616868 -48.5 -20.233524339781894
v -18.410006585043064 -48.5 -18.410006585043046
v -20.233524339781894 -48.5 -16.38478494561687
v -21.83535936771561 -48.5 -14.180048173591464
v -23.19796162907561 -48.5 -11.819951826407697
v -24.30640216834001 -48.5 -9.330353613533632
v -25.14853667900755 -48.5 -6.73853009396501
v -25.71513855915027 -48.5 -4.072877828558463
v -26.0 -48.5 -1.3626022613591402
v -26.0 -48.5 7.354063425937892
v -25.241263790199284 -48.5 9.6892133679003
v -24.090190922501442 -48.5 12.274565358193035
v -22.675180881859443 -48.5 14.72543464180508
v -21.01173681438766 -48.5 17.014968981988275
v -19.118083761390945 -48.5 19.118083761390935
v -17.014968981988282 -48.5 21.011736814387653
v -14.725434641805066 -48.5 22.675180881859454
v -12.27456535819303 -48.5 24.09019092250145
v -9.689213367900306 -48.5 25.241263790199284
v -6.997704328348251 -48.5 26.115788089738658
v -4.229526975811387 -48.5 26.704182349886718
v -1.4150100406419297 -48.5 27.0
v 1.4150100406419253 -48.5 27.0
v 4.229526975811388 -48.5 26.704182349886718
v 6.997704328348237 -48.5 26.11578808973866
v 9.689213367900289 -48.5 25.241263790199287
v 12.274565358193044 -48.5 24.09019092250144
v 14.725434641805096 -48.5 22.675180881859436
v 17.01496898198828 -48.5 21.01173681438766
v 19.118083761390952 -48.5 19.11808376139093
v 21.011736814387664 -48.5 17.014968981988275
v 22.675180881859454 -48.5 14.72543464180507
v 24.09019092250145 -48.5 12.27456535819303
v 25.241263790199287 -48.5 9.6892133679003
v 26.115788089738658 -48.5 6.997704328348255
v 26.626278228261242 -48.5 4.596037052063084
v 25.715138559150265 -48.5 -4.072877828558472
v 26.626278228261242 -49.5 4.596037052063084
v 25.715138559150265 -49.5 -4.072877828558472
v 25.148536679007545 -49.5 -6.738530093965022
v 24.306402168340007 -49.5 -9.330353613533639
v 23.197961629075603 -49.5 -11.819951826407706
v 21.8353593677156 -49.5 -14.18004817359148
v 20.23352433978189 -49.5 -16.384784945616875
v 18.410006585043043 -49.5 -18.410006585043067
v 16.384784945616865 -49.5 -20.2335243397819
v 14.180048173591466 -49.5 -21.83535936771561
v 11.81995182640769 -49.5 -23.197961629075614
v 9.330353613532685 -49.5 -24.306402168340433
v 6.738530093966027 -49.5 -25.148536679007332
v 4.0728778285584575 -49.5 -25.71513855915027
v 1.3626022613591384 -49.5 -26.0
v -1.362602261359156 -49.5 -26.0
v -4.072877828558468 -49.5 -25.71513855915027
v -6.738530093965018 -49.5 -25.148536679007545
v -9.330353613533648 -49.5 -24.306402168340004
v -11.819951826407696 -49.5 -23.19796162907561
v -14.180048173591471 -49.5 -21.835359367715604
v -16.384784945616868 -49.5 -20.233524339781894
v -18.410006585043064 -49.5 -18.410006585043046
v -20.233524339781894 -49.5 -16.38478494561687
v -21.83535936771561 -49.5 -14.180048173591464
v -23.19796162907561 -49.5 -11.819951826407697
v -24.30640216834001 -49.5 -9.330353613533632
v -25.14853667900755 -49.5 -6.73853009396501
v -25.71513855915027 -49.5 -4.072877828558463
v -26.0 -49.5 -1.3626022613591402
v -26.0 -49.5 7.354063425937892
v -25.241263790199284 -49.5 9.6892133679003
v -24.090190922501442 -49.5 12.274565358193035
v -22.675180881859443 -49.5 14.72543464180508
v -21.01173681438766 -49.5 17.014968981988275
v -19.118083761390945 -49.5 19.118083761390935
v -17.014968981988282 -49.5 21.011736814387653
v -14.725434641805066 -49.5 22.675180881859454
v -12.27456535819303 -49.5 24.09019092250145
v -9.689213367900306 -49.5 25.241263790199284
v -6.997704328348251 -49.5 26.115788089738658
v -4.229526975811387 -49.5 26.704182349886718
v -1.4150100406419297 -49.5 27.0
v 1.4150100406419253 -49.5 27.0
v 4.229526975811388 -49.5 26.704182349886718
v 6.997704328348237 -49.5 26.11578808973866
v 9.689213367900289 -49.5 25.241263790199287
v 12.274565358193044 -49.5 24.09019092250144
v 14.725434641805096 -49.5 22.675180881859436
v 17.01496898198828 -49.5 21.01173681438766
v 19.118083761390952 -49.5 19.11808376139093
v 21.011736814387664 -49.5 17.014968981988275
v 22.675180881859454 -49.5 14.72543464180507
v 24.09019092250145 -49.5 12.27456535819303
v 25.241263790199287 -49.5 9.6892133679003
v 26.115788089738658 -49.5 6.997704328348255
v 26.626278228261242 -49.5 4.596037052063084
f 33 31 32
f 37 31 33
f 34 37 33
f 36 37 34
f 35 36 34
f 27 31 37
f 42 27 37
f 38 42 37
f 41 42 38
f 40 41 38
f 39 40 38
f 52 27 42
f 48 52 42
f 46 48 42
f 45 46 42
f 43 45 42
f 44 45 43
f 47 48 46
f 49 52 48
f 51 52 49
f 50 51 49
f 2 27 52
f 53 2 52
f 26 27 2
f 14 26 2
f 13 14 2
f 12 13 2
f 11 12 2
f 10 11 2
f 9 10 2
f 8 9 2
f 7 8 2
f 6 7 2
f 5 6 2
f 4 5 2
f 3 4 2
f 15 26 14
f 16 26 15
f 17 26 16
f 18 26 17
f 19 26 18
f 20 26 19
f 21 26 20
f 22 26 21
f 23 26 22
f 24 26 23
f 25 26 24
f 30 31 27
f 28 30 27
f 29 30 28
f 144 92 93
f 145 144 93
f 146 145 93
f 94 146 93
f 147 146 94
f 95 147 94
f 96 147 95
f 148 147 96
f 149 148 96
f 97 149 96
f 150 149 97
f 98 150 97
f 151 150 98
f 99 151 98
f 152 151 99
f 100 152 99
f 153 152 100
f 101 153 100
f 102 153 101
f 154 153 102
f 103 154 102
f 155 154 103
f 104 155 103
f 156 155 104
f 105 156 104
f 157 156 105
f 158 157 105
f 106 158 105
f 107 158 106
f 159 158 107
f 108 159 107
f 160 159 108
f 161 160 108
f 109 161 108
f 162 161 109
f 110 162 109
f 111 162 110
f 163 162 111
f 164 163 111
f 112 164 111
f 165 164 112
f 113 165 112
f 166 165 113
f 114 166 113
f 167 166 114
f 55 167 114
f 56 167 55
f 118 62 63
f 119 118 63
f 120 119 63
f 64 120 63
f 121 120 64
f 65 121 64
f 66 121 65
f 122 121 66
f 123 122 66
f 67 123 66
f 124 123 67
f 68 124 67
f 125 124 68
f 69 125 68
f 126 125 69
f 70 126 69
f 71 126 70
f 127 126 71
f 72 127 71
f 128 127 72
f 73 128 72
f 129 128 73
f 74 129 73
f 130 129 74
f 75 130 74
f 131 130 75
f 132 131 75
f 76 132 75
f 77 132 76
f 133 132 77
f 78 133 77
f 134 133 78
f 135 134 78
f 79 135 78
f 136 135 79
f 80 136 79
f 81 136 80
f 137 136 81
f 138 137 81
f 82 138 81
f 83 138 82
f 84 138 83
f 139 138 84
f 85 139 84
f 86 139 85
f 87 139 86
f 88 139 87
f 140 139 88
f 89 140 88
f 141 140 89
f 90 141 89
f 142 141 90
f 143 142 90
f 91 143 90
f 92 143 91
f 144 143 92
f 58 116 167
f 57 58 167
f 56 57 167
f 59 116 58
f 60 116 59
f 61 116 60
f 117 116 61
f 62 117 61
f 118 117 62
f 2 53 166
f 166 167 2
f 3 2 167
f 167 116 3
f 4 3 116
f 116 117 4
f 5 4 117
f 117 118 5
f 6 5 118
f 118 119 6
f 7 6 119
f 119 120 7
f 8 7 120
f 120 121 8
f 9 8 121
f 121 122 9
f 10 9 122
f 122 123 10
f 11 10 123
f 123 124 11
f 12 11 124
f 124 125 12
f 13 12 125
f 125 126 13
f 14 13 126
f 126 127 14
f 15 14 127
f 127 128 15
f 16 15 128
f 128 129 16
f 17 16 129
f 129 130 17
f 18 17 130
f 130 131 18
f 19 18 131
f 131 132 19
f 20 19 132
f 132 133 20
f 21 20 133
f 133 134 21
f 22 21 134
f 134 135 22
f 23 22 135
f 135 136 23
f 24 23 136
f 136 137 24
f 25 24 137
f 137 138 25
f 26 25 138
f 138 139 26
f 27 26 139
f 139 140 27
f 28 27 140
f 140 141 28
f 29 28 141
f 141 142 29
f 30 29 142
f 142 143 30
f 31 30 143
f 143 144 31
f 32 31 144
f 144 145 32
f 33 32 145
f 145 146 33
f 34 33 146
f 146 147 34
f 35 34 147
f 147 148 35
f 36 35 148
f 148 149 36
f 37 36 149
f 149 150 37
f 38 37 150
f 150 151 38
f 39 38 151
f 151 152 39
f 40 39 152
f 152 153 40
f 41 40 153
f 153 154 41
f 42 41 154
f 154 155 42
f 43 42 155
f 155 156 43
f 44 43 156
f 156 157 44
f 45 44 157
f 157 158 45
f 46 45 158
f 158 159 46
f 47 46 159
f 159 160 47
f 48 47 160
f 160 161 48
f 49 48 161
f 161 162 49
f 50 49 162
f 162 163 50
f 51 50 163
f 163 164 51
f 52 51 164
f 164 165 52
f 53 52 165
f 165 166 53
f 53 53 166
f 166 166 53
f 266 206 207
f 267 266 207
f 268 267 207
f 208 268 207
f 209 268 208
f 269 268 209
f 210 269 209
f 270 269 210
f 211 270 210
f 271 270 211
f 272 271 211
f 212 272 211
f 273 272 212
f 213 273 212
f 214 273 213
f 274 273 214
f 215 274 214
f 275 274 215
f 276 275 215
f 216 276 215
f 217 276 216
f 277 276 217
f 218 277 217
f 278 277 218
f 279 278 218
f 219 279 218
f 280 279 219
f 220 280 219
f 281 280 220
f 221 281 220
f 222 281 221
f 282 281 222
f 283 282 222
f 223 283 222
f 224 283 223
f 284 283 224
f 225 284 224
f 285 284 225
f 226 285 225
f 286 285 226
f 287 286 226
f 227 287 226
f 288 287 227
f 228 288 227
f 169 288 228
f 289 288 169
f 170 289 169
f 236 176 177
f 237 236 177
f 238 237 177
f 178 238 177
f 179 238 178
f 239 238 179
f 180 239 179
f 240 239 180
f 181 240 180
f 241 240 181
f 242 241 181
f 182 242 181
f 243 242 182
f 183 243 182
f 184 243 183
f 244 243 184
f 185 244 184
f 245 244 185
f 246 245 185
f 186 246 185
f 187 246 186
f 247 246 187
f 188 247 187
f 248 247 188
f 249 248 188
f 189 249 188
f 250 249 189
f 190 250 189
f 251 250 190
f 191 251 190
f 192 251 191
f 252 251 192
f 253 252 192
f 193 253 192
f 194 253 193
f 254 253 194
f 195 254 194
f 255 254 195
f 196 255 195
f 256 255 196
f 257 256 196
f 197 257 196
f 258 257 197
f 198 258 197
f 199 258 198
f 259 258 199
f 200 259 199
f 260 259 200
f 261 260 200
f 201 261 200
f 202 261 201
f 262 261 202
f 203 262 202
f 263 262 203
f 264 263 203
f 204 264 203
f 265 264 204
f 205 265 204
f 266 265 205
f 206 266 205
f 170 230 289
f 231 230 170
f 171 231 170
f 172 231 171
f 232 231 172
f 173 232 172
f 233 232 173
f 234 233 173
f 174 234 173
f 235 234 174
f 175 235 174
f 236 235 175
f 176 236 175
f 55 114 288
f 288 289 55
f 56 55 289
f 289 230 56
f 57 56 230
f 230 231 57
f 58 57 231
f 231 232 58
f 59 58 232
f 232 233 59
f 60 59 233
f 233 234 60
f 61 60 234
f 234 235 61
f 62 61 235
f 235 236 62
f 63 62 236
f 236 237 63
f 64 63 237
f 237 238 64
f 65 64 238
f 238 239 65
f 66 65 239
f 239 240 66
f 67 66 240
f 240 241 67
f 68 67 241
f 241 242 68
f 69 68 242
f 242 243 69
f 70 69 243
f 243 244 70
f 71 70 244
f 244 245 71
f 72 71 245
f 245 246 72
f 73 72 246
f 246 247 73
f 74 73 247
f 247 248 74
f 75 74 248
f 248 249 75
f 76 75 249
f 249 250 76
f 77 76 250
f 250 251 77
f 78 77 251
f 251 252 78
f 79 78 252
f 252 253 79
f 80 79 253
f 253 254 80
f 81 80 254
f 254 255 81
f 82 81 255
f 255 256 82
f 83 82 256
f 256 257 83
f 84 83 257
f 257 258 84
f 85 84 258
f 258 259 85
f 86 85 259
f 259 260 86
f 87 86 260
f 260 261 87
f 88 87 261
f 261 262 88
f 89 88 262
f 262 263 89
f 90 89 263
f 263 264 90
f 91 90 264
f 264 265 91
f 92 91 265
f 265 266 92
f 93 92 266
f 266 267 93
f 94 93 267
f 267 268 94
f 95 94 268
f 268 269 95
f 96 95 269
f 269 270 96
f 97 96 270
f 270 271 97
f 98 97 271
f 271 272 98
f 99 98 272
f 272 273 99
f 100 99 273
f 273 274 100
f 101 100 274
f 274 275 101
f 102 101 275
f 275 276 102
f 103 102 276
f 276 277 103
f 104 103 277
f 277 278 104
f 105 104 278
f 278 279 105
f 106 105 279
f 279 280 106
f 107 106 280
f 280 281 107
f 108 107 281
f 281 282 108
f 109 108 282
f 282 283 109
f 110 109 283
f 283 284 110
f 111 110 284
f 284 285 111
f 112 111 285
f 285 286 112
f 113 112 286
f 286 287 113
f 114 113 287
f 287 288 114
f 114 114 288
f 288 288 114
f 169 228 349
f 349 350 169
f 170 169 350
f 350 291 170
f 171 170 291
f 291 292 171
f 172 171 292
f 292 293 172
f 173 172 293
f 293 294 173
f 174 173 294
f 294 295 174
f 175 174 295
f 295 296 175
f 176 175 296
f 296 297 176
f 177 176 297
f 297 298 177
f 178 177 298
f 298 299 178
f 179 178 299
f 299 300 179
f 180 179 300
f 300 301 180
f 181 180 301
f 301 302 181
f 182 181 302
f 302 303 182
f 183 182 303
f 303 304 183
f 184 183 304
f 304 305 184
f 185 184 305
f 305 306 185
f 186 185 306
f 306 307 186
f 187 186 307
f 307 308 187
f 188 187 308
f 308 309 188
f 189 188 309
f 309 310 189
f 190 189 310
f 310 311 190
f 191 190 311
f 311 312 191
f 192 191 312
f 312 313 192
f 193 192 313
f 313 314 193
f 194 193 314
f 314 315 194
f 195 194 315
f 315 316 195
f 196 195 316
f 316 317 196
f 197 196 317
f 317 318 197
f 198 197 318
f 318 319 198
f 199 198 319
f 319 320 199
f 200 199 320
f 320 321 200
f 201 200 321
f 321 322 201
f 202 201 322
f 322 323 202
f 203 202 323
f 323 324 203
f 204 203 324
f 324 325 204
f 205 204 325
f 325 326 205
f 206 205 326
f 326 327 206
f 207 206 327
f 327 328 207
f 208 207 328
f 328 329 208
f 209 208 329
f 329 330 209
f 210 209 330
f 330 331 210
f 211 210 331
f 331 332 211
f 212 211 332
f 332 333 212
f 213 212 333
f 333 334 213
f 214 213 334
f 334 335 214
f 215 214 335
f 335 336 215
f 216 215 336
f 336 337 216
f 217 216 337
f 337 338 217
f 218 217 338
f 338 339 218
f 219 218 339
f 339 340 219
f 220 219 340
f 340 341 220
f 221 220 341
f 341 342 221
f 222 221 342
f 342 343 222
f 223 222 343
f 343 344 223
f 224 223 344
f 344 345 224
f 225 224 345
f 345 346 225
f 226 225 346
f 346 347 226
f 227 226 347
f 347 348 227
f 228 227 348
f 348 349 228
f 228 228 349
f 349 349 228
f 350 349 410
f 410 411 350
f 291 350 411
f 411 352 291
f 292 291 352
f 352 353 292
f 293 292 353
f 353 354 293
f 294 293 354
f 354 355 294
f 295 294 355
f 355 356 295
f 296 295 356
f 356 357 296
f 297 296 357
f 357 358 297
f 298 297 358
f 358 359 298
f 299 298 359
f 359 360 299
f 300 299 360
f 360 361 300
f 301 300 361
f 361 362 301
f 302 301 362
f 362 363 302
f 303 302 363
f 363 364 303
f 304 303 364
f 364 365 304
f 305 304 365
f 365 366 305
f 306 305 366
f 366 367 306
f 307 306 367
f 367 368 307
f 308 307 368
f 368 369 308
f 309 308 369
f 369 370 309
f 310 309 370
f 370 371 310
f 311 310 371
f 371 372 311
f 312 311 372
f 372 373 312
f 313 312 373
f 373 374 313
f 314 313 374
f 374 375 314
f 315 314 375
f 375 376 315
f 316 315 376
f 376 377 316
f 317 316 377
f 377 378 317
f 318 317 378
f 378 379 318
f 319 318 379
f 379 380 319
f 320 319 380
f 380 381 320
f 321 320 381
f 381 382 321
f 322 321 382
f 382 383 322
f 323 322 383
f 383 384 323
f 324 323 384
f 384 385 324
f 325 324 385
f 385 386 325
f 326 325 386
f 386 387 326
f 327 326 387
f 387 388 327
f 328 327 388
f 388 389 328
f 329 328 389
f 389 390 329
f 330 329 390
f 390 391 330
f 331 330 391
f 391 392 331
f 332 331 392
f 392 393 332
f 333 332 393
f 393 394 333
f 334 333 394
f 394 395 334
f 335 334 395
f 395 396 335
f 336 335 396
f 396 397 336
f 337 336 397
f 397 398 337
f 338 337 398
f 398 399 338
f 339 338 399
f 399 400 339
f 340 339 400
f 400 401 340
f 341 340 401
f 401 402 341
f 342 341 402
f 402 403 342
f 343 342 403
f 403 404 343
f 344 343 404
f 404 405 344
f 345 344 405
f 405 406 345
f 346 345 406
f 406 407 346
f 347 346 407
f 407 408 347
f 348 347 408
f 408 409 348
f 349 348 409
f 409 410 349
f 349 349 410
f 410 410 349
f 451 450 510
f 451 510 511
f 451 511 512
f 451 512 452
f 452 512 453
f 453 512 513
f 453 513 454
f 454 513 514
f 454 514 455
f 455 514 515
f 455 515 516
f 455 516 456
f 456 516 517
f 456 517 457
f 457 517 458
f 458 517 518
f 458 518 459
f 459 518 519
f 459 519 520
f 459 520 460
f 460 520 461
f 461 520 521
f 461 521 462
f 462 521 522
f 462 522 523
f 462 523 463
f 463 523 524
f 463 524 464
f 464 524 525
f 464 525 465
f 465 525 466
f 466 525 526
f 466 526 527
f 466 527 467
f 467 527 468
f 468 527 528
f 468 528 469
f 469 528 529
f 469 529 470
f 470 529 530
f 470 530 531
f 470 531 471
f 471 531 532
f 471 532 472
f 472 532 413
f 413 532 533
f 413 533 414
f 421 420 480
f 421 480 481
f 421 481 482
f 421 482 422
f 422 482 423
f 423 482 483
f 423 483 424
f 424 483 484
f 424 484 425
f 425 484 485
f 425 485 486
f 425 486 426
f 426 486 487
f 426 487 427
f 427 487 428
f 428 487 488
f 428 488 429
f 429 488 489
f 429 489 490
f 429 490 430
f 430 490 431
f 431 490 491
f 431 491 432
f 432 491 492
f 432 492 493
f 432 493 433
f 433 493 494
f 433 494 434
f 434 494 495
f 434 495 435
f 435 495 436
f 436 495 496
f 436 496 497
f 436 497 437
f 437 497 438
f 438 497 498
f 438 498 439
f 439 498 499
f 439 499 440
f 440 499 500
f 440 500 501
f 440 501 441
f 441 501 502
f 441 502 442
f 442 502 443
f 443 502 503
f 443 503 444
f 444 503 504
f 444 504 505
f 444 505 445
f 445 505 446
f 446 505 506
f 446 506 447
f 447 506 507
f 447 507 508
f 447 508 448
f 448 508 509
f 448 509 449
f 449 509 510
f 449 510 450
f 533 474 414
f 414 474 475
f 414 475 415
f 415 475 416
f 416 475 476
f 416 476 417
f 417 476 477
f 417 477 478
f 417 478 418
f 418 478 479
f 418 479 419
f 419 479 480
f 419 480 420
f 411 410 472
f 472 413 411
f 352 411 413
f 413 414 352
f 353 352 414
f 414 415 353
f 354 353 415
f 415 416 354
f 355 354 416
f 416 417 355
f 356 355 417
f 417 418 356
f 357 356 418
f 418 419 357
f 358 357 419
f 419 420 358
f 359 358 420
f 420 421 359
f 360 359 421
f 421 422 360
f 361 360 422
f 422 423 361
f 362 361 423
f 423 424 362
f 363 362 424
f 424 425 363
f 364 363 425
f 425 426 364
f 365 364 426
f 426 427 365
f 366 365 427
f 427 428 366
f 367 366 428
f 428 429 367
f 368 367 429
f 429 430 368
f 369 368 430
f 430 431 369
f 370 369 431
f 431 432 370
f 371 370 432
f 432 433 371
f 372 371 433
f 433 434 372
f 373 372 434
f 434 435 373
f 374 373 435
f 435 436 374
f 375 374 436
f 436 437 375
f 376 375 437
f 437 438 376
f 377 376 438
f 438 439 377
f 378 377 439
f 439 440 378
f 379 378 440
f 440 441 379
f 380 379 441
f 441 442 380
f 381 380 442
f 442 443 381
f 382 381 443
f 443 444 382
f 383 382 444
f 444 445 383
f 384 383 445
f 445 446 384
f 385 384 446
f 446 447 385
f 386 385 447
f 447 448 386
f 387 386 448
f 448 449 387
f 388 387 449
f 449 450 388
f 389 388 450
f 450 451 389
f 390 389 451
f 451 452 390
f 391 390 452
f 452 453 391
f 392 391 453
f 453 454 392
f 393 392 454
f 454 455 393
f 394 393 455
f 455 456 394
f 395 394 456
f 456 457 395
f 396 395 457
f 457 458 396
f 397 396 458
f 458 459 397
f 398 397 459
f 459 460 398
f 399 398 460
f 460 461 399
f 400 399 461
f 461 462 400
f 401 400 462
f 462 463 401
f 402 401 463
f 463 464 402
f 403 402 464
f 464 465 403
f 404 403 465
f 465 466 404
f 405 404 466
f 466 467 405
f 406 405 467
f 467 468 406
f 407 406 468
f 468 469 407
f 408 407 469
f 469 470 408
f 409 408 470
f 470 471 409
f 410 409 471
f 471 472 410
f 410 410 472
f 472 472 410
f 573 572 633
f 573 633 574
f 574 633 634
f 574 634 575
f 575 634 635
f 575 635 636
f 575 636 576
f 576 636 637
f 576 637 577
f 577 637 578
f 578 637 638
f 578 638 639
f 578 639 579
f 579 639 640
f 579 640 580
f 580 640 641
f 580 641 581
f 581 641 582
f 582 641 642
f 582 642 643
f 582 643 583
f 583 643 644
f 583 644 584
f 584 644 585
f 585 644 645
f 585 645 586
f 586 645 646
f 586 646 647
f 586 647 587
f 587 647 648
f 587 648 588
f 588 648 589
f 589 648 649
f 589 649 590
f 590 649 650
f 590 650 651
f 590 651 591
f 591 651 652
f 591 652 592
f 592 652 593
f 593 652 653
f 593 653 594
f 594 653 654
f 594 654 655
f 594 655 535
f 535 655 536
f 543 542 603
f 543 603 544
f 544 603 604
f 544 604 545
f 545 604 605
f 545 605 606
f 545 606 546
f 546 606 607
f 546 607 547
f 547 607 548
f 548 607 608
f 548 608 609
f 548 609 549
f 549 609 610
f 549 610 550
f 550 610 611
f 550 611 551
f 551 611 552
f 552 611 612
f 552 612 613
f 552 613 553
f 553 613 614
f 553 614 554
f 554 614 555
f 555 614 615
f 555 615 556
f 556 615 616
f 556 616 617
f 556 617 557
f 557 617 618
f 557 618 558
f 558 618 559
f 559 618 619
f 559 619 560
f 560 619 620
f 560 620 621
f 560 621 561
f 561 621 622
f 561 622 562
f 562 622 563
f 563 622 623
f 563 623 564
f 564 623 624
f 564 624 625
f 564 625 565
f 565 625 566
f 566 625 626
f 566 626 567
f 567 626 627
f 567 627 628
f 567 628 568
f 568 628 629
f 568 629 569
f 569 629 570
f 570 629 630
f 570 630 571
f 571 630 631
f 571 631 632
f 571 632 572
f 572 632 633
f 655 596 536
f 536 596 537
f 537 596 597
f 537 597 598
f 537 598 538
f 538 598 599
f 538 599 539
f 539 599 540
f 540 599 600
f 540 600 541
f 541 600 601
f 541 601 602
f 541 602 542
f 542 602 603
f 533 532 594
f 594 535 533
f 474 533 535
f 535 536 474
f 475 474 536
f 536 537 475
f 476 475 537
f 537 538 476
f 477 476 538
f 538 539 477
f 478 477 539
f 539 540 478
f 479 478 540
f 540 541 479
f 480 479 541
f 541 542 480
f 481 480 542
f 542 543 481
f 482 481 543
f 543 544 482
f 483 482 544
f 544 545 483
f 484 483 545
f 545 546 484
f 485 484 546
f 546 547 485
f 486 485 547
f 547 548 486
f 487 486 548
f 548 549 487
f 488 487 549
f 549 550 488
f 489 488 550
f 550 551 489
f 490 489 551
f 551 552 490
f 491 490 552
f 552 553 491
f 492 491 553
f 553 554 492
f 493 492 554
f 554 555 493
f 494 493 555
f 555 556 494
f 495 494 556
f 556 557 495
f 496 495 557
f 557 558 496
f 497 496 558
f 558 559 497
f 498 497 559
f 559 560 498
f 499 498 560
f 560 561 499
f 500 499 561
f 561 562 500
f 501 500 562
f 562 563 501
f 502 501 563
f 563 564 502
f 503 502 564
f 564 565 503
f 504 503 565
f 565 566 504
f 505 504 566
f 566 567 505
f 506 505 567
f 567 568 506
f 507 506 568
f 568 569 507
f 508 507 569
f 569 570 508
f 509 508 570
f 570 571 509
f 510 509 571
f 571 572 510
f 511 510 572
f 572 573 511
f 512 511 573
f 573 574 512
f 513 512 574
f 574 575 513
f 514 513 575
f 575 576 514
f 515 514 576
f 576 577 515
f 516 515 577
f 577 578 516
f 517 516 578
f 578 579 517
f 518 517 579
f 579 580 518
f 519 518 580
f 580 581 519
f 520 519 581
f 581 582 520
f 521 520 582
f 582 583 521
f 522 521 583
f 583 584 522
f 523 522 584
f 584 585 523
f 524 523 585
f 585 586 524
f 525 524 586
f 586 587 525
f 526 525 587
f 587 588 526
f 527 526 588
f 588 589 527
f 528 527 589
f 589 590 528
f 529 528 590
f 590 591 529
f 530 529 591
f 591 592 530
f 531 530 592
f 592 593 531
f 532 531 593
f 593 594 532
f 532 532 594
f 594 594 532
f 672 671 721
f 672 721 673
f 673 721 674
f 674 721 675
f 675 721 722
f 675 722 676
f 676 722 677
f 677 722 678
f 678 722 723
f 678 723 679
f 679 723 680
f 680 723 724
f 680 724 681
f 681 724 725
f 681 725 682
f 682 725 726
f 682 726 683
f 683 726 727
f 683 727 684
f 684 727 685
f 685 727 686
f 686 727 728
f 686 728 687
f 687 728 688
f 688 728 689
f 689 728 690
f 690 728 729
f 690 729 691
f 691 729 692
f 692 729 693
f 693 729 730
f 693 730 657
f 657 730 658
f 731 661 730
f 717 718 662
f 662 718 663
f 663 718 664
f 664 718 665
f 665 718 666
f 666 718 667
f 667 718 719
f 667 719 668
f 668 719 720
f 668 720 669
f 669 720 670
f 670 720 671
f 671 720 721
f 730 661 660
f 730 660 659
f 730 659 658
f 655 654 693
f 693 657 655
f 596 655 657
f 657 658 596
f 597 596 658
f 658 659 597
f 598 597 659
f 659 660 598
f 599 598 660
f 660 661 599
f 600 599 661
f 661 732 600
f 601 600 732
f 732 695 601
f 602 601 695
f 695 696 602
f 603 602 696
f 696 697 603
f 604 603 697
f 697 698 604
f 605 604 698
f 698 699 605
f 606 605 699
f 699 700 606
f 607 606 700
f 700 701 607
f 608 607 701
f 701 702 608
f 609 608 702
f 702 703 609
f 610 609 703
f 703 704 610
f 611 610 704
f 704 705 611
f 612 611 705
f 705 706 612
f 613 612 706
f 706 707 613
f 614 613 707
f 707 708 614
f 615 614 708
f 708 709 615
f 616 615 709
f 709 710 616
f 617 616 710
f 710 711 617
f 618 617 711
f 711 712 618
f 619 618 712
f 712 713 619
f 620 619 713
f 713 714 620
f 621 620 714
f 714 715 621
f 622 621 715
f 715 716 622
f 623 622 716
f 716 662 623
f 624 623 662
f 662 663 624
f 625 624 663
f 663 664 625
f 626 625 664
f 664 665 626
f 627 626 665
f 665 666 627
f 628 627 666
f 666 667 628
f 629 628 667
f 667 668 629
f 630 629 668
f 668 669 630
f 631 630 669
f 669 670 631
f 632 631 670
f 670 671 632
f 633 632 671
f 671 672 633
f 634 633 672
f 672 673 634
f 635 634 673
f 673 674 635
f 636 635 674
f 674 675 636
f 637 636 675
f 675 676 637
f 638 637 676
f 676 677 638
f 639 638 677
f 677 678 639
f 640 639 678
f 678 679 640
f 641 640 679
f 679 680 641
f 642 641 680
f 680 681 642
f 643 642 681
f 681 682 643
f 644 643 682
f 682 683 644
f 645 644 683
f 683 684 645
f 646 645 684
f 684 685 646
f 647 646 685
f 685 686 647
f 648 647 686
f 686 687 648
f 649 648 687
f 687 688 649
f 650 649 688
f 688 689 650
f 651 650 689
f 689 690 651
f 652 651 690
f 690 691 652
f 653 652 691
f 691 692 653
f 654 653 692
f 692 693 654
f 654 654 693
f 693 693 654
f 827 740 826
f 797 798 747
f 751 750 803
f 751 803 804
f 751 804 805
f 751 805 752
f 752 805 806
f 752 806 753
f 753 806 754
f 754 806 807
f 754 807 755
f 755 807 808
f 755 808 809
f 755 809 756
f 756 809 757
f 757 809 810
f 757 810 811
f 757 811 758
f 758 811 812
f 758 812 759
f 759 812 760
f 760 812 813
f 760 813 761
f 761 813 814
f 761 814 762
f 762 814 815
f 762 815 816
f 762 816 763
f 763 816 817
f 763 817 764
f 764 817 734
f 734 817 818
f 734 818 735
f 735 818 819
f 735 819 820
f 735 820 736
f 736 820 821
f 736 821 737
f 737 821 738
f 738 821 822
f 738 822 739
f 739 822 823
f 739 823 740
f 740 823 824
f 740 824 825
f 740 825 826
f 802 803 750
f 802 750 749
f 802 749 748
f 802 748 801
f 798 799 747
f 747 799 800
f 747 800 801
f 747 801 748
f 768 741 767
f 742 770 771
f 742 771 772
f 742 772 773
f 742 773 774
f 742 774 775
f 742 775 776
f 778 779 743
f 784 785 744
f 787 788 745
f 745 788 789
f 745 789 790
f 745 790 791
f 745 791 792
f 745 792 793
f 794 795 746
f 711 710 764
f 764 734 711
f 712 711 734
f 734 735 712
f 713 712 735
f 735 736 713
f 714 713 736
f 736 737 714
f 715 714 737
f 737 738 715
f 716 715 738
f 738 739 716
f 717 716 739
f 739 740 717
f 718 717 740
f 740 828 718
f 719 718 828
f 828 766 719
f 720 719 766
f 766 741 720
f 721 720 741
f 741 742 721
f 722 721 742
f 742 743 722
f 723 722 743
f 743 780 723
f 724 723 780
f 780 781 724
f 725 724 781
f 781 782 725
f 726 725 782
f 782 783 726
f 727 726 783
f 783 744 727
f 728 727 744
f 744 745 728
f 729 728 745
f 745 746 729
f 730 729 746
f 746 796 730
f 731 730 796
f 796 747 731
f 732 731 747
f 747 748 732
f 695 732 748
f 748 749 695
f 696 695 749
f 749 750 696
f 697 696 750
f 750 751 697
f 698 697 751
f 751 752 698
f 699 698 752
f 752 753 699
f 700 699 753
f 753 754 700
f 701 700 754
f 754 755 701
f 702 701 755
f 755 756 702
f 703 702 756
f 756 757 703
f 704 703 757
f 757 758 704
f 705 704 758
f 758 759 705
f 706 705 759
f 759 760 706
f 707 706 760
f 760 761 707
f 708 707 761
f 761 762 708
f 709 708 762
f 762 763 709
f 710 709 763
f 763 764 710
f 710 710 764
f 764 764 710
f 868 867 928
f 868 928 869
f 869 928 929
f 869 929 870
f 870 929 930
f 870 930 931
f 870 931 871
f 871 931 932
f 871 932 872
f 872 932 933
f 872 933 873
f 873 933 874
f 874 933 934
f 874 934 875
f 875 934 935
f 875 935 876
f 876 935 936
f 876 936 937
f 876 937 877
f 877 937 938
f 877 938 878
f 878 938 879
f 879 938 939
f 879 939 880
f 880 939 940
f 880 940 881
f 881 940 941
f 881 941 942
f 881 942 882
f 882 942 943
f 882 943 883
f 883 943 884
f 884 943 944
f 884 944 885
f 885 944 945
f 885 945 946
f 885 946 886
f 886 946 947
f 886 947 887
f 887 947 948
f 887 948 888
f 888 948 889
f 889 948 949
f 889 949 830
f 830 949 950
f 830 950 891
f 830 891 831
f 838 837 898
f 838 898 839
f 839 898 899
f 839 899 840
f 840 899 900
f 840 900 901
f 840 901 841
f 841 901 902
f 841 902 842
f 842 902 903
f 842 903 843
f 843 903 844
f 844 903 904
f 844 904 845
f 845 904 905
f 845 905 846
f 846 905 906
f 846 906 907
f 846 907 847
f 847 907 908
f 847 908 848
f 848 908 849
f 849 908 909
f 849 909 850
f 850 909 910
f 850 910 851
f 851 910 911
f 851 911 912
f 851 912 852
f 852 912 913
f 852 913 853
f 853 913 854
f 854 913 914
f 854 914 855
f 855 914 915
f 855 915 916
f 855 916 856
f 856 916 917
f 856 917 857
f 857 917 918
f 857 918 858
f 858 918 859
f 859 918 919
f 859 919 860
f 860 919 920
f 860 920 921
f 860 921 861
f 861 921 922
f 861 922 862
f 862 922 923
f 862 923 863
f 863 923 864
f 864 923 924
f 864 924 865
f 865 924 925
f 865 925 866
f 866 925 926
f 866 926 927
f 866 927 867
f 867 927 928
f 891 892 831
f 831 892 832
f 832 892 893
f 832 893 833
f 833 893 834
f 834 893 894
f 834 894 835
f 835 894 895
f 835 895 836
f 836 895 896
f 836 896 897
f 836 897 837
f 837 897 898
f 796 795 889
f 889 830 796
f 797 796 830
f 830 831 797
f 798 797 831
f 831 832 798
f 799 798 832
f 832 833 799
f 800 799 833
f 833 834 800
f 801 800 834
f 834 835 801
f 802 801 835
f 835 836 802
f 803 802 836
f 836 837 803
f 804 803 837
f 837 838 804
f 805 804 838
f 838 839 805
f 806 805 839
f 839 840 806
f 807 806 840
f 840 841 807
f 808 807 841
f 841 842 808
f 809 808 842
f 842 843 809
f 810 809 843
f 843 844 810
f 811 810 844
f 844 845 811
f 812 811 845
f 845 846 812
f 813 812 846
f 846 847 813
f 814 813 847
f 847 848 814
f 815 814 848
f 848 849 815
f 816 815 849
f 849 850 816
f 817 816 850
f 850 851 817
f 818 817 851
f 851 852 818
f 819 818 852
f 852 853 819
f 820 819 853
f 853 854 820
f 821 820 854
f 854 855 821
f 822 821 855
f 855 856 822
f 823 822 856
f 856 857 823
f 824 823 857
f 857 858 824
f 825 824 858
f 858 859 825
f 826 825 859
f 859 860 826
f 827 826 860
f 860 861 827
f 828 827 861
f 861 862 828
f 766 828 862
f 862 863 766
f 767 766 863
f 863 864 767
f 768 767 864
f 864 865 768
f 770 768 865
f 865 866 770
f 771 770 866
f 866 867 771
f 772 771 867
f 867 868 772
f 773 772 868
f 868 869 773
f 774 773 869
f 869 870 774
f 775 774 870
f 870 871 775
f 776 775 871
f 871 872 776
f 778 776 872
f 872 873 778
f 779 778 873
f 873 874 779
f 780 779 874
f 874 875 780
f 781 780 875
f 875 876 781
f 782 781 876
f 876 877 782
f 783 782 877
f 877 878 783
f 784 783 878
f 878 879 784
f 785 784 879
f 879 880 785
f 787 785 880
f 880 881 787
f 788 787 881
f 881 882 788
f 789 788 882
f 882 883 789
f 790 789 883
f 883 884 790
f 791 790 884
f 884 885 791
f 792 791 885
f 885 886 792
f 793 792 886
f 886 887 793
f 794 793 887
f 887 888 794
f 795 794 888
f 888 889 795
f 795 795 889
f 889 889 795
f 990 989 1050
f 990 1050 991
f 991 1050 1051
f 991 1051 992
f 992 1051 1052
f 992 1052 1053
f 992 1053 993
f 993 1053 994
f 994 1053 1054
f 994 1054 995
f 995 1054 1055
f 995 1055 1056
f 995 1056 996
f 996 1056 1057
f 996 1057 997
f 997 1057 998
f 998 1057 1058
f 998 1058 999
f 999 1058 1059
f 999 1059 1000
f 1000 1059 1060
f 1000 1060 1061
f 1000 1061 1001
f 1001 1061 1062
f 1001 1062 1002
f 1002 1062 1003
f 1003 1062 1063
f 1003 1063 1064
f 1003 1064 1004
f 1004 1064 1065
f 1004 1065 1005
f 1005 1065 1006
f 1006 1065 1066
f 1006 1066 1007
f 1007 1066 1067
f 1007 1067 1068
f 1007 1068 1008
f 1008 1068 1009
f 1009 1068 1069
f 1009 1069 1010
f 1010 1069 1070
f 1010 1070 1071
f 1010 1071 1011
f 1011 1071 1072
f 1011 1072 952
f 952 1072 1013
f 952 1013 953
f 960 959 1020
f 960 1020 961
f 961 1020 1021
f 961 1021 962
f 962 1021 1022
f 962 1022 1023
f 962 1023 963
f 963 1023 964
f 964 1023 1024
f 964 1024 965
f 965 1024 1025
f 965 1025 1026
f 965 1026 966
f 966 1026 1027
f 966 1027 967
f 967 1027 968
f 968 1027 1028
f 968 1028 969
f 969 1028 1029
f 969 1029 970
f 970 1029 1030
f 970 1030 1031
f 970 1031 971
f 971 1031 1032
f 971 1032 972
f 972 1032 973
f 973 1032 1033
f 973 1033 1034
f 973 1034 974
f 974 1034 1035
f 974 1035 975
f 975 1035 976
f 976 1035 1036
f 976 1036 977
f 977 1036 1037
f 977 1037 1038
f 977 1038 978
f 978 1038 979
f 979 1038 1039
f 979 1039 980
f 980 1039 1040
f 980 1040 1041
f 980 1041 981
f 981 1041 1042
f 981 1042 982
f 982 1042 1043
f 982 1043 983
f 983 1043 984
f 984 1043 1044
f 984 1044 985
f 985 1044 1045
f 985 1045 1046
f 985 1046 986
f 986 1046 1047
f 986 1047 987
f 987 1047 988
f 988 1047 1048
f 988 1048 1049
f 988 1049 989
f 989 1049 1050
f 1013 1014 954
f 1013 954 953
f 954 1014 955
f 955 1014 1015
f 955 1015 1016
f 955 1016 956
f 956 1016 1017
f 956 1017 957
f 957 1017 958
f 958 1017 1018
f 958 1018 1019
f 958 1019 959
f 959 1019 1020
f 950 949 1011
f 1011 952 950
f 891 950 952
f 952 953 891
f 892 891 953
f 953 954 892
f 893 892 954
f 954 955 893
f 894 893 955
f 955 956 894
f 895 894 956
f 956 957 895
f 896 895 957
f 957 958 896
f 897 896 958
f 958 959 897
f 898 897 959
f 959 960 898
f 899 898 960
f 960 961 899
f 900 899 961
f 961 962 900
f 901 900 962
f 962 963 901
f 902 901 963
f 963 964 902
f 903 902 964
f 964 965 903
f 904 903 965
f 965 966 904
f 905 904 966
f 966 967 905
f 906 905 967
f 967 968 906
f 907 906 968
f 968 969 907
f 908 907 969
f 969 970 908
f 909 908 970
f 970 971 909
f 910 909 971
f 971 972 910
f 911 910 972
f 972 973 911
f 912 911 973
f 973 974 912
f 913 912 974
f 974 975 913
f 914 913 975
f 975 976 914
f 915 914 976
f 976 977 915
f 916 915 977
f 977 978 916
f 917 916 978
f 978 979 917
f 918 917 979
f 979 980 918
f 919 918 980
f 980 981 919
f 920 919 981
f 981 982 920
f 921 920 982
f 982 983 921
f 922 921 983
f 983 984 922
f 923 922 984
f 984 985 923
f 924 923 985
f 985 986 924
f 925 924 986
f 986 987 925
f 926 925 987
f 987 988 926
f 927 926 988
f 988 989 927
f 928 927 989
f 989 990 928
f 929 928 990
f 990 991 929
f 930 929 991
f 991 992 930
f 931 930 992
f 992 993 931
f 932 931 993
f 993 994 932
f 933 932 994
f 994 995 933
f 934 933 995
f 995 996 934
f 935 934 996
f 996 997 935
f 936 935 997
f 997 998 936
f 937 936 998
f 998 999 937
f 938 937 999
f 999 1000 938
f 939 938 1000
f 1000 1001 939
f 940 939 1001
f 1001 1002 940
f 941 940 1002
f 1002 1003 941
f 942 941 1003
f 1003 1004 942
f 943 942 1004
f 1004 1005 943
f 944 943 1005
f 1005 1006 944
f 945 944 1006
f 1006 1007 945
f 946 945 1007
f 1007 1008 946
f 947 946 1008
f 1008 1009 947
f 948 947 1009
f 1009 1010 948
f 949 948 1010
f 1010 1011 949
f 949 949 1011
f 1011 1011 949
f 1112 1111 1171
f 1112 1171 1172
f 1112 1172 1173
f 1112 1173 1113
f 1113 1173 1114
f 1114 1173 1174
f 1114 1174 1115
f 1115 1174 1175
f 1115 1175 1176
f 1115 1176 1116
f 1116 1176 1177
f 1116 1177 1117
f 1117 1177 1118
f 1118 1177 1178
f 1118 1178 1119
f 1119 1178 1179
f 1119 1179 1180
f 1119 1180 1120
f 1120 1180 1181
f 1120 1181 1121
f 1121 1181 1182
f 1121 1182 1122
f 1122 1182 1123
f 1123 1182 1183
f 1123 1183 1184
f 1123 1184 1124
f 1124 1184 1185
f 1124 1185 1125
f 1125 1185 1186
f 1125 1186 1126
f 1126 1186 1127
f 1127 1186 1187
f 1127 1187 1188
f 1127 1188 1128
f 1128 1188 1129
f 1129 1188 1189
f 1129 1189 1130
f 1130 1189 1190
f 1130 1190 1131
f 1131 1190 1191
f 1131 1191 1192
f 1131 1192 1132
f 1132 1192 1133
f 1133 1192 1193
f 1133 1193 1074
f 1074 1193 1194
f 1074 1194 1075
f 1082 1081 1141
f 1082 1141 1142
f 1082 1142 1143
f 1082 1143 1083
f 1083 1143 1084
f 1084 1143 1144
f 1084 1144 1085
f 1085 1144 1145
f 1085 1145 1146
f 1085 1146 1086
f 1086 1146 1147
f 1086 1147 1087
f 1087 1147 1088
f 1088 1147 1148
f 1088 1148 1089
f 1089 1148 1149
f 1089 1149 1090
f 1090 1149 1150
f 1090 1150 1151
f 1090 1151 1091
f 1091 1151 1152
f 1091 1152 1092
f 1092 1152 1093
f 1093 1152 1153
f 1093 1153 1154
f 1093 1154 1094
f 1094 1154 1155
f 1094 1155 1095
f 1095 1155 1156
f 1095 1156 1096
f 1096 1156 1097
f 1097 1156 1157
f 1097 1157 1158
f 1097 1158 1098
f 1098 1158 1099
f 1099 1158 1159
f 1099 1159 1100
f 1100 1159 1160
f 1100 1160 1101
f 1101 1160 1161
f 1101 1161 1162
f 1101 1162 1102
f 1102 1162 1103
f 1103 1162 1163
f 1103 1163 1104
f 1104 1163 1164
f 1104 1164 1165
f 1104 1165 1105
f 1105 1165 1166
f 1105 1166 1106
f 1106 1166 1167
f 1106 1167 1107
f 1107 1167 1108
f 1108 1167 1168
f 1108 1168 1169
f 1108 1169 1109
f 1109 1169 1170
f 1109 1170 1110
f 1110 1170 1171
f 1110 1171 1111
f 1194 1135 1075
f 1075 1135 1136
f 1075 1136 1076
f 1076 1136 1137
f 1076 1137 1077
f 1077 1137 1078
f 1078 1137 1138
f 1078 1138 1139
f 1078 1139 1079
f 1079 1139 1140
f 1079 1140 1080
f 1080 1140 1141
f 1080 1141 1081
f 1072 1071 1133
f 1133 1074 1072
f 1013 1072 1074
f 1074 1075 1013
f 1014 1013 1075
f 1075 1076 1014
f 1015 1014 1076
f 1076 1077 1015
f 1016 1015 1077
f 1077 1078 1016
f 1017 1016 1078
f 1078 1079 1017
f 1018 1017 1079
f 1079 1080 1018
f 1019 1018 1080
f 1080 1081 1019
f 1020 1019 1081
f 1081 1082 1020
f 1021 1020 1082
f 1082 1083 1021
f 1022 1021 1083
f 1083 1084 1022
f 1023 1022 1084
f 1084 1085 1023
f 1024 1023 1085
f 1085 1086 1024
f 1025 1024 1086
f 1086 1087 1025
f 1026 1025 1087
f 1087 1088 1026
f 1027 1026 1088
f 1088 1089 1027
f 1028 1027 1089
f 1089 1090 1028
f 1029 1028 1090
f 1090 1091 1029
f 1030 1029 1091
f 1091 1092 1030
f 1031 1030 1092
f 1092 1093 1031
f 1032 1031 1093
f 1093 1094 1032
f 1033 1032 1094
f 1094 1095 1033
f 1034 1033 1095
f 1095 1096 1034
f 1035 1034 1096
f 1096 1097 1035
f 1036 1035 1097
f 1097 1098 1036
f 1037 1036 1098
f 1098 1099 1037
f 1038 1037 1099
f 1099 1100 1038
f 1039 1038 1100
f 1100 1101 1039
f 1040 1039 1101
f 1101 1102 1040
f 1041 1040 1102
f 1102 1103 1041
f 1042 1041 1103
f 1103 1104 1042
f 1043 1042 1104
f 1104 1105 1043
f 1044 1043 1105
f 1105 1106 1044
f 1045 1044 1106
f 1106 1107 1045
f 1046 1045 1107
f 1107 1108 1046
f 1047 1046 1108
f 1108 1109 1047
f 1048 1047 1109
f 1109 1110 1048
f 1049 1048 1110
f 1110 1111 1049
f 1050 1049 1111
f 1111 1112 1050
f 1051 1050 1112
f 1112 1113 1051
f 1052 1051 1113
f 1113 1114 1052
f 1053 1052 1114
f 1114 1115 1053
f 1054 1053 1115
f 1115 1116 1054
f 1055 1054 1116
f 1116 1117 1055
f 1056 1055 1117
f 1117 1118 1056
f 1057 1056 1118
f 1118 1119 1057
f 1058 1057 1119
f 1119 1120 1058
f 1059 1058 1120
f 1120 1121 1059
f 1060 1059 1121
f 1121 1122 1060
f 1061 1060 1122
f 1122 1123 1061
f 1062 1061 1123
f 1123 1124 1062
f 1063 1062 1124
f 1124 1125 1063
f 1064 1063 1125
f 1125 1126 1064
f 1065 1064 1126
f 1126 1127 1065
f 1066 1065 1127
f 1127 1128 1066
f 1067 1066 1128
f 1128 1129 1067
f 1068 1067 1129
f 1129 1130 1068
f 1069 1068 1130
f 1130 1131 1069
f 1070 1069 1131
f 1131 1132 1070
f 1071 1070 1132
f 1132 1133 1071
f 1071 1071 1133
f 1133 1133 1071
f 1194 1193 1254
f 1254 1255 1194
f 1135 1194 1255
f 1255 1196 1135
f 1136 1135 1196
f 1196 1197 1136
f 1137 1136 1197
f 1197 1198 1137
f 1138 1137 1198
f 1198 1199 1138
f 1139 1138 1199
f 1199 1200 1139
f 1140 1139 1200
f 1200 1201 1140
f 1141 1140 1201
f 1201 1202 1141
f 1142 1141 1202
f 1202 1203 1142
f 1143 1142 1203
f 1203 1204 1143
f 1144 1143 1204
f 1204 1205 1144
f 1145 1144 1205
f 1205 1206 1145
f 1146 1145 1206
f 1206 1207 1146
f 1147 1146 1207
f 1207 1208 1147
f 1148 1147 1208
f 1208 1209 1148
f 1149 1148 1209
f 1209 1210 1149
f 1150 1149 1210
f 1210 1211 1150
f 1151 1150 1211
f 1211 1212 1151
f 1152 1151 1212
f 1212 1213 1152
f 1153 1152 1213
f 1213 1214 1153
f 1154 1153 1214
f 1214 1215 1154
f 1155 1154 1215
f 1215 1216 1155
f 1156 1155 1216
f 1216 1217 1156
f 1157 1156 1217
f 1217 1218 1157
f 1158 1157 1218
f 1218 1219 1158
f 1159 1158 1219
f 1219 1220 1159
f 1160 1159 1220
f 1220 1221 1160
f 1161 1160 1221
f 1221 1222 1161
f 1162 1161 1222
f 1222 1223 1162
f 1163 1162 1223
f 1223 1224 1163
f 1164 1163 1224
f 1224 1225 1164
f 1165 1164 1225
f 1225 1226 1165
f 1166 1165 1226
f 1226 1227 1166
f 1167 1166 1227
f 1227 1228 1167
f 1168 1167 1228
f 1228 1229 1168
f 1169 1168 1229
f 1229 1230 1169
f 1170 1169 1230
f 1230 1231 1170
f 1171 1170 1231
f 1231 1232 1171
f 1172 1171 1232
f 1232 1233 1172
f 1173 1172 1233
f 1233 1234 1173
f 1174 1173 1234
f 1234 1235 1174
f 1175 1174 1235
f 1235 1236 1175
f 1176 1175 1236
f 1236 1237 1176
f 1177 1176 1237
f 1237 1238 1177
f 1178 1177 1238
f 1238 1239 1178
f 1179 1178 1239
f 1239 1240 1179
f 1180 1179 1240
f 1240 1241 1180
f 1181 1180 1241
f 1241 1242 1181
f 1182 1181 1242
f 1242 1243 1182
f 1183 1182 1243
f 1243 1244 1183
f 1184 1183 1244
f 1244 1245 1184
f 1185 1184 1245
f 1245 1246 1185
f 1186 1185 1246
f 1246 1247 1186
f 1187 1186 1247
f 1247 1248 1187
f 1188 1187 1248
f 1248 1249 1188
f 1189 1188 1249
f 1249 1250 1189
f 1190 1189 1250
f 1250 1251 1190
f 1191 1190 1251
f 1251 1252 1191
f 1192 1191 1252
f 1252 1253 1192
f 1193 1192 1253
f 1253 1254 1193
f 1193 1193 1254
f 1254 1254 1193
f 1255 1254 1315
f 1315 1316 1255
f 1196 1255 1316
f 1316 1257 1196
f 1197 1196 1257
f 1257 1258 1197
f 1198 1197 1258
f 1258 1259 1198
f 1199 1198 1259
f 1259 1260 1199
f 1200 1199 1260
f 1260 1261 1200
f 1201 1200 1261
f 1261 1262 1201
f 1202 1201 1262
f 1262 1263 1202
f 1203 1202 1263
f 1263 1264 1203
f 1204 1203 1264
f 1264 1265 1204
f 1205 1204 1265
f 1265 1266 1205
f 1206 1205 1266
f 1266 1267 1206
f 1207 1206 1267
f 1267 1268 1207
f 1208 1207 1268
f 1268 1269 1208
f 1209 1208 1269
f 1269 1270 1209
f 1210 1209 1270
f 1270 1271 1210
f 1211 1210 1271
f 1271 1272 1211
f 1212 1211 1272
f 1272 1273 1212
f 1213 1212 1273
f 1273 1274 1213
f 1214 1213 1274
f 1274 1275 1214
f 1215 1214 1275
f 1275 1276 1215
f 1216 1215 1276
f 1276 1277 1216
f 1217 1216 1277
f 1277 1278 1217
f 1218 1217 1278
f 1278 1279 1218
f 1219 1218 1279
f 1279 1280 1219
f 1220 1219 1280
f 1280 1281 1220
f 1221 1220 1281
f 1281 1282 1221
f 1222 1221 1282
f 1282 1283 1222
f 1223 1222 1283
f 1283 1284 1223
f 1224 1223 1284
f 1284 1285 1224
f 1225 1224 1285
f 1285 1286 1225
f 1226 1225 1286
f 1286 1287 1226
f 1227 1226 1287
f 1287 1288 1227
f 1228 1227 1288
f 1288 1289 1228
f 1229 1228 1289
f 1289 1290 1229
f 1230 1229 1290
f 1290 1291 1230
f 1231 1230 1291
f 1291 1292 1231
f 1232 1231 1292
f 1292 1293 1232
f 1233 1232 1293
f 1293 1294 1233
f 1234 1233 1294
f 1294 1295 1234
f 1235 1234 1295
f 1295 1296 1235
f 1236 1235 1296
f 1296 1297 1236
f 1237 1236 1297
f 1297 1298 1237
f 1238 1237 1298
f 1298 1299 1238
f 1239 1238 1299
f 1299 1300 1239
f 1240 1239 1300
f 1300 1301 1240
f 1241 1240 1301
f 1301 1302 1241
f 1242 1241 1302
f 1302 1303 1242
f 1243 1242 1303
f 1303 1304 1243
f 1244 1243 1304
f 1304 1305 1244
f 1245 1244 1305
f 1305 1306 1245
f 1246 1245 1306
f 1306 1307 1246
f 1247 1246 1307
f 1307 1308 1247
f 1248 1247 1308
f 1308 1309 1248
f 1249 1248 1309
f 1309 1310 1249
f 1250 1249 1310
f 1310 1311 1250
f 1251 1250 1311
f 1311 1312 1251
f 1252 1251 1312
f 1312 1313 1252
f 1253 1252 1313
f 1313 1314 1253
f 1254 1253 1314
f 1314 1315 1254
f 1254 1254 1315
f 1315 1315 1254
f 1316 1315 1376
f 1376 1377 1316
f 1257 1316 1377
f 1377 1318 1257
f 1258 1257 1318
f 1318 1319 1258
f 1259 1258 1319
f 1319 1320 1259
f 1260 1259 1320
f 1320 1321 1260
f 1261 1260 1321
f 1321 1322 1261
f 1262 1261 1322
f 1322 1323 1262
f 1263 1262 1323
f 1323 1324 1263
f 1264 1263 1324
f 1324 1325 1264
f 1265 1264 1325
f 1325 1326 1265
f 1266 1265 1326
f 1326 1327 1266
f 1267 1266 1327
f 1327 1328 1267
f 1268 1267 1328
f 1328 1329 1268
f 1269 1268 1329
f 1329 1330 1269
f 1270 1269 1330
f 1330 1331 1270
f 1271 1270 1331
f 1331 1332 1271
f 1272 1271 1332
f 1332 1333 1272
f 1273 1272 1333
f 1333 1334 1273
f 1274 1273 1334
f 1334 1335 1274
f 1275 1274 1335
f 1335 1336 1275
f 1276 1275 1336
f 1336 1337 1276
f 1277 1276 1337
f 1337 1338 1277
f 1278 1277 1338
f 1338 1339 1278
f 1279 1278 1339
f 1339 1340 1279
f 1280 1279 1340
f 1340 1341 1280
f 1281 1280 1341
f 1341 1342 1281
f 1282 1281 1342
f 1342 1343 1282
f 1283 1282 1343
f 1343 1344 1283
f 1284 1283 1344
f 1344 1345 1284
f 1285 1284 1345
f 1345 1346 1285
f 1286 1285 1346
f 1346 1347 1286
f 1287 1286 1347
f 1347 1348 1287
f 1288 1287 1348
f 1348 1349 1288
f 1289 1288 1349
f 1349 1350 1289
f 1290 1289 1350
f 1350 1351 1290
f 1291 1290 1351
f 1351 1352 1291
f 1292 1291 1352
f 1352 1353 1292
f 1293 1292 1353
f 1353 1354 1293
f 1294 1293 1354
f 1354 1355 1294
f 1295 1294 1355
f 1355 1356 1295
f 1296 1295 1356
f 1356 1357 1296
f 1297 1296 1357
f 1357 1358 1297
f 1298 1297 1358
f 1358 1359 1298
f 1299 1298 1359
f 1359 1360 1299
f 1300 1299 1360
f 1360 1361 1300
f 1301 1300 1361
f 1361 1362 1301
f 1302 1301 1362
f 1362 1363 1302
f 1303 1302 1363
f 1363 1364 1303
f 1304 1303 1364
f 1364 1365 1304
f 1305 1304 1365
f 1365 1366 1305
f 1306 1305 1366
f 1366 1367 1306
f 1307 1306 1367
f 1367 1368 1307
f 1308 1307 1368
f 1368 1369 1308
f 1309 1308 1369
f 1369 1370 1309
f 1310 1309 1370
f 1370 1371 1310
f 1311 1310 1371
f 1371 1372 1311
f 1312 1311 1372
f 1372 1373 1312
f 1313 1312 1373
f 1373 1374 1313
f 1314 1313 1374
f 1374 1375 1314
f 1315 1314 1375
f 1375 1376 1315
f 1315 1315 1376
f 1376 1376 1315
f 1476 1416 1417
f 1477 1476 1417
f 1478 1477 1417
f 1418 1478 1417
f 1419 1478 1418
f 1479 1478 1419
f 1420 1479 1419
f 1480 1479 1420
f 1481 1480 1420
f 1421 1481 1420
f 1482 1481 1421
f 1422 1482 1421
f 1423 1482 1422
f 1483 1482 1423
f 1424 1483 1423
f 1484 1483 1424
f 1485 1484 1424
f 1425 1485 1424
f 1486 1485 1425
f 1426 1486 1425
f 1487 1486 1426
f 1427 1487 1426
f 1428 1487 1427
f 1488 1487 1428
f 1489 1488 1428
f 1429 1489 1428
f 1490 1489 1429
f 1430 1490 1429
f 1491 1490 1430
f 1431 1491 1430
f 1432 1491 1431
f 1492 1491 1432
f 1493 1492 1432
f 1433 1493 1432
f 1434 1493 1433
f 1494 1493 1434
f 1435 1494 1434
f 1495 1494 1435
f 1436 1495 1435
f 1496 1495 1436
f 1497 1496 1436
f 1437 1497 1436
f 1438 1497 1437
f 1498 1497 1438
f 1379 1498 1438
f 1499 1498 1379
f 1380 1499 1379
f 1446 1386 1387
f 1447 1446 1387
f 1448 1447 1387
f 1388 1448 1387
f 1389 1448 1388
f 1449 1448 1389
f 1390 1449 1389
f 1450 1449 1390
f 1451 1450 1390
f 1391 1451 1390
f 1452 1451 1391
f 1392 1452 1391
f 1393 1452 1392
f 1453 1452 1393
f 1394 1453 1393
f 1454 1453 1394
f 1395 1454 1394
f 1455 1454 1395
f 1456 1455 1395
f 1396 1456 1395
f 1457 1456 1396
f 1397 1457 1396
f 1398 1457 1397
f 1458 1457 1398
f 1459 1458 1398
f 1399 1459 1398
f 1460 1459 1399
f 1400 1460 1399
f 1461 1460 1400
f 1401 1461 1400
f 1402 1461 1401
f 1462 1461 1402
f 1463 1462 1402
f 1403 1463 1402
f 1404 1463 1403
f 1464 1463 1404
f 1405 1464 1404
f 1465 1464 1405
f 1406 1465 1405
f 1466 1465 1406
f 1467 1466 1406
f 1407 1467 1406
f 1408 1467 1407
f 1468 1467 1408
f 1409 1468 1408
f 1469 1468 1409
f 1470 1469 1409
f 1410 1470 1409
f 1471 1470 1410
f 1411 1471 1410
f 1472 1471 1411
f 1412 1472 1411
f 1413 1472 1412
f 1473 1472 1413
f 1474 1473 1413
f 1414 1474 1413
f 1475 1474 1414
f 1415 1475 1414
f 1476 1475 1415
f 1416 1476 1415
f 1380 1440 1499
f 1441 1440 1380
f 1381 1441 1380
f 1442 1441 1381
f 1382 1442 1381
f 1383 1442 1382
f 1443 1442 1383
f 1444 1443 1383
f 1384 1444 1383
f 1445 1444 1384
f 1385 1445 1384
f 1446 1445 1385
f 1386 1446 1385
f 1377 1376 1498
f 1498 1499 1377
f 1318 1377 1499
f 1499 1440 1318
f 1319 1318 1440
f 1440 1441 1319
f 1320 1319 1441
f 1441 1442 1320
f 1321 1320 1442
f 1442 1443 1321
f 1322 1321 1443
f 1443 1444 1322
f 1323 1322 1444
f 1444 1445 1323
f 1324 1323 1445
f 1445 1446 1324
f 1325 1324 1446
f 1446 1447 1325
f 1326 1325 1447
f 1447 1448 1326
f 1327 1326 1448
f 1448 1449 1327
f 1328 1327 1449
f 1449 1450 1328
f 1329 1328 1450
f 1450 1451 1329
f 1330 1329 1451
f 1451 1452 1330
f 1331 1330 1452
f 1452 1453 1331
f 1332 1331 1453
f 1453 1454 1332
f 1333 1332 1454
f 1454 1455 1333
f 1334 1333 1455
f 1455 1456 1334
f 1335 1334 1456
f 1456 1457 1335
f 1336 1335 1457
f 1457 1458 1336
f 1337 1336 1458
f 1458 1459 1337
f 1338 1337 1459
f 1459 1460 1338
f 1339 1338 1460
f 1460 1461 1339
f 1340 1339 1461
f 1461 1462 1340
f 1341 1340 1462
f 1462 1463 1341
f 1342 1341 1463
f 1463 1464 1342
f 1343 1342 1464
f 1464 1465 1343
f 1344 1343 1465
f 1465 1466 1344
f 1345 1344 1466
f 1466 1467 1345
f 1346 1345 1467
f 1467 1468 1346
f 1347 1346 1468
f 1468 1469 1347
f 1348 1347 1469
f 1469 1470 1348
f 1349 1348 1470
f 1470 1471 1349
f 1350 1349 1471
f 1471 1472 1350
f 1351 1350 1472
f 1472 1473 1351
f 1352 1351 1473
f 1473 1474 1352
f 1353 1352 1474
f 1474 1475 1353
f 1354 1353 1475
f 1475 1476 1354
f 1355 1354 1476
f 1476 1477 1355
f 1356 1355 1477
f 1477 1478 1356
f 1357 1356 1478
f 1478 1479 1357
f 1358 1357 1479
f 1479 1480 1358
f 1359 1358 1480
f 1480 1481 1359
f 1360 1359 1481
f 1481 1482 1360
f 1361 1360 1482
f 1482 1483 1361
f 1362 1361 1483
f 1483 1484 1362
f 1363 1362 1484
f 1484 1485 1363
f 1364 1363 1485
f 1485 1486 1364
f 1365 1364 1486
f 1486 1487 1365
f 1366 1365 1487
f 1487 1488 1366
f 1367 1366 1488
f 1488 1489 1367
f 1368 1367 1489
f 1489 1490 1368
f 1369 1368 1490
f 1490 1491 1369
f 1370 1369 1491
f 1491 1492 1370
f 1371 1370 1492
f 1492 1493 1371
f 1372 1371 1493
f 1493 1494 1372
f 1373 1372 1494
f 1494 1495 1373
f 1374 1373 1495
f 1495 1496 1374
f 1375 1374 1496
f 1496 1497 1375
f 1376 1375 1497
f 1497 1498 1376
f 1376 1376 1498
f 1498 1498 1376
f 1591 1530 1531
f 1532 1591 1531
f 1592 1591 1532
f 1533 1592 1532
f 1593 1592 1533
f 1594 1593 1533
f 1534 1594 1533
f 1535 1594 1534
f 1595 1594 1535
f 1536 1595 1535
f 1596 1595 1536
f 1597 1596 1536
f 1537 1597 1536
f 1598 1597 1537
f 1538 1598 1537
f 1599 1598 1538
f 1539 1599 1538
f 1540 1599 1539
f 1600 1599 1540
f 1541 1600 1540
f 1601 1600 1541
f 1602 1601 1541
f 1542 1602 1541
f 1603 1602 1542
f 1543 1603 1542
f 1544 1603 1543
f 1604 1603 1544
f 1605 1604 1544
f 1545 1605 1544
f 1606 1605 1545
f 1546 1606 1545
f 1547 1606 1546
f 1607 1606 1547
f 1548 1607 1547
f 1608 1607 1548
f 1609 1608 1548
f 1549 1609 1548
f 1550 1609 1549
f 1610 1609 1550
f 1551 1610 1550
f 1611 1610 1551
f 1612 1611 1551
f 1552 1612 1551
f 1613 1612 1552
f 1501 1613 1552
f 1554 1613 1501
f 1555 1554 1501
f 1502 1555 1501
f 1561 1504 1505
f 1506 1561 1505
f 1562 1561 1506
f 1507 1562 1506
f 1563 1562 1507
f 1564 1563 1507
f 1508 1564 1507
f 1565 1564 1508
f 1509 1565 1508
f 1510 1565 1509
f 1566 1565 1510
f 1511 1566 1510
f 1567 1566 1511
f 1568 1567 1511
f 1512 1568 1511
f 1569 1568 1512
f 1513 1569 1512
f 1514 1569 1513
f 1570 1569 1514
f 1571 1570 1514
f 1515 1571 1514
f 1572 1571 1515
f 1516 1572 1515
f 1517 1572 1516
f 1573 1572 1517
f 1518 1573 1517
f 1574 1573 1518
f 1575 1574 1518
f 1519 1575 1518
f 1576 1575 1519
f 1520 1576 1519
f 1521 1576 1520
f 1577 1576 1521
f 1522 1577 1521
f 1578 1577 1522
f 1579 1578 1522
f 1523 1579 1522
f 1524 1579 1523
f 1580 1579 1524
f 1581 1580 1524
f 1582 1581 1524
f 1583 1582 1524
f 1525 1583 1524
f 1584 1583 1525
f 1585 1584 1525
f 1526 1585 1525
f 1586 1585 1526
f 1587 1586 1526
f 1527 1587 1526
f 1588 1587 1527
f 1528 1588 1527
f 1529 1588 1528
f 1589 1588 1529
f 1590 1589 1529
f 1530 1590 1529
f 1591 1590 1530
f 1502 1556 1555
f 1557 1556 1502
f 1558 1557 1502
f 1559 1558 1502
f 1503 1559 1502
f 1560 1559 1503
f 1504 1560 1503
f 1561 1560 1504
f 1379 1438 1612
f 1612 1613 1379
f 1380 1379 1613
f 1613 1554 1380
f 1381 1380 1554
f 1554 1555 1381
f 1382 1381 1555
f 1555 1556 1382
f 1383 1382 1556
f 1556 1557 1383
f 1384 1383 1557
f 1557 1558 1384
f 1385 1384 1558
f 1558 1559 1385
f 1386 1385 1559
f 1559 1560 1386
f 1387 1386 1560
f 1560 1561 1387
f 1388 1387 1561
f 1561 1562 1388
f 1389 1388 1562
f 1562 1563 1389
f 1390 1389 1563
f 1563 1564 1390
f 1391 1390 1564
f 1564 1565 1391
f 1392 1391 1565
f 1565 1566 1392
f 1393 1392 1566
f 1566 1567 1393
f 1394 1393 1567
f 1567 1568 1394
f 1395 1394 1568
f 1568 1569 1395
f 1396 1395 1569
f 1569 1570 1396
f 1397 1396 1570
f 1570 1571 1397
f 1398 1397 1571
f 1571 1572 1398
f 1399 1398 1572
f 1572 1573 1399
f 1400 1399 1573
f 1573 1574 1400
f 1401 1400 1574
f 1574 1575 1401
f 1402 1401 1575
f 1575 1576 1402
f 1403 1402 1576
f 1576 1577 1403
f 1404 1403 1577
f 1577 1578 1404
f 1405 1404 1578
f 1578 1579 1405
f 1406 1405 1579
f 1579 1580 1406
f 1407 1406 1580
f 1580 1581 1407
f 1408 1407 1581
f 1581 1582 1408
f 1409 1408 1582
f 1582 1583 1409
f 1410 1409 1583
f 1583 1584 1410
f 1411 1410 1584
f 1584 1585 1411
f 1412 1411 1585
f 1585 1586 1412
f 1413 1412 1586
f 1586 1587 1413
f 1414 1413 1587
f 1587 1588 1414
f 1415 1414 1588
f 1588 1589 1415
f 1416 1415 1589
f 1589 1590 1416
f 1417 1416 1590
f 1590 1591 1417
f 1418 1417 1591
f 1591 1592 1418
f 1419 1418 1592
f 1592 1593 1419
f 1420 1419 1593
f 1593 1594 1420
f 1421 1420 1594
f 1594 1595 1421
f 1422 1421 1595
f 1595 1596 1422
f 1423 1422 1596
f 1596 1597 1423
f 1424 1423 1597
f 1597 1598 1424
f 1425 1424 1598
f 1598 1599 1425
f 1426 1425 1599
f 1599 1600 1426
f 1427 1426 1600
f 1600 1601 1427
f 1428 1427 1601
f 1601 1602 1428
f 1429 1428 1602
f 1602 1603 1429
f 1430 1429 1603
f 1603 1604 1430
f 1431 1430 1604
f 1604 1605 1431
f 1432 1431 1605
f 1605 1606 1432
f 1433 1432 1606
f 1606 1607 1433
f 1434 1433 1607
f 1607 1608 1434
f 1435 1434 1608
f 1608 1609 1435
f 1436 1435 1609
f 1609 1610 1436
f 1437 1436 1610
f 1610 1611 1437
f 1438 1437 1611
f 1611 1612 1438
f 1438 1438 1612
f 1612 1612 1438
f 1698 1646 1647
f 1699 1698 1647
f 1700 1699 1647
f 1648 1700 1647
f 1701 1700 1648
f 1649 1701 1648
f 1650 1701 1649
f 1702 1701 1650
f 1703 1702 1650
f 1651 1703 1650
f 1704 1703 1651
f 1652 1704 1651
f 1705 1704 1652
f 1653 1705 1652
f 1706 1705 1653
f 1654 1706 1653
f 1707 1706 1654
f 1655 1707 1654
f 1656 1707 1655
f 1708 1707 1656
f 1657 1708 1656
f 1709 1708 1657
f 1658 1709 1657
f 1710 1709 1658
f 1659 1710 1658
f 1711 1710 1659
f 1712 1711 1659
f 1660 1712 1659
f 1661 1712 1660
f 1713 1712 1661
f 1662 1713 1661
f 1714 1713 1662
f 1715 1714 1662
f 1663 1715 1662
f 1716 1715 1663
f 1664 1716 1663
f 1665 1716 1664
f 1717 1716 1665
f 1718 1717 1665
f 1666 1718 1665
f 1719 1718 1666
f 1667 1719 1666
f 1720 1719 1667
f 1668 1720 1667
f 1721 1720 1668
f 1615 1721 1668
f 1670 1721 1615
f 1616 1670 1615
f 1672 1619 1620
f 1673 1672 1620
f 1674 1673 1620
f 1621 1674 1620
f 1675 1674 1621
f 1622 1675 1621
f 1623 1675 1622
f 1676 1675 1623
f 1624 1676 1623
f 1677 1676 1624
f 1678 1677 1624
f 1625 1678 1624
f 1679 1678 1625
f 1626 1679 1625
f 1627 1679 1626
f 1680 1679 1627
f 1628 1680 1627
f 1681 1680 1628
f 1629 1681 1628
f 1682 1681 1629
f 1630 1682 1629
f 1683 1682 1630
f 1631 1683 1630
f 1684 1683 1631
f 1685 1684 1631
f 1632 1685 1631
f 1686 1685 1632
f 1633 1686 1632
f 1634 1686 1633
f 1687 1686 1634
f 1635 1687 1634
f 1688 1687 1635
f 1689 1688 1635
f 1636 1689 1635
f 1690 1689 1636
f 1637 1690 1636
f 1638 1690 1637
f 1691 1690 1638
f 1692 1691 1638
f 1639 1692 1638
f 1640 1692 1639
f 1641 1692 1640
f 1693 1692 1641
f 1642 1693 1641
f 1694 1693 1642
f 1643 1694 1642
f 1695 1694 1643
f 1644 1695 1643
f 1696 1695 1644
f 1697 1696 1644
f 1645 1697 1644
f 1646 1697 1645
f 1698 1697 1646
f 1618 1671 1670
f 1617 1618 1670
f 1616 1617 1670
f 1619 1671 1618
f 1672 1671 1619
f 1501 1552 1720
f 1720 1721 1501
f 1502 1501 1721
f 1721 1670 1502
f 1503 1502 1670
f 1670 1671 1503
f 1504 1503 1671
f 1671 1672 1504
f 1505 1504 1672
f 1672 1673 1505
f 1506 1505 1673
f 1673 1674 1506
f 1507 1506 1674
f 1674 1675 1507
f 1508 1507 1675
f 1675 1676 1508
f 1509 1508 1676
f 1676 1677 1509
f 1510 1509 1677
f 1677 1678 1510
f 1511 1510 1678
f 1678 1679 1511
f 1512 1511 1679
f 1679 1680 1512
f 1513 1512 1680
f 1680 1681 1513
f 1514 1513 1681
f 1681 1682 1514
f 1515 1514 1682
f 1682 1683 1515
f 1516 1515 1683
f 1683 1684 1516
f 1517 1516 1684
f 1684 1685 1517
f 1518 1517 1685
f 1685 1686 1518
f 1519 1518 1686
f 1686 1687 1519
f 1520 1519 1687
f 1687 1688 1520
f 1521 1520 1688
f 1688 1689 1521
f 1522 1521 1689
f 1689 1690 1522
f 1523 1522 1690
f 1690 1691 1523
f 1524 1523 1691
f 1691 1692 1524
f 1525 1524 1692
f 1692 1693 1525
f 1526 1525 1693
f 1693 1694 1526
f 1527 1526 1694
f 1694 1695 1527
f 1528 1527 1695
f 1695 1696 1528
f 1529 1528 1696
f 1696 1697 1529
f 1530 1529 1697
f 1697 1698 1530
f 1531 1530 1698
f 1698 1699 1531
f 1532 1531 1699
f 1699 1700 1532
f 1533 1532 1700
f 1700 1701 1533
f 1534 1533 1701
f 1701 1702 1534
f 1535 1534 1702
f 1702 1703 1535
f 1536 1535 1703
f 1703 1704 1536
f 1537 1536 1704
f 1704 1705 1537
f 1538 1537 1705
f 1705 1706 1538
f 1539 1538 1706
f 1706 1707 1539
f 1540 1539 1707
f 1707 1708 1540
f 1541 1540 1708
f 1708 1709 1541
f 1542 1541 1709
f 1709 1710 1542
f 1543 1542 1710
f 1710 1711 1543
f 1544 1543 1711
f 1711 1712 1544
f 1545 1544 1712
f 1712 1713 1545
f 1546 1545 1713
f 1713 1714 1546
f 1547 1546 1714
f 1714 1715 1547
f 1548 1547 1715
f 1715 1716 1548
f 1549 1548 1716
f 1716 1717 1549
f 1550 1549 1717
f 1717 1718 1550
f 1551 1550 1718
f 1718 1719 1551
f 1552 1551 1719
f 1719 1720 1552
f 1552 1552 1720
f 1720 1720 1552
f 1814 1760 1761
f 1815 1814 1761
f 1816 1815 1761
f 1762 1816 1761
f 1817 1816 1762
f 1763 1817 1762
f 1764 1817 1763
f 1818 1817 1764
f 1765 1818 1764
f 1819 1818 1765
f 1766 1819 1765
f 1820 1819 1766
f 1767 1820 1766
f 1821 1820 1767
f 1768 1821 1767
f 1822 1821 1768
f 1769 1822 1768
f 1823 1822 1769
f 1824 1823 1769
f 1770 1824 1769
f 1825 1824 1770
f 1771 1825 1770
f 1826 1825 1771
f 1772 1826 1771
f 1827 1826 1772
f 1773 1827 1772
f 1828 1827 1773
f 1774 1828 1773
f 1775 1828 1774
f 1829 1828 1775
f 1776 1829 1775
f 1830 1829 1776
f 1831 1830 1776
f 1777 1831 1776
f 1832 1831 1777
f 1778 1832 1777
f 1779 1832 1778
f 1833 1832 1779
f 1780 1833 1779
f 1834 1833 1780
f 1781 1834 1780
f 1835 1834 1781
f 1782 1835 1781
f 1836 1835 1782
f 1723 1836 1782
f 1837 1836 1723
f 1724 1837 1723
f 1787 1730 1731
f 1788 1787 1731
f 1789 1788 1731
f 1732 1789 1731
f 1790 1789 1732
f 1733 1790 1732
f 1791 1790 1733
f 1734 1791 1733
f 1735 1791 1734
f 1792 1791 1735
f 1736 1792 1735
f 1793 1792 1736
f 1737 1793 1736
f 1794 1793 1737
f 1795 1794 1737
f 1738 1795 1737
f 1739 1795 1738
f 1796 1795 1739
f 1797 1796 1739
f 1740 1797 1739
f 1798 1797 1740
f 1741 1798 1740
f 1799 1798 1741
f 1742 1799 1741
f 1800 1799 1742
f 1743 1800 1742
f 1744 1800 1743
f 1801 1800 1744
f 1745 1801 1744
f 1802 1801 1745
f 1746 1802 1745
f 1803 1802 1746
f 1804 1803 1746
f 1747 1804 1746
f 1805 1804 1747
f 1748 1805 1747
f 1806 1805 1748
f 1749 1806 1748
f 1750 1806 1749
f 1807 1806 1750
f 1808 1807 1750
f 1751 1808 1750
f 1752 1808 1751
f 1753 1808 1752
f 1809 1808 1753
f 1754 1809 1753
f 1755 1809 1754
f 1810 1809 1755
f 1756 1810 1755
f 1811 1810 1756
f 1757 1811 1756
f 1812 1811 1757
f 1758 1812 1757
f 1813 1812 1758
f 1759 1813 1758
f 1760 1813 1759
f 1814 1813 1760
f 1725 1784 1837
f 1724 1725 1837
f 1726 1784 1725
f 1727 1784 1726
f 1728 1784 1727
f 1785 1784 1728
f 1729 1785 1728
f 1786 1785 1729
f 1730 1786 1729
f 1787 1786 1730
f 1615 1668 1836
f 1836 1837 1615
f 1616 1615 1837
f 1837 1784 1616
f 1617 1616 1784
f 1784 1785 1617
f 1618 1617 1785
f 1785 1786 1618
f 1619 1618 1786
f 1786 1787 1619
f 1620 1619 1787
f 1787 1788 1620
f 1621 1620 1788
f 1788 1789 1621
f 1622 1621 1789
f 1789 1790 1622
f 1623 1622 1790
f 1790 1791 1623
f 1624 1623 1791
f 1791 1792 1624
f 1625 1624 1792
f 1792 1793 1625
f 1626 1625 1793
f 1793 1794 1626
f 1627 1626 1794
f 1794 1795 1627
f 1628 1627 1795
f 1795 1796 1628
f 1629 1628 1796
f 1796 1797 1629
f 1630 1629 1797
f 1797 1798 1630
f 1631 1630 1798
f 1798 1799 1631
f 1632 1631 1799
f 1799 1800 1632
f 1633 1632 1800
f 1800 1801 1633
f 1634 1633 1801
f 1801 1802 1634
f 1635 1634 1802
f 1802 1803 1635
f 1636 1635 1803
f 1803 1804 1636
f 1637 1636 1804
f 1804 1805 1637
f 1638 1637 1805
f 1805 1806 1638
f 1639 1638 1806
f 1806 1807 1639
f 1640 1639 1807
f 1807 1808 1640
f 1641 1640 1808
f 1808 1809 1641
f 1642 1641 1809
f 1809 1810 1642
f 1643 1642 1810
f 1810 1811 1643
f 1644 1643 1811
f 1811 1812 1644
f 1645 1644 1812
f 1812 1813 1645
f 1646 1645 1813
f 1813 1814 1646
f 1647 1646 1814
f 1814 1815 1647
f 1648 1647 1815
f 1815 1816 1648
f 1649 1648 1816
f 1816 1817 1649
f 1650 1649 1817
f 1817 1818 1650
f 1651 1650 1818
f 1818 1819 1651
f 1652 1651 1819
f 1819 1820 1652
f 1653 1652 1820
f 1820 1821 1653
f 1654 1653 1821
f 1821 1822 1654
f 1655 1654 1822
f 1822 1823 1655
f 1656 1655 1823
f 1823 1824 1656
f 1657 1656 1824
f 1824 1825 1657
f 1658 1657 1825
f 1825 1826 1658
f 1659 1658 1826
f 1826 1827 1659
f 1660 1659 1827
f 1827 1828 1660
f 1661 1660 1828
f 1828 1829 1661
f 1662 1661 1829
f 1829 1830 1662
f 1663 1662 1830
f 1830 1831 1663
f 1664 1663 1831
f 1831 1832 1664
f 1665 1664 1832
f 1832 1833 1665
f 1666 1665 1833
f 1833 1834 1666
f 1667 1666 1834
f 1834 1835 1667
f 1668 1667 1835
f 1835 1836 1668
f 1668 1668 1836
f 1836 1836 1668
f 1929 1862 1863
f 1864 1929 1863
f 1930 1929 1864
f 1865 1930 1864
f 1931 1930 1865
f 1932 1931 1865
f 1866 1932 1865
f 1933 1932 1866
f 1867 1933 1866
f 1868 1933 1867
f 1934 1933 1868
f 1935 1934 1868
f 1869 1935 1868
f 1936 1935 1869
f 1870 1936 1869
f 1937 1936 1870
f 1871 1937 1870
f 1872 1937 1871
f 1938 1937 1872
f 1873 1938 1872
f 1939 1938 1873
f 1940 1939 1873
f 1874 1940 1873
f 1875 1940 1874
f 1941 1940 1875
f 1876 1941 1875
f 1942 1941 1876
f 1943 1942 1876
f 1877 1943 1876
f 1944 1943 1877
f 1878 1944 1877
f 1879 1944 1878
f 1945 1944 1879
f 1880 1945 1879
f 1946 1945 1880
f 1947 1946 1880
f 1881 1947 1880
f 1948 1947 1881
f 1882 1948 1881
f 1949 1948 1882
f 1883 1949 1882
f 1950 1949 1883
f 1884 1950 1883
f 1885 1950 1884
f 1951 1950 1885
f 1886 1951 1885
f 1899 1890 1839
f 1840 1899 1839
f 1900 1899 1840
f 1841 1900 1840
f 1901 1900 1841
f 1902 1901 1841
f 1842 1902 1841
f 1843 1902 1842
f 1903 1902 1843
f 1904 1903 1843
f 1844 1904 1843
f 1905 1904 1844
f 1906 1905 1844
f 1907 1906 1844
f 1845 1907 1844
f 1846 1907 1845
f 1908 1907 1846
f 1847 1908 1846
f 1909 1908 1847
f 1910 1909 1847
f 1911 1910 1847
f 1848 1911 1847
f 1912 1911 1848
f 1913 1912 1848
f 1849 1913 1848
f 1914 1913 1849
f 1850 1914 1849
f 1851 1914 1850
f 1915 1914 1851
f 1852 1915 1851
f 1916 1915 1852
f 1917 1916 1852
f 1853 1917 1852
f 1854 1917 1853
f 1918 1917 1854
f 1919 1918 1854
f 1855 1919 1854
f 1920 1919 1855
f 1921 1920 1855
f 1856 1921 1855
f 1922 1921 1856
f 1923 1922 1856
f 1857 1923 1856
f 1858 1923 1857
f 1924 1923 1858
f 1859 1924 1858
f 1925 1924 1859
f 1860 1925 1859
f 1926 1925 1860
f 1861 1926 1860
f 1927 1926 1861
f 1928 1927 1861
f 1862 1928 1861
f 1929 1928 1862
f 1886 1892 1951
f 1893 1892 1886
f 1887 1893 1886
f 1888 1893 1887
f 1894 1893 1888
f 1895 1894 1888
f 1896 1895 1888
f 1889 1896 1888
f 1897 1896 1889
f 1898 1897 1889
f 1890 1898 1889
f 1899 1898 1890
f 1723 1782 1950
f 1950 1951 1723
f 1724 1723 1951
f 1951 1892 1724
f 1725 1724 1892
f 1892 1893 1725
f 1726 1725 1893
f 1893 1894 1726
f 1727 1726 1894
f 1894 1895 1727
f 1728 1727 1895
f 1895 1896 1728
f 1729 1728 1896
f 1896 1897 1729
f 1730 1729 1897
f 1897 1898 1730
f 1731 1730 1898
f 1898 1899 1731
f 1732 1731 1899
f 1899 1900 1732
f 1733 1732 1900
f 1900 1901 1733
f 1734 1733 1901
f 1901 1902 1734
f 1735 1734 1902
f 1902 1903 1735
f 1736 1735 1903
f 1903 1904 1736
f 1737 1736 1904
f 1904 1905 1737
f 1738 1737 1905
f 1905 1906 1738
f 1739 1738 1906
f 1906 1907 1739
f 1740 1739 1907
f 1907 1908 1740
f 1741 1740 1908
f 1908 1909 1741
f 1742 1741 1909
f 1909 1910 1742
f 1743 1742 1910
f 1910 1911 1743
f 1744 1743 1911
f 1911 1912 1744
f 1745 1744 1912
f 1912 1913 1745
f 1746 1745 1913
f 1913 1914 1746
f 1747 1746 1914
f 1914 1915 1747
f 1748 1747 1915
f 1915 1916 1748
f 1749 1748 1916
f 1916 1917 1749
f 1750 1749 1917
f 1917 1918 1750
f 1751 1750 1918
f 1918 1919 1751
f 1752 1751 1919
f 1919 1920 1752
f 1753 1752 1920
f 1920 1921 1753
f 1754 1753 1921
f 1921 1922 1754
f 1755 1754 1922
f 1922 1923 1755
f 1756 1755 1923
f 1923 1924 1756
f 1757 1756 1924
f 1924 1925 1757
f 1758 1757 1925
f 1925 1926 1758
f 1759 1758 1926
f 1926 1927 1759
f 1760 1759 1927
f 1927 1928 1760
f 1761 1760 1928
f 1928 1929 1761
f 1762 1761 1929
f 1929 1930 1762
f 1763 1762 1930
f 1930 1931 1763
f 1764 1763 1931
f 1931 1932 1764
f 1765 1764 1932
f 1932 1933 1765
f 1766 1765 1933
f 1933 1934 1766
f 1767 1766 1934
f 1934 1935 1767
f 1768 1767 1935
f 1935 1936 1768
f 1769 1768 1936
f 1936 1937 1769
f 1770 1769 1937
f 1937 1938 1770
f 1771 1770 1938
f 1938 1939 1771
f 1772 1771 1939
f 1939 1940 1772
f 1773 1772 1940
f 1940 1941 1773
f 1774 1773 1941
f 1941 1942 1774
f 1775 1774 1942
f 1942 1943 1775
f 1776 1775 1943
f 1943 1944 1776
f 1777 1776 1944
f 1944 1945 1777
f 1778 1777 1945
f 1945 1946 1778
f 1779 1778 1946
f 1946 1947 1779
f 1780 1779 1947
f 1947 1948 1780
f 1781 1780 1948
f 1948 1949 1781
f 1782 1781 1949
f 1949 1950 1782
f 1782 1782 1950
f 1950 1950 1782
f 2032 1986 1987
f 2033 2032 1987
f 2034 2033 1987
f 1988 2034 1987
f 2035 2034 1988
f 1989 2035 1988
f 2036 2035 1989
f 1990 2036 1989
f 2037 2036 1990
f 1991 2037 1990
f 1992 2037 1991
f 2038 2037 1992
f 1993 2038 1992
f 2039 2038 1993
f 2040 2039 1993
f 1994 2040 1993
f 2041 2040 1994
f 1995 2041 1994
f 1996 2041 1995
f 2042 2041 1996
f 2043 2042 1996
f 1997 2043 1996
f 2044 2043 1997
f 1998 2044 1997
f 1999 2044 1998
f 2045 2044 1999
f 2000 2045 1999
f 2046 2045 2000
f 2001 2046 2000
f 2047 2046 2001
f 2002 2047 2001
f 2048 2047 2002
f 2049 2048 2002
f 2003 2049 2002
f 2050 2049 2003
f 2004 2050 2003
f 2051 2050 2004
f 2005 2051 2004
f 2052 2051 2005
f 2006 2052 2005
f 2007 2052 2006
f 2053 2052 2007
f 2008 2053 2007
f 2054 2053 2008
f 2055 2054 2008
f 1953 2055 2008
f 2056 2055 1953
f 2057 2056 1953
f 1954 2057 1953
f 2060 1958 1959
f 2061 2060 1959
f 2010 2061 1959
f 1960 2010 1959
f 2011 2010 1960
f 1961 2011 1960
f 2012 2011 1961
f 1962 2012 1961
f 2013 2012 1962
f 1963 2013 1962
f 1964 2013 1963
f 2014 2013 1964
f 1965 2014 1964
f 1966 2014 1965
f 1967 2014 1966
f 2015 2014 1967
f 2016 2015 1967
f 1968 2016 1967
f 2017 2016 1968
f 1969 2017 1968
f 1970 2017 1969
f 1971 2017 1970
f 2018 2017 1971
f 1972 2018 1971
f 1973 2018 1972
f 2019 2018 1973
f 1974 2019 1973
f 2020 2019 1974
f 2021 2020 1974
f 1975 2021 1974
f 2022 2021 1975
f 1976 2022 1975
f 2023 2022 1976
f 1977 2023 1976
f 2024 2023 1977
f 1978 2024 1977
f 1979 2024 1978
f 2025 2024 1979
f 1980 2025 1979
f 1981 2025 1980
f 2026 2025 1981
f 2027 2026 1981
f 2028 2027 1981
f 1982 2028 1981
f 2029 2028 1982
f 1983 2029 1982
f 1984 2029 1983
f 2030 2029 1984
f 1985 2030 1984
f 2031 2030 1985
f 1986 2031 1985
f 2032 2031 1986
f 1954 2058 2057
f 1955 2058 1954
f 1956 2058 1955
f 2059 2058 1956
f 1957 2059 1956
f 1958 2059 1957
f 2060 2059 1958
f 1839 1890 2060
f 2060 2061 1839
f 1840 1839 2061
f 2061 2010 1840
f 1841 1840 2010
f 2010 2011 1841
f 1842 1841 2011
f 2011 2012 1842
f 1843 1842 2012
f 2012 2013 1843
f 1844 1843 2013
f 2013 2014 1844
f 1845 1844 2014
f 2014 2015 1845
f 1846 1845 2015
f 2015 2016 1846
f 1847 1846 2016
f 2016 2017 1847
f 1848 1847 2017
f 2017 2018 1848
f 1849 1848 2018
f 2018 2019 1849
f 1850 1849 2019
f 2019 2020 1850
f 1851 1850 2020
f 2020 2021 1851
f 1852 1851 2021
f 2021 2022 1852
f 1853 1852 2022
f 2022 2023 1853
f 1854 1853 2023
f 2023 2024 1854
f 1855 1854 2024
f 2024 2025 1855
f 1856 1855 2025
f 2025 2026 1856
f 1857 1856 2026
f 2026 2027 1857
f 1858 1857 2027
f 2027 2028 1858
f 1859 1858 2028
f 2028 2029 1859
f 1860 1859 2029
f 2029 2030 1860
f 1861 1860 2030
f 2030 2031 1861
f 1862 1861 2031
f 2031 2032 1862
f 1863 1862 2032
f 2032 2033 1863
f 1864 1863 2033
f 2033 2034 1864
f 1865 1864 2034
f 2034 2035 1865
f 1866 1865 2035
f 2035 2036 1866
f 1867 1866 2036
f 2036 2037 1867
f 1868 1867 2037
f 2037 2038 1868
f 1869 1868 2038
f 2038 2039 1869
f 1870 1869 2039
f 2039 2040 1870
f 1871 1870 2040
f 2040 2041 1871
f 1872 1871 2041
f 2041 2042 1872
f 1873 1872 2042
f 2042 2043 1873
f 1874 1873 2043
f 2043 2044 1874
f 1875 1874 2044
f 2044 2045 1875
f 1876 1875 2045
f 2045 2046 1876
f 1877 1876 2046
f 2046 2047 1877
f 1878 1877 2047
f 2047 2048 1878
f 1879 1878 2048
f 2048 2049 1879
f 1880 1879 2049
f 2049 2050 1880
f 1881 1880 2050
f 2050 2051 1881
f 1882 1881 2051
f 2051 2052 1882
f 1883 1882 2052
f 2052 2053 1883
f 1884 1883 2053
f 2053 2054 1884
f 1885 1884 2054
f 2054 2055 1885
f 1886 1885 2055
f 2055 2056 1886
f 1887 1886 2056
f 2056 2057 1887
f 1888 1887 2057
f 2057 2058 1888
f 1889 1888 2058
f 2058 2059 1889
f 1890 1889 2059
f 2059 2060 1890
f 1890 1890 2060
f 2060 2060 1890
f 2151 2088 2089
f 2090 2151 2089
f 2152 2151 2090
f 2153 2152 2090
f 2091 2153 2090
f 2154 2153 2091
f 2092 2154 2091
f 2093 2154 2092
f 2155 2154 2093
f 2094 2155 2093
f 2156 2155 2094
f 2095 2156 2094
f 2157 2156 2095
f 2158 2157 2095
f 2096 2158 2095
f 2159 2158 2096
f 2097 2159 2096
f 2160 2159 2097
f 2098 2160 2097
f 2161 2160 2098
f 2162 2161 2098
f 2163 2162 2098
f 2099 2163 2098
f 2164 2163 2099
f 2100 2164 2099
f 2101 2164 2100
f 2165 2164 2101
f 2166 2165 2101
f 2102 2166 2101
f 2103 2166 2102
f 2167 2166 2103
f 2168 2167 2103
f 2104 2168 2103
f 2169 2168 2104
f 2105 2169 2104
f 2170 2169 2105
f 2106 2170 2105
f 2107 2170 2106
f 2171 2170 2107
f 2108 2171 2107
f 2172 2171 2108
f 2173 2172 2108
f 2118 2173 2108
f 2109 2118 2108
f 2122 2114 2115
f 2123 2122 2115
f 2124 2123 2115
f 2116 2124 2115
f 2125 2124 2116
f 2063 2125 2116
f 2064 2125 2063
f 2126 2125 2064
f 2127 2126 2064
f 2065 2127 2064
f 2128 2127 2065
f 2066 2128 2065
f 2129 2128 2066
f 2067 2129 2066
f 2130 2129 2067
f 2068 2130 2067
f 2131 2130 2068
f 2069 2131 2068
f 2070 2131 2069
f 2132 2131 2070
f 2071 2132 2070
f 2133 2132 2071
f 2072 2133 2071
f 2134 2133 2072
f 2073 2134 2072
f 2135 2134 2073
f 2136 2135 2073
f 2074 2136 2073
f 2075 2136 2074
f 2137 2136 2075
f 2076 2137 2075
f 2138 2137 2076
f 2139 2138 2076
f 2077 2139 2076
f 2140 2139 2077
f 2078 2140 2077
f 2079 2140 2078
f 2141 2140 2079
f 2142 2141 2079
f 2080 2142 2079
f 2143 2142 2080
f 2081 2143 2080
f 2144 2143 2081
f 2082 2144 2081
f 2083 2144 2082
f 2084 2144 2083
f 2145 2144 2084
f 2085 2145 2084
f 2146 2145 2085
f 2147 2146 2085
f 2148 2147 2085
f 2086 2148 2085
f 2149 2148 2086
f 2087 2149 2086
f 2088 2149 2087
f 2150 2149 2088
f 2151 2150 2088
f 2111 2119 2118
f 2110 2111 2118
f 2109 2110 2118
f 2112 2119 2111
f 2120 2119 2112
f 2121 2120 2112
f 2113 2121 2112
f 2114 2121 2113
f 2122 2121 2114
f 1953 2008 2172
f 2172 2173 1953
f 1954 1953 2173
f 2173 2118 1954
f 1955 1954 2118
f 2118 2119 1955
f 1956 1955 2119
f 2119 2120 1956
f 1957 1956 2120
f 2120 2121 1957
f 1958 1957 2121
f 2121 2122 1958
f 1959 1958 2122
f 2122 2123 1959
f 1960 1959 2123
f 2123 2124 1960
f 1961 1960 2124
f 2124 2125 1961
f 1962 1961 2125
f 2125 2126 1962
f 1963 1962 2126
f 2126 2127 1963
f 1964 1963 2127
f 2127 2128 1964
f 1965 1964 2128
f 2128 2129 1965
f 1966 1965 2129
f 2129 2130 1966
f 1967 1966 2130
f 2130 2131 1967
f 1968 1967 2131
f 2131 2132 1968
f 1969 1968 2132
f 2132 2133 1969
f 1970 1969 2133
f 2133 2134 1970
f 1971 1970 2134
f 2134 2135 1971
f 1972 1971 2135
f 2135 2136 1972
f 1973 1972 2136
f 2136 2137 1973
f 1974 1973 2137
f 2137 2138 1974
f 1975 1974 2138
f 2138 2139 1975
f 1976 1975 2139
f 2139 2140 1976
f 1977 1976 2140
f 2140 2141 1977
f 1978 1977 2141
f 2141 2142 1978
f 1979 1978 2142
f 2142 2143 1979
f 1980 1979 2143
f 2143 2144 1980
f 1981 1980 2144
f 2144 2145 1981
f 1982 1981 2145
f 2145 2146 1982
f 1983 1982 2146
f 2146 2147 1983
f 1984 1983 2147
f 2147 2148 1984
f 1985 1984 2148
f 2148 2149 1985
f 1986 1985 2149
f 2149 2150 1986
f 1987 1986 2150
f 2150 2151 1987
f 1988 1987 2151
f 2151 2152 1988
f 1989 1988 2152
f 2152 2153 1989
f 1990 1989 2153
f 2153 2154 1990
f 1991 1990 2154
f 2154 2155 1991
f 1992 1991 2155
f 2155 2156 1992
f 1993 1992 2156
f 2156 2157 1993
f 1994 1993 2157
f 2157 2158 1994
f 1995 1994 2158
f 2158 2159 1995
f 1996 1995 2159
f 2159 2160 1996
f 1997 1996 2160
f 2160 2161 1997
f 1998 1997 2161
f 2161 2162 1998
f 1999 1998 2162
f 2162 2163 1999
f 2000 1999 2163
f 2163 2164 2000
f 2001 2000 2164
f 2164 2165 2001
f 2002 2001 2165
f 2165 2166 2002
f 2003 2002 2166
f 2166 2167 2003
f 2004 2003 2167
f 2167 2168 2004
f 2005 2004 2168
f 2168 2169 2005
f 2006 2005 2169
f 2169 2170 2006
f 2007 2006 2170
f 2170 2171 2007
f 2008 2007 2171
f 2171 2172 2008
f 2008 2008 2172
f 2172 2172 2008
f 2258 2210 2211
f 2259 2258 2211
f 2260 2259 2211
f 2212 2260 2211
f 2213 2260 2212
f 2261 2260 2213
f 2214 2261 2213
f 2262 2261 2214
f 2215 2262 2214
f 2263 2262 2215
f 2264 2263 2215
f 2216 2264 2215
f 2217 2264 2216
f 2265 2264 2217
f 2218 2265 2217
f 2266 2265 2218
f 2219 2266 2218
f 2267 2266 2219
f 2220 2267 2219
f 2221 2267 2220
f 2268 2267 2221
f 2222 2268 2221
f 2269 2268 2222
f 2223 2269 2222
f 2224 2269 2223
f 2270 2269 2224
f 2271 2270 2224
f 2225 2271 2224
f 2226 2271 2225
f 2272 2271 2226
f 2273 2272 2226
f 2227 2273 2226
f 2228 2273 2227
f 2274 2273 2228
f 2229 2274 2228
f 2275 2274 2229
f 2230 2275 2229
f 2276 2275 2230
f 2277 2276 2230
f 2231 2277 2230
f 2232 2277 2231
f 2278 2277 2232
f 2175 2278 2232
f 2279 2278 2175
f 2176 2279 2175
f 2285 2181 2182
f 2183 2285 2182
f 2286 2285 2183
f 2184 2286 2183
f 2287 2286 2184
f 2185 2287 2184
f 2234 2287 2185
f 2186 2234 2185
f 2235 2234 2186
f 2187 2235 2186
f 2236 2235 2187
f 2237 2236 2187
f 2188 2237 2187
f 2238 2237 2188
f 2189 2238 2188
f 2239 2238 2189
f 2190 2239 2189
f 2191 2239 2190
f 2240 2239 2191
f 2192 2240 2191
f 2241 2240 2192
f 2242 2241 2192
f 2193 2242 2192
f 2243 2242 2193
f 2194 2243 2193
f 2244 2243 2194
f 2195 2244 2194
f 2245 2244 2195
f 2196 2245 2195
f 2246 2245 2196
f 2197 2246 2196
f 2198 2246 2197
f 2247 2246 2198
f 2199 2247 2198
f 2248 2247 2199
f 2200 2248 2199
f 2249 2248 2200
f 2201 2249 2200
f 2250 2249 2201
f 2202 2250 2201
f 2251 2250 2202
f 2252 2251 2202
f 2203 2252 2202
f 2253 2252 2203
f 2204 2253 2203
f 2205 2253 2204
f 2254 2253 2205
f 2206 2254 2205
f 2255 2254 2206
f 2207 2255 2206
f 2256 2255 2207
f 2208 2256 2207
f 2209 2256 2208
f 2257 2256 2209
f 2258 2257 2209
f 2210 2258 2209
f 2177 2280 2279
f 2176 2177 2279
f 2281 2280 2177
f 2178 2281 2177
f 2282 2281 2178
f 2179 2282 2178
f 2283 2282 2179
f 2180 2283 2179
f 2284 2283 2180
f 2181 2284 2180
f 2285 2284 2181
f 2063 2116 2286
f 2286 2287 2063
f 2064 2063 2287
f 2287 2234 2064
f 2065 2064 2234
f 2234 2235 2065
f 2066 2065 2235
f 2235 2236 2066
f 2067 2066 2236
f 2236 2237 2067
f 2068 2067 2237
f 2237 2238 2068
f 2069 2068 2238
f 2238 2239 2069
f 2070 2069 2239
f 2239 2240 2070
f 2071 2070 2240
f 2240 2241 2071
f 2072 2071 2241
f 2241 2242 2072
f 2073 2072 2242
f 2242 2243 2073
f 2074 2073 2243
f 2243 2244 2074
f 2075 2074 2244
f 2244 2245 2075
f 2076 2075 2245
f 2245 2246 2076
f 2077 2076 2246
f 2246 2247 2077
f 2078 2077 2247
f 2247 2248 2078
f 2079 2078 2248
f 2248 2249 2079
f 2080 2079 2249
f 2249 2250 2080
f 2081 2080 2250
f 2250 2251 2081
f 2082 2081 2251
f 2251 2252 2082
f 2083 2082 2252
f 2252 2253 2083
f 2084 2083 2253
f 2253 2254 2084
f 2085 2084 2254
f 2254 2255 2085
f 2086 2085 2255
f 2255 2256 2086
f 2087 2086 2256
f 2256 2257 2087
f 2088 2087 2257
f 2257 2258 2088
f 2089 2088 2258
f 2258 2259 2089
f 2090 2089 2259
f 2259 2260 2090
f 2091 2090 2260
f 2260 2261 2091
f 2092 2091 2261
f 2261 2262 2092
f 2093 2092 2262
f 2262 2263 2093
f 2094 2093 2263
f 2263 2264 2094
f 2095 2094 2264
f 2264 2265 2095
f 2096 2095 2265
f 2265 2266 2096
f 2097 2096 2266
f 2266 2267 2097
f 2098 2097 2267
f 2267 2268 2098
f 2099 2098 2268
f 2268 2269 2099
f 2100 2099 2269
f 2269 2270 2100
f 2101 2100 2270
f 2270 2271 2101
f 2102 2101 2271
f 2271 2272 2102
f 2103 2102 2272
f 2272 2273 2103
f 2104 2103 2273
f 2273 2274 2104
f 2105 2104 2274
f 2274 2275 2105
f 2106 2105 2275
f 2275 2276 2106
f 2107 2106 2276
f 2276 2277 2107
f 2108 2107 2277
f 2277 2278 2108
f 2109 2108 2278
f 2278 2279 2109
f 2110 2109 2279
f 2279 2280 2110
f 2111 2110 2280
f 2280 2281 2111
f 2112 2111 2281
f 2281 2282 2112
f 2113 2112 2282
f 2282 2283 2113
f 2114 2113 2283
f 2283 2284 2114
f 2115 2114 2284
f 2284 2285 2115
f 2116 2115 2285
f 2285 2286 2116
f 2116 2116 2286
f 2286 2286 2116
f 2296 2293 2294
f 2295 2296 2294
f 2292 2293 2296
f 2291 2292 2296
f 2297 2291 2296
f 2290 2297 2298
f 2289 2290 2298
f 2291 2297 2290
f 2384 2303 2304
f 2305 2384 2304
f 2385 2384 2305
f 2306 2385 2305
f 2386 2385 2306
f 2307 2386 2306
f 2387 2386 2307
f 2388 2387 2307
f 2308 2388 2307
f 2309 2388 2308
f 2389 2388 2309
f 2390 2389 2309
f 2310 2390 2309
f 2391 2390 2310
f 2392 2391 2310
f 2311 2392 2310
f 2393 2392 2311
f 2312 2393 2311
f 2394 2393 2312
f 2395 2394 2312
f 2313 2395 2312
f 2396 2395 2313
f 2397 2396 2313
f 2314 2397 2313
f 2398 2397 2314
f 2315 2398 2314
f 2399 2398 2315
f 2316 2399 2315
f 2317 2399 2316
f 2400 2399 2317
f 2318 2400 2317
f 2401 2400 2318
f 2319 2401 2318
f 2402 2401 2319
f 2403 2402 2319
f 2320 2403 2319
f 2321 2403 2320
f 2404 2403 2321
f 2405 2404 2321
f 2322 2405 2321
f 2406 2405 2322
f 2323 2406 2322
f 2354 2327 2328
f 2355 2354 2328
f 2356 2355 2328
f 2329 2356 2328
f 2330 2356 2329
f 2357 2356 2330
f 2331 2357 2330
f 2358 2357 2331
f 2359 2358 2331
f 2332 2359 2331
f 2360 2359 2332
f 2333 2360 2332
f 2334 2360 2333
f 2361 2360 2334
f 2362 2361 2334
f 2335 2362 2334
f 2363 2362 2335
f 2364 2363 2335
f 2365 2364 2335
f 2336 2365 2335
f 2366 2365 2336
f 2367 2366 2336
f 2337 2367 2336
f 2368 2367 2337
f 2338 2368 2337
f 2369 2368 2338
f 2339 2369 2338
f 2340 2369 2339
f 2370 2369 2340
f 2371 2370 2340
f 2341 2371 2340
f 2342 2371 2341
f 2372 2371 2342
f 2343 2372 2342
f 2373 2372 2343
f 2374 2373 2343
f 2344 2374 2343
f 2375 2374 2344
f 2345 2375 2344
f 2346 2375 2345
f 2376 2375 2346
f 2377 2376 2346
f 2347 2377 2346
f 2378 2377 2347
f 2300 2378 2347
f 2379 2378 2300
f 2380 2379 2300
f 2301 2380 2300
f 2381 2380 2301
f 2382 2381 2301
f 2302 2382 2301
f 2383 2382 2302
f 2303 2383 2302
f 2384 2383 2303
f 2323 2349 2406
f 2350 2349 2323
f 2324 2350 2323
f 2351 2350 2324
f 2352 2351 2324
f 2325 2352 2324
f 2353 2352 2325
f 2326 2353 2325
f 2354 2353 2326
f 2327 2354 2326
f 2175 2232 2405
f 2405 2406 2175
f 2176 2175 2406
f 2406 2349 2176
f 2177 2176 2349
f 2349 2350 2177
f 2178 2177 2350
f 2350 2351 2178
f 2179 2178 2351
f 2351 2352 2179
f 2180 2179 2352
f 2352 2353 2180
f 2181 2180 2353
f 2353 2354 2181
f 2182 2181 2354
f 2354 2355 2182
f 2183 2182 2355
f 2355 2356 2183
f 2184 2183 2356
f 2356 2357 2184
f 2185 2184 2357
f 2357 2358 2185
f 2186 2185 2358
f 2358 2359 2186
f 2187 2186 2359
f 2359 2360 2187
f 2188 2187 2360
f 2360 2361 2188
f 2189 2188 2361
f 2361 2362 2189
f 2190 2189 2362
f 2362 2363 2190
f 2191 2190 2363
f 2363 2364 2191
f 2192 2191 2364
f 2364 2365 2192
f 2193 2192 2365
f 2365 2366 2193
f 2194 2193 2366
f 2366 2367 2194
f 2195 2194 2367
f 2367 2368 2195
f 2196 2195 2368
f 2368 2369 2196
f 2197 2196 2369
f 2369 2370 2197
f 2198 2197 2370
f 2370 2371 2198
f 2199 2198 2371
f 2371 2372 2199
f 2200 2199 2372
f 2372 2373 2200
f 2201 2200 2373
f 2373 2374 2201
f 2202 2201 2374
f 2374 2375 2202
f 2203 2202 2375
f 2375 2376 2203
f 2204 2203 2376
f 2376 2377 2204
f 2205 2204 2377
f 2377 2378 2205
f 2206 2205 2378
f 2378 2379 2206
f 2207 2206 2379
f 2379 2380 2207
f 2208 2207 2380
f 2380 2381 2208
f 2209 2208 2381
f 2381 2382 2209
f 2210 2209 2382
f 2382 2383 2210
f 2211 2210 2383
f 2383 2384 2211
f 2212 2211 2384
f 2384 2385 2212
f 2213 2212 2385
f 2385 2386 2213
f 2214 2213 2386
f 2386 2387 2214
f 2215 2214 2387
f 2387 2388 2215
f 2216 2215 2388
f 2388 2389 2216
f 2217 2216 2389
f 2389 2390 2217
f 2218 2217 2390
f 2390 2391 2218
f 2219 2218 2391
f 2391 2392 2219
f 2220 2219 2392
f 2392 2393 2220
f 2221 2220 2393
f 2393 2394 2221
f 2222 2221 2394
f 2394 2395 2222
f 2223 2222 2395
f 2395 2396 2223
f 2224 2223 2396
f 2396 2397 2224
f 2225 2224 2397
f 2397 2398 2225
f 2226 2225 2398
f 2398 2399 2226
f 2227 2226 2399
f 2399 2400 2227
f 2228 2227 2400
f 2400 2401 2228
f 2229 2228 2401
f 2401 2402 2229
f 2230 2229 2402
f 2402 2403 2230
f 2231 2230 2403
f 2403 2404 2231
f 2232 2231 2404
f 2404 2405 2232
f 2232 2232 2405
f 2405 2405 2232
f 2413 2412 2524
f 2413 2524 2414
f 2524 2412 2411
f 2524 2411 2525
f 2416 2415 2409
f 2416 2409 2408
f 2409 2415 2525
f 2409 2525 2410
f 2410 2525 2411
f 2497 2498 2497
f 2521 2521 2520
f 2524 2423 2424
f 2425 2524 2424
f 2525 2524 2425
f 2422 2525 2425
f 2421 2422 2425
f 2420 2421 2425
f 2426 2420 2425
f 2427 2420 2426
f 2418 2420 2427
f 2430 2418 2427
f 2428 2430 2427
f 2429 2430 2428
f 2419 2420 2418
f 2515 2436 2516
f 2510 2509 2471
f 2472 2510 2471
f 2432 2510 2472
f 2433 2510 2432
f 2434 2510 2433
f 2435 2510 2434
f 2511 2510 2435
f 2436 2513 2512
f 2514 2513 2436
f 2515 2514 2436
f 2437 2518 2517
f 2477 2445 2446
f 2447 2477 2446
f 2478 2477 2447
f 2448 2478 2447
f 2479 2478 2448
f 2480 2479 2448
f 2449 2480 2448
f 2481 2480 2449
f 2450 2481 2449
f 2482 2481 2450
f 2451 2482 2450
f 2483 2482 2451
f 2452 2483 2451
f 2484 2483 2452
f 2453 2484 2452
f 2485 2484 2453
f 2454 2485 2453
f 2486 2485 2454
f 2455 2486 2454
f 2456 2486 2455
f 2487 2486 2456
f 2488 2487 2456
f 2457 2488 2456
f 2489 2488 2457
f 2458 2489 2457
f 2459 2489 2458
f 2490 2489 2459
f 2460 2490 2459
f 2491 2490 2460
f 2492 2491 2460
f 2461 2492 2460
f 2493 2492 2461
f 2462 2493 2461
f 2494 2493 2462
f 2463 2494 2462
f 2464 2494 2463
f 2495 2494 2464
f 2465 2495 2464
f 2496 2468 2497
f 2438 2522 2521
f 2439 2522 2438
f 2440 2522 2439
f 2441 2522 2440
f 2523 2522 2441
f 2442 2523 2441
f 2474 2523 2442
f 2443 2474 2442
f 2444 2474 2443
f 2475 2474 2444
f 2476 2475 2444
f 2445 2476 2444
f 2477 2476 2445
f 2465 2496 2495
f 2466 2496 2465
f 2467 2496 2466
f 2468 2496 2467
f 2502 2501 2469
f 2505 2470 2506
f 2470 2505 2504
f 2289 2298 2416
f 2416 2408 2289
f 2290 2289 2408
f 2408 2409 2290
f 2291 2290 2409
f 2409 2410 2291
f 2292 2291 2410
f 2410 2411 2292
f 2293 2292 2411
f 2411 2412 2293
f 2294 2293 2412
f 2412 2413 2294
f 2295 2294 2413
f 2413 2414 2295
f 2296 2295 2414
f 2414 2524 2296
f 2297 2296 2524
f 2524 2415 2297
f 2298 2297 2415
f 2415 2416 2298
f 2298 2298 2416
f 2416 2416 2298
f 2300 2347 2522
f 2522 2523 2300
f 2301 2300 2523
f 2523 2474 2301
f 2302 2301 2474
f 2474 2475 2302
f 2303 2302 2475
f 2475 2476 2303
f 2304 2303 2476
f 2476 2477 2304
f 2305 2304 2477
f 2477 2478 2305
f 2306 2305 2478
f 2478 2479 2306
f 2307 2306 2479
f 2479 2480 2307
f 2308 2307 2480
f 2480 2481 2308
f 2309 2308 2481
f 2481 2482 2309
f 2310 2309 2482
f 2482 2483 2310
f 2311 2310 2483
f 2483 2484 2311
f 2312 2311 2484
f 2484 2485 2312
f 2313 2312 2485
f 2485 2486 2313
f 2314 2313 2486
f 2486 2487 2314
f 2315 2314 2487
f 2487 2488 2315
f 2316 2315 2488
f 2488 2489 2316
f 2317 2316 2489
f 2489 2490 2317
f 2318 2317 2490
f 2490 2491 2318
f 2319 2318 2491
f 2491 2492 2319
f 2320 2319 2492
f 2492 2493 2320
f 2321 2320 2493
f 2493 2494 2321
f 2322 2321 2494
f 2494 2495 2322
f 2323 2322 2495
f 2495 2496 2323
f 2324 2323 2496
f 2496 2497 2324
f 2325 2324 2497
f 2497 2499 2325
f 2326 2325 2499
f 2499 2500 2326
f 2327 2326 2500
f 2500 2501 2327
f 2328 2327 2501
f 2501 2502 2328
f 2329 2328 2502
f 2502 2503 2329
f 2330 2329 2503
f 2503 2504 2330
f 2331 2330 2504
f 2504 2505 2331
f 2332 2331 2505
f 2505 2507 2332
f 2333 2332 2507
f 2507 2508 2333
f 2334 2333 2508
f 2508 2509 2334
f 2335 2334 2509
f 2509 2510 2335
f 2336 2335 2510
f 2510 2511 2336
f 2337 2336 2511
f 2511 2512 2337
f 2338 2337 2512
f 2512 2513 2338
f 2339 2338 2513
f 2513 2514 2339
f 2340 2339 2514
f 2514 2515 2340
f 2341 2340 2515
f 2515 2516 2341
f 2342 2341 2516
f 2516 2517 2342
f 2343 2342 2517
f 2517 2518 2343
f 2344 2343 2518
f 2518 2519 2344
f 2345 2344 2519
f 2519 2520 2345
f 2346 2345 2520
f 2520 2521 2346
f 2347 2346 2521
f 2521 2522 2347
f 2347 2347 2522
f 2522 2522 2347
f 2531 2530 2595
f 2531 2595 2532
f 2532 2595 2596
f 2532 2596 2597
f 2590 2591 2526
f 2526 2591 2527
f 2527 2591 2592
f 2527 2592 2528
f 2528 2592 2593
f 2528 2593 2529
f 2529 2593 2594
f 2529 2594 2530
f 2530 2594 2595
f 2620 2619 2620
f 2636 2637 2636
f 2636 2637 2637
f 2637 2637 2638
f 2641 2642 2642
f 2536 2599 2598
f 2537 2599 2536
f 2600 2599 2537
f 2538 2600 2537
f 2601 2600 2538
f 2539 2601 2538
f 2540 2601 2539
f 2602 2601 2540
f 2541 2602 2540
f 2603 2602 2541
f 2534 2603 2541
f 2589 2603 2534
f 2535 2589 2534
f 2618 2577 2619
f 2586 2643 2642
f 2587 2643 2586
f 2543 2643 2587
f 2544 2643 2543
f 2650 2550 2551
f 2651 2650 2551
f 2552 2651 2551
f 2553 2651 2552
f 2652 2651 2553
f 2554 2652 2553
f 2653 2652 2554
f 2555 2653 2554
f 2556 2653 2555
f 2654 2653 2556
f 2655 2654 2556
f 2557 2655 2556
f 2656 2655 2557
f 2558 2656 2557
f 2657 2656 2558
f 2559 2657 2558
f 2560 2657 2559
f 2605 2657 2560
f 2561 2605 2560
f 2606 2605 2561
f 2607 2606 2561
f 2562 2607 2561
f 2563 2607 2562
f 2608 2607 2563
f 2564 2608 2563
f 2609 2608 2564
f 2565 2609 2564
f 2610 2609 2565
f 2566 2610 2565
f 2567 2610 2566
f 2611 2610 2567
f 2568 2611 2567
f 2612 2611 2568
f 2569 2612 2568
f 2613 2612 2569
f 2570 2613 2569
f 2614 2613 2570
f 2571 2614 2570
f 2572 2614 2571
f 2615 2614 2572
f 2573 2615 2572
f 2616 2615 2573
f 2617 2616 2573
f 2574 2617 2573
f 2575 2617 2574
f 2618 2617 2575
f 2576 2618 2575
f 2577 2618 2576
f 2544 2644 2643
f 2645 2644 2544
f 2545 2645 2544
f 2546 2645 2545
f 2646 2645 2546
f 2547 2646 2546
f 2647 2646 2547
f 2548 2647 2547
f 2648 2647 2548
f 2549 2648 2548
f 2649 2648 2549
f 2550 2649 2549
f 2650 2649 2550
f 2623 2622 2622
f 2623 2622 2623
f 2622 2621 2621
f 2628 2627 2627
f 2629 2628 2578
f 2579 2629 2578
f 2580 2629 2579
f 2581 2629 2580
f 2630 2629 2581
f 2582 2630 2581
f 2631 2630 2582
f 2583 2631 2582
f 2632 2631 2583
f 2584 2632 2583
f 2585 2632 2584
f 2633 2632 2585
f 2636 2636 2635
f 2638 2639 2638
f 2639 2639 2638
f 2640 2639 2639
f 2418 2430 2602
f 2602 2603 2418
f 2419 2418 2603
f 2603 2589 2419
f 2420 2419 2589
f 2589 2526 2420
f 2421 2420 2526
f 2526 2527 2421
f 2422 2421 2527
f 2527 2528 2422
f 2525 2422 2528
f 2528 2529 2525
f 2423 2525 2529
f 2529 2530 2423
f 2424 2423 2530
f 2530 2531 2424
f 2425 2424 2531
f 2531 2532 2425
f 2426 2425 2532
f 2532 2598 2426
f 2427 2426 2598
f 2598 2599 2427
f 2428 2427 2599
f 2599 2600 2428
f 2429 2428 2600
f 2600 2601 2429
f 2430 2429 2601
f 2601 2602 2430
f 2430 2430 2602
f 2602 2602 2430
f 2432 2472 2656
f 2656 2657 2432
f 2433 2432 2657
f 2657 2605 2433
f 2434 2433 2605
f 2605 2606 2434
f 2435 2434 2606
f 2606 2607 2435
f 2512 2435 2607
f 2607 2608 2512
f 2436 2512 2608
f 2608 2609 2436
f 2516 2436 2609
f 2609 2610 2516
f 2437 2516 2610
f 2610 2611 2437
f 2519 2437 2611
f 2611 2612 2519
f 2520 2519 2612
f 2612 2613 2520
f 2438 2520 2613
f 2613 2614 2438
f 2439 2438 2614
f 2614 2615 2439
f 2440 2439 2615
f 2615 2616 2440
f 2441 2440 2616
f 2616 2617 2441
f 2442 2441 2617
f 2617 2618 2442
f 2443 2442 2618
f 2618 2619 2443
f 2444 2443 2619
f 2619 2620 2444
f 2445 2444 2620
f 2620 2621 2445
f 2446 2445 2621
f 2621 2622 2446
f 2447 2446 2622
f 2622 2623 2447
f 2448 2447 2623
f 2623 2625 2448
f 2449 2448 2625
f 2625 2627 2449
f 2450 2449 2627
f 2627 2628 2450
f 2451 2450 2628
f 2628 2629 2451
f 2452 2451 2629
f 2629 2630 2452
f 2453 2452 2630
f 2630 2631 2453
f 2454 2453 2631
f 2631 2632 2454
f 2455 2454 2632
f 2632 2633 2455
f 2456 2455 2633
f 2633 2634 2456
f 2457 2456 2634
f 2634 2635 2457
f 2458 2457 2635
f 2635 2636 2458
f 2459 2458 2636
f 2636 2637 2459
f 2460 2459 2637
f 2637 2638 2460
f 2461 2460 2638
f 2638 2639 2461
f 2462 2461 2639
f 2639 2640 2462
f 2463 2462 2640
f 2640 2642 2463
f 2464 2463 2642
f 2642 2643 2464
f 2465 2464 2643
f 2643 2644 2465
f 2466 2465 2644
f 2644 2645 2466
f 2467 2466 2645
f 2645 2646 2467
f 2468 2467 2646
f 2646 2647 2468
f 2499 2468 2647
f 2647 2648 2499
f 2500 2499 2648
f 2648 2649 2500
f 2469 2500 2649
f 2649 2650 2469
f 2503 2469 2650
f 2650 2651 2503
f 2470 2503 2651
f 2651 2652 2470
f 2507 2470 2652
f 2652 2653 2507
f 2508 2507 2653
f 2653 2654 2508
f 2471 2508 2654
f 2654 2655 2471
f 2472 2471 2655
f 2655 2656 2472
f 2472 2472 2656
f 2656 2656 2472
f 2664 2663 2723
f 2664 2723 2665
f 2665 2723 2724
f 2665 2724 2666
f 2666 2724 2725
f 2666 2725 2667
f 2667 2725 2726
f 2732 2719 2658
f 2658 2719 2659
f 2659 2719 2720
f 2659 2720 2660
f 2660 2720 2661
f 2661 2720 2721
f 2661 2721 2662
f 2662 2721 2722
f 2662 2722 2663
f 2663 2722 2723
f 2669 2727 2726
f 2668 2669 2726
f 2670 2727 2669
f 2728 2727 2670
f 2671 2728 2670
f 2729 2728 2671
f 2672 2729 2671
f 2729 2673 2674
f 2730 2729 2674
f 2731 2730 2674
f 2675 2731 2674
f 2732 2731 2675
f 2676 2732 2675
f 2672 2673 2729
f 2744 2681 2745
f 2717 2740 2739
f 2741 2717 2678
f 2742 2741 2678
f 2679 2742 2678
f 2743 2742 2679
f 2680 2743 2679
f 2681 2743 2680
f 2744 2743 2681
f 2717 2741 2740
f 2746 2682 2747
f 2752 2683 2753
f 2758 2687 2759
f 2684 2755 2754
f 2685 2755 2684
f 2756 2755 2685
f 2757 2756 2685
f 2686 2757 2685
f 2687 2757 2686
f 2758 2757 2687
f 2761 2688 2762
f 2770 2694 2695
f 2771 2770 2695
f 2772 2771 2695
f 2696 2772 2695
f 2773 2772 2696
f 2697 2773 2696
f 2774 2773 2697
f 2698 2774 2697
f 2775 2774 2698
f 2776 2775 2698
f 2699 2776 2698
f 2700 2776 2699
f 2777 2776 2700
f 2778 2777 2700
f 2701 2778 2700
f 2779 2778 2701
f 2702 2779 2701
f 2703 2779 2702
f 2780 2779 2703
f 2704 2780 2703
f 2781 2780 2704
f 2782 2781 2704
f 2705 2782 2704
f 2783 2782 2705
f 2706 2783 2705
f 2707 2783 2706
f 2784 2783 2707
f 2708 2784 2707
f 2785 2784 2708
f 2786 2785 2708
f 2709 2786 2708
f 2787 2786 2709
f 2710 2787 2709
f 2711 2787 2710
f 2788 2787 2711
f 2712 2788 2711
f 2789 2788 2712
f 2790 2789 2712
f 2713 2790 2712
f 2791 2790 2713
f 2714 2791 2713
f 2715 2791 2714
f 2792 2791 2715
f 2734 2792 2715
f 2689 2765 2764
f 2766 2765 2689
f 2690 2766 2689
f 2691 2766 2690
f 2767 2766 2691
f 2768 2767 2691
f 2692 2768 2691
f 2769 2768 2692
f 2693 2769 2692
f 2694 2769 2693
f 2770 2769 2694
f 2716 2738 2737
f 2534 2541 2731
f 2731 2658 2534
f 2535 2534 2658
f 2658 2659 2535
f 2591 2535 2659
f 2659 2660 2591
f 2592 2591 2660
f 2660 2661 2592
f 2593 2592 2661
f 2661 2662 2593
f 2594 2593 2662
f 2662 2663 2594
f 2595 2594 2663
f 2663 2664 2595
f 2596 2595 2664
f 2664 2665 2596
f 2597 2596 2665
f 2665 2666 2597
f 2536 2597 2666
f 2666 2667 2536
f 2537 2536 2667
f 2667 2727 2537
f 2538 2537 2727
f 2727 2728 2538
f 2539 2538 2728
f 2728 2729 2539
f 2540 2539 2729
f 2729 2730 2540
f 2541 2540 2730
f 2730 2731 2541
f 2541 2541 2731
f 2731 2731 2541
f 2543 2587 2791
f 2791 2792 2543
f 2544 2543 2792
f 2792 2734 2544
f 2545 2544 2734
f 2734 2735 2545
f 2546 2545 2735
f 2735 2736 2546
f 2547 2546 2736
f 2736 2737 2547
f 2548 2547 2737
f 2737 2738 2548
f 2549 2548 2738
f 2738 2739 2549
f 2550 2549 2739
f 2739 2740 2550
f 2551 2550 2740
f 2740 2741 2551
f 2552 2551 2741
f 2741 2742 2552
f 2553 2552 2742
f 2742 2743 2553
f 2554 2553 2743
f 2743 2744 2554
f 2555 2554 2744
f 2744 2745 2555
f 2556 2555 2745
f 2745 2746 2556
f 2557 2556 2746
f 2746 2747 2557
f 2558 2557 2747
f 2747 2748 2558
f 2559 2558 2748
f 2748 2749 2559
f 2560 2559 2749
f 2749 2750 2560
f 2561 2560 2750
f 2750 2751 2561
f 2562 2561 2751
f 2751 2752 2562
f 2563 2562 2752
f 2752 2753 2563
f 2564 2563 2753
f 2753 2754 2564
f 2565 2564 2754
f 2754 2755 2565
f 2566 2565 2755
f 2755 2756 2566
f 2567 2566 2756
f 2756 2757 2567
f 2568 2567 2757
f 2757 2758 2568
f 2569 2568 2758
f 2758 2759 2569
f 2570 2569 2759
f 2759 2761 2570
f 2571 2570 2761
f 2761 2762 2571
f 2572 2571 2762
f 2762 2763 2572
f 2573 2572 2763
f 2763 2764 2573
f 2574 2573 2764
f 2764 2765 2574
f 2575 2574 2765
f 2765 2766 2575
f 2576 2575 2766
f 2766 2767 2576
f 2577 2576 2767
f 2767 2768 2577
f 2620 2577 2768
f 2768 2769 2620
f 2621 2620 2769
f 2769 2770 2621
f 2622 2621 2770
f 2770 2771 2622
f 2623 2622 2771
f 2771 2772 2623
f 2625 2623 2772
f 2772 2773 2625
f 2627 2625 2773
f 2773 2774 2627
f 2578 2627 2774
f 2774 2775 2578
f 2579 2578 2775
f 2775 2776 2579
f 2580 2579 2776
f 2776 2777 2580
f 2581 2580 2777
f 2777 2778 2581
f 2582 2581 2778
f 2778 2779 2582
f 2583 2582 2779
f 2779 2780 2583
f 2584 2583 2780
f 2780 2781 2584
f 2585 2584 2781
f 2781 2782 2585
f 2634 2585 2782
f 2782 2783 2634
f 2635 2634 2783
f 2783 2784 2635
f 2636 2635 2784
f 2784 2785 2636
f 2637 2636 2785
f 2785 2786 2637
f 2638 2637 2786
f 2786 2787 2638
f 2639 2638 2787
f 2787 2788 2639
f 2640 2639 2788
f 2788 2789 2640
f 2586 2640 2789
f 2789 2790 2586
f 2587 2586 2790
f 2790 2791 2587
f 2587 2587 2791
f 2791 2791 2587
f 2794 2802 2850
f 2794 2850 2851
f 2794 2851 2795
f 2795 2851 2852
f 2795 2852 2796
f 2796 2852 2853
f 2842 2843 2797
f 2797 2843 2798
f 2798 2843 2844
f 2798 2844 2799
f 2799 2844 2845
f 2799 2845 2846
f 2799 2846 2800
f 2800 2846 2847
f 2800 2847 2848
f 2800 2848 2801
f 2801 2848 2802
f 2802 2848 2849
f 2802 2849 2850
f 2803 2836 2835
f 2837 2836 2803
f 2804 2837 2803
f 2805 2837 2804
f 2840 2806 2807
f 2841 2840 2807
f 2805 2838 2837
f 2806 2838 2805
f 2839 2838 2806
f 2840 2839 2806
f 2808 2898 2897
f 2809 2898 2808
f 2900 2815 2901
f 2811 2899 2898
f 2810 2811 2898
f 2809 2810 2898
f 2812 2899 2811
f 2900 2899 2812
f 2813 2900 2812
f 2814 2900 2813
f 2815 2900 2814
f 2864 2826 2865
f 2816 2859 2858
f 2817 2859 2816
f 2818 2859 2817
f 2819 2859 2818
f 2860 2859 2819
f 2820 2860 2819
f 2861 2860 2820
f 2821 2861 2820
f 2862 2861 2821
f 2822 2862 2821
f 2823 2862 2822
f 2863 2862 2823
f 2824 2863 2823
f 2864 2863 2824
f 2825 2864 2824
f 2826 2864 2825
f 2870 2833 2871
f 2827 2869 2868
f 2828 2869 2827
f 2829 2869 2828
f 2830 2869 2829
f 2870 2869 2830
f 2831 2870 2830
f 2832 2870 2831
f 2833 2870 2832
f 2724 2723 2802
f 2802 2794 2724
f 2725 2724 2794
f 2794 2795 2725
f 2668 2725 2795
f 2795 2796 2668
f 2669 2668 2796
f 2796 2835 2669
f 2670 2669 2835
f 2835 2836 2670
f 2671 2670 2836
f 2836 2837 2671
f 2672 2671 2837
f 2837 2838 2672
f 2673 2672 2838
f 2838 2839 2673
f 2674 2673 2839
f 2839 2840 2674
f 2675 2674 2840
f 2840 2841 2675
f 2676 2675 2841
f 2841 2797 2676
f 2719 2676 2797
f 2797 2798 2719
f 2720 2719 2798
f 2798 2799 2720
f 2721 2720 2799
f 2799 2800 2721
f 2722 2721 2800
f 2800 2801 2722
f 2723 2722 2801
f 2801 2802 2723
f 2723 2723 2802
f 2802 2802 2723
f 2678 2717 2901
f 2901 2902 2678
f 2679 2678 2902
f 2902 2856 2679
f 2680 2679 2856
f 2856 2857 2680
f 2681 2680 2857
f 2857 2858 2681
f 2682 2681 2858
f 2858 2859 2682
f 2748 2682 2859
f 2859 2860 2748
f 2749 2748 2860
f 2860 2861 2749
f 2750 2749 2861
f 2861 2862 2750
f 2751 2750 2862
f 2862 2863 2751
f 2683 2751 2863
f 2863 2864 2683
f 2684 2683 2864
f 2864 2865 2684
f 2685 2684 2865
f 2865 2866 2685
f 2686 2685 2866
f 2866 2867 2686
f 2687 2686 2867
f 2867 2868 2687
f 2688 2687 2868
f 2868 2869 2688
f 2763 2688 2869
f 2869 2870 2763
f 2689 2763 2870
f 2870 2871 2689
f 2690 2689 2871
f 2871 2872 2690
f 2691 2690 2872
f 2872 2873 2691
f 2692 2691 2873
f 2873 2874 2692
f 2693 2692 2874
f 2874 2875 2693
f 2694 2693 2875
f 2875 2876 2694
f 2695 2694 2876
f 2876 2877 2695
f 2696 2695 2877
f 2877 2878 2696
f 2697 2696 2878
f 2878 2879 2697
f 2698 2697 2879
f 2879 2880 2698
f 2699 2698 2880
f 2880 2881 2699
f 2700 2699 2881
f 2881 2882 2700
f 2701 2700 2882
f 2882 2883 2701
f 2702 2701 2883
f 2883 2884 2702
f 2703 2702 2884
f 2884 2885 2703
f 2704 2703 2885
f 2885 2886 2704
f 2705 2704 2886
f 2886 2887 2705
f 2706 2705 2887
f 2887 2888 2706
f 2707 2706 2888
f 2888 2889 2707
f 2708 2707 2889
f 2889 2890 2708
f 2709 2708 2890
f 2890 2891 2709
f 2710 2709 2891
f 2891 2892 2710
f 2711 2710 2892
f 2892 2893 2711
f 2712 2711 2893
f 2893 2894 2712
f 2713 2712 2894
f 2894 2895 2713
f 2714 2713 2895
f 2895 2896 2714
f 2715 2714 2896
f 2896 2897 2715
f 2735 2715 2897
f 2897 2898 2735
f 2736 2735 2898
f 2898 2899 2736
f 2716 2736 2899
f 2899 2900 2716
f 2717 2716 2900
f 2900 2901 2717
f 2717 2717 2901
f 2901 2901 2717
f 2912 2911 2969
f 2912 2969 2913
f 2913 2969 2970
f 2913 2970 2914
f 2914 2970 2971
f 2964 2965 2915
f 2915 2965 2904
f 2904 2965 2966
f 2904 2966 2905
f 2905 2966 2906
f 2906 2966 2907
f 2907 2966 2967
f 2907 2967 2908
f 2908 2967 2910
f 2908 2910 2909
f 2910 2967 2911
f 2911 2967 2968
f 2911 2968 2969
f 2922 2972 2971
f 2921 2922 2971
f 2923 2972 2922
f 2960 2972 2923
f 2924 2960 2923
f 2925 2960 2924
f 2962 2918 2919
f 2963 2962 2919
f 2920 2963 2919
f 2964 2963 2920
f 2925 2961 2960
f 2962 2961 2925
f 2917 2962 2925
f 2918 2962 2917
f 2983 2928 2984
f 2926 2981 2980
f 2982 2981 2926
f 2927 2982 2926
f 2928 2982 2927
f 2983 2982 2928
f 2996 2931 2997
f 2929 2995 2994
f 2930 2995 2929
f 2931 2995 2930
f 2996 2995 2931
f 3009 2937 2938
f 2939 3009 2938
f 3010 3009 2939
f 3011 3010 2939
f 2940 3011 2939
f 2941 3011 2940
f 3012 3011 2941
f 2942 3012 2941
f 3013 3012 2942
f 3014 3013 2942
f 2943 3014 2942
f 3015 3014 2943
f 2944 3015 2943
f 2945 3015 2944
f 3016 3015 2945
f 3017 3016 2945
f 2946 3017 2945
f 3018 3017 2946
f 2947 3018 2946
f 2948 3018 2947
f 3019 3018 2948
f 2949 3019 2948
f 3020 3019 2949
f 3021 3020 2949
f 2950 3021 2949
f 3022 3021 2950
f 2951 3022 2950
f 2952 3022 2951
f 3023 3022 2952
f 2953 3023 2952
f 3024 3023 2953
f 3025 3024 2953
f 2954 3025 2953
f 3026 3025 2954
f 2955 3026 2954
f 2956 3026 2955
f 3027 3026 2956
f 2957 3027 2956
f 3028 3027 2957
f 2958 3028 2957
f 3029 3028 2958
f 2974 3029 2958
f 2932 3003 3002
f 3004 3003 2932
f 2933 3004 2932
f 3005 3004 2933
f 2934 3005 2933
f 2935 3005 2934
f 3006 3005 2935
f 2936 3006 2935
f 3007 3006 2936
f 3008 3007 2936
f 2937 3008 2936
f 3009 3008 2937
f 2843 2842 2915
f 2915 2904 2843
f 2844 2843 2904
f 2904 2905 2844
f 2845 2844 2905
f 2905 2906 2845
f 2846 2845 2906
f 2906 2907 2846
f 2847 2846 2907
f 2907 2908 2847
f 2848 2847 2908
f 2908 2909 2848
f 2849 2848 2909
f 2909 2910 2849
f 2850 2849 2910
f 2910 2911 2850
f 2851 2850 2911
f 2911 2912 2851
f 2852 2851 2912
f 2912 2913 2852
f 2853 2852 2913
f 2913 2914 2853
f 2803 2853 2914
f 2914 2972 2803
f 2804 2803 2972
f 2972 2960 2804
f 2805 2804 2960
f 2960 2961 2805
f 2806 2805 2961
f 2961 2962 2806
f 2807 2806 2962
f 2962 2963 2807
f 2842 2807 2963
f 2963 2915 2842
f 2842 2842 2915
f 2915 2915 2842
f 2808 2896 3028
f 3028 3029 2808
f 2809 2808 3029
f 3029 2974 2809
f 2810 2809 2974
f 2974 2975 2810
f 2811 2810 2975
f 2975 2976 2811
f 2812 2811 2976
f 2976 2977 2812
f 2813 2812 2977
f 2977 2978 2813
f 2814 2813 2978
f 2978 2979 2814
f 2815 2814 2979
f 2979 2980 2815
f 2902 2815 2980
f 2980 2981 2902
f 2856 2902 2981
f 2981 2982 2856
f 2857 2856 2982
f 2982 2983 2857
f 2816 2857 2983
f 2983 2984 2816
f 2817 2816 2984
f 2984 2985 2817
f 2818 2817 2985
f 2985 2986 2818
f 2819 2818 2986
f 2986 2987 2819
f 2820 2819 2987
f 2987 2988 2820
f 2821 2820 2988
f 2988 2989 2821
f 2822 2821 2989
f 2989 2990 2822
f 2823 2822 2990
f 2990 2991 2823
f 2824 2823 2991
f 2991 2992 2824
f 2825 2824 2992
f 2992 2993 2825
f 2826 2825 2993
f 2993 2994 2826
f 2866 2826 2994
f 2994 2995 2866
f 2867 2866 2995
f 2995 2996 2867
f 2827 2867 2996
f 2996 2997 2827
f 2828 2827 2997
f 2997 2998 2828
f 2829 2828 2998
f 2998 2999 2829
f 2830 2829 2999
f 2999 3000 2830
f 2831 2830 3000
f 3000 3001 2831
f 2832 2831 3001
f 3001 3002 2832
f 2833 2832 3002
f 3002 3003 2833
f 2872 2833 3003
f 3003 3004 2872
f 2873 2872 3004
f 3004 3005 2873
f 2874 2873 3005
f 3005 3006 2874
f 2875 2874 3006
f 3006 3007 2875
f 2876 2875 3007
f 3007 3008 2876
f 2877 2876 3008
f 3008 3009 2877
f 2878 2877 3009
f 3009 3010 2878
f 2879 2878 3010
f 3010 3011 2879
f 2880 2879 3011
f 3011 3012 2880
f 2881 2880 3012
f 3012 3013 2881
f 2882 2881 3013
f 3013 3014 2882
f 2883 2882 3014
f 3014 3015 2883
f 2884 2883 3015
f 3015 3016 2884
f 2885 2884 3016
f 3016 3017 2885
f 2886 2885 3017
f 3017 3018 2886
f 2887 2886 3018
f 3018 3019 2887
f 2888 2887 3019
f 3019 3020 2888
f 2889 2888 3020
f 3020 3021 2889
f 2890 2889 3021
f 3021 3022 2890
f 2891 2890 3022
f 3022 3023 2891
f 2892 2891 3023
f 3023 3024 2892
f 2893 2892 3024
f 3024 3025 2893
f 2894 2893 3025
f 3025 3026 2894
f 2895 2894 3026
f 3026 3027 2895
f 2896 2895 3027
f 3027 3028 2896
f 2896 2896 3028
f 3028 3028 2896
f 3034 3033 3032
f 3034 3032 3085
f 3034 3085 3086
f 3034 3086 3035
f 3035 3087 3036
f 3080 3081 3030
f 3030 3081 3031
f 3031 3081 3082
f 3031 3082 3083
f 3031 3083 3084
f 3031 3084 3085
f 3031 3085 3032
f 3042 3088 3087
f 3043 3088 3042
f 3089 3088 3043
f 3044 3089 3043
f 3090 3089 3044
f 3045 3090 3044
f 3046 3090 3045
f 3078 3039 3040
f 3041 3078 3040
f 3079 3078 3041
f 3077 3039 3078
f 3046 3091 3090
f 3038 3091 3046
f 3092 3091 3038
f 3039 3092 3038
f 3077 3092 3039
f 3047 3142 3141
f 3048 3142 3047
f 3095 3054 3055
f 3096 3095 3055
f 3053 3054 3095
f 3094 3053 3095
f 3049 3143 3142
f 3048 3049 3142
f 3050 3143 3049
f 3144 3143 3050
f 3051 3144 3050
f 3052 3144 3051
f 3094 3144 3052
f 3053 3094 3052
f 3107 3067 3108
f 3056 3099 3098
f 3057 3099 3056
f 3058 3099 3057
f 3059 3099 3058
f 3100 3099 3059
f 3060 3100 3059
f 3101 3100 3060
f 3102 3101 3060
f 3061 3102 3060
f 3103 3102 3061
f 3062 3103 3061
f 3063 3103 3062
f 3104 3103 3063
f 3105 3104 3063
f 3064 3105 3063
f 3106 3105 3064
f 3065 3106 3064
f 3066 3106 3065
f 3107 3106 3066
f 3067 3107 3066
f 3114 3075 3115
f 3068 3111 3110
f 3069 3111 3068
f 3070 3111 3069
f 3071 3111 3070
f 3112 3111 3071
f 3072 3112 3071
f 3113 3112 3072
f 3114 3113 3072
f 3073 3114 3072
f 3074 3114 3073
f 3075 3114 3074
f 2917 2925 3091
f 3091 3092 2917
f 2918 2917 3092
f 3092 3077 2918
f 2919 2918 3077
f 3077 3078 2919
f 2920 2919 3078
f 3078 3079 2920
f 2965 2920 3079
f 3079 3030 2965
f 2966 2965 3030
f 3030 3031 2966
f 2967 2966 3031
f 3031 3032 2967
f 2968 2967 3032
f 3032 3033 2968
f 2969 2968 3033
f 3033 3034 2969
f 2970 2969 3034
f 3034 3035 2970
f 2921 2970 3035
f 3035 3036 2921
f 2922 2921 3036
f 3036 3088 2922
f 2923 2922 3088
f 3088 3089 2923
f 2924 2923 3089
f 3089 3090 2924
f 2925 2924 3090
f 3090 3091 2925
f 2925 2925 3091
f 3091 3091 2925
f 2977 2976 3143
f 3143 3144 2977
f 2978 2977 3144
f 3144 3094 2978
f 2979 2978 3094
f 3094 3095 2979
f 2926 2979 3095
f 3095 3096 2926
f 2927 2926 3096
f 3096 3097 2927
f 2928 2927 3097
f 3097 3098 2928
f 2985 2928 3098
f 3098 3099 2985
f 2986 2985 3099
f 3099 3100 2986
f 2987 2986 3100
f 3100 3101 2987
f 2988 2987 3101
f 3101 3102 2988
f 2989 2988 3102
f 3102 3103 2989
f 2990 2989 3103
f 3103 3104 2990
f 2991 2990 3104
f 3104 3105 2991
f 2992 2991 3105
f 3105 3106 2992
f 2993 2992 3106
f 3106 3107 2993
f 2929 2993 3107
f 3107 3108 2929
f 2930 2929 3108
f 3108 3109 2930
f 2931 2930 3109
f 3109 3110 2931
f 2998 2931 3110
f 3110 3111 2998
f 2999 2998 3111
f 3111 3112 2999
f 3000 2999 3112
f 3112 3113 3000
f 3001 3000 3113
f 3113 3114 3001
f 2932 3001 3114
f 3114 3115 2932
f 2933 2932 3115
f 3115 3116 2933
f 2934 2933 3116
f 3116 3117 2934
f 2935 2934 3117
f 3117 3118 2935
f 2936 2935 3118
f 3118 3119 2936
f 2937 2936 3119
f 3119 3120 2937
f 2938 2937 3120
f 3120 3121 2938
f 2939 2938 3121
f 3121 3122 2939
f 2940 2939 3122
f 3122 3123 2940
f 2941 2940 3123
f 3123 3124 2941
f 2942 2941 3124
f 3124 3125 2942
f 2943 2942 3125
f 3125 3126 2943
f 2944 2943 3126
f 3126 3127 2944
f 2945 2944 3127
f 3127 3128 2945
f 2946 2945 3128
f 3128 3129 2946
f 2947 2946 3129
f 3129 3130 2947
f 2948 2947 3130
f 3130 3131 2948
f 2949 2948 3131
f 3131 3132 2949
f 2950 2949 3132
f 3132 3133 2950
f 2951 2950 3133
f 3133 3134 2951
f 2952 2951 3134
f 3134 3135 2952
f 2953 2952 3135
f 3135 3136 2953
f 2954 2953 3136
f 3136 3137 2954
f 2955 2954 3137
f 3137 3138 2955
f 2956 2955 3138
f 3138 3139 2956
f 2957 2956 3139
f 3139 3140 2957
f 2958 2957 3140
f 3140 3141 2958
f 2975 2958 3141
f 3141 3142 2975
f 2976 2975 3142
f 3142 3143 2976
f 2976 2976 3143
f 3143 3143 2976
f 3152 3151 3197
f 3152 3197 3198
f 3152 3198 3199
f 3152 3199 3200
f 3193 3194 3145
f 3145 3194 3146
f 3146 3194 3147
f 3147 3194 3195
f 3147 3195 3196
f 3147 3196 3148
f 3148 3196 3197
f 3148 3197 3149
f 3149 3197 3150
f 3150 3197 3151
f 3229 3228 3228
f 3226 3227 3227
f 3227 3227 3228
f 3159 3201 3200
f 3202 3201 3159
f 3154 3202 3159
f 3203 3202 3154
f 3204 3203 3154
f 3155 3204 3154
f 3205 3204 3155
f 3156 3205 3155
f 3191 3157 3158
f 3192 3191 3158
f 3156 3206 3205
f 3157 3206 3156
f 3191 3206 3157
f 3210 3211 3211
f 3210 3210 3211
f 3218 3161 3220
f 3160 3216 3215
f 3161 3218 3217
f 3223 3222 3223
f 3162 3235 3234
f 3236 3235 3162
f 3247 3168 3169
f 3248 3247 3169
f 3249 3248 3169
f 3170 3249 3169
f 3250 3249 3170
f 3171 3250 3170
f 3172 3250 3171
f 3251 3250 3172
f 3173 3251 3172
f 3252 3251 3173
f 3253 3252 3173
f 3174 3253 3173
f 3254 3253 3174
f 3175 3254 3174
f 3176 3254 3175
f 3255 3254 3176
f 3256 3255 3176
f 3177 3256 3176
f 3257 3256 3177
f 3178 3257 3177
f 3258 3257 3178
f 3179 3258 3178
f 3259 3258 3179
f 3180 3259 3179
f 3181 3259 3180
f 3260 3259 3181
f 3182 3260 3181
f 3261 3260 3182
f 3262 3261 3182
f 3183 3262 3182
f 3263 3262 3183
f 3184 3263 3183
f 3185 3263 3184
f 3264 3263 3185
f 3186 3264 3185
f 3265 3264 3186
f 3187 3265 3186
f 3266 3265 3187
f 3188 3266 3187
f 3267 3266 3188
f 3189 3267 3188
f 3268 3267 3189
f 3208 3268 3189
f 3163 3242 3241
f 3243 3242 3163
f 3164 3243 3163
f 3244 3243 3164
f 3165 3244 3164
f 3245 3244 3165
f 3166 3245 3165
f 3246 3245 3166
f 3167 3246 3166
f 3168 3246 3167
f 3247 3246 3168
f 3038 3046 3205
f 3205 3206 3038
f 3039 3038 3206
f 3206 3191 3039
f 3040 3039 3191
f 3191 3192 3040
f 3041 3040 3192
f 3192 3145 3041
f 3080 3041 3145
f 3145 3146 3080
f 3081 3080 3146
f 3146 3147 3081
f 3082 3081 3147
f 3147 3148 3082
f 3083 3082 3148
f 3148 3149 3083
f 3084 3083 3149
f 3149 3150 3084
f 3085 3084 3150
f 3150 3151 3085
f 3086 3085 3151
f 3151 3152 3086
f 3042 3086 3152
f 3152 3201 3042
f 3043 3042 3201
f 3201 3202 3043
f 3044 3043 3202
f 3202 3203 3044
f 3045 3044 3203
f 3203 3204 3045
f 3046 3045 3204
f 3204 3205 3046
f 3046 3046 3205
f 3205 3205 3046
f 3047 3140 3267
f 3267 3268 3047
f 3048 3047 3268
f 3268 3208 3048
f 3049 3048 3208
f 3208 3210 3049
f 3050 3049 3210
f 3210 3211 3050
f 3051 3050 3211
f 3211 3212 3051
f 3052 3051 3212
f 3212 3213 3052
f 3053 3052 3213
f 3213 3214 3053
f 3054 3053 3214
f 3214 3215 3054
f 3055 3054 3215
f 3215 3216 3055
f 3097 3055 3216
f 3216 3217 3097
f 3056 3097 3217
f 3217 3218 3056
f 3057 3056 3218
f 3218 3220 3057
f 3058 3057 3220
f 3220 3221 3058
f 3059 3058 3221
f 3221 3222 3059
f 3060 3059 3222
f 3222 3223 3060
f 3061 3060 3223
f 3223 3224 3061
f 3062 3061 3224
f 3224 3225 3062
f 3063 3062 3225
f 3225 3226 3063
f 3064 3063 3226
f 3226 3227 3064
f 3065 3064 3227
f 3227 3228 3065
f 3066 3065 3228
f 3228 3230 3066
f 3067 3066 3230
f 3230 3231 3067
f 3109 3067 3231
f 3231 3232 3109
f 3068 3109 3232
f 3232 3234 3068
f 3069 3068 3234
f 3234 3235 3069
f 3070 3069 3235
f 3235 3236 3070
f 3071 3070 3236
f 3236 3237 3071
f 3072 3071 3237
f 3237 3239 3072
f 3073 3072 3239
f 3239 3240 3073
f 3074 3073 3240
f 3240 3241 3074
f 3075 3074 3241
f 3241 3242 3075
f 3116 3075 3242
f 3242 3243 3116
f 3117 3116 3243
f 3243 3244 3117
f 3118 3117 3244
f 3244 3245 3118
f 3119 3118 3245
f 3245 3246 3119
f 3120 3119 3246
f 3246 3247 3120
f 3121 3120 3247
f 3247 3248 3121
f 3122 3121 3248
f 3248 3249 3122
f 3123 3122 3249
f 3249 3250 3123
f 3124 3123 3250
f 3250 3251 3124
f 3125 3124 3251
f 3251 3252 3125
f 3126 3125 3252
f 3252 3253 3126
f 3127 3126 3253
f 3253 3254 3127
f 3128 3127 3254
f 3254 3255 3128
f 3129 3128 3255
f 3255 3256 3129
f 3130 3129 3256
f 3256 3257 3130
f 3131 3130 3257
f 3257 3258 3131
f 3132 3131 3258
f 3258 3259 3132
f 3133 3132 3259
f 3259 3260 3133
f 3134 3133 3260
f 3260 3261 3134
f 3135 3134 3261
f 3261 3262 3135
f 3136 3135 3262
f 3262 3263 3136
f 3137 3136 3263
f 3263 3264 3137
f 3138 3137 3264
f 3264 3265 3138
f 3139 3138 3265
f 3265 3266 3139
f 3140 3139 3266
f 3266 3267 3140
f 3140 3140 3267
f 3267 3267 3140
f 3276 3275 3326
f 3276 3326 3327
f 3276 3327 3277
f 3277 3327 3328
f 3277 3328 3278
f 3278 3328 3329
f 3322 3323 3271
f 3322 3271 3270
f 3271 3323 3272
f 3272 3323 3324
f 3272 3324 3273
f 3273 3324 3325
f 3273 3325 3274
f 3274 3325 3326
f 3274 3326 3275
f 3287 3330 3329
f 3286 3287 3329
f 3288 3330 3287
f 3318 3330 3288
f 3280 3318 3288
f 3319 3318 3280
f 3281 3319 3280
f 3321 3282 3283
f 3322 3321 3283
f 3285 3322 3283
f 3284 3285 3283
f 3320 3282 3321
f 3281 3320 3319
f 3282 3320 3281
f 3352 3302 3353
f 3303 3375 3374
f 3376 3375 3303
f 3377 3376 3303
f 3378 3377 3303
f 3379 3378 3303
f 3304 3379 3303
f 3380 3379 3304
f 3306 3380 3304
f 3305 3306 3304
f 3381 3380 3306
f 3307 3381 3306
f 3382 3381 3307
f 3332 3382 3307
f 3333 3332 3307
f 3308 3333 3307
f 3334 3333 3308
f 3335 3334 3308
f 3309 3335 3308
f 3336 3335 3309
f 3310 3336 3309
f 3337 3336 3310
f 3311 3337 3310
f 3312 3337 3311
f 3338 3337 3312
f 3313 3338 3312
f 3339 3338 3313
f 3340 3339 3313
f 3314 3340 3313
f 3341 3340 3314
f 3315 3341 3314
f 3316 3341 3315
f 3342 3341 3316
f 3343 3342 3316
f 3290 3343 3316
f 3344 3343 3290
f 3291 3344 3290
f 3345 3344 3291
f 3292 3345 3291
f 3346 3345 3292
f 3293 3346 3292
f 3294 3346 3293
f 3347 3346 3294
f 3295 3347 3294
f 3348 3347 3295
f 3296 3348 3295
f 3349 3348 3296
f 3297 3349 3296
f 3298 3349 3297
f 3350 3349 3298
f 3299 3350 3298
f 3351 3350 3299
f 3352 3351 3299
f 3300 3352 3299
f 3301 3352 3300
f 3302 3352 3301
f 3154 3159 3278
f 3278 3330 3154
f 3155 3154 3330
f 3330 3318 3155
f 3156 3155 3318
f 3318 3319 3156
f 3157 3156 3319
f 3319 3320 3157
f 3158 3157 3320
f 3320 3321 3158
f 3193 3158 3321
f 3321 3270 3193
f 3194 3193 3270
f 3270 3271 3194
f 3195 3194 3271
f 3271 3272 3195
f 3196 3195 3272
f 3272 3273 3196
f 3197 3196 3273
f 3273 3274 3197
f 3198 3197 3274
f 3274 3275 3198
f 3199 3198 3275
f 3275 3276 3199
f 3200 3199 3276
f 3276 3277 3200
f 3159 3200 3277
f 3277 3278 3159
f 3159 3159 3278
f 3278 3278 3159
f 3212 3211 3381
f 3381 3382 3212
f 3213 3212 3382
f 3382 3332 3213
f 3214 3213 3332
f 3332 3333 3214
f 3160 3214 3333
f 3333 3334 3160
f 3217 3160 3334
f 3334 3335 3217
f 3161 3217 3335
f 3335 3336 3161
f 3221 3161 3336
f 3336 3337 3221
f 3222 3221 3337
f 3337 3338 3222
f 3223 3222 3338
f 3338 3339 3223
f 3224 3223 3339
f 3339 3340 3224
f 3225 3224 3340
f 3340 3341 3225
f 3226 3225 3341
f 3341 3342 3226
f 3227 3226 3342
f 3342 3343 3227
f 3228 3227 3343
f 3343 3344 3228
f 3230 3228 3344
f 3344 3345 3230
f 3231 3230 3345
f 3345 3346 3231
f 3232 3231 3346
f 3346 3347 3232
f 3162 3232 3347
f 3347 3348 3162
f 3236 3162 3348
f 3348 3349 3236
f 3237 3236 3349
f 3349 3350 3237
f 3239 3237 3350
f 3350 3351 3239
f 3240 3239 3351
f 3351 3352 3240
f 3163 3240 3352
f 3352 3353 3163
f 3164 3163 3353
f 3353 3354 3164
f 3165 3164 3354
f 3354 3355 3165
f 3166 3165 3355
f 3355 3356 3166
f 3167 3166 3356
f 3356 3357 3167
f 3168 3167 3357
f 3357 3358 3168
f 3169 3168 3358
f 3358 3359 3169
f 3170 3169 3359
f 3359 3360 3170
f 3171 3170 3360
f 3360 3361 3171
f 3172 3171 3361
f 3361 3362 3172
f 3173 3172 3362
f 3362 3363 3173
f 3174 3173 3363
f 3363 3364 3174
f 3175 3174 3364
f 3364 3365 3175
f 3176 3175 3365
f 3365 3366 3176
f 3177 3176 3366
f 3366 3367 3177
f 3178 3177 3367
f 3367 3368 3178
f 3179 3178 3368
f 3368 3369 3179
f 3180 3179 3369
f 3369 3370 3180
f 3181 3180 3370
f 3370 3371 3181
f 3182 3181 3371
f 3371 3372 3182
f 3183 3182 3372
f 3372 3373 3183
f 3184 3183 3373
f 3373 3374 3184
f 3185 3184 3374
f 3374 3375 3185
f 3186 3185 3375
f 3375 3376 3186
f 3187 3186 3376
f 3376 3377 3187
f 3188 3187 3377
f 3377 3378 3188
f 3189 3188 3378
f 3378 3379 3189
f 3210 3189 3379
f 3379 3380 3210
f 3211 3210 3380
f 3380 3381 3211
f 3211 3211 3381
f 3381 3381 3211
f 3389 3388 3430
f 3389 3430 3431
f 3389 3431 3390
f 3390 3431 3432
f 3390 3432 3433
f 3383 3425 3384
f 3384 3425 3426
f 3384 3426 3385
f 3385 3426 3427
f 3385 3427 3386
f 3386 3427 3428
f 3386 3428 3387
f 3387 3428 3429
f 3387 3429 3430
f 3387 3430 3388
f 3487 3486 3486
f 3444 3444 3445
f 3445 3445 3446
f 3445 3446 3446
f 3479 3480 3479
f 3479 3480 3480
f 3481 3481 3482
f 3392 3434 3433
f 3391 3392 3433
f 3393 3434 3392
f 3435 3434 3393
f 3394 3435 3393
f 3436 3435 3394
f 3395 3436 3394
f 3423 3397 3398
f 3424 3423 3398
f 3396 3422 3436
f 3395 3396 3436
f 3397 3422 3396
f 3423 3422 3397
f 3441 3440 3440
f 3457 3403 3404
f 3458 3457 3404
f 3459 3458 3404
f 3405 3459 3404
f 3406 3459 3405
f 3460 3459 3406
f 3407 3460 3406
f 3461 3460 3407
f 3408 3461 3407
f 3409 3461 3408
f 3462 3461 3409
f 3463 3462 3409
f 3399 3452 3451
f 3400 3453 3399
f 3454 3453 3400
f 3455 3454 3400
f 3401 3455 3400
f 3402 3455 3401
f 3456 3455 3402
f 3403 3456 3402
f 3457 3456 3403
f 3410 3465 3464
f 3411 3466 3410
f 3467 3466 3411
f 3468 3467 3411
f 3412 3468 3411
f 3413 3468 3412
f 3469 3468 3413
f 3414 3469 3413
f 3470 3469 3414
f 3471 3470 3414
f 3415 3471 3414
f 3472 3471 3415
f 3473 3472 3415
f 3474 3473 3415
f 3416 3474 3415
f 3475 3474 3416
f 3476 3475 3416
f 3419 3476 3416
f 3417 3419 3416
f 3418 3419 3417
f 3420 3476 3419
f 3477 3476 3420
f 3478 3477 3420
f 3479 3478 3420
f 3484 3484 3483
f 3487 3488 3487
f 3280 3288 3435
f 3435 3436 3280
f 3281 3280 3436
f 3436 3422 3281
f 3282 3281 3422
f 3422 3423 3282
f 3283 3282 3423
f 3423 3424 3283
f 3284 3283 3424
f 3424 3383 3284
f 3285 3284 3383
f 3383 3384 3285
f 3323 3285 3384
f 3384 3385 3323
f 3324 3323 3385
f 3385 3386 3324
f 3325 3324 3386
f 3386 3387 3325
f 3326 3325 3387
f 3387 3388 3326
f 3327 3326 3388
f 3388 3389 3327
f 3328 3327 3389
f 3389 3390 3328
f 3286 3328 3390
f 3390 3433 3286
f 3287 3286 3433
f 3433 3434 3287
f 3288 3287 3434
f 3434 3435 3288
f 3288 3288 3435
f 3435 3435 3288
f 3290 3316 3487
f 3487 3488 3290
f 3291 3290 3488
f 3488 3439 3291
f 3292 3291 3439
f 3439 3440 3292
f 3293 3292 3440
f 3440 3441 3293
f 3294 3293 3441
f 3441 3442 3294
f 3295 3294 3442
f 3442 3444 3295
f 3296 3295 3444
f 3444 3445 3296
f 3297 3296 3445
f 3445 3446 3297
f 3298 3297 3446
f 3446 3448 3298
f 3299 3298 3448
f 3448 3449 3299
f 3300 3299 3449
f 3449 3450 3300
f 3301 3300 3450
f 3450 3451 3301
f 3302 3301 3451
f 3451 3452 3302
f 3354 3302 3452
f 3452 3453 3354
f 3355 3354 3453
f 3453 3454 3355
f 3356 3355 3454
f 3454 3455 3356
f 3357 3356 3455
f 3455 3456 3357
f 3358 3357 3456
f 3456 3457 3358
f 3359 3358 3457
f 3457 3458 3359
f 3360 3359 3458
f 3458 3459 3360
f 3361 3360 3459
f 3459 3460 3361
f 3362 3361 3460
f 3460 3461 3362
f 3363 3362 3461
f 3461 3462 3363
f 3364 3363 3462
f 3462 3463 3364
f 3365 3364 3463
f 3463 3464 3365
f 3366 3365 3464
f 3464 3465 3366
f 3367 3366 3465
f 3465 3466 3367
f 3368 3367 3466
f 3466 3467 3368
f 3369 3368 3467
f 3467 3468 3369
f 3370 3369 3468
f 3468 3469 3370
f 3371 3370 3469
f 3469 3470 3371
f 3372 3371 3470
f 3470 3471 3372
f 3373 3372 3471
f 3471 3472 3373
f 3303 3373 3472
f 3472 3473 3303
f 3304 3303 3473
f 3473 3474 3304
f 3305 3304 3474
f 3474 3475 3305
f 3306 3305 3475
f 3475 3476 3306
f 3307 3306 3476
f 3476 3477 3307
f 3308 3307 3477
f 3477 3478 3308
f 3309 3308 3478
f 3478 3479 3309
f 3310 3309 3479
f 3479 3480 3310
f 3311 3310 3480
f 3480 3481 3311
f 3312 3311 3481
f 3481 3482 3312
f 3313 3312 3482
f 3482 3484 3313
f 3314 3313 3484
f 3484 3485 3314
f 3315 3314 3485
f 3485 3486 3315
f 3316 3315 3486
f 3486 3487 3316
f 3316 3316 3487
f 3487 3487 3316
f 3494 3493 3546
f 3494 3546 3547
f 3494 3547 3495
f 3495 3547 3548
f 3541 3542 3489
f 3489 3542 3490
f 3490 3542 3543
f 3490 3543 3491
f 3491 3543 3544
f 3491 3544 3492
f 3492 3544 3493
f 3493 3544 3545
f 3493 3545 3546
f 3502 3551 3550
f 3503 3551 3502
f 3552 3551 3503
f 3497 3552 3503
f 3553 3552 3497
f 3498 3553 3497
f 3556 3499 3500
f 3501 3556 3500
f 3557 3556 3501
f 3555 3499 3556
f 3498 3554 3553
f 3555 3554 3498
f 3499 3555 3498
f 3566 3521 3567
f 3529 3583 3582
f 3584 3583 3529
f 3530 3584 3529
f 3585 3584 3530
f 3531 3585 3530
f 3533 3585 3531
f 3532 3533 3531
f 3586 3585 3533
f 3587 3586 3533
f 3534 3587 3533
f 3588 3587 3534
f 3535 3588 3534
f 3589 3588 3535
f 3536 3589 3535
f 3590 3589 3536
f 3591 3590 3536
f 3537 3591 3536
f 3538 3591 3537
f 3592 3591 3538
f 3539 3592 3538
f 3593 3592 3539
f 3594 3593 3539
f 3505 3594 3539
f 3506 3594 3505
f 3595 3594 3506
f 3507 3595 3506
f 3596 3595 3507
f 3597 3596 3507
f 3508 3597 3507
f 3509 3597 3508
f 3598 3597 3509
f 3510 3598 3509
f 3599 3598 3510
f 3511 3599 3510
f 3560 3599 3511
f 3512 3560 3511
f 3561 3560 3512
f 3513 3561 3512
f 3514 3561 3513
f 3562 3561 3514
f 3563 3562 3514
f 3515 3563 3514
f 3564 3563 3515
f 3516 3564 3515
f 3517 3564 3516
f 3565 3564 3517
f 3518 3565 3517
f 3566 3565 3518
f 3519 3566 3518
f 3520 3566 3519
f 3521 3566 3520
f 3522 3573 3572
f 3523 3577 3576
f 3524 3577 3523
f 3525 3577 3524
f 3526 3577 3525
f 3527 3577 3526
f 3528 3577 3527
f 3578 3577 3528
f 3426 3425 3557
f 3557 3489 3426
f 3427 3426 3489
f 3489 3490 3427
f 3428 3427 3490
f 3490 3491 3428
f 3429 3428 3491
f 3491 3492 3429
f 3430 3429 3492
f 3492 3493 3430
f 3431 3430 3493
f 3493 3494 3431
f 3432 3431 3494
f 3494 3495 3432
f 3391 3432 3495
f 3495 3549 3391
f 3392 3391 3549
f 3549 3550 3392
f 3393 3392 3550
f 3550 3551 3393
f 3394 3393 3551
f 3551 3552 3394
f 3395 3394 3552
f 3552 3553 3395
f 3396 3395 3553
f 3553 3554 3396
f 3397 3396 3554
f 3554 3555 3397
f 3398 3397 3555
f 3555 3556 3398
f 3425 3398 3556
f 3556 3557 3425
f 3425 3425 3557
f 3557 3557 3425
f 3442 3441 3598
f 3598 3599 3442
f 3444 3442 3599
f 3599 3560 3444
f 3445 3444 3560
f 3560 3561 3445
f 3446 3445 3561
f 3561 3562 3446
f 3448 3446 3562
f 3562 3563 3448
f 3449 3448 3563
f 3563 3564 3449
f 3450 3449 3564
f 3564 3565 3450
f 3399 3450 3565
f 3565 3566 3399
f 3400 3399 3566
f 3566 3567 3400
f 3401 3400 3567
f 3567 3568 3401
f 3402 3401 3568
f 3568 3569 3402
f 3403 3402 3569
f 3569 3570 3403
f 3404 3403 3570
f 3570 3571 3404
f 3405 3404 3571
f 3571 3572 3405
f 3406 3405 3572
f 3572 3573 3406
f 3407 3406 3573
f 3573 3574 3407
f 3408 3407 3574
f 3574 3575 3408
f 3409 3408 3575
f 3575 3576 3409
f 3410 3409 3576
f 3576 3577 3410
f 3411 3410 3577
f 3577 3578 3411
f 3412 3411 3578
f 3578 3579 3412
f 3413 3412 3579
f 3579 3580 3413
f 3414 3413 3580
f 3580 3581 3414
f 3415 3414 3581
f 3581 3582 3415
f 3416 3415 3582
f 3582 3583 3416
f 3417 3416 3583
f 3583 3584 3417
f 3418 3417 3584
f 3584 3585 3418
f 3419 3418 3585
f 3585 3586 3419
f 3420 3419 3586
f 3586 3587 3420
f 3480 3420 3587
f 3587 3588 3480
f 3481 3480 3588
f 3588 3589 3481
f 3482 3481 3589
f 3589 3590 3482
f 3484 3482 3590
f 3590 3591 3484
f 3485 3484 3591
f 3591 3592 3485
f 3486 3485 3592
f 3592 3593 3486
f 3487 3486 3593
f 3593 3594 3487
f 3488 3487 3594
f 3594 3595 3488
f 3439 3488 3595
f 3595 3596 3439
f 3440 3439 3596
f 3596 3597 3440
f 3441 3440 3597
f 3597 3598 3441
f 3441 3441 3598
f 3598 3598 3441
f 3605 3604 3642
f 3605 3642 3606
f 3606 3642 3643
f 3637 3638 3600
f 3600 3638 3639
f 3600 3639 3601
f 3601 3639 3640
f 3601 3640 3602
f 3602 3640 3603
f 3603 3640 3641
f 3603 3641 3604
f 3604 3641 3642
f 3607 3646 3645
f 3608 3646 3607
f 3647 3646 3608
f 3609 3647 3608
f 3648 3647 3609
f 3610 3648 3609
f 3649 3648 3610
f 3611 3649 3610
f 3634 3612 3613
f 3635 3634 3613
f 3611 3633 3649
f 3612 3633 3611
f 3634 3633 3612
f 3655 3614 3656
f 3670 3617 3618
f 3671 3670 3618
f 3619 3671 3618
f 3620 3671 3619
f 3672 3671 3620
f 3621 3672 3620
f 3673 3672 3621
f 3674 3673 3621
f 3615 3667 3666
f 3668 3667 3615
f 3616 3668 3615
f 3669 3668 3616
f 3617 3669 3616
f 3670 3669 3617
f 3622 3680 3679
f 3681 3680 3622
f 3623 3681 3622
f 3682 3681 3623
f 3624 3682 3623
f 3625 3683 3624
f 3684 3683 3625
f 3626 3684 3625
f 3685 3684 3626
f 3627 3685 3626
f 3686 3685 3627
f 3628 3686 3627
f 3629 3686 3628
f 3687 3686 3629
f 3630 3687 3629
f 3497 3503 3648
f 3648 3649 3497
f 3498 3497 3649
f 3649 3633 3498
f 3499 3498 3633
f 3633 3634 3499
f 3500 3499 3634
f 3634 3635 3500
f 3501 3500 3635
f 3635 3636 3501
f 3541 3501 3636
f 3636 3600 3541
f 3542 3541 3600
f 3600 3601 3542
f 3543 3542 3601
f 3601 3602 3543
f 3544 3543 3602
f 3602 3603 3544
f 3545 3544 3603
f 3603 3604 3545
f 3546 3545 3604
f 3604 3605 3546
f 3547 3546 3605
f 3605 3606 3547
f 3548 3547 3606
f 3606 3645 3548
f 3549 3548 3645
f 3645 3646 3549
f 3502 3549 3646
f 3646 3647 3502
f 3503 3502 3647
f 3647 3648 3503
f 3503 3503 3648
f 3648 3648 3503
f 3505 3539 3693
f 3693 3694 3505
f 3506 3505 3694
f 3694 3651 3506
f 3507 3506 3651
f 3651 3652 3507
f 3508 3507 3652
f 3652 3653 3508
f 3509 3508 3653
f 3653 3654 3509
f 3510 3509 3654
f 3654 3655 3510
f 3511 3510 3655
f 3655 3656 3511
f 3512 3511 3656
f 3656 3657 3512
f 3513 3512 3657
f 3657 3658 3513
f 3514 3513 3658
f 3658 3659 3514
f 3515 3514 3659
f 3659 3660 3515
f 3516 3515 3660
f 3660 3661 3516
f 3517 3516 3661
f 3661 3662 3517
f 3518 3517 3662
f 3662 3663 3518
f 3519 3518 3663
f 3663 3664 3519
f 3520 3519 3664
f 3664 3665 3520
f 3521 3520 3665
f 3665 3666 3521
f 3568 3521 3666
f 3666 3667 3568
f 3569 3568 3667
f 3667 3668 3569
f 3570 3569 3668
f 3668 3669 3570
f 3571 3570 3669
f 3669 3670 3571
f 3522 3571 3670
f 3670 3671 3522
f 3574 3522 3671
f 3671 3672 3574
f 3575 3574 3672
f 3672 3673 3575
f 3523 3575 3673
f 3673 3674 3523
f 3524 3523 3674
f 3674 3675 3524
f 3525 3524 3675
f 3675 3676 3525
f 3526 3525 3676
f 3676 3677 3526
f 3527 3526 3677
f 3677 3678 3527
f 3528 3527 3678
f 3678 3679 3528
f 3579 3528 3679
f 3679 3680 3579
f 3580 3579 3680
f 3680 3681 3580
f 3581 3580 3681
f 3681 3682 3581
f 3529 3581 3682
f 3682 3683 3529
f 3530 3529 3683
f 3683 3684 3530
f 3531 3530 3684
f 3684 3685 3531
f 3532 3531 3685
f 3685 3686 3532
f 3533 3532 3686
f 3686 3687 3533
f 3534 3533 3687
f 3687 3688 3534
f 3535 3534 3688
f 3688 3689 3535
f 3536 3535 3689
f 3689 3690 3536
f 3537 3536 3690
f 3690 3691 3537
f 3538 3537 3691
f 3691 3692 3538
f 3539 3538 3692
f 3692 3693 3539
f 3539 3539 3693
f 3693 3693 3539
f 3701 3700 3764
f 3701 3764 3765
f 3759 3760 3696
f 3696 3760 3697
f 3697 3760 3698
f 3698 3760 3761
f 3698 3761 3762
f 3698 3762 3699
f 3699 3762 3763
f 3699 3763 3700
f 3700 3763 3764
f 3707 3751 3750
f 3708 3751 3707
f 3752 3751 3708
f 3703 3752 3708
f 3753 3752 3703
f 3757 3706 3758
f 3704 3756 3755
f 3756 3704 3705
f 3706 3757 3705
f 3780 3721 3781
f 3731 3795 3730
f 3796 3795 3731
f 3732 3796 3731
f 3733 3796 3732
f 3797 3796 3733
f 3734 3797 3733
f 3735 3797 3734
f 3799 3736 3737
f 3800 3799 3737
f 3738 3800 3737
f 3801 3800 3738
f 3739 3801 3738
f 3802 3801 3739
f 3740 3802 3739
f 3803 3802 3740
f 3741 3803 3740
f 3804 3803 3741
f 3805 3804 3741
f 3742 3805 3741
f 3743 3805 3742
f 3806 3805 3743
f 3744 3806 3743
f 3807 3806 3744
f 3808 3807 3744
f 3745 3808 3744
f 3768 3808 3745
f 3746 3768 3745
f 3747 3768 3746
f 3769 3768 3747
f 3748 3769 3747
f 3770 3769 3748
f 3771 3770 3748
f 3710 3771 3748
f 3711 3771 3710
f 3772 3771 3711
f 3773 3772 3711
f 3712 3773 3711
f 3774 3773 3712
f 3713 3774 3712
f 3714 3774 3713
f 3775 3774 3714
f 3715 3775 3714
f 3776 3775 3715
f 3777 3776 3715
f 3716 3777 3715
f 3778 3777 3716
f 3717 3778 3716
f 3718 3778 3717
f 3779 3778 3718
f 3780 3779 3718
f 3719 3780 3718
f 3720 3780 3719
f 3721 3780 3720
f 3735 3798 3797
f 3736 3798 3735
f 3799 3798 3736
f 3722 3788 3787
f 3723 3788 3722
f 3724 3788 3723
f 3725 3788 3724
f 3789 3788 3725
f 3726 3789 3725
f 3790 3789 3726
f 3791 3790 3726
f 3727 3791 3726
f 3728 3791 3727
f 3729 3791 3728
f 3792 3791 3729
f 3607 3643 3701
f 3701 3766 3607
f 3608 3607 3766
f 3766 3750 3608
f 3609 3608 3750
f 3750 3751 3609
f 3610 3609 3751
f 3751 3752 3610
f 3611 3610 3752
f 3752 3753 3611
f 3612 3611 3753
f 3753 3755 3612
f 3613 3612 3755
f 3755 3756 3613
f 3636 3613 3756
f 3756 3757 3636
f 3637 3636 3757
f 3757 3758 3637
f 3638 3637 3758
f 3758 3696 3638
f 3639 3638 3696
f 3696 3697 3639
f 3640 3639 3697
f 3697 3698 3640
f 3641 3640 3698
f 3698 3699 3641
f 3642 3641 3699
f 3699 3700 3642
f 3643 3642 3700
f 3700 3701 3643
f 3643 3643 3701
f 3701 3701 3643
f 3651 3694 3807
f 3807 3808 3651
f 3652 3651 3808
f 3808 3768 3652
f 3653 3652 3768
f 3768 3769 3653
f 3654 3653 3769
f 3769 3770 3654
f 3614 3654 3770
f 3770 3771 3614
f 3657 3614 3771
f 3771 3772 3657
f 3658 3657 3772
f 3772 3773 3658
f 3659 3658 3773
f 3773 3774 3659
f 3660 3659 3774
f 3774 3775 3660
f 3661 3660 3775
f 3775 3776 3661
f 3662 3661 3776
f 3776 3777 3662
f 3663 3662 3777
f 3777 3778 3663
f 3664 3663 3778
f 3778 3779 3664
f 3665 3664 3779
f 3779 3780 3665
f 3615 3665 3780
f 3780 3781 3615
f 3616 3615 3781
f 3781 3782 3616
f 3617 3616 3782
f 3782 3783 3617
f 3618 3617 3783
f 3783 3784 3618
f 3619 3618 3784
f 3784 3785 3619
f 3620 3619 3785
f 3785 3786 3620
f 3621 3620 3786
f 3786 3787 3621
f 3675 3621 3787
f 3787 3788 3675
f 3676 3675 3788
f 3788 3789 3676
f 3677 3676 3789
f 3789 3790 3677
f 3678 3677 3790
f 3790 3791 3678
f 3622 3678 3791
f 3791 3792 3622
f 3623 3622 3792
f 3792 3793 3623
f 3624 3623 3793
f 3793 3794 3624
f 3625 3624 3794
f 3794 3795 3625
f 3626 3625 3795
f 3795 3796 3626
f 3627 3626 3796
f 3796 3797 3627
f 3628 3627 3797
f 3797 3798 3628
f 3629 3628 3798
f 3798 3799 3629
f 3630 3629 3799
f 3799 3800 3630
f 3631 3630 3800
f 3800 3801 3631
f 3689 3631 3801
f 3801 3802 3689
f 3690 3689 3802
f 3802 3803 3690
f 3691 3690 3803
f 3803 3804 3691
f 3692 3691 3804
f 3804 3805 3692
f 3693 3692 3805
f 3805 3806 3693
f 3694 3693 3806
f 3806 3807 3694
f 3694 3694 3807
f 3807 3807 3694
f 3815 3814 3850
f 3815 3850 3851
f 3815 3851 3852
f 3815 3852 3816
f 3816 3852 3853
f 3816 3853 3817
f 3844 3845 3810
f 3844 3810 3809
f 3810 3845 3846
f 3810 3846 3811
f 3811 3846 3847
f 3811 3847 3848
f 3811 3848 3812
f 3812 3848 3813
f 3813 3848 3849
f 3813 3849 3814
f 3814 3849 3850
f 3818 3854 3853
f 3819 3854 3818
f 3855 3854 3819
f 3820 3855 3819
f 3856 3855 3820
f 3821 3856 3820
f 3841 3822 3823
f 3842 3841 3823
f 3821 3841 3856
f 3822 3841 3821
f 3867 3824 3868
f 3871 3825 3826
f 3872 3871 3826
f 3827 3872 3826
f 3828 3872 3827
f 3873 3872 3828
f 3825 3870 3869
f 3871 3870 3825
f 3829 3875 3874
f 3830 3881 3880
f 3832 3883 3831
f 3884 3883 3832
f 3833 3884 3832
f 3885 3884 3833
f 3886 3885 3833
f 3834 3886 3833
f 3887 3886 3834
f 3835 3887 3834
f 3888 3887 3835
f 3836 3888 3835
f 3889 3837 3838
f 3890 3889 3838
f 3839 3890 3838
f 3837 3889 3888
f 3836 3837 3888
f 3703 3708 3855
f 3855 3856 3703
f 3704 3703 3856
f 3856 3841 3704
f 3705 3704 3841
f 3841 3842 3705
f 3706 3705 3842
f 3842 3809 3706
f 3759 3706 3809
f 3809 3810 3759
f 3760 3759 3810
f 3810 3811 3760
f 3761 3760 3811
f 3811 3812 3761
f 3762 3761 3812
f 3812 3813 3762
f 3763 3762 3813
f 3813 3814 3763
f 3764 3763 3814
f 3814 3815 3764
f 3765 3764 3815
f 3815 3816 3765
f 3766 3765 3816
f 3816 3817 3766
f 3707 3766 3817
f 3817 3854 3707
f 3708 3707 3854
f 3854 3855 3708
f 3708 3708 3855
f 3855 3855 3708
f 3710 3748 3901
f 3901 3902 3710
f 3711 3710 3902
f 3902 3858 3711
f 3712 3711 3858
f 3858 3859 3712
f 3713 3712 3859
f 3859 3860 3713
f 3714 3713 3860
f 3860 3861 3714
f 3715 3714 3861
f 3861 3862 3715
f 3716 3715 3862
f 3862 3863 3716
f 3717 3716 3863
f 3863 3864 3717
f 3718 3717 3864
f 3864 3865 3718
f 3719 3718 3865
f 3865 3866 3719
f 3720 3719 3866
f 3866 3867 3720
f 3721 3720 3867
f 3867 3868 3721
f 3782 3721 3868
f 3868 3869 3782
f 3783 3782 3869
f 3869 3870 3783
f 3784 3783 3870
f 3870 3871 3784
f 3785 3784 3871
f 3871 3872 3785
f 3786 3785 3872
f 3872 3873 3786
f 3722 3786 3873
f 3873 3874 3722
f 3723 3722 3874
f 3874 3875 3723
f 3724 3723 3875
f 3875 3876 3724
f 3725 3724 3876
f 3876 3877 3725
f 3726 3725 3877
f 3877 3878 3726
f 3727 3726 3878
f 3878 3879 3727
f 3728 3727 3879
f 3879 3880 3728
f 3729 3728 3880
f 3880 3881 3729
f 3793 3729 3881
f 3881 3882 3793
f 3730 3793 3882
f 3882 3883 3730
f 3731 3730 3883
f 3883 3884 3731
f 3732 3731 3884
f 3884 3885 3732
f 3733 3732 3885
f 3885 3886 3733
f 3734 3733 3886
f 3886 3887 3734
f 3735 3734 3887
f 3887 3888 3735
f 3736 3735 3888
f 3888 3889 3736
f 3737 3736 3889
f 3889 3890 3737
f 3738 3737 3890
f 3890 3891 3738
f 3739 3738 3891
f 3891 3892 3739
f 3740 3739 3892
f 3892 3893 3740
f 3741 3740 3893
f 3893 3894 3741
f 3742 3741 3894
f 3894 3895 3742
f 3743 3742 3895
f 3895 3896 3743
f 3744 3743 3896
f 3896 3897 3744
f 3745 3744 3897
f 3897 3898 3745
f 3746 3745 3898
f 3898 3899 3746
f 3747 3746 3899
f 3899 3900 3747
f 3748 3747 3900
f 3900 3901 3748
f 3748 3748 3901
f 3901 3901 3748
f 3904 3911 3978
f 3904 3978 3979
f 3973 3974 3905
f 3905 3974 3906
f 3906 3974 3907
f 3907 3974 3975
f 3907 3975 3908
f 3908 3975 3976
f 3908 3976 3909
f 3909 3976 3977
f 3909 3977 3910
f 3910 3977 3978
f 3910 3978 3911
f 3914 3966 3965
f 3913 3914 3965
f 3915 3966 3914
f 3967 3966 3915
f 3968 3967 3915
f 3916 3968 3915
f 3970 3917 3918
f 3971 3970 3918
f 3969 3917 3970
f 3916 3969 3968
f 3917 3969 3916
f 3987 3938 3988
f 3950 4000 3949
f 4001 4000 3950
f 3951 4001 3950
f 3952 4001 3951
f 4002 4001 3952
f 3953 4002 3952
f 4005 3955 3956
f 3957 4005 3956
f 3954 4003 4002
f 3953 3954 4002
f 4004 4003 3954
f 3955 4004 3954
f 4005 4004 3955
f 3959 4006 3958
f 4007 4006 3959
f 4008 4007 3959
f 3960 4008 3959
f 3961 4008 3960
f 4009 4008 3961
f 3962 4009 3961
f 4010 4009 3962
f 4011 4010 3962
f 3963 4011 3962
f 4012 4011 3963
f 3920 4012 3963
f 3921 4012 3920
f 4013 4012 3921
f 3922 4013 3921
f 4014 4013 3922
f 4015 4014 3922
f 3923 4015 3922
f 4016 4015 3923
f 3924 4016 3923
f 4017 4016 3924
f 3925 4017 3924
f 3926 4017 3925
f 4018 4017 3926
f 3927 4018 3926
f 4019 4018 3927
f 3928 4019 3927
f 4020 4019 3928
f 4021 4020 3928
f 3929 4021 3928
f 3982 4021 3929
f 3930 3982 3929
f 3931 3982 3930
f 3983 3982 3931
f 3932 3983 3931
f 3984 3983 3932
f 3985 3984 3932
f 3933 3985 3932
f 3934 3985 3933
f 3986 3985 3934
f 3935 3986 3934
f 3987 3986 3935
f 3936 3987 3935
f 3937 3987 3936
f 3938 3987 3937
f 3939 3992 3991
f 3940 3992 3939
f 3941 3992 3940
f 3993 3992 3941
f 3942 3993 3941
f 3994 3993 3942
f 3943 3994 3942
f 3995 3994 3943
f 3944 3995 3943
f 3945 3995 3944
f 3996 3995 3945
f 3946 3996 3945
f 3997 3996 3946
f 3947 3997 3946
f 3948 3997 3947
f 3998 3997 3948
f 3852 3851 3911
f 3911 3904 3852
f 3818 3852 3904
f 3904 3965 3818
f 3819 3818 3965
f 3965 3966 3819
f 3820 3819 3966
f 3966 3967 3820
f 3821 3820 3967
f 3967 3968 3821
f 3822 3821 3968
f 3968 3969 3822
f 3823 3822 3969
f 3969 3970 3823
f 3844 3823 3970
f 3970 3971 3844
f 3845 3844 3971
f 3971 3905 3845
f 3846 3845 3905
f 3905 3906 3846
f 3847 3846 3906
f 3906 3907 3847
f 3848 3847 3907
f 3907 3908 3848
f 3849 3848 3908
f 3908 3909 3849
f 3850 3849 3909
f 3909 3910 3850
f 3851 3850 3910
f 3910 3911 3851
f 3851 3851 3911
f 3911 3911 3851
f 3861 3860 4020
f 4020 4021 3861
f 3862 3861 4021
f 4021 3982 3862
f 3863 3862 3982
f 3982 3983 3863
f 3864 3863 3983
f 3983 3984 3864
f 3865 3864 3984
f 3984 3985 3865
f 3866 3865 3985
f 3985 3986 3866
f 3824 3866 3986
f 3986 3987 3824
f 3825 3824 3987
f 3987 3988 3825
f 3826 3825 3988
f 3988 3989 3826
f 3827 3826 3989
f 3989 3990 3827
f 3828 3827 3990
f 3990 3991 3828
f 3829 3828 3991
f 3991 3992 3829
f 3876 3829 3992
f 3992 3993 3876
f 3877 3876 3993
f 3993 3994 3877
f 3878 3877 3994
f 3994 3995 3878
f 3879 3878 3995
f 3995 3996 3879
f 3830 3879 3996
f 3996 3997 3830
f 3831 3830 3997
f 3997 3998 3831
f 3832 3831 3998
f 3998 3999 3832
f 3833 3832 3999
f 3999 4000 3833
f 3834 3833 4000
f 4000 4001 3834
f 3835 3834 4001
f 4001 4002 3835
f 3836 3835 4002
f 4002 4003 3836
f 3837 3836 4003
f 4003 4004 3837
f 3838 3837 4004
f 4004 4005 3838
f 3839 3838 4005
f 4005 4006 3839
f 3892 3839 4006
f 4006 4007 3892
f 3893 3892 4007
f 4007 4008 3893
f 3894 3893 4008
f 4008 4009 3894
f 3895 3894 4009
f 4009 4010 3895
f 3896 3895 4010
f 4010 4011 3896
f 3897 3896 4011
f 4011 4012 3897
f 3898 3897 4012
f 4012 4013 3898
f 3899 3898 4013
f 4013 4014 3899
f 3900 3899 4014
f 4014 4015 3900
f 3901 3900 4015
f 4015 4016 3901
f 3902 3901 4016
f 4016 4017 3902
f 3858 3902 4017
f 4017 4018 3858
f 3859 3858 4018
f 4018 4019 3859
f 3860 3859 4019
f 4019 4020 3860
f 3860 3860 4020
f 4020 4020 3860
f 4028 4027 4049
f 4028 4049 4050
f 4057 4045 4022
f 4022 4045 4023
f 4023 4045 4024
f 4024 4045 4046
f 4024 4046 4025
f 4025 4046 4047
f 4025 4047 4026
f 4026 4047 4048
f 4026 4048 4027
f 4027 4048 4049
f 4029 4053 4052
f 4030 4053 4029
f 4031 4053 4030
f 4055 4032 4033
f 4056 4055 4033
f 4034 4056 4033
f 4054 4032 4055
f 4031 4032 4054
f 4053 4031 4054
f 4077 4076 4035
f 4037 4090 4036
f 4091 4090 4037
f 4038 4091 4037
f 4092 4091 4038
f 4039 4092 4038
f 4040 4092 4039
f 4095 4042 4043
f 4096 4095 4043
f 4097 4096 4043
f 4040 4093 4092
f 4041 4093 4040
f 4094 4093 4041
f 4042 4094 4041
f 4095 4094 4042
f 3973 3918 4056
f 4056 4022 3973
f 3974 3973 4022
f 4022 4023 3974
f 3975 3974 4023
f 4023 4024 3975
f 3976 3975 4024
f 4024 4025 3976
f 3977 3976 4025
f 4025 4026 3977
f 3978 3977 4026
f 4026 4027 3978
f 3979 3978 4027
f 4027 4028 3979
f 3913 3979 4028
f 4028 4051 3913
f 3914 3913 4051
f 4051 4052 3914
f 3915 3914 4052
f 4052 4053 3915
f 3916 3915 4053
f 4053 4054 3916
f 3917 3916 4054
f 4054 4055 3917
f 3918 3917 4055
f 4055 4056 3918
f 3918 3918 4056
f 4056 4056 3918
f 3920 3963 4103
f 4103 4104 3920
f 3921 3920 4104
f 4104 4059 3921
f 3922 3921 4059
f 4059 4060 3922
f 3923 3922 4060
f 4060 4061 3923
f 3924 3923 4061
f 4061 4062 3924
f 3925 3924 4062
f 4062 4063 3925
f 3926 3925 4063
f 4063 4064 3926
f 3927 3926 4064
f 4064 4065 3927
f 3928 3927 4065
f 4065 4066 3928
f 3929 3928 4066
f 4066 4067 3929
f 3930 3929 4067
f 4067 4068 3930
f 3931 3930 4068
f 4068 4069 3931
f 3932 3931 4069
f 4069 4070 3932
f 3933 3932 4070
f 4070 4071 3933
f 3934 3933 4071
f 4071 4072 3934
f 3935 3934 4072
f 4072 4073 3935
f 3936 3935 4073
f 4073 4074 3936
f 3937 3936 4074
f 4074 4075 3937
f 3938 3937 4075
f 4075 4076 3938
f 3989 3938 4076
f 4076 4077 3989
f 3990 3989 4077
f 4077 4078 3990
f 3939 3990 4078
f 4078 4079 3939
f 3940 3939 4079
f 4079 4080 3940
f 3941 3940 4080
f 4080 4081 3941
f 3942 3941 4081
f 4081 4082 3942
f 3943 3942 4082
f 4082 4083 3943
f 3944 3943 4083
f 4083 4084 3944
f 3945 3944 4084
f 4084 4085 3945
f 3946 3945 4085
f 4085 4086 3946
f 3947 3946 4086
f 4086 4087 3947
f 3948 3947 4087
f 4087 4088 3948
f 3949 3948 4088
f 4088 4089 3949
f 3950 3949 4089
f 4089 4090 3950
f 3951 3950 4090
f 4090 4091 3951
f 3952 3951 4091
f 4091 4092 3952
f 3953 3952 4092
f 4092 4093 3953
f 3954 3953 4093
f 4093 4094 3954
f 3955 3954 4094
f 4094 4095 3955
f 3956 3955 4095
f 4095 4096 3956
f 3957 3956 4096
f 4096 4097 3957
f 3958 3957 4097
f 4097 4098 3958
f 3959 3958 4098
f 4098 4099 3959
f 3960 3959 4099
f 4099 4100 3960
f 3961 3960 4100
f 4100 4101 3961
f 3962 3961 4101
f 4101 4102 3962
f 3963 3962 4102
f 4102 4103 3963
f 3963 3963 4103
f 4103 4103 3963
f 4110 4109 4174
f 4110 4174 4175
f 4110 4175 4111
f 4111 4176 4177
f 4168 4169 4112
f 4112 4169 4170
f 4112 4170 4106
f 4106 4170 4171
f 4106 4171 4107
f 4107 4171 4172
f 4107 4172 4108
f 4108 4172 4173
f 4108 4173 4109
f 4109 4173 4174
f 4202 4203 4113
f 4113 4203 4204
f 4113 4204 4205
f 4113 4205 4206
f 4113 4206 4207
f 4113 4207 4244
f 4113 4244 4245
f 4238 4239 4114
f 4114 4239 4210
f 4114 4210 4211
f 4114 4211 4212
f 4114 4212 4213
f 4114 4213 4214
f 4114 4214 4215
f 4207 4208 4243
f 4207 4243 4244
f 4239 4240 4210
f 4210 4240 4209
f 4209 4240 4241
f 4209 4241 4242
f 4209 4242 4208
f 4208 4242 4243
f 4222 4223 4222
f 4120 4178 4177
f 4121 4178 4120
f 4122 4178 4121
f 4163 4178 4122
f 4116 4163 4122
f 4166 4118 4119
f 4167 4166 4119
f 4168 4167 4119
f 4116 4164 4163
f 4117 4164 4116
f 4165 4164 4117
f 4118 4165 4117
f 4166 4165 4118
f 4221 4123 4222
f 4181 4130 4182
f 4226 4225 4124
f 4227 4226 4124
f 4125 4227 4124
f 4228 4227 4125
f 4126 4228 4125
f 4127 4228 4126
f 4229 4228 4127
f 4230 4229 4127
f 4128 4230 4127
f 4180 4230 4128
f 4129 4180 4128
f 4130 4180 4129
f 4181 4180 4130
f 4190 4136 4137
f 4191 4190 4137
f 4138 4191 4137
f 4139 4191 4138
f 4192 4191 4139
f 4193 4192 4139
f 4140 4193 4139
f 4194 4193 4140
f 4141 4194 4140
f 4195 4194 4141
f 4142 4195 4141
f 4196 4195 4142
f 4143 4196 4142
f 4144 4196 4143
f 4197 4196 4144
f 4198 4197 4144
f 4145 4198 4144
f 4146 4198 4145
f 4199 4198 4146
f 4147 4199 4146
f 4200 4199 4147
f 4148 4200 4147
f 4201 4200 4148
f 4149 4201 4148
f 4202 4201 4149
f 4131 4185 4184
f 4186 4185 4131
f 4132 4186 4131
f 4133 4186 4132
f 4187 4186 4133
f 4134 4187 4133
f 4188 4187 4134
f 4135 4188 4134
f 4189 4188 4135
f 4136 4189 4135
f 4190 4189 4136
f 4217 4152 4219
f 4150 4216 4215
f 4151 4216 4150
f 4152 4216 4151
f 4217 4216 4152
f 4219 4219 4220
f 4246 4245 4153
f 4154 4246 4153
f 4155 4246 4154
f 4232 4246 4155
f 4233 4232 4155
f 4156 4233 4155
f 4234 4233 4156
f 4157 4234 4156
f 4237 4159 4160
f 4161 4237 4160
f 4238 4237 4161
f 4157 4235 4234
f 4158 4235 4157
f 4159 4235 4158
f 4236 4235 4159
f 4237 4236 4159
f 4045 4057 4112
f 4112 4106 4045
f 4046 4045 4106
f 4106 4107 4046
f 4047 4046 4107
f 4107 4108 4047
f 4048 4047 4108
f 4108 4109 4048
f 4049 4048 4109
f 4109 4110 4049
f 4050 4049 4110
f 4110 4111 4050
f 4051 4050 4111
f 4111 4177 4051
f 4029 4051 4177
f 4177 4178 4029
f 4030 4029 4178
f 4178 4163 4030
f 4031 4030 4163
f 4163 4164 4031
f 4032 4031 4164
f 4164 4165 4032
f 4033 4032 4165
f 4165 4166 4033
f 4034 4033 4166
f 4166 4167 4034
f 4057 4034 4167
f 4167 4112 4057
f 4057 4057 4112
f 4112 4112 4057
f 4065 4064 4229
f 4229 4230 4065
f 4066 4065 4230
f 4230 4180 4066
f 4067 4066 4180
f 4180 4181 4067
f 4068 4067 4181
f 4181 4182 4068
f 4069 4068 4182
f 4182 4183 4069
f 4070 4069 4183
f 4183 4184 4070
f 4071 4070 4184
f 4184 4185 4071
f 4072 4071 4185
f 4185 4186 4072
f 4073 4072 4186
f 4186 4187 4073
f 4074 4073 4187
f 4187 4188 4074
f 4075 4074 4188
f 4188 4189 4075
f 4035 4075 4189
f 4189 4190 4035
f 4078 4035 4190
f 4190 4191 4078
f 4079 4078 4191
f 4191 4192 4079
f 4080 4079 4192
f 4192 4193 4080
f 4081 4080 4193
f 4193 4194 4081
f 4082 4081 4194
f 4194 4195 4082
f 4083 4082 4195
f 4195 4196 4083
f 4084 4083 4196
f 4196 4197 4084
f 4085 4084 4197
f 4197 4198 4085
f 4086 4085 4198
f 4198 4199 4086
f 4087 4086 4199
f 4199 4200 4087
f 4088 4087 4200
f 4200 4201 4088
f 4036 4088 4201
f 4201 4113 4036
f 4037 4036 4113
f 4113 4246 4037
f 4038 4037 4246
f 4246 4232 4038
f 4039 4038 4232
f 4232 4233 4039
f 4040 4039 4233
f 4233 4234 4040
f 4041 4040 4234
f 4234 4235 4041
f 4042 4041 4235
f 4235 4236 4042
f 4043 4042 4236
f 4236 4237 4043
f 4098 4043 4237
f 4237 4114 4098
f 4099 4098 4114
f 4114 4216 4099
f 4100 4099 4216
f 4216 4217 4100
f 4101 4100 4217
f 4217 4219 4101
f 4102 4101 4219
f 4219 4220 4102
f 4103 4102 4220
f 4220 4221 4103
f 4104 4103 4221
f 4221 4222 4104
f 4059 4104 4222
f 4222 4223 4059
f 4060 4059 4223
f 4223 4225 4060
f 4061 4060 4225
f 4225 4226 4061
f 4062 4061 4226
f 4226 4227 4062
f 4063 4062 4227
f 4227 4228 4063
f 4064 4063 4228
f 4228 4229 4064
f 4064 4064 4229
f 4229 4229 4064
f 4254 4253 4307
f 4254 4307 4308
f 4247 4303 4248
f 4248 4303 4249
f 4249 4303 4304
f 4249 4304 4250
f 4250 4304 4305
f 4250 4305 4251
f 4251 4305 4306
f 4251 4306 4252
f 4252 4306 4307
f 4252 4307 4253
f 4342 4343 4255
f 4357 4256 4356
f 4262 4261 4373
f 4262 4373 4374
f 4369 4370 4263
f 4263 4370 4264
f 4264 4370 4371
f 4264 4371 4265
f 4265 4371 4372
f 4265 4372 4258
f 4258 4372 4261
f 4258 4261 4260
f 4258 4260 4259
f 4261 4372 4373
f 4273 4311 4310
f 4272 4273 4310
f 4267 4311 4273
f 4312 4311 4267
f 4268 4312 4267
f 4313 4312 4268
f 4269 4300 4299
f 4300 4269 4270
f 4301 4300 4270
f 4271 4301 4270
f 4315 4281 4316
f 4274 4360 4359
f 4275 4360 4274
f 4276 4360 4275
f 4277 4360 4276
f 4361 4360 4277
f 4278 4361 4277
f 4315 4361 4278
f 4279 4315 4278
f 4280 4315 4279
f 4281 4315 4280
f 4323 4286 4324
f 4282 4323 4322
f 4283 4323 4282
f 4284 4323 4283
f 4285 4323 4284
f 4286 4323 4285
f 4291 4375 4374
f 4290 4291 4374
f 4292 4375 4291
f 4293 4375 4292
f 4363 4375 4293
f 4294 4363 4293
f 4364 4363 4294
f 4295 4364 4294
f 4365 4364 4295
f 4296 4365 4295
f 4367 4288 4289
f 4368 4367 4289
f 4296 4366 4365
f 4297 4366 4296
f 4367 4366 4297
f 4288 4367 4297
f 4116 4122 4312
f 4312 4313 4116
f 4117 4116 4313
f 4313 4299 4117
f 4118 4117 4299
f 4299 4300 4118
f 4119 4118 4300
f 4300 4301 4119
f 4168 4119 4301
f 4301 4247 4168
f 4169 4168 4247
f 4247 4248 4169
f 4170 4169 4248
f 4248 4249 4170
f 4171 4170 4249
f 4249 4250 4171
f 4172 4171 4250
f 4250 4251 4172
f 4173 4172 4251
f 4251 4252 4173
f 4174 4173 4252
f 4252 4253 4174
f 4175 4174 4253
f 4253 4254 4175
f 4176 4175 4254
f 4254 4309 4176
f 4120 4176 4309
f 4309 4310 4120
f 4121 4120 4310
f 4310 4311 4121
f 4122 4121 4311
f 4311 4312 4122
f 4122 4122 4312
f 4312 4312 4122
f 4123 4220 4360
f 4360 4361 4123
f 4223 4123 4361
f 4361 4315 4223
f 4124 4223 4315
f 4315 4316 4124
f 4125 4124 4316
f 4316 4317 4125
f 4126 4125 4317
f 4317 4318 4126
f 4127 4126 4318
f 4318 4319 4127
f 4128 4127 4319
f 4319 4320 4128
f 4129 4128 4320
f 4320 4321 4129
f 4130 4129 4321
f 4321 4322 4130
f 4183 4130 4322
f 4322 4323 4183
f 4131 4183 4323
f 4323 4324 4131
f 4132 4131 4324
f 4324 4325 4132
f 4133 4132 4325
f 4325 4326 4133
f 4134 4133 4326
f 4326 4327 4134
f 4135 4134 4327
f 4327 4328 4135
f 4136 4135 4328
f 4328 4329 4136
f 4137 4136 4329
f 4329 4330 4137
f 4138 4137 4330
f 4330 4331 4138
f 4139 4138 4331
f 4331 4332 4139
f 4140 4139 4332
f 4332 4333 4140
f 4141 4140 4333
f 4333 4334 4141
f 4142 4141 4334
f 4334 4335 4142
f 4143 4142 4335
f 4335 4336 4143
f 4144 4143 4336
f 4336 4337 4144
f 4145 4144 4337
f 4337 4338 4145
f 4146 4145 4338
f 4338 4339 4146
f 4147 4146 4339
f 4339 4340 4147
f 4148 4147 4340
f 4340 4341 4148
f 4149 4148 4341
f 4341 4255 4149
f 4203 4149 4255
f 4255 4344 4203
f 4204 4203 4344
f 4344 4345 4204
f 4205 4204 4345
f 4345 4346 4205
f 4206 4205 4346
f 4346 4347 4206
f 4207 4206 4347
f 4347 4348 4207
f 4208 4207 4348
f 4348 4349 4208
f 4209 4208 4349
f 4349 4350 4209
f 4210 4209 4350
f 4350 4351 4210
f 4211 4210 4351
f 4351 4352 4211
f 4212 4211 4352
f 4352 4353 4212
f 4213 4212 4353
f 4353 4354 4213
f 4214 4213 4354
f 4354 4355 4214
f 4150 4214 4355
f 4355 4256 4150
f 4151 4150 4256
f 4256 4358 4151
f 4152 4151 4358
f 4358 4359 4152
f 4220 4152 4359
f 4359 4360 4220
f 4220 4220 4360
f 4360 4360 4220
f 4241 4240 4265
f 4265 4258 4241
f 4242 4241 4258
f 4258 4259 4242
f 4243 4242 4259
f 4259 4260 4243
f 4244 4243 4260
f 4260 4261 4244
f 4153 4244 4261
f 4261 4262 4153
f 4154 4153 4262
f 4262 4375 4154
f 4155 4154 4375
f 4375 4363 4155
f 4156 4155 4363
f 4363 4364 4156
f 4157 4156 4364
f 4364 4365 4157
f 4158 4157 4365
f 4365 4366 4158
f 4159 4158 4366
f 4366 4367 4159
f 4160 4159 4367
f 4367 4368 4160
f 4161 4160 4368
f 4368 4263 4161
f 4239 4161 4263
f 4263 4264 4239
f 4240 4239 4264
f 4264 4265 4240
f 4240 4240 4265
f 4265 4265 4240
f 4381 4380 4459
f 4381 4459 4460
f 4381 4460 4461
f 4376 4456 4457
f 4376 4457 4377
f 4377 4457 4378
f 4378 4457 4458
f 4378 4458 4379
f 4379 4458 4459
f 4379 4459 4380
f 4474 4473 4473
f 4478 4477 4477
f 4482 4481 4481
f 4386 4385 4532
f 4386 4532 4533
f 4386 4533 4387
f 4387 4533 4388
f 4388 4533 4534
f 4527 4528 4382
f 4382 4528 4529
f 4382 4529 4383
f 4383 4529 4530
f 4383 4530 4384
f 4384 4530 4531
f 4384 4531 4385
f 4385 4531 4532
f 4390 4463 4462
f 4464 4463 4390
f 4391 4464 4390
f 4450 4464 4391
f 4392 4450 4391
f 4451 4393 4394
f 4454 4453 4453
f 4392 4451 4450
f 4393 4451 4392
f 4480 4395 4481
f 4485 4399 4486
f 4396 4483 4482
f 4397 4483 4396
f 4398 4483 4397
f 4484 4483 4398
f 4399 4484 4398
f 4485 4484 4399
f 4489 4400 4490
f 4400 4488 4487
f 4489 4488 4400
f 4497 4406 4407
f 4498 4497 4407
f 4499 4498 4407
f 4408 4499 4407
f 4409 4499 4408
f 4500 4499 4409
f 4501 4500 4409
f 4410 4501 4409
f 4502 4501 4410
f 4411 4502 4410
f 4412 4502 4411
f 4503 4502 4412
f 4413 4503 4412
f 4504 4503 4413
f 4414 4504 4413
f 4505 4504 4414
f 4415 4505 4414
f 4506 4505 4415
f 4507 4506 4415
f 4416 4507 4415
f 4508 4507 4416
f 4417 4508 4416
f 4509 4508 4417
f 4418 4509 4417
f 4510 4509 4418
f 4419 4510 4418
f 4420 4510 4419
f 4511 4510 4420
f 4421 4511 4420
f 4512 4511 4421
f 4422 4512 4421
f 4513 4512 4422
f 4423 4513 4422
f 4514 4513 4423
f 4515 4514 4423
f 4424 4515 4423
f 4425 4515 4424
f 4516 4515 4425
f 4517 4516 4425
f 4401 4492 4491
f 4493 4492 4401
f 4402 4493 4401
f 4494 4493 4402
f 4403 4494 4402
f 4495 4494 4403
f 4404 4495 4403
f 4496 4495 4404
f 4405 4496 4404
f 4406 4496 4405
f 4497 4496 4406
f 4521 4426 4523
f 4469 4430 4470
f 4427 4466 4524
f 4468 4427 4428
f 4469 4468 4428
f 4429 4469 4428
f 4430 4469 4429
f 4467 4427 4468
f 4466 4427 4467
f 4472 4431 4473
f 4431 4472 4471
f 4435 4433 4434
f 4438 4439 4437
f 4441 4535 4534
f 4440 4441 4534
f 4536 4535 4441
f 4442 4536 4441
f 4537 4536 4442
f 4443 4537 4442
f 4538 4537 4443
f 4444 4538 4443
f 4526 4446 4447
f 4527 4526 4447
f 4448 4527 4447
f 4444 4539 4538
f 4445 4539 4444
f 4540 4539 4445
f 4446 4540 4445
f 4541 4540 4446
f 4526 4541 4446
f 4267 4273 4463
f 4463 4464 4267
f 4268 4267 4464
f 4464 4450 4268
f 4269 4268 4450
f 4450 4451 4269
f 4270 4269 4451
f 4451 4452 4270
f 4271 4270 4452
f 4452 4453 4271
f 4302 4271 4453
f 4453 4454 4302
f 4303 4302 4454
f 4454 4376 4303
f 4304 4303 4376
f 4376 4377 4304
f 4305 4304 4377
f 4377 4378 4305
f 4306 4305 4378
f 4378 4379 4306
f 4307 4306 4379
f 4379 4380 4307
f 4308 4307 4380
f 4380 4381 4308
f 4309 4308 4381
f 4381 4461 4309
f 4272 4309 4461
f 4461 4462 4272
f 4273 4272 4462
f 4462 4463 4273
f 4273 4273 4463
f 4463 4463 4273
f 4354 4353 4523
f 4523 4466 4354
f 4355 4354 4466
f 4466 4467 4355
f 4356 4355 4467
f 4467 4468 4356
f 4357 4356 4468
f 4468 4469 4357
f 4358 4357 4469
f 4469 4470 4358
f 4274 4358 4470
f 4470 4472 4274
f 4275 4274 4472
f 4472 4473 4275
f 4276 4275 4473
f 4473 4474 4276
f 4277 4276 4474
f 4474 4475 4277
f 4278 4277 4475
f 4475 4477 4278
f 4279 4278 4477
f 4477 4479 4279
f 4280 4279 4479
f 4479 4480 4280
f 4281 4280 4480
f 4480 4481 4281
f 4317 4281 4481
f 4481 4482 4317
f 4318 4317 4482
f 4482 4483 4318
f 4319 4318 4483
f 4483 4484 4319
f 4320 4319 4484
f 4484 4485 4320
f 4321 4320 4485
f 4485 4486 4321
f 4282 4321 4486
f 4486 4488 4282
f 4283 4282 4488
f 4488 4489 4283
f 4284 4283 4489
f 4489 4490 4284
f 4285 4284 4490
f 4490 4491 4285
f 4286 4285 4491
f 4491 4492 4286
f 4325 4286 4492
f 4492 4493 4325
f 4326 4325 4493
f 4493 4494 4326
f 4327 4326 4494
f 4494 4495 4327
f 4328 4327 4495
f 4495 4496 4328
f 4329 4328 4496
f 4496 4497 4329
f 4330 4329 4497
f 4497 4498 4330
f 4331 4330 4498
f 4498 4499 4331
f 4332 4331 4499
f 4499 4500 4332
f 4333 4332 4500
f 4500 4501 4333
f 4334 4333 4501
f 4501 4502 4334
f 4335 4334 4502
f 4502 4503 4335
f 4336 4335 4503
f 4503 4504 4336
f 4337 4336 4504
f 4504 4505 4337
f 4338 4337 4505
f 4505 4506 4338
f 4339 4338 4506
f 4506 4507 4339
f 4340 4339 4507
f 4507 4508 4340
f 4341 4340 4508
f 4508 4509 4341
f 4342 4341 4509
f 4509 4510 4342
f 4343 4342 4510
f 4510 4511 4343
f 4344 4343 4511
f 4511 4512 4344
f 4345 4344 4512
f 4512 4513 4345
f 4346 4345 4513
f 4513 4514 4346
f 4347 4346 4514
f 4514 4515 4347
f 4348 4347 4515
f 4515 4516 4348
f 4349 4348 4516
f 4516 4517 4349
f 4350 4349 4517
f 4517 4519 4350
f 4351 4350 4519
f 4519 4520 4351
f 4352 4351 4520
f 4520 4521 4352
f 4353 4352 4521
f 4521 4523 4353
f 4353 4353 4523
f 4523 4523 4353
f 4288 4297 4540
f 4540 4541 4288
f 4289 4288 4541
f 4541 4526 4289
f 4369 4289 4526
f 4526 4382 4369
f 4370 4369 4382
f 4382 4383 4370
f 4371 4370 4383
f 4383 4384 4371
f 4372 4371 4384
f 4384 4385 4372
f 4373 4372 4385
f 4385 4386 4373
f 4290 4373 4386
f 4386 4387 4290
f 4291 4290 4387
f 4387 4388 4291
f 4292 4291 4388
f 4388 4535 4292
f 4293 4292 4535
f 4535 4536 4293
f 4294 4293 4536
f 4536 4537 4294
f 4295 4294 4537
f 4537 4538 4295
f 4296 4295 4538
f 4538 4539 4296
f 4297 4296 4539
f 4539 4540 4297
f 4297 4297 4540
f 4540 4540 4297
f 4547 4546 4605
f 4547 4605 4606
f 4547 4606 4607
f 4547 4607 4548
f 4548 4608 4549
f 4542 4601 4543
f 4543 4601 4602
f 4543 4602 4544
f 4544 4602 4603
f 4544 4603 4545
f 4545 4603 4604
f 4545 4604 4546
f 4546 4604 4605
f 4620 4620 4619
f 4629 4630 4630
f 4629 4629 4630
f 4641 4642 4641
f 4642 4642 4643
f 4642 4643 4643
f 4643 4644 4644
f 4645 4644 4645
f 4647 4648 4647
f 4558 4557 4687
f 4558 4687 4688
f 4558 4688 4551
f 4551 4688 4689
f 4680 4681 4552
f 4552 4681 4553
f 4553 4681 4682
f 4553 4682 4554
f 4554 4682 4683
f 4554 4683 4555
f 4555 4683 4684
f 4555 4684 4685
f 4555 4685 4556
f 4556 4685 4686
f 4556 4686 4557
f 4557 4686 4687
f 4560 4609 4608
f 4567 4560 4608
f 4566 4567 4608
f 4561 4609 4560
f 4610 4609 4561
f 4562 4610 4561
f 4613 4564 4565
f 4614 4613 4565
f 4612 4564 4613
f 4563 4612 4611
f 4562 4563 4611
f 4610 4562 4611
f 4564 4612 4563
f 4568 4660 4659
f 4661 4660 4568
f 4569 4661 4568
f 4570 4661 4569
f 4662 4661 4570
f 4571 4662 4570
f 4572 4662 4571
f 4663 4662 4572
f 4573 4663 4572
f 4664 4663 4573
f 4574 4664 4573
f 4616 4664 4574
f 4575 4616 4574
f 4617 4616 4575
f 4576 4617 4575
f 4577 4617 4576
f 4618 4617 4577
f 4672 4671 4622
f 4672 4621 4620
f 4670 4672 4620
f 4578 4624 4623
f 4579 4624 4578
f 4580 4624 4579
f 4581 4624 4580
f 4625 4624 4581
f 4582 4625 4581
f 4583 4625 4582
f 4584 4625 4583
f 4626 4625 4584
f 4633 4632 4632
f 4668 4635 4666
f 4637 4636 4637
f 4668 4636 4635
f 4667 4636 4668
f 4647 4647 4646
f 4585 4654 4653
f 4586 4654 4585
f 4656 4592 4657
f 4588 4655 4654
f 4587 4588 4654
f 4586 4587 4654
f 4589 4655 4588
f 4656 4655 4589
f 4590 4656 4589
f 4591 4656 4590
f 4592 4656 4591
f 4593 4691 4690
f 4594 4691 4593
f 4595 4691 4594
f 4674 4691 4595
f 4596 4674 4595
f 4675 4674 4596
f 4678 4597 4598
f 4679 4678 4598
f 4677 4597 4678
f 4453 4394 4613
f 4613 4614 4453
f 4454 4453 4614
f 4614 4542 4454
f 4456 4454 4542
f 4542 4543 4456
f 4457 4456 4543
f 4543 4544 4457
f 4458 4457 4544
f 4544 4545 4458
f 4459 4458 4545
f 4545 4546 4459
f 4460 4459 4546
f 4546 4547 4460
f 4461 4460 4547
f 4547 4548 4461
f 4462 4461 4548
f 4548 4549 4462
f 4390 4462 4549
f 4549 4609 4390
f 4391 4390 4609
f 4609 4610 4391
f 4392 4391 4610
f 4610 4611 4392
f 4393 4392 4611
f 4611 4612 4393
f 4394 4393 4612
f 4612 4613 4394
f 4394 4394 4613
f 4613 4613 4394
f 4477 4475 4663
f 4663 4664 4477
f 4479 4477 4664
f 4664 4616 4479
f 4395 4479 4616
f 4616 4617 4395
f 4396 4395 4617
f 4617 4618 4396
f 4397 4396 4618
f 4618 4620 4397
f 4398 4397 4620
f 4620 4621 4398
f 4399 4398 4621
f 4621 4623 4399
f 4400 4399 4623
f 4623 4624 4400
f 4490 4400 4624
f 4624 4625 4490
f 4401 4490 4625
f 4625 4626 4401
f 4402 4401 4626
f 4626 4627 4402
f 4403 4402 4627
f 4627 4629 4403
f 4404 4403 4629
f 4629 4630 4404
f 4405 4404 4630
f 4630 4632 4405
f 4406 4405 4632
f 4632 4633 4406
f 4407 4406 4633
f 4633 4635 4407
f 4408 4407 4635
f 4635 4636 4408
f 4409 4408 4636
f 4636 4637 4409
f 4410 4409 4637
f 4637 4638 4410
f 4411 4410 4638
f 4638 4639 4411
f 4412 4411 4639
f 4639 4640 4412
f 4413 4412 4640
f 4640 4641 4413
f 4414 4413 4641
f 4641 4642 4414
f 4415 4414 4642
f 4642 4643 4415
f 4416 4415 4643
f 4643 4644 4416
f 4417 4416 4644
f 4644 4645 4417
f 4418 4417 4645
f 4645 4646 4418
f 4419 4418 4646
f 4646 4647 4419
f 4420 4419 4647
f 4647 4648 4420
f 4421 4420 4648
f 4648 4649 4421
f 4422 4421 4649
f 4649 4650 4422
f 4423 4422 4650
f 4650 4651 4423
f 4424 4423 4651
f 4651 4652 4424
f 4425 4424 4652
f 4652 4653 4425
f 4519 4425 4653
f 4653 4654 4519
f 4520 4519 4654
f 4654 4655 4520
f 4426 4520 4655
f 4655 4656 4426
f 4427 4426 4656
f 4656 4657 4427
f 4428 4427 4657
f 4657 4658 4428
f 4429 4428 4658
f 4658 4659 4429
f 4430 4429 4659
f 4659 4660 4430
f 4431 4430 4660
f 4660 4661 4431
f 4474 4431 4661
f 4661 4662 4474
f 4475 4474 4662
f 4662 4663 4475
f 4475 4475 4663
f 4663 4663 4475
f 4433 4435 4667
f 4667 4668 4433
f 4434 4433 4668
f 4668 4666 4434
f 4435 4434 4666
f 4666 4667 4435
f 4435 4435 4667
f 4667 4667 4435
f 4437 4439 4671
f 4671 4672 4437
f 4438 4437 4672
f 4672 4670 4438
f 4439 4438 4670
f 4670 4671 4439
f 4439 4439 4671
f 4671 4671 4439
f 4440 4533 4558
f 4558 4551 4440
f 4441 4440 4551
f 4551 4690 4441
f 4442 4441 4690
f 4690 4691 4442
f 4443 4442 4691
f 4691 4674 4443
f 4444 4443 4674
f 4674 4675 4444
f 4445 4444 4675
f 4675 4677 4445
f 4446 4445 4677
f 4677 4678 4446
f 4447 4446 4678
f 4678 4679 4447
f 4448 4447 4679
f 4679 4552 4448
f 4528 4448 4552
f 4552 4553 4528
f 4529 4528 4553
f 4553 4554 4529
f 4530 4529 4554
f 4554 4555 4530
f 4531 4530 4555
f 4555 4556 4531
f 4532 4531 4556
f 4556 4557 4532
f 4533 4532 4557
f 4557 4558 4533
f 4533 4533 4558
f 4558 4558 4533
f 4755 4693 4754
f 4754 4693 4692
f 4699 4698 4759
f 4699 4759 4760
f 4756 4757 4694
f 4694 4757 4695
f 4695 4757 4696
f 4696 4757 4758
f 4696 4758 4697
f 4697 4758 4759
f 4697 4759 4698
f 4707 4706 4827
f 4707 4827 4828
f 4707 4828 4708
f 4708 4828 4829
f 4823 4824 4702
f 4823 4702 4701
f 4823 4701 4710
f 4823 4710 4709
f 4702 4824 4703
f 4703 4824 4825
f 4703 4825 4704
f 4704 4825 4826
f 4704 4826 4705
f 4705 4826 4706
f 4706 4826 4827
f 4714 4753 4752
f 4754 4715 4716
f 4753 4715 4754
f 4714 4715 4753
f 4712 4764 4763
f 4749 4764 4712
f 4713 4749 4712
f 4750 4749 4713
f 4775 4718 4776
f 4717 4718 4775
f 4781 4719 4782
f 4788 4723 4724
f 4725 4788 4724
f 4789 4788 4725
f 4726 4789 4725
f 4790 4789 4726
f 4727 4790 4726
f 4728 4790 4727
f 4791 4790 4728
f 4792 4791 4728
f 4720 4784 4783
f 4785 4784 4720
f 4721 4785 4720
f 4722 4785 4721
f 4786 4785 4722
f 4723 4786 4722
f 4787 4786 4723
f 4788 4787 4723
f 4729 4794 4793
f 4730 4796 4795
f 4797 4796 4730
f 4731 4797 4730
f 4798 4797 4731
f 4732 4798 4731
f 4799 4798 4732
f 4733 4799 4732
f 4734 4799 4733
f 4800 4799 4734
f 4735 4800 4734
f 4801 4800 4735
f 4736 4801 4735
f 4802 4801 4736
f 4803 4802 4736
f 4737 4803 4736
f 4738 4803 4737
f 4804 4803 4738
f 4805 4804 4738
f 4739 4813 4812
f 4746 4818 4817
f 4747 4818 4746
f 4741 4820 4819
f 4742 4820 4741
f 4821 4743 4744
f 4745 4821 4744
f 4822 4821 4745
f 4743 4821 4742
f 4560 4567 4763
f 4763 4764 4560
f 4561 4560 4764
f 4764 4749 4561
f 4562 4561 4749
f 4749 4750 4562
f 4563 4562 4750
f 4750 4752 4563
f 4564 4563 4752
f 4752 4753 4564
f 4565 4564 4753
f 4753 4692 4565
f 4600 4565 4692
f 4692 4693 4600
f 4601 4600 4693
f 4693 4694 4601
f 4602 4601 4694
f 4694 4695 4602
f 4603 4602 4695
f 4695 4696 4603
f 4604 4603 4696
f 4696 4697 4604
f 4605 4604 4697
f 4697 4698 4605
f 4606 4605 4698
f 4698 4699 4606
f 4607 4606 4699
f 4699 4761 4607
f 4566 4607 4761
f 4761 4762 4566
f 4567 4566 4762
f 4762 4763 4567
f 4567 4567 4763
f 4763 4763 4567
f 4568 4659 4814
f 4814 4815 4568
f 4569 4568 4815
f 4815 4766 4569
f 4570 4569 4766
f 4766 4767 4570
f 4571 4570 4767
f 4767 4768 4571
f 4572 4571 4768
f 4768 4769 4572
f 4573 4572 4769
f 4769 4770 4573
f 4574 4573 4770
f 4770 4771 4574
f 4575 4574 4771
f 4771 4772 4575
f 4576 4575 4772
f 4772 4773 4576
f 4577 4576 4773
f 4773 4774 4577
f 4671 4577 4774
f 4774 4775 4671
f 4578 4671 4775
f 4775 4776 4578
f 4579 4578 4776
f 4776 4777 4579
f 4580 4579 4777
f 4777 4778 4580
f 4581 4580 4778
f 4778 4779 4581
f 4582 4581 4779
f 4779 4780 4582
f 4583 4582 4780
f 4780 4781 4583
f 4584 4583 4781
f 4781 4782 4584
f 4627 4584 4782
f 4782 4783 4627
f 4629 4627 4783
f 4783 4784 4629
f 4630 4629 4784
f 4784 4785 4630
f 4632 4630 4785
f 4785 4786 4632
f 4633 4632 4786
f 4786 4787 4633
f 4666 4633 4787
f 4787 4788 4666
f 4637 4666 4788
f 4788 4789 4637
f 4638 4637 4789
f 4789 4790 4638
f 4639 4638 4790
f 4790 4791 4639
f 4640 4639 4791
f 4791 4792 4640
f 4641 4640 4792
f 4792 4793 4641
f 4642 4641 4793
f 4793 4794 4642
f 4643 4642 4794
f 4794 4795 4643
f 4644 4643 4795
f 4795 4796 4644
f 4645 4644 4796
f 4796 4797 4645
f 4646 4645 4797
f 4797 4798 4646
f 4647 4646 4798
f 4798 4799 4647
f 4648 4647 4799
f 4799 4800 4648
f 4649 4648 4800
f 4800 4801 4649
f 4650 4649 4801
f 4801 4802 4650
f 4651 4650 4802
f 4802 4803 4651
f 4652 4651 4803
f 4803 4804 4652
f 4585 4652 4804
f 4804 4805 4585
f 4586 4585 4805
f 4805 4806 4586
f 4587 4586 4806
f 4806 4807 4587
f 4588 4587 4807
f 4807 4808 4588
f 4589 4588 4808
f 4808 4809 4589
f 4590 4589 4809
f 4809 4810 4590
f 4591 4590 4810
f 4810 4811 4591
f 4592 4591 4811
f 4811 4812 4592
f 4658 4592 4812
f 4812 4813 4658
f 4659 4658 4813
f 4813 4814 4659
f 4659 4659 4814
f 4814 4814 4659
f 4682 4681 4710
f 4710 4701 4682
f 4683 4682 4701
f 4701 4702 4683
f 4684 4683 4702
f 4702 4703 4684
f 4685 4684 4703
f 4703 4704 4685
f 4686 4685 4704
f 4704 4705 4686
f 4687 4686 4705
f 4705 4706 4687
f 4688 4687 4706
f 4706 4707 4688
f 4689 4688 4707
f 4707 4708 4689
f 4593 4689 4708
f 4708 4817 4593
f 4594 4593 4817
f 4817 4818 4594
f 4595 4594 4818
f 4818 4819 4595
f 4596 4595 4819
f 4819 4820 4596
f 4597 4596 4820
f 4820 4821 4597
f 4598 4597 4821
f 4821 4822 4598
f 4680 4598 4822
f 4822 4709 4680
f 4681 4680 4709
f 4709 4710 4681
f 4681 4681 4710
f 4710 4710 4681
f 4835 4834 4893
f 4835 4893 4894
f 4891 4892 4831
f 4831 4892 4832
f 4832 4892 4833
f 4833 4892 4893
f 4833 4893 4834
f 4962 4838 4961
f 4954 4955 4836
f 4836 4955 4956
f 4836 4956 4957
f 4836 4957 4958
f 4836 4958 4959
f 4836 4959 4837
f 4837 4959 4838
f 4838 4959 4960
f 4838 4960 4961
f 4839 4898 4897
f 4840 4898 4839
f 4841 4898 4840
f 4899 4842 4900
f 4841 4899 4898
f 4842 4899 4841
f 4854 4855 4905
f 4904 4854 4905
f 4871 4931 4930
f 4872 4931 4871
f 4873 4931 4872
f 4937 4879 4880
f 4938 4937 4880
f 4881 4938 4880
f 4844 4938 4881
f 4939 4938 4844
f 4940 4939 4844
f 4845 4940 4844
f 4846 4940 4845
f 4941 4940 4846
f 4847 4941 4846
f 4942 4941 4847
f 4943 4942 4847
f 4848 4943 4847
f 4944 4943 4848
f 4849 4944 4848
f 4945 4944 4849
f 4850 4945 4849
f 4851 4945 4850
f 4946 4945 4851
f 4947 4946 4851
f 4852 4947 4851
f 4904 4947 4852
f 4853 4904 4852
f 4854 4904 4853
f 4873 4932 4931
f 4874 4932 4873
f 4933 4932 4874
f 4875 4933 4874
f 4876 4933 4875
f 4934 4933 4876
f 4935 4934 4876
f 4877 4935 4876
f 4878 4935 4877
f 4936 4935 4878
f 4879 4936 4878
f 4937 4936 4879
f 4911 4864 4912
f 4856 4907 4906
f 4857 4907 4856
f 4908 4907 4857
f 4858 4908 4857
f 4859 4908 4858
f 4909 4908 4859
f 4860 4909 4859
f 4910 4909 4860
f 4861 4910 4860
f 4911 4910 4861
f 4862 4911 4861
f 4863 4911 4862
f 4864 4911 4863
f 4865 4921 4920
f 4866 4921 4865
f 4867 4921 4866
f 4868 4921 4867
f 4869 4921 4868
f 4870 4921 4869
f 4922 4921 4870
f 4885 4968 4967
f 4886 4968 4885
f 4887 4968 4886
f 4888 4968 4887
f 4950 4883 4884
f 4951 4950 4884
f 4889 4950 4949
f 4888 4889 4949
f 4968 4888 4949
f 4883 4950 4889
f 4755 4716 4901
f 4901 4902 4755
f 4756 4755 4902
f 4902 4831 4756
f 4757 4756 4831
f 4831 4832 4757
f 4758 4757 4832
f 4832 4833 4758
f 4759 4758 4833
f 4833 4834 4759
f 4760 4759 4834
f 4834 4835 4760
f 4761 4760 4835
f 4835 4895 4761
f 4762 4761 4895
f 4895 4896 4762
f 4712 4762 4896
f 4896 4897 4712
f 4713 4712 4897
f 4897 4898 4713
f 4714 4713 4898
f 4898 4899 4714
f 4715 4714 4899
f 4899 4900 4715
f 4716 4715 4900
f 4900 4901 4716
f 4716 4716 4901
f 4901 4901 4716
f 4773 4772 4946
f 4946 4947 4773
f 4774 4773 4947
f 4947 4904 4774
f 4717 4774 4904
f 4904 4905 4717
f 4718 4717 4905
f 4905 4906 4718
f 4777 4718 4906
f 4906 4907 4777
f 4778 4777 4907
f 4907 4908 4778
f 4779 4778 4908
f 4908 4909 4779
f 4780 4779 4909
f 4909 4910 4780
f 4719 4780 4910
f 4910 4911 4719
f 4720 4719 4911
f 4911 4912 4720
f 4721 4720 4912
f 4912 4913 4721
f 4722 4721 4913
f 4913 4914 4722
f 4723 4722 4914
f 4914 4915 4723
f 4724 4723 4915
f 4915 4916 4724
f 4725 4724 4916
f 4916 4917 4725
f 4726 4725 4917
f 4917 4918 4726
f 4727 4726 4918
f 4918 4919 4727
f 4728 4727 4919
f 4919 4920 4728
f 4729 4728 4920
f 4920 4921 4729
f 4730 4729 4921
f 4921 4922 4730
f 4731 4730 4922
f 4922 4923 4731
f 4732 4731 4923
f 4923 4924 4732
f 4733 4732 4924
f 4924 4925 4733
f 4734 4733 4925
f 4925 4926 4734
f 4735 4734 4926
f 4926 4927 4735
f 4736 4735 4927
f 4927 4928 4736
f 4737 4736 4928
f 4928 4929 4737
f 4738 4737 4929
f 4929 4930 4738
f 4806 4738 4930
f 4930 4931 4806
f 4807 4806 4931
f 4931 4932 4807
f 4808 4807 4932
f 4932 4933 4808
f 4809 4808 4933
f 4933 4934 4809
f 4810 4809 4934
f 4934 4935 4810
f 4811 4810 4935
f 4935 4936 4811
f 4739 4811 4936
f 4936 4937 4739
f 4814 4739 4937
f 4937 4938 4814
f 4815 4814 4938
f 4938 4939 4815
f 4766 4815 4939
f 4939 4940 4766
f 4767 4766 4940
f 4940 4941 4767
f 4768 4767 4941
f 4941 4942 4768
f 4769 4768 4942
f 4942 4943 4769
f 4770 4769 4943
f 4943 4944 4770
f 4771 4770 4944
f 4944 4945 4771
f 4772 4771 4945
f 4945 4946 4772
f 4772 4772 4946
f 4946 4946 4772
f 4741 4747 4967
f 4967 4968 4741
f 4742 4741 4968
f 4968 4949 4742
f 4743 4742 4949
f 4949 4950 4743
f 4744 4743 4950
f 4950 4951 4744
f 4745 4744 4951
f 4951 4952 4745
f 4823 4745 4952
f 4952 4953 4823
f 4824 4823 4953
f 4953 4836 4824
f 4825 4824 4836
f 4836 4837 4825
f 4826 4825 4837
f 4837 4838 4826
f 4827 4826 4838
f 4838 4963 4827
f 4828 4827 4963
f 4963 4964 4828
f 4829 4828 4964
f 4964 4965 4829
f 4746 4829 4965
f 4965 4966 4746
f 4747 4746 4966
f 4966 4967 4747
f 4747 4747 4967
f 4967 4967 4747
f 4974 4973 5008
f 4974 5008 4970
f 4970 5008 5009
f 5006 5007 4971
f 4971 5007 4972
f 4972 5007 4973
f 5074 4976 4975
f 5074 4975 5073
f 4979 5000 5010
f 4978 4979 5010
f 4980 5000 4979
f 5001 5000 4980
f 4981 5001 4980
f 5004 4984 4985
f 4983 4984 5004
f 5003 4983 5004
f 4982 4983 5003
f 5002 4982 5003
f 4981 5002 5001
f 4982 5002 4981
f 5031 4986 5032
f 5035 4987 4988
f 5036 5035 4988
f 4987 5035 5034
f 4989 5038 5037
f 4990 5040 5039
f 4991 5046 5045
f 4992 5048 5047
f 4993 5048 4992
f 4994 5048 4993
f 5049 5048 4994
f 4995 5049 4994
f 5050 5049 4995
f 5051 5050 4995
f 4996 5053 5052
f 4997 5081 5080
f 4998 5081 4997
f 5082 5081 4998
f 4895 4894 4974
f 4974 4970 4895
f 4896 4895 4970
f 4970 5010 4896
f 4839 4896 5010
f 5010 5000 4839
f 4840 4839 5000
f 5000 5001 4840
f 4841 4840 5001
f 5001 5002 4841
f 4842 4841 5002
f 5002 5003 4842
f 4901 4842 5003
f 5003 5004 4901
f 4902 4901 5004
f 5004 5005 4902
f 4891 4902 5005
f 5005 4971 4891
f 4892 4891 4971
f 4971 4972 4892
f 4893 4892 4972
f 4972 4973 4893
f 4894 4893 4973
f 4973 4974 4894
f 4894 4894 4974
f 4974 4974 4894
f 4844 4881 5063
f 5063 5064 4844
f 4845 4844 5064
f 5064 5012 4845
f 4846 4845 5012
f 5012 5013 4846
f 4847 4846 5013
f 5013 5014 4847
f 4848 4847 5014
f 5014 5015 4848
f 4849 4848 5015
f 5015 5016 4849
f 4850 4849 5016
f 5016 5017 4850
f 4851 4850 5017
f 5017 5018 4851
f 4852 4851 5018
f 5018 5019 4852
f 4853 4852 5019
f 5019 5020 4853
f 4854 4853 5020
f 5020 5021 4854
f 4855 4854 5021
f 5021 5022 4855
f 4856 4855 5022
f 5022 5023 4856
f 4857 4856 5023
f 5023 5024 4857
f 4858 4857 5024
f 5024 5025 4858
f 4859 4858 5025
f 5025 5026 4859
f 4860 4859 5026
f 5026 5027 4860
f 4861 4860 5027
f 5027 5028 4861
f 4862 4861 5028
f 5028 5029 4862
f 4863 4862 5029
f 5029 5030 4863
f 4864 4863 5030
f 5030 5031 4864
f 4913 4864 5031
f 5031 5032 4913
f 4914 4913 5032
f 5032 5034 4914
f 4915 4914 5034
f 5034 5035 4915
f 4916 4915 5035
f 5035 5036 4916
f 4917 4916 5036
f 5036 5037 4917
f 4918 4917 5037
f 5037 5038 4918
f 4919 4918 5038
f 5038 5039 4919
f 4865 4919 5039
f 5039 5040 4865
f 4866 4865 5040
f 5040 5041 4866
f 4867 4866 5041
f 5041 5042 4867
f 4868 4867 5042
f 5042 5043 4868
f 4869 4868 5043
f 5043 5044 4869
f 4870 4869 5044
f 5044 5045 4870
f 4923 4870 5045
f 5045 5046 4923
f 4924 4923 5046
f 5046 5047 4924
f 4925 4924 5047
f 5047 5048 4925
f 4926 4925 5048
f 5048 5049 4926
f 4927 4926 5049
f 5049 5050 4927
f 4928 4927 5050
f 5050 5051 4928
f 4929 4928 5051
f 5051 5052 4929
f 4871 4929 5052
f 5052 5053 4871
f 4872 4871 5053
f 5053 5054 4872
f 4873 4872 5054
f 5054 5055 4873
f 4874 4873 5055
f 5055 5056 4874
f 4875 4874 5056
f 5056 5057 4875
f 4876 4875 5057
f 5057 5058 4876
f 4877 4876 5058
f 5058 5059 4877
f 4878 4877 5059
f 5059 5060 4878
f 4879 4878 5060
f 5060 5061 4879
f 4880 4879 5061
f 5061 5062 4880
f 4881 4880 5062
f 5062 5063 4881
f 4881 4881 5063
f 5063 5063 4881
f 4883 4889 5086
f 5086 5087 4883
f 4884 4883 5087
f 5087 5066 4884
f 4952 4884 5066
f 5066 5067 4952
f 4953 4952 5067
f 5067 5068 4953
f 4954 4953 5068
f 5068 5069 4954
f 4955 4954 5069
f 5069 5070 4955
f 4956 4955 5070
f 5070 5071 4956
f 4957 4956 5071
f 5071 5072 4957
f 4958 4957 5072
f 5072 4975 4958
f 4959 4958 4975
f 4975 4976 4959
f 4960 4959 4976
f 4976 5075 4960
f 4961 4960 5075
f 5075 5076 4961
f 4962 4961 5076
f 5076 5077 4962
f 4963 4962 5077
f 5077 5078 4963
f 4964 4963 5078
f 5078 5079 4964
f 4965 4964 5079
f 5079 5080 4965
f 4966 4965 5080
f 5080 5081 4966
f 4885 4966 5081
f 5081 5082 4885
f 4886 4885 5082
f 5082 5083 4886
f 4887 4886 5083
f 5083 5084 4887
f 4888 4887 5084
f 5084 5085 4888
f 4889 4888 5085
f 5085 5086 4889
f 4889 4889 5086
f 5086 5086 4889
f 5166 5152 5088
f 5088 5152 5089
f 5089 5152 5090
f 5091 5154 5155
f 5091 5155 5156
f 5098 5097 5217
f 5098 5217 5099
f 5217 5097 5216
f 5215 5093 5092
f 5093 5216 5094
f 5094 5216 5095
f 5095 5216 5096
f 5096 5216 5097
f 5100 5160 5159
f 5101 5160 5100
f 5161 5160 5101
f 5102 5163 5162
f 5173 5106 5174
f 5144 5170 5169
f 5145 5170 5144
f 5171 5170 5145
f 5104 5171 5145
f 5105 5171 5104
f 5172 5171 5105
f 5106 5172 5105
f 5173 5172 5106
f 5111 5112 5179
f 5178 5111 5179
f 5107 5176 5175
f 5177 5176 5107
f 5108 5177 5107
f 5109 5177 5108
f 5178 5177 5109
f 5110 5178 5109
f 5111 5178 5110
f 5114 5182 5181
f 5113 5114 5181
f 5115 5182 5114
f 5116 5182 5115
f 5183 5182 5116
f 5117 5183 5116
f 5118 5183 5117
f 5184 5183 5118
f 5119 5184 5118
f 5185 5184 5119
f 5120 5185 5119
f 5186 5185 5120
f 5121 5186 5120
f 5187 5186 5121
f 5122 5187 5121
f 5123 5187 5122
f 5188 5187 5123
f 5125 5192 5191
f 5124 5125 5191
f 5126 5192 5125
f 5127 5192 5126
f 5193 5192 5127
f 5128 5193 5127
f 5129 5193 5128
f 5194 5129 5195
f 5129 5194 5193
f 5205 5138 5206
f 5130 5197 5196
f 5201 5133 5134
f 5202 5201 5134
f 5135 5202 5134
f 5136 5202 5135
f 5203 5202 5136
f 5137 5203 5136
f 5204 5203 5137
f 5138 5204 5137
f 5205 5204 5138
f 5200 5133 5201
f 5132 5133 5200
f 5199 5132 5200
f 5130 5198 5197
f 5131 5198 5130
f 5132 5198 5131
f 5199 5198 5132
f 5207 5139 5208
f 5212 5143 5168
f 5140 5210 5209
f 5211 5210 5140
f 5141 5211 5140
f 5142 5211 5141
f 5212 5211 5142
f 5143 5212 5142
f 5147 5218 5217
f 5150 5147 5217
f 5225 5149 5226
f 5148 5225 5224
f 5149 5225 5148
f 5005 4985 5165
f 5165 5088 5005
f 5006 5005 5088
f 5088 5089 5006
f 5007 5006 5089
f 5089 5090 5007
f 5008 5007 5090
f 5090 5091 5008
f 5009 5008 5091
f 5091 5157 5009
f 4978 5009 5157
f 5157 5158 4978
f 4979 4978 5158
f 5158 5159 4979
f 4980 4979 5159
f 5159 5160 4980
f 4981 4980 5160
f 5160 5161 4981
f 4982 4981 5161
f 5161 5162 4982
f 4983 4982 5162
f 5162 5163 4983
f 4984 4983 5163
f 5163 5164 4984
f 4985 4984 5164
f 5164 5165 4985
f 4985 4985 5165
f 5165 5165 4985
f 5020 5019 5211
f 5211 5212 5020
f 5021 5020 5212
f 5212 5168 5021
f 5022 5021 5168
f 5168 5169 5022
f 5023 5022 5169
f 5169 5170 5023
f 5024 5023 5170
f 5170 5171 5024
f 5025 5024 5171
f 5171 5172 5025
f 5026 5025 5172
f 5172 5173 5026
f 5027 5026 5173
f 5173 5174 5027
f 5028 5027 5174
f 5174 5175 5028
f 5029 5028 5175
f 5175 5176 5029
f 5030 5029 5176
f 5176 5177 5030
f 4986 5030 5177
f 5177 5178 4986
f 4987 4986 5178
f 5178 5179 4987
f 4988 4987 5179
f 5179 5180 4988
f 4989 4988 5180
f 5180 5181 4989
f 4990 4989 5181
f 5181 5182 4990
f 5041 4990 5182
f 5182 5183 5041
f 5042 5041 5183
f 5183 5184 5042
f 5043 5042 5184
f 5184 5185 5043
f 5044 5043 5185
f 5185 5186 5044
f 4991 5044 5186
f 5186 5187 4991
f 4992 4991 5187
f 5187 5188 4992
f 4993 4992 5188
f 5188 5189 4993
f 4994 4993 5189
f 5189 5190 4994
f 4995 4994 5190
f 5190 5191 4995
f 4996 4995 5191
f 5191 5192 4996
f 5054 4996 5192
f 5192 5193 5054
f 5055 5054 5193
f 5193 5194 5055
f 5056 5055 5194
f 5194 5195 5056
f 5057 5056 5195
f 5195 5196 5057
f 5058 5057 5196
f 5196 5197 5058
f 5059 5058 5197
f 5197 5198 5059
f 5060 5059 5198
f 5198 5199 5060
f 5061 5060 5199
f 5199 5200 5061
f 5062 5061 5200
f 5200 5201 5062
f 5063 5062 5201
f 5201 5202 5063
f 5064 5063 5202
f 5202 5203 5064
f 5012 5064 5203
f 5203 5204 5012
f 5013 5012 5204
f 5204 5205 5013
f 5014 5013 5205
f 5205 5206 5014
f 5015 5014 5206
f 5206 5207 5015
f 5016 5015 5207
f 5207 5208 5016
f 5017 5016 5208
f 5208 5209 5017
f 5018 5017 5209
f 5209 5210 5018
f 5019 5018 5210
f 5210 5211 5019
f 5019 5019 5211
f 5211 5211 5019
f 5071 5070 5228
f 5228 5229 5071
f 5072 5071 5229
f 5229 5214 5072
f 5073 5072 5214
f 5214 5092 5073
f 5074 5073 5092
f 5092 5093 5074
f 5075 5074 5093
f 5093 5094 5075
f 5076 5075 5094
f 5094 5095 5076
f 5077 5076 5095
f 5095 5096 5077
f 5078 5077 5096
f 5096 5097 5078
f 5079 5078 5097
f 5097 5098 5079
f 4997 5079 5098
f 5098 5099 4997
f 4998 4997 5099
f 5099 5218 4998
f 5083 4998 5218
f 5218 5219 5083
f 5084 5083 5219
f 5219 5220 5084
f 5085 5084 5220
f 5220 5221 5085
f 5086 5085 5221
f 5221 5222 5086
f 5087 5086 5222
f 5222 5223 5087
f 5066 5087 5223
f 5223 5224 5066
f 5067 5066 5224
f 5224 5225 5067
f 5068 5067 5225
f 5225 5226 5068
f 5069 5068 5226
f 5226 5227 5069
f 5070 5069 5227
f 5227 5228 5070
f 5070 5070 5228
f 5228 5228 5070
f 5278 5233 5277
f 5274 5275 5230
f 5230 5275 5276
f 5230 5276 5231
f 5231 5276 5277
f 5231 5277 5232
f 5232 5277 5233
f 5338 5339 5235
f 5338 5235 5242
f 5336 5241 5240
f 5336 5240 5239
f 5336 5239 5238
f 5336 5238 5335
f 5335 5238 5237
f 5335 5237 5236
f 5249 5281 5280
f 5244 5281 5249
f 5245 5281 5244
f 5246 5282 5245
f 5269 5282 5246
f 5247 5269 5246
f 5270 5248 5271
f 5247 5248 5270
f 5254 5255 5322
f 5321 5254 5322
f 5251 5321 5320
f 5250 5251 5320
f 5252 5321 5251
f 5253 5321 5252
f 5254 5321 5253
f 5258 5259 5286
f 5257 5258 5286
f 5285 5257 5286
f 5256 5257 5285
f 5261 5292 5260
f 5293 5292 5261
f 5264 5312 5311
f 5263 5264 5311
f 5262 5263 5311
f 5264 5265 5312
f 5266 5267 5335
f 5334 5266 5335
f 5100 5158 5281
f 5281 5282 5100
f 5101 5100 5282
f 5282 5269 5101
f 5102 5101 5269
f 5269 5270 5102
f 5164 5102 5270
f 5270 5271 5164
f 5165 5164 5271
f 5271 5272 5165
f 5166 5165 5272
f 5272 5273 5166
f 5152 5166 5273
f 5273 5230 5152
f 5153 5152 5230
f 5230 5231 5153
f 5154 5153 5231
f 5231 5232 5154
f 5155 5154 5232
f 5232 5233 5155
f 5156 5155 5233
f 5233 5279 5156
f 5157 5156 5279
f 5279 5280 5157
f 5158 5157 5280
f 5280 5281 5158
f 5158 5158 5281
f 5281 5281 5158
f 5104 5145 5327
f 5327 5328 5104
f 5105 5104 5328
f 5328 5284 5105
f 5106 5105 5284
f 5284 5285 5106
f 5107 5106 5285
f 5285 5286 5107
f 5108 5107 5286
f 5286 5287 5108
f 5109 5108 5287
f 5287 5288 5109
f 5110 5109 5288
f 5288 5289 5110
f 5111 5110 5289
f 5289 5290 5111
f 5112 5111 5290
f 5290 5291 5112
f 5180 5112 5291
f 5291 5292 5180
f 5113 5180 5292
f 5292 5293 5113
f 5114 5113 5293
f 5293 5294 5114
f 5115 5114 5294
f 5294 5295 5115
f 5116 5115 5295
f 5295 5296 5116
f 5117 5116 5296
f 5296 5297 5117
f 5118 5117 5297
f 5297 5298 5118
f 5119 5118 5298
f 5298 5299 5119
f 5120 5119 5299
f 5299 5300 5120
f 5121 5120 5300
f 5300 5301 5121
f 5122 5121 5301
f 5301 5302 5122
f 5123 5122 5302
f 5302 5303 5123
f 5189 5123 5303
f 5303 5304 5189
f 5190 5189 5304
f 5304 5305 5190
f 5124 5190 5305
f 5305 5306 5124
f 5125 5124 5306
f 5306 5307 5125
f 5126 5125 5307
f 5307 5308 5126
f 5127 5126 5308
f 5308 5309 5127
f 5128 5127 5309
f 5309 5310 5128
f 5129 5128 5310
f 5310 5311 5129
f 5130 5129 5311
f 5311 5312 5130
f 5131 5130 5312
f 5312 5313 5131
f 5132 5131 5313
f 5313 5314 5132
f 5133 5132 5314
f 5314 5315 5133
f 5134 5133 5315
f 5315 5316 5134
f 5135 5134 5316
f 5316 5317 5135
f 5136 5135 5317
f 5317 5318 5136
f 5137 5136 5318
f 5318 5319 5137
f 5138 5137 5319
f 5319 5320 5138
f 5139 5138 5320
f 5320 5321 5139
f 5140 5139 5321
f 5321 5322 5140
f 5141 5140 5322
f 5322 5323 5141
f 5142 5141 5323
f 5323 5324 5142
f 5143 5142 5324
f 5324 5325 5143
f 5144 5143 5325
f 5325 5326 5144
f 5145 5144 5326
f 5326 5327 5145
f 5145 5145 5327
f 5327 5327 5145
f 5147 5150 5242
f 5242 5235 5147
f 5219 5147 5235
f 5235 5340 5219
f 5220 5219 5340
f 5340 5330 5220
f 5221 5220 5330
f 5330 5331 5221
f 5222 5221 5331
f 5331 5332 5222
f 5223 5222 5332
f 5332 5333 5223
f 5148 5223 5333
f 5333 5334 5148
f 5149 5148 5334
f 5334 5236 5149
f 5227 5149 5236
f 5236 5237 5227
f 5228 5227 5237
f 5237 5238 5228
f 5229 5228 5238
f 5238 5239 5229
f 5214 5229 5239
f 5239 5240 5214
f 5215 5214 5240
f 5240 5241 5215
f 5216 5215 5241
f 5241 5337 5216
f 5150 5216 5337
f 5337 5242 5150
f 5150 5150 5242
f 5242 5242 5150
f 5421 5342 5341
f 5421 5341 5420
f 5424 5344 5343
f 5424 5343 5423
f 5487 5346 5345
f 5487 5345 5486
f 5353 5413 5427
f 5348 5413 5353
f 5414 5413 5348
f 5349 5414 5348
f 5415 5414 5349
f 5350 5415 5349
f 5417 5351 5352
f 5418 5417 5352
f 5350 5416 5415
f 5351 5416 5350
f 5356 5357 5355
f 5441 5360 5442
f 5394 5439 5438
f 5440 5439 5394
f 5359 5440 5394
f 5360 5440 5359
f 5441 5440 5360
f 5443 5361 5444
f 5452 5367 5368
f 5453 5452 5368
f 5362 5447 5446
f 5448 5447 5362
f 5363 5448 5362
f 5364 5448 5363
f 5449 5448 5364
f 5450 5449 5364
f 5365 5450 5364
f 5451 5450 5365
f 5366 5451 5365
f 5452 5451 5366
f 5367 5452 5366
f 5369 5455 5454
f 5370 5455 5369
f 5456 5455 5370
f 5371 5456 5370
f 5372 5456 5371
f 5457 5456 5372
f 5373 5457 5372
f 5458 5457 5373
f 5374 5458 5373
f 5459 5458 5374
f 5460 5459 5374
f 5375 5460 5374
f 5461 5460 5375
f 5376 5461 5375
f 5462 5461 5376
f 5377 5462 5376
f 5463 5462 5377
f 5378 5463 5377
f 5464 5463 5378
f 5379 5464 5378
f 5465 5464 5379
f 5380 5465 5379
f 5381 5465 5380
f 5466 5465 5381
f 5382 5466 5381
f 5467 5466 5382
f 5383 5467 5382
f 5468 5467 5383
f 5384 5468 5383
f 5469 5468 5384
f 5385 5469 5384
f 5470 5469 5385
f 5386 5470 5385
f 5471 5470 5386
f 5472 5471 5386
f 5387 5476 5475
f 5480 5391 5481
f 5388 5478 5477
f 5479 5388 5389
f 5480 5479 5389
f 5390 5480 5389
f 5391 5480 5390
f 5478 5388 5479
f 5430 5392 5431
f 5436 5393 5437
f 5396 5397 5398
f 5400 5401 5402
f 5491 5411 5404
f 5405 5491 5404
f 5490 5411 5491
f 5406 5407 5489
f 5408 5490 5407
f 5409 5490 5408
f 5410 5490 5409
f 5411 5490 5410
f 5244 5249 5426
f 5426 5427 5244
f 5245 5244 5427
f 5427 5413 5245
f 5246 5245 5413
f 5413 5414 5246
f 5247 5246 5414
f 5414 5415 5247
f 5248 5247 5415
f 5415 5416 5248
f 5272 5248 5416
f 5416 5417 5272
f 5273 5272 5417
f 5417 5418 5273
f 5274 5273 5418
f 5418 5419 5274
f 5275 5274 5419
f 5419 5341 5275
f 5276 5275 5341
f 5341 5342 5276
f 5277 5276 5342
f 5342 5343 5277
f 5278 5277 5343
f 5343 5344 5278
f 5279 5278 5344
f 5344 5425 5279
f 5249 5279 5425
f 5425 5426 5249
f 5249 5249 5426
f 5426 5426 5249
f 5318 5317 5480
f 5480 5481 5318
f 5319 5318 5481
f 5481 5430 5319
f 5250 5319 5430
f 5430 5431 5250
f 5251 5250 5431
f 5431 5432 5251
f 5252 5251 5432
f 5432 5433 5252
f 5253 5252 5433
f 5433 5434 5253
f 5254 5253 5434
f 5434 5435 5254
f 5255 5254 5435
f 5435 5436 5255
f 5323 5255 5436
f 5436 5437 5323
f 5324 5323 5437
f 5437 5438 5324
f 5325 5324 5438
f 5438 5439 5325
f 5326 5325 5439
f 5439 5440 5326
f 5327 5326 5440
f 5440 5441 5327
f 5328 5327 5441
f 5441 5442 5328
f 5284 5328 5442
f 5442 5443 5284
f 5256 5284 5443
f 5443 5444 5256
f 5257 5256 5444
f 5444 5445 5257
f 5258 5257 5445
f 5445 5446 5258
f 5259 5258 5446
f 5446 5447 5259
f 5287 5259 5447
f 5447 5448 5287
f 5288 5287 5448
f 5448 5449 5288
f 5289 5288 5449
f 5449 5450 5289
f 5290 5289 5450
f 5450 5451 5290
f 5291 5290 5451
f 5451 5452 5291
f 5260 5291 5452
f 5452 5453 5260
f 5261 5260 5453
f 5453 5454 5261
f 5294 5261 5454
f 5454 5455 5294
f 5295 5294 5455
f 5455 5456 5295
f 5296 5295 5456
f 5456 5457 5296
f 5297 5296 5457
f 5457 5458 5297
f 5298 5297 5458
f 5458 5459 5298
f 5299 5298 5459
f 5459 5460 5299
f 5300 5299 5460
f 5460 5461 5300
f 5301 5300 5461
f 5461 5462 5301
f 5302 5301 5462
f 5462 5463 5302
f 5303 5302 5463
f 5463 5464 5303
f 5304 5303 5464
f 5464 5465 5304
f 5305 5304 5465
f 5465 5466 5305
f 5306 5305 5466
f 5466 5467 5306
f 5307 5306 5467
f 5467 5468 5307
f 5308 5307 5468
f 5468 5469 5308
f 5309 5308 5469
f 5469 5470 5309
f 5310 5309 5470
f 5470 5471 5310
f 5262 5310 5471
f 5471 5472 5262
f 5263 5262 5472
f 5472 5473 5263
f 5264 5263 5473
f 5473 5474 5264
f 5265 5264 5474
f 5474 5475 5265
f 5313 5265 5475
f 5475 5476 5313
f 5314 5313 5476
f 5476 5477 5314
f 5315 5314 5477
f 5477 5478 5315
f 5316 5315 5478
f 5478 5479 5316
f 5317 5316 5479
f 5479 5480 5317
f 5317 5317 5480
f 5480 5480 5317
f 5330 5340 5493
f 5493 5494 5330
f 5331 5330 5494
f 5494 5483 5331
f 5332 5331 5483
f 5483 5484 5332
f 5333 5332 5484
f 5484 5485 5333
f 5266 5333 5485
f 5485 5345 5266
f 5267 5266 5345
f 5345 5346 5267
f 5336 5267 5346
f 5346 5489 5336
f 5337 5336 5489
f 5489 5490 5337
f 5338 5337 5490
f 5490 5491 5338
f 5339 5338 5491
f 5491 5492 5339
f 5340 5339 5492
f 5492 5493 5340
f 5340 5340 5493
f 5493 5493 5340
f 5552 5497 5550
f 5548 5549 5495
f 5495 5549 5496
f 5496 5549 5550
f 5496 5550 5497
f 5499 5498 5552
f 5499 5552 5553
f 5614 5615 5500
f 5500 5615 5501
f 5501 5615 5616
f 5505 5555 5554
f 5559 5505 5554
f 5560 5559 5554
f 5506 5555 5505
f 5556 5555 5506
f 5543 5556 5506
f 5507 5543 5506
f 5545 5503 5504
f 5546 5545 5504
f 5508 5503 5545
f 5544 5508 5545
f 5507 5544 5543
f 5508 5544 5507
f 5515 5516 5603
f 5602 5515 5603
f 5531 5597 5596
f 5532 5597 5531
f 5533 5597 5532
f 5598 5597 5533
f 5534 5598 5533
f 5510 5598 5534
f 5599 5598 5510
f 5600 5599 5510
f 5511 5600 5510
f 5601 5600 5511
f 5512 5601 5511
f 5513 5601 5512
f 5602 5601 5513
f 5514 5602 5513
f 5515 5602 5514
f 5564 5522 5565
f 5611 5562 5604
f 5612 5611 5604
f 5517 5562 5611
f 5563 5562 5517
f 5518 5563 5517
f 5519 5563 5518
f 5564 5563 5519
f 5520 5564 5519
f 5521 5564 5520
f 5522 5564 5521
f 5571 5606 5608
f 5570 5606 5571
f 5523 5590 5589
f 5524 5590 5523
f 5529 5530 5593
f 5592 5529 5593
f 5525 5591 5590
f 5524 5525 5590
f 5526 5591 5525
f 5527 5591 5526
f 5592 5591 5527
f 5528 5592 5527
f 5529 5592 5528
f 5536 5537 5624
f 5541 5536 5624
f 5540 5541 5624
f 5623 5540 5624
f 5539 5540 5623
f 5538 5539 5623
f 5348 5353 5555
f 5555 5556 5348
f 5349 5348 5556
f 5556 5543 5349
f 5350 5349 5543
f 5543 5544 5350
f 5351 5350 5544
f 5544 5545 5351
f 5352 5351 5545
f 5545 5546 5352
f 5419 5352 5546
f 5546 5547 5419
f 5420 5419 5547
f 5547 5495 5420
f 5421 5420 5495
f 5495 5496 5421
f 5423 5421 5496
f 5496 5497 5423
f 5424 5423 5497
f 5497 5498 5424
f 5425 5424 5498
f 5498 5499 5425
f 5426 5425 5499
f 5499 5554 5426
f 5353 5426 5554
f 5554 5555 5353
f 5353 5353 5555
f 5555 5555 5353
f 5355 5357 5559
f 5559 5560 5355
f 5356 5355 5560
f 5560 5558 5356
f 5357 5356 5558
f 5558 5559 5357
f 5357 5357 5559
f 5559 5559 5357
f 5359 5394 5603
f 5603 5604 5359
f 5360 5359 5604
f 5604 5562 5360
f 5361 5360 5562
f 5562 5563 5361
f 5445 5361 5563
f 5563 5564 5445
f 5362 5445 5564
f 5564 5565 5362
f 5363 5362 5565
f 5565 5566 5363
f 5364 5363 5566
f 5566 5567 5364
f 5365 5364 5567
f 5567 5568 5365
f 5366 5365 5568
f 5568 5569 5366
f 5367 5366 5569
f 5569 5570 5367
f 5368 5367 5570
f 5570 5571 5368
f 5369 5368 5571
f 5571 5572 5369
f 5370 5369 5572
f 5572 5573 5370
f 5371 5370 5573
f 5573 5574 5371
f 5372 5371 5574
f 5574 5575 5372
f 5373 5372 5575
f 5575 5576 5373
f 5374 5373 5576
f 5576 5577 5374
f 5375 5374 5577
f 5577 5578 5375
f 5376 5375 5578
f 5578 5579 5376
f 5377 5376 5579
f 5579 5580 5377
f 5378 5377 5580
f 5580 5581 5378
f 5379 5378 5581
f 5581 5582 5379
f 5380 5379 5582
f 5582 5583 5380
f 5381 5380 5583
f 5583 5584 5381
f 5382 5381 5584
f 5584 5585 5382
f 5383 5382 5585
f 5585 5586 5383
f 5384 5383 5586
f 5586 5587 5384
f 5385 5384 5587
f 5587 5588 5385
f 5386 5385 5588
f 5588 5589 5386
f 5473 5386 5589
f 5589 5590 5473
f 5474 5473 5590
f 5590 5591 5474
f 5387 5474 5591
f 5591 5592 5387
f 5388 5387 5592
f 5592 5593 5388
f 5389 5388 5593
f 5593 5594 5389
f 5390 5389 5594
f 5594 5595 5390
f 5391 5390 5595
f 5595 5596 5391
f 5392 5391 5596
f 5596 5597 5392
f 5432 5392 5597
f 5597 5598 5432
f 5433 5432 5598
f 5598 5599 5433
f 5434 5433 5599
f 5599 5600 5434
f 5435 5434 5600
f 5600 5601 5435
f 5393 5435 5601
f 5601 5602 5393
f 5394 5393 5602
f 5602 5603 5394
f 5394 5394 5603
f 5603 5603 5394
f 5396 5398 5607
f 5607 5608 5396
f 5397 5396 5608
f 5608 5606 5397
f 5398 5397 5606
f 5606 5607 5398
f 5398 5398 5607
f 5607 5607 5398
f 5400 5402 5611
f 5611 5612 5400
f 5401 5400 5612
f 5612 5610 5401
f 5402 5401 5610
f 5610 5611 5402
f 5402 5402 5611
f 5611 5611 5402
f 5404 5411 5629
f 5629 5630 5404
f 5405 5404 5630
f 5630 5500 5405
f 5492 5405 5500
f 5500 5501 5492
f 5493 5492 5501
f 5501 5617 5493
f 5494 5493 5617
f 5617 5618 5494
f 5483 5494 5618
f 5618 5619 5483
f 5484 5483 5619
f 5619 5620 5484
f 5485 5484 5620
f 5620 5621 5485
f 5486 5485 5621
f 5621 5622 5486
f 5487 5486 5622
f 5622 5623 5487
f 5406 5487 5623
f 5623 5624 5406
f 5407 5406 5624
f 5624 5625 5407
f 5408 5407 5625
f 5625 5626 5408
f 5409 5408 5626
f 5626 5627 5409
f 5410 5409 5627
f 5627 5628 5410
f 5411 5410 5628
f 5628 5629 5411
f 5411 5411 5629
f 5629 5629 5411
f 5661 5661 5631
f 5658 5658 5659
f 5631 5661 5632
f 5635 5635 5664
f 5635 5664 5665
f 5662 5663 5633
f 5633 5663 5635
f 5635 5663 5664
f 5678 5679 5679
f 5701 5702 5702
f 5718 5718 5719
f 5744 5743 5743
f 5748 5637 5747
f 5746 5747 5636
f 5636 5747 5637
f 5639 5667 5638
f 5668 5667 5639
f 5640 5668 5639
f 5641 5668 5640
f 5642 5669 5641
f 5670 5669 5642
f 5643 5670 5642
f 5671 5643 5672
f 5643 5671 5670
f 5693 5645 5646
f 5647 5693 5646
f 5694 5693 5647
f 5695 5694 5647
f 5648 5695 5647
f 5649 5695 5648
f 5696 5695 5649
f 5698 5696 5649
f 5691 5690 5644
f 5692 5691 5644
f 5645 5692 5644
f 5693 5692 5645
f 5699 5698 5698
f 5705 5704 5650
f 5706 5705 5650
f 5651 5706 5650
f 5707 5706 5651
f 5652 5707 5651
f 5653 5707 5652
f 5708 5707 5653
f 5709 5708 5653
f 5654 5709 5653
f 5710 5709 5654
f 5655 5710 5654
f 5656 5710 5655
f 5711 5710 5656
f 5712 5711 5656
f 5745 5746 5745
f 5503 5508 5671
f 5671 5672 5503
f 5504 5503 5672
f 5672 5658 5504
f 5547 5504 5658
f 5658 5631 5547
f 5548 5547 5631
f 5631 5632 5548
f 5549 5548 5632
f 5632 5661 5549
f 5550 5549 5661
f 5661 5633 5550
f 5552 5550 5633
f 5633 5635 5552
f 5552 5552 5635
f 5635 5635 5552
f 5553 5552 5635
f 5635 5666 5553
f 5558 5553 5666
f 5666 5667 5558
f 5505 5558 5667
f 5667 5668 5505
f 5506 5505 5668
f 5668 5669 5506
f 5507 5506 5669
f 5669 5670 5507
f 5508 5507 5670
f 5670 5671 5508
f 5508 5508 5671
f 5671 5671 5508
f 5510 5534 5727
f 5727 5728 5510
f 5511 5510 5728
f 5728 5674 5511
f 5512 5511 5674
f 5674 5675 5512
f 5513 5512 5675
f 5675 5676 5513
f 5514 5513 5676
f 5676 5677 5514
f 5515 5514 5677
f 5677 5678 5515
f 5516 5515 5678
f 5678 5679 5516
f 5610 5516 5679
f 5679 5681 5610
f 5517 5610 5681
f 5681 5682 5517
f 5518 5517 5682
f 5682 5683 5518
f 5519 5518 5683
f 5683 5684 5519
f 5520 5519 5684
f 5684 5685 5520
f 5521 5520 5685
f 5685 5686 5521
f 5522 5521 5686
f 5686 5687 5522
f 5566 5522 5687
f 5687 5688 5566
f 5567 5566 5688
f 5688 5690 5567
f 5568 5567 5690
f 5690 5691 5568
f 5569 5568 5691
f 5691 5692 5569
f 5607 5569 5692
f 5692 5693 5607
f 5572 5607 5693
f 5693 5694 5572
f 5573 5572 5694
f 5694 5695 5573
f 5574 5573 5695
f 5695 5696 5574
f 5575 5574 5696
f 5696 5698 5575
f 5576 5575 5698
f 5698 5699 5576
f 5577 5576 5699
f 5699 5700 5577
f 5578 5577 5700
f 5700 5701 5578
f 5579 5578 5701
f 5701 5702 5579
f 5580 5579 5702
f 5702 5704 5580
f 5581 5580 5704
f 5704 5705 5581
f 5582 5581 5705
f 5705 5706 5582
f 5583 5582 5706
f 5706 5707 5583
f 5584 5583 5707
f 5707 5708 5584
f 5585 5584 5708
f 5708 5709 5585
f 5586 5585 5709
f 5709 5710 5586
f 5587 5586 5710
f 5710 5711 5587
f 5588 5587 5711
f 5711 5712 5588
f 5523 5588 5712
f 5712 5713 5523
f 5524 5523 5713
f 5713 5714 5524
f 5525 5524 5714
f 5714 5715 5525
f 5526 5525 5715
f 5715 5716 5526
f 5527 5526 5716
f 5716 5717 5527
f 5528 5527 5717
f 5717 5718 5528
f 5529 5528 5718
f 5718 5719 5529
f 5530 5529 5719
f 5719 5720 5530
f 5594 5530 5720
f 5720 5722 5594
f 5595 5594 5722
f 5722 5723 5595
f 5531 5595 5723
f 5723 5724 5531
f 5532 5531 5724
f 5724 5725 5532
f 5533 5532 5725
f 5725 5726 5533
f 5534 5533 5726
f 5726 5727 5534
f 5534 5534 5727
f 5727 5727 5534
f 5536 5541 5751
f 5751 5752 5536
f 5537 5536 5752
f 5752 5730 5537
f 5625 5537 5730
f 5730 5731 5625
f 5626 5625 5731
f 5731 5732 5626
f 5627 5626 5732
f 5732 5733 5627
f 5628 5627 5733
f 5733 5734 5628
f 5629 5628 5734
f 5734 5735 5629
f 5630 5629 5735
f 5735 5736 5630
f 5614 5630 5736
f 5736 5737 5614
f 5615 5614 5737
f 5737 5738 5615
f 5616 5615 5738
f 5738 5739 5616
f 5617 5616 5739
f 5739 5740 5617
f 5618 5617 5740
f 5740 5741 5618
f 5619 5618 5741
f 5741 5742 5619
f 5620 5619 5742
f 5742 5743 5620
f 5621 5620 5743
f 5743 5745 5621
f 5622 5621 5745
f 5745 5636 5622
f 5538 5622 5636
f 5636 5637 5538
f 5539 5538 5637
f 5637 5749 5539
f 5540 5539 5749
f 5749 5750 5540
f 5541 5540 5750
f 5750 5751 5541
f 5541 5541 5751
f 5751 5751 5541
f 5829 5755 5828
f 5827 5828 5759
f 5759 5828 5759
f 5759 5828 5755
f 5758 5757 5817
f 5817 5757 5816
f 5815 5816 5756
f 5756 5816 5757
f 5889 5890 5760
f 5760 5890 5761
f 5761 5890 5762
f 5762 5890 5763
f 5891 5763 5890
f 5764 5822 5821
f 5823 5822 5764
f 5765 5823 5764
f 5825 5768 5769
f 5767 5768 5825
f 5824 5767 5825
f 5766 5824 5823
f 5765 5766 5823
f 5767 5824 5766
f 5839 5787 5840
f 5796 5857 5856
f 5797 5857 5796
f 5798 5857 5797
f 5799 5857 5798
f 5865 5805 5806
f 5866 5865 5806
f 5807 5866 5806
f 5808 5866 5807
f 5867 5866 5808
f 5809 5867 5808
f 5868 5867 5809
f 5810 5868 5809
f 5869 5868 5810
f 5870 5869 5810
f 5811 5870 5810
f 5871 5870 5811
f 5771 5871 5811
f 5772 5871 5771
f 5872 5871 5772
f 5873 5872 5772
f 5773 5873 5772
f 5874 5873 5773
f 5774 5874 5773
f 5775 5874 5774
f 5875 5874 5775
f 5776 5875 5775
f 5876 5875 5776
f 5777 5876 5776
f 5877 5876 5777
f 5832 5877 5777
f 5778 5832 5777
f 5779 5832 5778
f 5833 5832 5779
f 5780 5833 5779
f 5834 5833 5780
f 5781 5834 5780
f 5835 5834 5781
f 5836 5835 5781
f 5782 5836 5781
f 5783 5836 5782
f 5837 5836 5783
f 5784 5837 5783
f 5838 5837 5784
f 5839 5838 5784
f 5785 5839 5784
f 5786 5839 5785
f 5787 5839 5786
f 5799 5858 5857
f 5800 5858 5799
f 5859 5858 5800
f 5860 5859 5800
f 5801 5860 5800
f 5861 5860 5801
f 5802 5861 5801
f 5803 5861 5802
f 5862 5861 5803
f 5804 5862 5803
f 5863 5862 5804
f 5805 5863 5804
f 5864 5863 5805
f 5865 5864 5805
f 5788 5846 5845
f 5789 5846 5788
f 5790 5846 5789
f 5791 5846 5790
f 5847 5846 5791
f 5792 5847 5791
f 5848 5847 5792
f 5849 5848 5792
f 5793 5849 5792
f 5794 5849 5793
f 5795 5849 5794
f 5850 5849 5795
f 5881 5813 5882
f 5812 5813 5881
f 5661 5661 5759
f 5759 5759 5661
f 5662 5661 5759
f 5759 5755 5662
f 5663 5662 5755
f 5755 5756 5663
f 5664 5663 5756
f 5756 5757 5664
f 5665 5664 5757
f 5757 5758 5665
f 5666 5665 5758
f 5758 5818 5666
f 5638 5666 5818
f 5818 5819 5638
f 5639 5638 5819
f 5819 5820 5639
f 5640 5639 5820
f 5820 5821 5640
f 5641 5640 5821
f 5821 5822 5641
f 5642 5641 5822
f 5822 5823 5642
f 5643 5642 5823
f 5823 5824 5643
f 5658 5643 5824
f 5824 5825 5658
f 5659 5658 5825
f 5825 5826 5659
f 5661 5659 5826
f 5826 5759 5661
f 5661 5661 5759
f 5759 5759 5661
f 5679 5678 5876
f 5876 5877 5679
f 5681 5679 5877
f 5877 5832 5681
f 5682 5681 5832
f 5832 5833 5682
f 5683 5682 5833
f 5833 5834 5683
f 5684 5683 5834
f 5834 5835 5684
f 5685 5684 5835
f 5835 5836 5685
f 5686 5685 5836
f 5836 5837 5686
f 5687 5686 5837
f 5837 5838 5687
f 5688 5687 5838
f 5838 5839 5688
f 5644 5688 5839
f 5839 5840 5644
f 5645 5644 5840
f 5840 5841 5645
f 5646 5645 5841
f 5841 5842 5646
f 5647 5646 5842
f 5842 5843 5647
f 5648 5647 5843
f 5843 5844 5648
f 5649 5648 5844
f 5844 5845 5649
f 5699 5649 5845
f 5845 5846 5699
f 5700 5699 5846
f 5846 5847 5700
f 5701 5700 5847
f 5847 5848 5701
f 5702 5701 5848
f 5848 5849 5702
f 5650 5702 5849
f 5849 5850 5650
f 5651 5650 5850
f 5850 5851 5651
f 5652 5651 5851
f 5851 5852 5652
f 5653 5652 5852
f 5852 5853 5653
f 5654 5653 5853
f 5853 5854 5654
f 5655 5654 5854
f 5854 5855 5655
f 5656 5655 5855
f 5855 5856 5656
f 5713 5656 5856
f 5856 5857 5713
f 5714 5713 5857
f 5857 5858 5714
f 5715 5714 5858
f 5858 5859 5715
f 5716 5715 5859
f 5859 5860 5716
f 5717 5716 5860
f 5860 5861 5717
f 5718 5717 5861
f 5861 5862 5718
f 5719 5718 5862
f 5862 5863 5719
f 5720 5719 5863
f 5863 5864 5720
f 5722 5720 5864
f 5864 5865 5722
f 5723 5722 5865
f 5865 5866 5723
f 5724 5723 5866
f 5866 5867 5724
f 5725 5724 5867
f 5867 5868 5725
f 5726 5725 5868
f 5868 5869 5726
f 5727 5726 5869
f 5869 5870 5727
f 5728 5727 5870
f 5870 5871 5728
f 5674 5728 5871
f 5871 5872 5674
f 5675 5674 5872
f 5872 5873 5675
f 5676 5675 5873
f 5873 5874 5676
f 5677 5676 5874
f 5874 5875 5677
f 5678 5677 5875
f 5875 5876 5678
f 5678 5678 5876
f 5876 5876 5678
f 5751 5750 5898
f 5898 5899 5751
f 5752 5751 5899
f 5899 5879 5752
f 5730 5752 5879
f 5879 5880 5730
f 5731 5730 5880
f 5880 5881 5731
f 5732 5731 5881
f 5881 5882 5732
f 5733 5732 5882
f 5882 5883 5733
f 5734 5733 5883
f 5883 5884 5734
f 5735 5734 5884
f 5884 5885 5735
f 5736 5735 5885
f 5885 5886 5736
f 5737 5736 5886
f 5886 5887 5737
f 5738 5737 5887
f 5887 5888 5738
f 5739 5738 5888
f 5888 5760 5739
f 5740 5739 5760
f 5760 5761 5740
f 5741 5740 5761
f 5761 5762 5741
f 5742 5741 5762
f 5762 5763 5742
f 5743 5742 5763
f 5763 5892 5743
f 5745 5743 5892
f 5892 5893 5745
f 5746 5745 5893
f 5893 5894 5746
f 5747 5746 5894
f 5894 5895 5747
f 5748 5747 5895
f 5895 5896 5748
f 5749 5748 5896
f 5896 5897 5749
f 5750 5749 5897
f 5897 5898 5750
f 5750 5750 5898
f 5898 5898 5750
f 5924 5902 5923
f 5939 5921 5900
f 5900 5921 5901
f 5901 5921 5922
f 5901 5922 5902
f 5902 5922 5923
f 5927 5927 5928
f 5937 5936 5936
f 5935 5936 5935
f 5903 6001 5904
f 5904 6001 6002
f 5904 6002 6003
f 6003 6004 5905
f 5905 6004 6005
f 5905 6005 5906
f 5908 5907 6007
f 5908 6007 5909
f 5909 6007 6008
f 6005 6006 5906
f 5906 6006 5907
f 5907 6006 6007
f 5911 5929 5928
f 5910 5911 5928
f 5912 5929 5911
f 5930 5929 5912
f 5913 5930 5912
f 5931 5930 5913
f 5914 5931 5913
f 5933 5916 5934
f 5914 5932 5931
f 5915 5932 5914
f 5916 5932 5915
f 5933 5932 5916
f 5998 5997 5998
f 5918 5993 5917
f 5919 5993 5918
f 5994 5993 5919
f 5995 5994 5919
f 5996 5995 5919
f 5996 5995 5996
f 5828 5827 5938
f 5938 5900 5828
f 5829 5828 5900
f 5900 5901 5829
f 5815 5829 5901
f 5901 5902 5815
f 5816 5815 5902
f 5902 5924 5816
f 5817 5816 5924
f 5924 5926 5817
f 5818 5817 5926
f 5926 5927 5818
f 5819 5818 5927
f 5927 5928 5819
f 5820 5819 5928
f 5928 5929 5820
f 5764 5820 5929
f 5929 5930 5764
f 5765 5764 5930
f 5930 5931 5765
f 5766 5765 5931
f 5931 5932 5766
f 5767 5766 5932
f 5932 5933 5767
f 5768 5767 5933
f 5933 5934 5768
f 5769 5768 5934
f 5934 5935 5769
f 5826 5769 5935
f 5935 5936 5826
f 5827 5826 5936
f 5936 5938 5827
f 5827 5827 5938
f 5938 5938 5827
f 5771 5811 5989
f 5989 5990 5771
f 5772 5771 5990
f 5990 5941 5772
f 5773 5772 5941
f 5941 5942 5773
f 5774 5773 5942
f 5942 5943 5774
f 5775 5774 5943
f 5943 5944 5775
f 5776 5775 5944
f 5944 5945 5776
f 5777 5776 5945
f 5945 5946 5777
f 5778 5777 5946
f 5946 5947 5778
f 5779 5778 5947
f 5947 5948 5779
f 5780 5779 5948
f 5948 5949 5780
f 5781 5780 5949
f 5949 5950 5781
f 5782 5781 5950
f 5950 5951 5782
f 5783 5782 5951
f 5951 5952 5783
f 5784 5783 5952
f 5952 5953 5784
f 5785 5784 5953
f 5953 5954 5785
f 5786 5785 5954
f 5954 5955 5786
f 5787 5786 5955
f 5955 5956 5787
f 5841 5787 5956
f 5956 5957 5841
f 5842 5841 5957
f 5957 5958 5842
f 5843 5842 5958
f 5958 5959 5843
f 5844 5843 5959
f 5959 5960 5844
f 5788 5844 5960
f 5960 5961 5788
f 5789 5788 5961
f 5961 5962 5789
f 5790 5789 5962
f 5962 5963 5790
f 5791 5790 5963
f 5963 5964 5791
f 5792 5791 5964
f 5964 5965 5792
f 5793 5792 5965
f 5965 5966 5793
f 5794 5793 5966
f 5966 5967 5794
f 5795 5794 5967
f 5967 5968 5795
f 5851 5795 5968
f 5968 5969 5851
f 5852 5851 5969
f 5969 5970 5852
f 5853 5852 5970
f 5970 5971 5853
f 5854 5853 5971
f 5971 5972 5854
f 5855 5854 5972
f 5972 5973 5855
f 5796 5855 5973
f 5973 5974 5796
f 5797 5796 5974
f 5974 5975 5797
f 5798 5797 5975
f 5975 5976 5798
f 5799 5798 5976
f 5976 5977 5799
f 5800 5799 5977
f 5977 5978 5800
f 5801 5800 5978
f 5978 5979 5801
f 5802 5801 5979
f 5979 5980 5802
f 5803 5802 5980
f 5980 5981 5803
f 5804 5803 5981
f 5981 5982 5804
f 5805 5804 5982
f 5982 5983 5805
f 5806 5805 5983
f 5983 5984 5806
f 5807 5806 5984
f 5984 5985 5807
f 5808 5807 5985
f 5985 5986 5808
f 5809 5808 5986
f 5986 5987 5809
f 5810 5809 5987
f 5987 5988 5810
f 5811 5810 5988
f 5988 5989 5811
f 5811 5811 5989
f 5989 5989 5811
f 5880 5879 6013
f 6013 5992 5880
f 5812 5880 5992
f 5992 5993 5812
f 5813 5812 5993
f 5993 5994 5813
f 5883 5813 5994
f 5994 5995 5883
f 5884 5883 5995
f 5995 5996 5884
f 5885 5884 5996
f 5996 5997 5885
f 5886 5885 5997
f 5997 5998 5886
f 5887 5886 5998
f 5998 6000 5887
f 5888 5887 6000
f 6000 5903 5888
f 5889 5888 5903
f 5903 5904 5889
f 5890 5889 5904
f 5904 6003 5890
f 5891 5890 6003
f 6003 5905 5891
f 5892 5891 5905
f 5905 5906 5892
f 5893 5892 5906
f 5906 5907 5893
f 5894 5893 5907
f 5907 5908 5894
f 5895 5894 5908
f 5908 5909 5895
f 5896 5895 5909
f 5909 6009 5896
f 5897 5896 6009
f 6009 6010 5897
f 5898 5897 6010
f 6010 6011 5898
f 5899 5898 6011
f 6011 6012 5899
f 5879 5899 6012
f 6012 6013 5879
f 5879 5879 6013
f 6013 6013 5879
f 6016 6015 6066
f 6016 6066 6017
f 6017 6066 6067
f 6148 6149 6022
f 6022 6149 6019
f 6019 6149 6020
f 6020 6149 6021
f 6150 6021 6149
f 6025 6070 6069
f 6071 6070 6025
f 6026 6071 6025
f 6072 6071 6026
f 6027 6072 6026
f 6075 6028 6024
f 6074 6028 6075
f 6027 6073 6072
f 6028 6073 6027
f 6074 6073 6028
f 6088 6031 6089
f 6029 6087 6086
f 6088 6087 6029
f 6030 6088 6029
f 6031 6088 6030
f 6099 6036 6037
f 6038 6099 6037
f 6100 6099 6038
f 6039 6100 6038
f 6101 6100 6039
f 6102 6101 6039
f 6040 6102 6039
f 6103 6102 6040
f 6041 6103 6040
f 6104 6103 6041
f 6042 6104 6041
f 6043 6104 6042
f 6105 6104 6043
f 6044 6105 6043
f 6106 6105 6044
f 6045 6106 6044
f 6107 6106 6045
f 6046 6107 6045
f 6108 6107 6046
f 6109 6108 6046
f 6047 6109 6046
f 6110 6109 6047
f 6048 6110 6047
f 6049 6110 6048
f 6111 6110 6049
f 6050 6111 6049
f 6112 6111 6050
f 6051 6112 6050
f 6052 6112 6051
f 6113 6112 6052
f 6053 6113 6052
f 6114 6113 6053
f 6115 6114 6053
f 6054 6115 6053
f 6116 6115 6054
f 6055 6116 6054
f 6056 6116 6055
f 6117 6116 6056
f 6118 6117 6056
f 6032 6094 6093
f 6095 6094 6032
f 6033 6095 6032
f 6096 6095 6033
f 6034 6096 6033
f 6097 6096 6034
f 6035 6097 6034
f 6098 6097 6035
f 6036 6098 6035
f 6099 6098 6036
f 6126 6060 6127
f 6057 6124 6123
f 6125 6057 6058
f 6059 6125 6058
f 6126 6125 6059
f 6060 6126 6059
f 6124 6057 6125
f 6142 6062 6063
f 6143 6142 6063
f 6144 6143 6063
f 6145 6144 6063
f 6061 6139 6138
f 6140 6139 6061
f 6141 6140 6061
f 6062 6141 6061
f 6142 6141 6062
f 5922 5921 6079
f 6079 6080 5922
f 5923 5922 6080
f 6080 6065 5923
f 5924 5923 6065
f 6065 6015 5924
f 5926 5924 6015
f 6015 6016 5926
f 5927 5926 6016
f 6016 6017 5927
f 5910 5927 6017
f 6017 6068 5910
f 5911 5910 6068
f 6068 6069 5911
f 5912 5911 6069
f 6069 6070 5912
f 5913 5912 6070
f 6070 6071 5913
f 5914 5913 6071
f 6071 6072 5914
f 5915 5914 6072
f 6072 6073 5915
f 5916 5915 6073
f 6073 6074 5916
f 5935 5916 6074
f 6074 6075 5935
f 5936 5935 6075
f 6075 6076 5936
f 5938 5936 6076
f 6076 6077 5938
f 5939 5938 6077
f 6077 6078 5939
f 5921 5939 6078
f 6078 6079 5921
f 5921 5921 6079
f 6079 6079 5921
f 5990 5989 6130
f 6130 6131 5990
f 5941 5990 6131
f 6131 6082 5941
f 5942 5941 6082
f 6082 6083 5942
f 5943 5942 6083
f 6083 6084 5943
f 5944 5943 6084
f 6084 6085 5944
f 5945 5944 6085
f 6085 6086 5945
f 5946 5945 6086
f 6086 6087 5946
f 5947 5946 6087
f 6087 6088 5947
f 5948 5947 6088
f 6088 6089 5948
f 5949 5948 6089
f 6089 6090 5949
f 5950 5949 6090
f 6090 6091 5950
f 5951 5950 6091
f 6091 6092 5951
f 5952 5951 6092
f 6092 6093 5952
f 5953 5952 6093
f 6093 6094 5953
f 5954 5953 6094
f 6094 6095 5954
f 5955 5954 6095
f 6095 6096 5955
f 5956 5955 6096
f 6096 6097 5956
f 5957 5956 6097
f 6097 6098 5957
f 5958 5957 6098
f 6098 6099 5958
f 5959 5958 6099
f 6099 6100 5959
f 5960 5959 6100
f 6100 6101 5960
f 5961 5960 6101
f 6101 6102 5961
f 5962 5961 6102
f 6102 6103 5962
f 5963 5962 6103
f 6103 6104 5963
f 5964 5963 6104
f 6104 6105 5964
f 5965 5964 6105
f 6105 6106 5965
f 5966 5965 6106
f 6106 6107 5966
f 5967 5966 6107
f 6107 6108 5967
f 5968 5967 6108
f 6108 6109 5968
f 5969 5968 6109
f 6109 6110 5969
f 5970 5969 6110
f 6110 6111 5970
f 5971 5970 6111
f 6111 6112 5971
f 5972 5971 6112
f 6112 6113 5972
f 5973 5972 6113
f 6113 6114 5973
f 5974 5973 6114
f 6114 6115 5974
f 5975 5974 6115
f 6115 6116 5975
f 5976 5975 6116
f 6116 6117 5976
f 5977 5976 6117
f 6117 6118 5977
f 5978 5977 6118
f 6118 6119 5978
f 5979 5978 6119
f 6119 6120 5979
f 5980 5979 6120
f 6120 6121 5980
f 5981 5980 6121
f 6121 6122 5981
f 5982 5981 6122
f 6122 6123 5982
f 5983 5982 6123
f 6123 6124 5983
f 5984 5983 6124
f 6124 6125 5984
f 5985 5984 6125
f 6125 6126 5985
f 5986 5985 6126
f 6126 6127 5986
f 5987 5986 6127
f 6127 6128 5987
f 5988 5987 6128
f 6128 6129 5988
f 5989 5988 6129
f 6129 6130 5989
f 5989 5989 6130
f 6130 6130 5989
f 6003 6002 6022
f 6022 6019 6003
f 6004 6003 6019
f 6019 6020 6004
f 6005 6004 6020
f 6020 6021 6005
f 6006 6005 6021
f 6021 6151 6006
f 6007 6006 6151
f 6151 6133 6007
f 6008 6007 6133
f 6133 6134 6008
f 6009 6008 6134
f 6134 6135 6009
f 6010 6009 6135
f 6135 6136 6010
f 6011 6010 6136
f 6136 6137 6011
f 6012 6011 6137
f 6137 6138 6012
f 6013 6012 6138
f 6138 6139 6013
f 5917 6013 6139
f 6139 6140 5917
f 5918 5917 6140
f 6140 6141 5918
f 5919 5918 6141
f 6141 6142 5919
f 5996 5919 6142
f 6142 6143 5996
f 5997 5996 6143
f 6143 6144 5997
f 5998 5997 6144
f 6144 6145 5998
f 6000 5998 6145
f 6145 6146 6000
f 6001 6000 6146
f 6146 6147 6001
f 6002 6001 6147
f 6147 6022 6002
f 6002 6002 6022
f 6022 6022 6002
f 6218 6154 6153
f 6218 6153 6152
f 6218 6152 6217
f 6222 6157 6156
f 6222 6156 6221
f 6220 6221 6155
f 6155 6221 6156
f 6290 6291 6159
f 6290 6159 6163
f 6279 6280 6160
f 6281 6162 6280
f 6280 6162 6161
f 6280 6161 6160
f 6166 6167 6165
f 6169 6225 6224
f 6168 6169 6224
f 6226 6225 6169
f 6170 6226 6169
f 6227 6226 6170
f 6171 6227 6170
f 6229 6173 6174
f 6228 6173 6229
f 6172 6173 6228
f 6171 6172 6228
f 6227 6171 6228
f 6235 6185 6236
f 6201 6275 6274
f 6202 6275 6201
f 6176 6275 6202
f 6276 6275 6176
f 6177 6276 6176
f 6277 6276 6177
f 6178 6277 6177
f 6179 6277 6178
f 6231 6277 6179
f 6180 6231 6179
f 6232 6231 6180
f 6181 6232 6180
f 6233 6232 6181
f 6182 6233 6181
f 6234 6233 6182
f 6235 6234 6182
f 6183 6235 6182
f 6184 6235 6183
f 6185 6235 6184
f 6241 6191 6242
f 6186 6239 6238
f 6187 6239 6186
f 6240 6239 6187
f 6188 6240 6187
f 6241 6240 6188
f 6189 6241 6188
f 6190 6241 6189
f 6191 6241 6190
f 6247 6246 6192
f 6193 6267 6266
f 6194 6267 6193
f 6270 6200 6271
f 6196 6268 6267
f 6195 6196 6267
f 6194 6195 6267
f 6269 6268 6196
f 6197 6269 6196
f 6270 6269 6197
f 6198 6270 6197
f 6199 6270 6198
f 6200 6270 6199
f 6206 6204 6205
f 6285 6207 6286
f 6207 6285 6284
f 6289 6212 6213
f 6214 6289 6213
f 6211 6212 6289
f 6288 6211 6289
f 6208 6288 6287
f 6209 6288 6208
f 6210 6288 6209
f 6211 6288 6210
f 6024 6028 6228
f 6228 6229 6024
f 6076 6024 6229
f 6229 6152 6076
f 6077 6076 6152
f 6152 6153 6077
f 6078 6077 6153
f 6153 6154 6078
f 6079 6078 6154
f 6154 6219 6079
f 6080 6079 6219
f 6219 6155 6080
f 6065 6080 6155
f 6155 6156 6065
f 6066 6065 6156
f 6156 6157 6066
f 6067 6066 6157
f 6157 6223 6067
f 6068 6067 6223
f 6223 6224 6068
f 6025 6068 6224
f 6224 6225 6025
f 6026 6025 6225
f 6225 6226 6026
f 6027 6026 6226
f 6226 6227 6027
f 6028 6027 6227
f 6227 6228 6028
f 6028 6028 6228
f 6228 6228 6028
f 6130 6129 6276
f 6276 6277 6130
f 6131 6130 6277
f 6277 6231 6131
f 6082 6131 6231
f 6231 6232 6082
f 6083 6082 6232
f 6232 6233 6083
f 6084 6083 6233
f 6233 6234 6084
f 6085 6084 6234
f 6234 6235 6085
f 6029 6085 6235
f 6235 6236 6029
f 6030 6029 6236
f 6236 6237 6030
f 6031 6030 6237
f 6237 6238 6031
f 6090 6031 6238
f 6238 6239 6090
f 6091 6090 6239
f 6239 6240 6091
f 6092 6091 6240
f 6240 6241 6092
f 6032 6092 6241
f 6241 6242 6032
f 6033 6032 6242
f 6242 6243 6033
f 6034 6033 6243
f 6243 6244 6034
f 6035 6034 6244
f 6244 6245 6035
f 6036 6035 6245
f 6245 6246 6036
f 6037 6036 6246
f 6246 6247 6037
f 6038 6037 6247
f 6247 6248 6038
f 6039 6038 6248
f 6248 6249 6039
f 6040 6039 6249
f 6249 6250 6040
f 6041 6040 6250
f 6250 6251 6041
f 6042 6041 6251
f 6251 6252 6042
f 6043 6042 6252
f 6252 6253 6043
f 6044 6043 6253
f 6253 6254 6044
f 6045 6044 6254
f 6254 6255 6045
f 6046 6045 6255
f 6255 6256 6046
f 6047 6046 6256
f 6256 6257 6047
f 6048 6047 6257
f 6257 6258 6048
f 6049 6048 6258
f 6258 6259 6049
f 6050 6049 6259
f 6259 6260 6050
f 6051 6050 6260
f 6260 6261 6051
f 6052 6051 6261
f 6261 6262 6052
f 6053 6052 6262
f 6262 6263 6053
f 6054 6053 6263
f 6263 6264 6054
f 6055 6054 6264
f 6264 6265 6055
f 6056 6055 6265
f 6265 6266 6056
f 6119 6056 6266
f 6266 6267 6119
f 6120 6119 6267
f 6267 6268 6120
f 6121 6120 6268
f 6268 6269 6121
f 6122 6121 6269
f 6269 6270 6122
f 6057 6122 6270
f 6270 6271 6057
f 6058 6057 6271
f 6271 6272 6058
f 6059 6058 6272
f 6272 6273 6059
f 6060 6059 6273
f 6273 6274 6060
f 6128 6060 6274
f 6274 6275 6128
f 6129 6128 6275
f 6275 6276 6129
f 6129 6129 6276
f 6276 6276 6129
f 6148 6147 6163
f 6163 6159 6148
f 6149 6148 6159
f 6159 6292 6149
f 6150 6149 6292
f 6292 6160 6150
f 6151 6150 6160
f 6160 6161 6151
f 6133 6151 6161
f 6161 6162 6133
f 6134 6133 6162
f 6162 6282 6134
f 6135 6134 6282
f 6282 6283 6135
f 6136 6135 6283
f 6283 6284 6136
f 6137 6136 6284
f 6284 6285 6137
f 6061 6137 6285
f 6285 6286 6061
f 6062 6061 6286
f 6286 6287 6062
f 6063 6062 6287
f 6287 6288 6063
f 6146 6063 6288
f 6288 6289 6146
f 6147 6146 6289
f 6289 6163 6147
f 6147 6147 6163
f 6163 6163 6147
f 6328 6328 6326
f 6343 6296 6342
f 6338 6339 6297
f 6297 6339 6294
f 6297 6294 6298
f 6294 6339 6340
f 6294 6340 6295
f 6295 6340 6341
f 6295 6341 6342
f 6295 6342 6296
f 6355 6354 6354
f 6349 6349 6350
f 6351 6351 6352
f 6352 6353 6353
f 6367 6366 6366
f 6365 6366 6366
f 6407 6408 6299
f 6300 6299 6408
f 6300 6408 6409
f 6327 6330 6328
f 6301 6331 6327
f 6332 6331 6301
f 6302 6332 6301
f 6333 6332 6302
f 6303 6333 6302
f 6336 6304 6305
f 6303 6334 6333
f 6335 6334 6303
f 6304 6335 6303
f 6336 6335 6304
f 6401 6403 6358
f 6357 6401 6358
f 6401 6356 6402
f 6363 6362 6362
f 6364 6363 6363
f 6307 6367 6306
f 6368 6367 6307
f 6375 6374 6374
f 6377 6376 6376
f 6377 6377 6376
f 6308 6379 6378
f 6380 6379 6308
f 6309 6382 6381
f 6383 6382 6309
f 6312 6313 6314
f 6311 6312 6314
f 6412 6322 6413
f 6318 6410 6409
f 6317 6318 6409
f 6316 6317 6409
f 6315 6316 6409
f 6319 6410 6318
f 6320 6410 6319
f 6321 6410 6320
f 6411 6410 6321
f 6322 6411 6321
f 6412 6411 6322
f 6324 6420 6419
f 6323 6324 6419
f 6406 6406 6405
f 6406 6407 6406
f 6165 6167 6327
f 6327 6328 6165
f 6166 6165 6328
f 6328 6326 6166
f 6167 6166 6326
f 6326 6327 6167
f 6167 6167 6327
f 6327 6327 6167
f 6220 6219 6298
f 6298 6294 6220
f 6221 6220 6294
f 6294 6295 6221
f 6222 6221 6295
f 6295 6296 6222
f 6223 6222 6296
f 6296 6344 6223
f 6168 6223 6344
f 6344 6330 6168
f 6169 6168 6330
f 6330 6331 6169
f 6170 6169 6331
f 6331 6332 6170
f 6171 6170 6332
f 6332 6333 6171
f 6172 6171 6333
f 6333 6334 6172
f 6173 6172 6334
f 6334 6335 6173
f 6174 6173 6335
f 6335 6336 6174
f 6217 6174 6336
f 6336 6338 6217
f 6218 6217 6338
f 6338 6297 6218
f 6219 6218 6297
f 6297 6298 6219
f 6219 6219 6298
f 6298 6298 6219
f 6176 6202 6398
f 6398 6399 6176
f 6177 6176 6399
f 6399 6346 6177
f 6178 6177 6346
f 6346 6347 6178
f 6179 6178 6347
f 6347 6348 6179
f 6180 6179 6348
f 6348 6349 6180
f 6181 6180 6349
f 6349 6350 6181
f 6182 6181 6350
f 6350 6351 6182
f 6183 6182 6351
f 6351 6352 6183
f 6184 6183 6352
f 6352 6353 6184
f 6185 6184 6353
f 6353 6354 6185
f 6237 6185 6354
f 6354 6356 6237
f 6186 6237 6356
f 6356 6357 6186
f 6187 6186 6357
f 6357 6358 6187
f 6188 6187 6358
f 6358 6359 6188
f 6189 6188 6359
f 6359 6360 6189
f 6190 6189 6360
f 6360 6361 6190
f 6191 6190 6361
f 6361 6362 6191
f 6243 6191 6362
f 6362 6363 6243
f 6244 6243 6363
f 6363 6364 6244
f 6245 6244 6364
f 6364 6366 6245
f 6192 6245 6366
f 6366 6367 6192
f 6248 6192 6367
f 6367 6368 6248
f 6249 6248 6368
f 6368 6369 6249
f 6250 6249 6369
f 6369 6370 6250
f 6251 6250 6370
f 6370 6371 6251
f 6252 6251 6371
f 6371 6372 6252
f 6253 6252 6372
f 6372 6373 6253
f 6254 6253 6373
f 6373 6374 6254
f 6255 6254 6374
f 6374 6375 6255
f 6256 6255 6375
f 6375 6376 6256
f 6257 6256 6376
f 6376 6377 6257
f 6258 6257 6377
f 6377 6378 6258
f 6259 6258 6378
f 6378 6379 6259
f 6260 6259 6379
f 6379 6380 6260
f 6261 6260 6380
f 6380 6382 6261
f 6262 6261 6382
f 6382 6383 6262
f 6263 6262 6383
f 6383 6384 6263
f 6264 6263 6384
f 6384 6385 6264
f 6265 6264 6385
f 6385 6386 6265
f 6193 6265 6386
f 6386 6387 6193
f 6194 6193 6387
f 6387 6388 6194
f 6195 6194 6388
f 6388 6389 6195
f 6196 6195 6389
f 6389 6390 6196
f 6197 6196 6390
f 6390 6391 6197
f 6198 6197 6391
f 6391 6392 6198
f 6199 6198 6392
f 6392 6393 6199
f 6200 6199 6393
f 6393 6394 6200
f 6272 6200 6394
f 6394 6395 6272
f 6273 6272 6395
f 6395 6396 6273
f 6201 6273 6396
f 6396 6397 6201
f 6202 6201 6397
f 6397 6398 6202
f 6202 6202 6398
f 6398 6398 6202
f 6204 6206 6402
f 6402 6403 6204
f 6205 6204 6403
f 6403 6401 6205
f 6206 6205 6401
f 6401 6402 6206
f 6206 6206 6402
f 6402 6402 6206
f 6292 6291 6421
f 6421 6422 6292
f 6279 6292 6422
f 6422 6405 6279
f 6280 6279 6405
f 6405 6406 6280
f 6281 6280 6406
f 6406 6299 6281
f 6282 6281 6299
f 6299 6300 6282
f 6283 6282 6300
f 6300 6409 6283
f 6207 6283 6409
f 6409 6410 6207
f 6208 6207 6410
f 6410 6411 6208
f 6209 6208 6411
f 6411 6412 6209
f 6210 6209 6412
f 6412 6413 6210
f 6211 6210 6413
f 6413 6415 6211
f 6212 6211 6415
f 6415 6416 6212
f 6213 6212 6416
f 6416 6418 6213
f 6214 6213 6418
f 6418 6419 6214
f 6290 6214 6419
f 6419 6420 6290
f 6291 6290 6420
f 6420 6421 6291
f 6291 6291 6421
f 6421 6421 6291
f 6491 6424 6490
f 6488 6489 6423
f 6423 6489 6424
f 6424 6489 6490
f 6427 6426 6494
f 6494 6426 6493
f 6493 6426 6425
f 6562 6563 6431
f 6562 6431 6430
f 6431 6563 6432
f 6432 6563 6564
f 6432 6564 6565
f 6432 6565 6433
f 6433 6565 6566
f 6433 6566 6434
f 6437 6436 6569
f 6437 6569 6570
f 6437 6570 6571
f 6437 6571 6429
f 6566 6567 6434
f 6434 6567 6435
f 6435 6567 6568
f 6435 6568 6436
f 6436 6568 6569
f 6444 6496 6495
f 6443 6444 6495
f 6439 6496 6444
f 6483 6496 6439
f 6440 6483 6439
f 6485 6441 6442
f 6486 6485 6442
f 6484 6441 6485
f 6483 6441 6484
f 6440 6441 6483
f 6508 6448 6449
f 6509 6508 6449
f 6445 6505 6504
f 6506 6505 6445
f 6446 6506 6445
f 6447 6506 6446
f 6507 6506 6447
f 6508 6507 6447
f 6448 6508 6447
f 6450 6511 6510
f 6451 6511 6450
f 6512 6511 6451
f 6452 6512 6451
f 6453 6512 6452
f 6513 6512 6453
f 6454 6513 6453
f 6514 6513 6454
f 6455 6514 6454
f 6515 6514 6455
f 6516 6515 6455
f 6456 6516 6455
f 6457 6516 6456
f 6517 6516 6457
f 6458 6517 6457
f 6518 6517 6458
f 6459 6518 6458
f 6519 6518 6459
f 6460 6519 6459
f 6520 6519 6460
f 6461 6520 6460
f 6521 6520 6461
f 6550 6521 6461
f 6549 6521 6550
f 6462 6549 6548
f 6522 6549 6462
f 6523 6522 6462
f 6463 6523 6462
f 6524 6523 6463
f 6464 6524 6463
f 6525 6524 6464
f 6465 6525 6464
f 6466 6525 6465
f 6526 6525 6466
f 6527 6526 6466
f 6549 6522 6521
f 6467 6531 6530
f 6536 6470 6537
f 6468 6533 6532
f 6534 6468 6469
f 6535 6534 6469
f 6470 6535 6469
f 6536 6535 6470
f 6533 6468 6534
f 6539 6471 6540
f 6545 6472 6546
f 6499 6474 6500
f 6473 6499 6498
f 6474 6499 6473
f 6501 6475 6502
f 6559 6477 6560
f 6480 6556 6555
f 6557 6556 6480
f 6481 6557 6480
f 6558 6557 6481
f 6477 6558 6481
f 6559 6558 6477
f 6562 6561 6478
f 6571 6479 6572
f 6301 6326 6495
f 6495 6496 6301
f 6302 6301 6496
f 6496 6483 6302
f 6303 6302 6483
f 6483 6484 6303
f 6304 6303 6484
f 6484 6485 6304
f 6305 6304 6485
f 6485 6486 6305
f 6338 6305 6486
f 6486 6487 6338
f 6339 6338 6487
f 6487 6423 6339
f 6340 6339 6423
f 6423 6424 6340
f 6341 6340 6424
f 6424 6492 6341
f 6342 6341 6492
f 6492 6425 6342
f 6343 6342 6425
f 6425 6426 6343
f 6344 6343 6426
f 6426 6427 6344
f 6326 6344 6427
f 6427 6495 6326
f 6326 6326 6495
f 6495 6495 6326
f 6352 6351 6545
f 6545 6546 6352
f 6353 6352 6546
f 6546 6498 6353
f 6354 6353 6498
f 6498 6499 6354
f 6403 6354 6499
f 6499 6500 6403
f 6358 6403 6500
f 6500 6501 6358
f 6359 6358 6501
f 6501 6502 6359
f 6360 6359 6502
f 6502 6503 6360
f 6361 6360 6503
f 6503 6504 6361
f 6362 6361 6504
f 6504 6505 6362
f 6363 6362 6505
f 6505 6506 6363
f 6364 6363 6506
f 6506 6507 6364
f 6366 6364 6507
f 6507 6508 6366
f 6306 6366 6508
f 6508 6509 6306
f 6307 6306 6509
f 6509 6510 6307
f 6369 6307 6510
f 6510 6511 6369
f 6370 6369 6511
f 6511 6512 6370
f 6371 6370 6512
f 6512 6513 6371
f 6372 6371 6513
f 6513 6514 6372
f 6373 6372 6514
f 6514 6515 6373
f 6374 6373 6515
f 6515 6516 6374
f 6375 6374 6516
f 6516 6517 6375
f 6376 6375 6517
f 6517 6518 6376
f 6377 6376 6518
f 6518 6519 6377
f 6378 6377 6519
f 6519 6520 6378
f 6308 6378 6520
f 6520 6521 6308
f 6309 6308 6521
f 6521 6522 6309
f 6384 6309 6522
f 6522 6523 6384
f 6385 6384 6523
f 6523 6524 6385
f 6386 6385 6524
f 6524 6525 6386
f 6387 6386 6525
f 6525 6526 6387
f 6388 6387 6526
f 6526 6527 6388
f 6389 6388 6527
f 6527 6528 6389
f 6390 6389 6528
f 6528 6529 6390
f 6391 6390 6529
f 6529 6530 6391
f 6392 6391 6530
f 6530 6531 6392
f 6393 6392 6531
f 6531 6532 6393
f 6394 6393 6532
f 6532 6533 6394
f 6395 6394 6533
f 6533 6534 6395
f 6396 6395 6534
f 6534 6535 6396
f 6397 6396 6535
f 6535 6536 6397
f 6398 6397 6536
f 6536 6537 6398
f 6399 6398 6537
f 6537 6539 6399
f 6346 6399 6539
f 6539 6540 6346
f 6347 6346 6540
f 6540 6541 6347
f 6348 6347 6541
f 6541 6542 6348
f 6349 6348 6542
f 6542 6543 6349
f 6350 6349 6543
f 6543 6544 6350
f 6351 6350 6544
f 6544 6545 6351
f 6351 6351 6545
f 6545 6545 6351
f 6311 6314 6550
f 6550 6551 6311
f 6312 6311 6551
f 6551 6548 6312
f 6313 6312 6548
f 6548 6549 6313
f 6314 6313 6549
f 6549 6550 6314
f 6314 6314 6550
f 6550 6550 6314
f 6315 6408 6437
f 6437 6429 6315
f 6316 6315 6429
f 6429 6572 6316
f 6317 6316 6572
f 6572 6553 6317
f 6318 6317 6553
f 6553 6554 6318
f 6319 6318 6554
f 6554 6555 6319
f 6320 6319 6555
f 6555 6556 6320
f 6321 6320 6556
f 6556 6557 6321
f 6322 6321 6557
f 6557 6558 6322
f 6415 6322 6558
f 6558 6559 6415
f 6416 6415 6559
f 6559 6560 6416
f 6418 6416 6560
f 6560 6561 6418
f 6323 6418 6561
f 6561 6430 6323
f 6324 6323 6430
f 6430 6431 6324
f 6421 6324 6431
f 6431 6432 6421
f 6422 6421 6432
f 6432 6433 6422
f 6405 6422 6433
f 6433 6434 6405
f 6406 6405 6434
f 6434 6435 6406
f 6407 6406 6435
f 6435 6436 6407
f 6408 6407 6436
f 6436 6437 6408
f 6408 6408 6437
f 6437 6437 6408
f 6643 6575 6574
f 6643 6574 6642
f 6642 6574 6573
f 6646 6576 6645
f 6695 6696 6577
f 6577 6696 6578
f 6578 6696 6579
f 6579 6696 6697
f 6579 6697 6580
f 6580 6697 6698
f 6580 6698 6581
f 6583 6582 6699
f 6583 6699 6584
f 6584 6699 6700
f 6698 6699 6582
f 6698 6582 6581
f 6585 6651 6650
f 6586 6651 6585
f 6652 6651 6586
f 6587 6652 6586
f 6639 6652 6587
f 6640 6639 6587
f 6588 6640 6587
f 6641 6588 6589
f 6640 6588 6641
f 6593 6591 6592
f 6597 6598 6688
f 6687 6597 6688
f 6615 6682 6681
f 6614 6615 6681
f 6616 6682 6615
f 6617 6682 6616
f 6683 6682 6617
f 6618 6683 6617
f 6619 6683 6618
f 6684 6683 6619
f 6685 6684 6619
f 6620 6685 6619
f 6621 6685 6620
f 6686 6685 6621
f 6595 6686 6621
f 6687 6686 6595
f 6596 6687 6595
f 6597 6687 6596
f 6691 6604 6692
f 6600 6690 6689
f 6599 6600 6689
f 6601 6690 6600
f 6691 6690 6601
f 6602 6691 6601
f 6603 6691 6602
f 6604 6691 6603
f 6657 6656 6605
f 6606 6676 6675
f 6607 6676 6606
f 6612 6613 6679
f 6678 6612 6679
f 6609 6677 6676
f 6608 6609 6676
f 6607 6608 6676
f 6610 6677 6609
f 6678 6677 6610
f 6611 6678 6610
f 6612 6678 6611
f 6623 6624 6625
f 6703 6630 6704
f 6637 6702 6701
f 6636 6637 6701
f 6627 6702 6637
f 6703 6702 6627
f 6628 6703 6627
f 6629 6703 6628
f 6630 6703 6629
f 6694 6634 6635
f 6633 6634 6694
f 6706 6633 6694
f 6631 6706 6705
f 6632 6706 6631
f 6633 6706 6632
f 6439 6444 6651
f 6651 6652 6439
f 6440 6439 6652
f 6652 6639 6440
f 6441 6440 6639
f 6639 6640 6441
f 6442 6441 6640
f 6640 6641 6442
f 6487 6442 6641
f 6641 6573 6487
f 6488 6487 6573
f 6573 6574 6488
f 6489 6488 6574
f 6574 6575 6489
f 6490 6489 6575
f 6575 6644 6490
f 6491 6490 6644
f 6644 6576 6491
f 6492 6491 6576
f 6576 6647 6492
f 6493 6492 6647
f 6647 6648 6493
f 6494 6493 6648
f 6648 6649 6494
f 6443 6494 6649
f 6649 6650 6443
f 6444 6443 6650
f 6650 6651 6444
f 6444 6444 6651
f 6651 6651 6444
f 6445 6503 6691
f 6691 6692 6445
f 6446 6445 6692
f 6692 6654 6446
f 6447 6446 6654
f 6654 6655 6447
f 6448 6447 6655
f 6655 6656 6448
f 6449 6448 6656
f 6656 6657 6449
f 6450 6449 6657
f 6657 6658 6450
f 6451 6450 6658
f 6658 6659 6451
f 6452 6451 6659
f 6659 6660 6452
f 6453 6452 6660
f 6660 6661 6453
f 6454 6453 6661
f 6661 6662 6454
f 6455 6454 6662
f 6662 6663 6455
f 6456 6455 6663
f 6663 6664 6456
f 6457 6456 6664
f 6664 6665 6457
f 6458 6457 6665
f 6665 6666 6458
f 6459 6458 6666
f 6666 6667 6459
f 6460 6459 6667
f 6667 6668 6460
f 6461 6460 6668
f 6668 6669 6461
f 6551 6461 6669
f 6669 6670 6551
f 6462 6551 6670
f 6670 6671 6462
f 6463 6462 6671
f 6671 6672 6463
f 6464 6463 6672
f 6672 6673 6464
f 6465 6464 6673
f 6673 6674 6465
f 6466 6465 6674
f 6674 6675 6466
f 6528 6466 6675
f 6675 6676 6528
f 6529 6528 6676
f 6676 6677 6529
f 6467 6529 6677
f 6677 6678 6467
f 6468 6467 6678
f 6678 6679 6468
f 6469 6468 6679
f 6679 6680 6469
f 6470 6469 6680
f 6680 6681 6470
f 6471 6470 6681
f 6681 6682 6471
f 6541 6471 6682
f 6682 6683 6541
f 6542 6541 6683
f 6683 6684 6542
f 6543 6542 6684
f 6684 6685 6543
f 6544 6543 6685
f 6685 6686 6544
f 6472 6544 6686
f 6686 6687 6472
f 6473 6472 6687
f 6687 6688 6473
f 6474 6473 6688
f 6688 6689 6474
f 6475 6474 6689
f 6689 6690 6475
f 6503 6475 6690
f 6690 6691 6503
f 6503 6503 6691
f 6691 6691 6503
f 6477 6481 6705
f 6705 6706 6477
f 6478 6477 6706
f 6706 6694 6478
f 6563 6478 6694
f 6694 6577 6563
f 6564 6563 6577
f 6577 6578 6564
f 6565 6564 6578
f 6578 6579 6565
f 6566 6565 6579
f 6579 6580 6566
f 6567 6566 6580
f 6580 6581 6567
f 6568 6567 6581
f 6581 6582 6568
f 6569 6568 6582
f 6582 6583 6569
f 6570 6569 6583
f 6583 6584 6570
f 6479 6570 6584
f 6584 6701 6479
f 6553 6479 6701
f 6701 6702 6553
f 6554 6553 6702
f 6702 6703 6554
f 6480 6554 6703
f 6703 6704 6480
f 6481 6480 6704
f 6704 6705 6481
f 6481 6481 6705
f 6705 6705 6481
f 6710 6709 6750
f 6710 6750 6751
f 6749 6750 6707
f 6707 6750 6709
f 6707 6709 6708
f 6825 6826 6711
f 6711 6826 6712
f 6712 6826 6713
f 6713 6826 6714
f 6827 6714 6826
f 6828 6829 6715
f 6716 6715 6829
f 6716 6829 6830
f 6763 6753 6752
f 6761 6763 6752
f 6717 6762 6752
f 6763 6762 6717
f 6718 6763 6717
f 6753 6763 6718
f 6754 6753 6718
f 6719 6754 6718
f 6720 6754 6719
f 6755 6720 6721
f 6756 6755 6721
f 6754 6720 6755
f 6725 6723 6724
f 6729 6727 6728
f 6731 6732 6733
f 6768 6814 6769
f 6815 6814 6768
f 6735 6776 6734
f 6777 6776 6735
f 6736 6789 6788
f 6737 6789 6736
f 6738 6789 6737
f 6790 6789 6738
f 6742 6743 6740
f 6741 6742 6740
f 6821 6746 6822
f 6744 6818 6817
f 6819 6818 6744
f 6820 6819 6744
f 6745 6820 6744
f 6746 6820 6745
f 6821 6820 6746
f 6644 6643 6758
f 6758 6759 6644
f 6645 6644 6759
f 6759 6748 6645
f 6646 6645 6748
f 6748 6707 6646
f 6647 6646 6707
f 6707 6708 6647
f 6648 6647 6708
f 6708 6709 6648
f 6649 6648 6709
f 6709 6710 6649
f 6585 6649 6710
f 6710 6752 6585
f 6586 6585 6752
f 6752 6753 6586
f 6587 6586 6753
f 6753 6754 6587
f 6588 6587 6754
f 6754 6755 6588
f 6589 6588 6755
f 6755 6756 6589
f 6642 6589 6756
f 6756 6757 6642
f 6643 6642 6757
f 6757 6758 6643
f 6643 6643 6758
f 6758 6758 6643
f 6591 6593 6762
f 6762 6763 6591
f 6592 6591 6763
f 6763 6761 6592
f 6593 6592 6761
f 6761 6762 6593
f 6593 6593 6762
f 6762 6762 6593
f 6595 6621 6810
f 6810 6811 6595
f 6596 6595 6811
f 6811 6765 6596
f 6597 6596 6765
f 6765 6766 6597
f 6598 6597 6766
f 6766 6767 6598
f 6599 6598 6767
f 6767 6768 6599
f 6600 6599 6768
f 6768 6769 6600
f 6601 6600 6769
f 6769 6770 6601
f 6602 6601 6770
f 6770 6771 6602
f 6603 6602 6771
f 6771 6772 6603
f 6604 6603 6772
f 6772 6773 6604
f 6654 6604 6773
f 6773 6774 6654
f 6655 6654 6774
f 6774 6775 6655
f 6605 6655 6775
f 6775 6776 6605
f 6658 6605 6776
f 6776 6777 6658
f 6659 6658 6777
f 6777 6778 6659
f 6660 6659 6778
f 6778 6779 6660
f 6661 6660 6779
f 6779 6780 6661
f 6662 6661 6780
f 6780 6781 6662
f 6663 6662 6781
f 6781 6782 6663
f 6664 6663 6782
f 6782 6783 6664
f 6665 6664 6783
f 6783 6784 6665
f 6666 6665 6784
f 6784 6785 6666
f 6667 6666 6785
f 6785 6786 6667
f 6668 6667 6786
f 6786 6787 6668
f 6669 6668 6787
f 6787 6788 6669
f 6670 6669 6788
f 6788 6789 6670
f 6671 6670 6789
f 6789 6790 6671
f 6672 6671 6790
f 6790 6791 6672
f 6673 6672 6791
f 6791 6792 6673
f 6674 6673 6792
f 6792 6793 6674
f 6606 6674 6793
f 6793 6794 6606
f 6607 6606 6794
f 6794 6795 6607
f 6608 6607 6795
f 6795 6796 6608
f 6609 6608 6796
f 6796 6797 6609
f 6610 6609 6797
f 6797 6798 6610
f 6611 6610 6798
f 6798 6799 6611
f 6612 6611 6799
f 6799 6800 6612
f 6613 6612 6800
f 6800 6801 6613
f 6680 6613 6801
f 6801 6802 6680
f 6614 6680 6802
f 6802 6803 6614
f 6615 6614 6803
f 6803 6804 6615
f 6616 6615 6804
f 6804 6805 6616
f 6617 6616 6805
f 6805 6806 6617
f 6618 6617 6806
f 6806 6807 6618
f 6619 6618 6807
f 6807 6808 6619
f 6620 6619 6808
f 6808 6809 6620
f 6621 6620 6809
f 6809 6810 6621
f 6621 6621 6810
f 6810 6810 6621
f 6623 6625 6814
f 6814 6815 6623
f 6624 6623 6815
f 6815 6813 6624
f 6625 6624 6813
f 6813 6814 6625
f 6625 6625 6814
f 6814 6814 6625
f 6627 6637 6832
f 6832 6833 6627
f 6628 6627 6833
f 6833 6817 6628
f 6629 6628 6817
f 6817 6818 6629
f 6630 6629 6818
f 6818 6819 6630
f 6631 6630 6819
f 6819 6820 6631
f 6632 6631 6820
f 6820 6821 6632
f 6633 6632 6821
f 6821 6822 6633
f 6634 6633 6822
f 6822 6823 6634
f 6635 6634 6823
f 6823 6824 6635
f 6695 6635 6824
f 6824 6711 6695
f 6696 6695 6711
f 6711 6712 6696
f 6697 6696 6712
f 6712 6713 6697
f 6698 6697 6713
f 6713 6714 6698
f 6699 6698 6714
f 6714 6715 6699
f 6700 6699 6715
f 6715 6716 6700
f 6636 6700 6716
f 6716 6831 6636
f 6637 6636 6831
f 6831 6832 6637
f 6637 6637 6832
f 6832 6832 6637
f 6839 6838 6916
f 6839 6916 6917
f 6839 6917 6918
f 6839 6918 6840
f 6840 6919 6841
f 6910 6910 6911
f 6910 6911 6842
f 6842 6911 6912
f 6842 6912 6835
f 6835 6912 6913
f 6835 6913 6836
f 6836 6913 6837
f 6837 6913 6914
f 6837 6914 6838
f 6838 6914 6915
f 6838 6915 6916
f 6923 6923 6922
f 6922 6923 6922
f 6844 6926 6927
f 6844 6927 6845
f 6846 6942 6943
f 6944 6943 6944
f 6955 6956 6956
f 6963 6964 6963
f 6964 6964 6963
f 6973 6973 6972
f 6973 6972 6972
f 6978 6977 6977
f 6976 6977 6977
f 6847 6988 6986
f 6847 6986 6848
f 6848 6986 6849
f 6857 6996 6851
f 6851 6996 6997
f 6851 6997 6998
f 6851 6998 6852
f 6852 6998 6999
f 6852 6999 6853
f 6853 6999 7000
f 6853 7000 6854
f 6856 6855 7001
f 6856 7001 7002
f 6856 7002 7003
f 7000 7001 6854
f 6854 7001 6855
f 6928 6920 6919
f 6926 6928 6919
f 6928 6927 6860
f 6920 6928 6860
f 6861 6920 6860
f 6924 6861 6859
f 6922 6924 6859
f 6910 6924 6923
f 6909 6924 6910
f 6861 6924 6909
f 6908 6861 6909
f 6861 6908 6920
f 6865 6863 6864
f 6893 6958 6957
f 6959 6958 6893
f 6894 6959 6893
f 6867 6959 6894
f 6960 6959 6867
f 6868 6960 6867
f 6961 6960 6868
f 6869 6961 6868
f 6962 6961 6869
f 6963 6962 6869
f 6870 6967 6966
f 6971 6873 6972
f 6871 6969 6968
f 6970 6871 6872
f 6873 6970 6872
f 6971 6970 6873
f 6871 6970 6969
f 6973 6874 6974
f 6981 6875 6982
f 6875 6980 6979
f 6981 6980 6875
f 6939 6879 6880
f 6940 6939 6880
f 6941 6940 6880
f 6987 6941 6880
f 6988 6987 6880
f 6987 6986 6942
f 6941 6987 6942
f 6876 6934 6984
f 6935 6934 6876
f 6877 6935 6876
f 6932 6935 6877
f 6930 6932 6877
f 6878 6930 6877
f 6931 6930 6878
f 6936 6931 6878
f 6937 6936 6878
f 6879 6937 6878
f 6938 6937 6879
f 6939 6938 6879
f 6935 6931 6936
f 6932 6931 6935
f 6881 6945 6944
f 6882 6945 6881
f 6883 6945 6882
f 6946 6945 6883
f 6947 6946 6883
f 6884 6947 6883
f 6948 6947 6884
f 6885 6948 6884
f 6949 6948 6885
f 6886 6949 6885
f 6887 6949 6886
f 6950 6949 6887
f 6951 6950 6887
f 6888 6951 6887
f 6889 6951 6888
f 6952 6951 6889
f 6890 6952 6889
f 6953 6952 6890
f 6954 6953 6890
f 6891 6954 6890
f 6892 6954 6891
f 6955 6954 6892
f 6896 6897 6898
f 6996 6901 6902
f 6995 6901 6996
f 6904 6994 6993
f 6905 6994 6904
f 6995 6994 6905
f 6906 6995 6905
f 6900 6995 6906
f 6901 6995 6900
f 6991 6903 6992
f 6903 6991 7004
f 6758 6757 6842
f 6842 6835 6758
f 6759 6758 6835
f 6835 6836 6759
f 6748 6759 6836
f 6836 6837 6748
f 6749 6748 6837
f 6837 6838 6749
f 6750 6749 6838
f 6838 6839 6750
f 6751 6750 6839
f 6839 6840 6751
f 6717 6751 6840
f 6840 6841 6717
f 6718 6717 6841
f 6841 6920 6718
f 6719 6718 6920
f 6920 6908 6719
f 6720 6719 6908
f 6908 6909 6720
f 6721 6720 6909
f 6909 6910 6721
f 6757 6721 6910
f 6910 6842 6757
f 6757 6757 6842
f 6842 6842 6757
f 6723 6725 6922
f 6922 6923 6723
f 6724 6723 6923
f 6923 6924 6724
f 6725 6724 6924
f 6924 6922 6725
f 6725 6725 6922
f 6922 6922 6725
f 6727 6729 6845
f 6845 6928 6727
f 6728 6727 6928
f 6928 6844 6728
f 6729 6728 6844
f 6844 6845 6729
f 6729 6729 6845
f 6845 6845 6729
f 6731 6733 6931
f 6931 6932 6731
f 6732 6731 6932
f 6932 6930 6732
f 6733 6732 6930
f 6930 6931 6733
f 6733 6733 6931
f 6931 6931 6733
f 6767 6766 6984
f 6984 6934 6767
f 6813 6767 6934
f 6934 6935 6813
f 6770 6813 6935
f 6935 6936 6770
f 6771 6770 6936
f 6936 6937 6771
f 6772 6771 6937
f 6937 6938 6772
f 6773 6772 6938
f 6938 6939 6773
f 6774 6773 6939
f 6939 6940 6774
f 6775 6774 6940
f 6940 6941 6775
f 6734 6775 6941
f 6941 6846 6734
f 6735 6734 6846
f 6846 6944 6735
f 6778 6735 6944
f 6944 6945 6778
f 6779 6778 6945
f 6945 6946 6779
f 6780 6779 6946
f 6946 6947 6780
f 6781 6780 6947
f 6947 6948 6781
f 6782 6781 6948
f 6948 6949 6782
f 6783 6782 6949
f 6949 6950 6783
f 6784 6783 6950
f 6950 6951 6784
f 6785 6784 6951
f 6951 6952 6785
f 6786 6785 6952
f 6952 6953 6786
f 6787 6786 6953
f 6953 6954 6787
f 6736 6787 6954
f 6954 6955 6736
f 6737 6736 6955
f 6955 6956 6737
f 6738 6737 6956
f 6956 6958 6738
f 6791 6738 6958
f 6958 6959 6791
f 6792 6791 6959
f 6959 6960 6792
f 6793 6792 6960
f 6960 6961 6793
f 6794 6793 6961
f 6961 6962 6794
f 6795 6794 6962
f 6962 6963 6795
f 6796 6795 6963
f 6963 6964 6796
f 6797 6796 6964
f 6964 6965 6797
f 6798 6797 6965
f 6965 6966 6798
f 6799 6798 6966
f 6966 6967 6799
f 6800 6799 6967
f 6967 6968 6800
f 6801 6800 6968
f 6968 6969 6801
f 6802 6801 6969
f 6969 6970 6802
f 6803 6802 6970
f 6970 6971 6803
f 6804 6803 6971
f 6971 6972 6804
f 6805 6804 6972
f 6972 6973 6805
f 6806 6805 6973
f 6973 6974 6806
f 6807 6806 6974
f 6974 6975 6807
f 6808 6807 6975
f 6975 6976 6808
f 6809 6808 6976
f 6976 6977 6809
f 6810 6809 6977
f 6977 6979 6810
f 6811 6810 6979
f 6979 6980 6811
f 6765 6811 6980
f 6980 6981 6765
f 6766 6765 6981
f 6981 6984 6766
f 6766 6766 6984
f 6984 6984 6766
f 6740 6743 6987
f 6987 6847 6740
f 6741 6740 6847
f 6847 6848 6741
f 6742 6741 6848
f 6848 6849 6742
f 6743 6742 6849
f 6849 6987 6743
f 6743 6743 6987
f 6987 6987 6743
f 6825 6824 6857
f 6857 6851 6825
f 6826 6825 6851
f 6851 6852 6826
f 6827 6826 6852
f 6852 6853 6827
f 6828 6827 6853
f 6853 6854 6828
f 6829 6828 6854
f 6854 6855 6829
f 6830 6829 6855
f 6855 6856 6830
f 6831 6830 6856
f 6856 7003 6831
f 6832 6831 7003
f 7003 7004 6832
f 6833 6832 7004
f 7004 6991 6833
f 6744 6833 6991
f 6991 6992 6744
f 6745 6744 6992
f 6992 6993 6745
f 6746 6745 6993
f 6993 6994 6746
f 6823 6746 6994
f 6994 6995 6823
f 6824 6823 6995
f 6995 6857 6824
f 6824 6824 6857
f 6857 6857 6824
f 7051 7008 7050
f 7061 7006 7005
f 7006 7049 7007
f 7007 7049 7050
f 7007 7050 7008
f 7054 7009 7053
f 7052 7053 7009
f 7064 7011 7063
f 7063 7011 7012
f 7083 7014 7013
f 7083 7013 7082
f 7110 7111 7015
f 7015 7111 7016
f 7113 7114 7017
f 7019 7018 7115
f 7019 7115 7116
f 7019 7116 7117
f 7019 7117 7020
f 7114 7115 7018
f 7114 7018 7017
f 7027 7028 7081
f 7080 7027 7081
f 7038 7075 7074
f 7037 7038 7074
f 7039 7075 7038
f 7040 7075 7039
f 7076 7075 7040
f 7041 7076 7040
f 7077 7076 7041
f 7022 7077 7041
f 7023 7077 7022
f 7078 7077 7023
f 7079 7078 7023
f 7024 7079 7023
f 7025 7079 7024
f 7080 7079 7025
f 7026 7080 7025
f 7027 7080 7026
f 7104 7060 7059
f 7105 7104 7059
f 7085 7104 7106
f 7084 7104 7085
f 7065 7084 7083
f 7063 7065 7083
f 7061 7065 7064
f 7060 7065 7061
f 7084 7065 7060
f 7104 7084 7060
f 7029 7069 7068
f 7030 7069 7029
f 7035 7036 7072
f 7071 7035 7072
f 7031 7070 7069
f 7030 7031 7069
f 7032 7070 7031
f 7033 7070 7032
f 7071 7070 7033
f 7034 7071 7033
f 7035 7071 7034
f 7121 7047 7122
f 7044 7118 7117
f 7043 7044 7117
f 7042 7043 7117
f 7045 7118 7044
f 7119 7118 7045
f 7046 7119 7045
f 7047 7119 7046
f 7120 7119 7047
f 7121 7120 7047
f 6859 6861 7060
f 7060 7005 6859
f 6911 6859 7005
f 7005 7006 6911
f 6912 6911 7006
f 7006 7007 6912
f 6913 6912 7007
f 7007 7008 6913
f 6914 6913 7008
f 7008 7009 6914
f 6915 6914 7009
f 7009 7055 6915
f 6916 6915 7055
f 7055 7056 6916
f 6917 6916 7056
f 7056 7057 6917
f 6918 6917 7057
f 7057 7058 6918
f 6860 6918 7058
f 7058 7059 6860
f 6861 6860 7059
f 7059 7060 6861
f 6861 6861 7060
f 7060 7060 6861
f 6863 6865 7012
f 7012 7011 6863
f 6864 6863 7011
f 7011 7065 6864
f 6865 6864 7065
f 7065 7012 6865
f 6865 6865 7012
f 7012 7012 6865
f 6867 6894 7101
f 7101 7102 6867
f 6868 6867 7102
f 7102 7067 6868
f 6869 6868 7067
f 7067 7068 6869
f 6964 6869 7068
f 7068 7069 6964
f 6965 6964 7069
f 7069 7070 6965
f 6870 6965 7070
f 7070 7071 6870
f 6871 6870 7071
f 7071 7072 6871
f 6872 6871 7072
f 7072 7073 6872
f 6873 6872 7073
f 7073 7074 6873
f 6874 6873 7074
f 7074 7075 6874
f 6975 6874 7075
f 7075 7076 6975
f 6976 6975 7076
f 7076 7077 6976
f 6977 6976 7077
f 7077 7078 6977
f 6979 6977 7078
f 7078 7079 6979
f 6875 6979 7079
f 7079 7080 6875
f 6876 6875 7080
f 7080 7081 6876
f 6877 6876 7081
f 7081 7013 6877
f 6878 6877 7013
f 7013 7014 6878
f 6879 6878 7014
f 7014 7084 6879
f 6880 6879 7084
f 7084 7085 6880
f 6943 6880 7085
f 7085 7086 6943
f 6881 6943 7086
f 7086 7087 6881
f 6882 6881 7087
f 7087 7088 6882
f 6883 6882 7088
f 7088 7089 6883
f 6884 6883 7089
f 7089 7090 6884
f 6885 6884 7090
f 7090 7091 6885
f 6886 6885 7091
f 7091 7092 6886
f 6887 6886 7092
f 7092 7093 6887
f 6888 6887 7093
f 7093 7094 6888
f 6889 6888 7094
f 7094 7095 6889
f 6890 6889 7095
f 7095 7096 6890
f 6891 6890 7096
f 7096 7097 6891
f 6892 6891 7097
f 7097 7098 6892
f 6956 6892 7098
f 7098 7099 6956
f 6893 6956 7099
f 7099 7100 6893
f 6894 6893 7100
f 7100 7101 6894
f 6894 6894 7101
f 7101 7101 6894
f 6896 6898 7105
f 7105 7106 6896
f 6897 6896 7106
f 7106 7104 6897
f 6898 6897 7104
f 7104 7105 6898
f 6898 6898 7105
f 7105 7105 6898
f 6900 6906 7121
f 7121 7122 6900
f 6901 6900 7122
f 7122 7108 6901
f 6902 6901 7108
f 7108 7109 6902
f 6997 6902 7109
f 7109 7015 6997
f 6998 6997 7015
f 7015 7016 6998
f 6999 6998 7016
f 7016 7112 6999
f 7000 6999 7112
f 7112 7017 7000
f 7001 7000 7017
f 7017 7018 7001
f 7002 7001 7018
f 7018 7019 7002
f 7003 7002 7019
f 7019 7020 7003
f 6903 7003 7020
f 7020 7118 6903
f 6904 6903 7118
f 7118 7119 6904
f 6905 6904 7119
f 7119 7120 6905
f 6906 6905 7120
f 7120 7121 6906
f 6906 6906 7121
f 7121 7121 6906
f 7146 7146 7195
f 7149 7149 7150
f 7150 7150 7151
f 7152 7152 7153
f 7155 7126 7125
f 7155 7125 7124
f 7155 7124 7154
f 7154 7124 7123
f 7130 7129 7160
f 7158 7160 7129
f 7158 7129 7159
f 7127 7159 7128
f 7128 7159 7129
f 7172 7172 7173
f 7173 7174 7174
f 7138 7204 7139
f 7139 7205 7132
f 7132 7205 7206
f 7132 7206 7133
f 7133 7206 7134
f 7137 7136 7208
f 7137 7208 7209
f 7206 7207 7134
f 7134 7207 7135
f 7135 7207 7208
f 7135 7208 7136
f 7197 7197 7198
f 7170 7169 7169
f 7147 7147 7146
f 7202 7142 7203
f 7143 7199 7198
f 7200 7199 7143
f 7144 7200 7143
f 7201 7200 7144
f 7141 7201 7144
f 7202 7201 7141
f 7142 7202 7141
f 7022 7041 7194
f 7194 7195 7022
f 7023 7022 7195
f 7195 7146 7023
f 7024 7023 7146
f 7146 7147 7024
f 7025 7024 7147
f 7147 7149 7025
f 7026 7025 7149
f 7149 7150 7026
f 7027 7026 7150
f 7150 7151 7027
f 7028 7027 7151
f 7151 7152 7028
f 7082 7028 7152
f 7152 7153 7082
f 7049 7082 7153
f 7153 7123 7049
f 7050 7049 7123
f 7123 7124 7050
f 7051 7050 7124
f 7124 7125 7051
f 7052 7051 7125
f 7125 7126 7052
f 7053 7052 7126
f 7126 7156 7053
f 7054 7053 7156
f 7156 7157 7054
f 7055 7054 7157
f 7157 7127 7055
f 7056 7055 7127
f 7127 7128 7056
f 7057 7056 7128
f 7128 7129 7057
f 7058 7057 7129
f 7129 7130 7058
f 7086 7058 7130
f 7130 7161 7086
f 7087 7086 7161
f 7161 7162 7087
f 7088 7087 7162
f 7162 7163 7088
f 7089 7088 7163
f 7163 7164 7089
f 7090 7089 7164
f 7164 7165 7090
f 7091 7090 7165
f 7165 7166 7091
f 7092 7091 7166
f 7166 7167 7092
f 7093 7092 7167
f 7167 7168 7093
f 7094 7093 7168
f 7168 7169 7094
f 7095 7094 7169
f 7169 7170 7095
f 7096 7095 7170
f 7170 7172 7096
f 7097 7096 7172
f 7172 7173 7097
f 7098 7097 7173
f 7173 7174 7098
f 7099 7098 7174
f 7174 7176 7099
f 7100 7099 7176
f 7176 7177 7100
f 7101 7100 7177
f 7177 7178 7101
f 7102 7101 7178
f 7178 7179 7102
f 7067 7102 7179
f 7179 7180 7067
f 7029 7067 7180
f 7180 7181 7029
f 7030 7029 7181
f 7181 7182 7030
f 7031 7030 7182
f 7182 7183 7031
f 7032 7031 7183
f 7183 7184 7032
f 7033 7032 7184
f 7184 7185 7033
f 7034 7033 7185
f 7185 7186 7034
f 7035 7034 7186
f 7186 7187 7035
f 7036 7035 7187
f 7187 7188 7036
f 7073 7036 7188
f 7188 7189 7073
f 7037 7073 7189
f 7189 7190 7037
f 7038 7037 7190
f 7190 7191 7038
f 7039 7038 7191
f 7191 7192 7039
f 7040 7039 7192
f 7192 7193 7040
f 7041 7040 7193
f 7193 7194 7041
f 7041 7041 7194
f 7194 7194 7041
f 7111 7110 7139
f 7139 7132 7111
f 7112 7111 7132
f 7132 7133 7112
f 7113 7112 7133
f 7133 7134 7113
f 7114 7113 7134
f 7134 7135 7114
f 7115 7114 7135
f 7135 7136 7115
f 7116 7115 7136
f 7136 7137 7116
f 7042 7116 7137
f 7137 7197 7042
f 7043 7042 7197
f 7197 7198 7043
f 7044 7043 7198
f 7198 7199 7044
f 7045 7044 7199
f 7199 7200 7045
f 7046 7045 7200
f 7200 7201 7046
f 7047 7046 7201
f 7201 7202 7047
f 7108 7047 7202
f 7202 7203 7108
f 7109 7108 7203
f 7203 7138 7109
f 7110 7109 7138
f 7138 7139 7110
f 7110 7110 7139
f 7139 7139 7110
f 7253 7214 7252
f 7249 7250 7211
f 7211 7250 7212
f 7212 7250 7251
f 7212 7251 7213
f 7213 7251 7252
f 7213 7252 7214
f 7215 7296 7297
f 7215 7297 7216
f 7216 7297 7298
f 7216 7298 7217
f 7217 7298 7299
f 7217 7299 7218
f 7220 7219 7301
f 7220 7301 7302
f 7220 7302 7303
f 7220 7303 7221
f 7299 7300 7218
f 7218 7300 7219
f 7219 7300 7301
f 7222 7256 7255
f 7223 7256 7222
f 7224 7256 7223
f 7257 7256 7224
f 7225 7257 7224
f 7258 7257 7225
f 7259 7258 7225
f 7226 7262 7261
f 7227 7265 7264
f 7266 7265 7227
f 7228 7266 7227
f 7229 7266 7228
f 7267 7266 7229
f 7268 7267 7229
f 7230 7268 7229
f 7231 7268 7230
f 7269 7268 7231
f 7232 7269 7231
f 7270 7269 7232
f 7233 7270 7232
f 7271 7270 7233
f 7272 7271 7233
f 7281 7236 7282
f 7234 7281 7280
f 7281 7234 7235
f 7236 7281 7235
f 7293 7237 7247
f 7296 7244 7245
f 7295 7244 7296
f 7240 7304 7303
f 7239 7240 7303
f 7238 7239 7303
f 7241 7304 7240
f 7305 7304 7241
f 7242 7305 7241
f 7306 7305 7242
f 7243 7306 7242
f 7295 7306 7243
f 7244 7295 7243
f 7152 7151 7292
f 7292 7293 7152
f 7153 7152 7293
f 7293 7247 7153
f 7154 7153 7247
f 7247 7248 7154
f 7155 7154 7248
f 7248 7211 7155
f 7156 7155 7211
f 7211 7212 7156
f 7157 7156 7212
f 7212 7213 7157
f 7159 7157 7213
f 7213 7214 7159
f 7160 7159 7214
f 7214 7254 7160
f 7161 7160 7254
f 7254 7255 7161
f 7162 7161 7255
f 7255 7256 7162
f 7163 7162 7256
f 7256 7257 7163
f 7164 7163 7257
f 7257 7258 7164
f 7165 7164 7258
f 7258 7259 7165
f 7166 7165 7259
f 7259 7260 7166
f 7167 7166 7260
f 7260 7261 7167
f 7168 7167 7261
f 7261 7262 7168
f 7169 7168 7262
f 7262 7263 7169
f 7170 7169 7263
f 7263 7264 7170
f 7172 7170 7264
f 7264 7265 7172
f 7173 7172 7265
f 7265 7266 7173
f 7174 7173 7266
f 7266 7267 7174
f 7176 7174 7267
f 7267 7268 7176
f 7177 7176 7268
f 7268 7269 7177
f 7178 7177 7269
f 7269 7270 7178
f 7179 7178 7270
f 7270 7271 7179
f 7180 7179 7271
f 7271 7272 7180
f 7181 7180 7272
f 7272 7273 7181
f 7182 7181 7273
f 7273 7274 7182
f 7183 7182 7274
f 7274 7275 7183
f 7184 7183 7275
f 7275 7276 7184
f 7185 7184 7276
f 7276 7277 7185
f 7186 7185 7277
f 7277 7278 7186
f 7187 7186 7278
f 7278 7279 7187
f 7188 7187 7279
f 7279 7280 7188
f 7189 7188 7280
f 7280 7281 7189
f 7190 7189 7281
f 7281 7282 7190
f 7191 7190 7282
f 7282 7283 7191
f 7192 7191 7283
f 7283 7284 7192
f 7193 7192 7284
f 7284 7285 7193
f 7194 7193 7285
f 7285 7286 7194
f 7195 7194 7286
f 7286 7287 7195
f 7146 7195 7287
f 7287 7288 7146
f 7147 7146 7288
f 7288 7289 7147
f 7149 7147 7289
f 7289 7290 7149
f 7150 7149 7290
f 7290 7291 7150
f 7151 7150 7291
f 7291 7292 7151
f 7151 7151 7292
f 7292 7292 7151
f 7141 7144 7305
f 7305 7306 7141
f 7142 7141 7306
f 7306 7295 7142
f 7204 7142 7295
f 7295 7215 7204
f 7205 7204 7215
f 7215 7216 7205
f 7206 7205 7216
f 7216 7217 7206
f 7207 7206 7217
f 7217 7218 7207
f 7208 7207 7218
f 7218 7219 7208
f 7209 7208 7219
f 7219 7220 7209
f 7197 7209 7220
f 7220 7221 7197
f 7143 7197 7221
f 7221 7304 7143
f 7144 7143 7304
f 7304 7305 7144
f 7144 7144 7305
f 7305 7305 7144
f 7407 7408 7408
f 7407 7408 7408
f 7311 7310 7368
f 7307 7365 7366
f 7307 7366 7308
f 7308 7366 7367
f 7308 7367 7309
f 7309 7367 7310
f 7310 7367 7368
f 7385 7386 7385
f 7385 7386 7386
f 7418 7419 7319
f 7418 7319 7318
f 7319 7419 7313
f 7313 7419 7420
f 7313 7420 7314
f 7316 7315 7421
f 7316 7421 7422
f 7316 7422 7317
f 7317 7422 7423
f 7317 7423 7424
f 7420 7421 7314
f 7314 7421 7315
f 7371 7370 7370
f 7371 7371 7370
f 7376 7375 7320
f 7321 7376 7320
f 7322 7376 7321
f 7323 7376 7322
f 7377 7376 7323
f 7324 7377 7323
f 7378 7377 7324
f 7325 7378 7324
f 7326 7378 7325
f 7327 7378 7326
f 7379 7378 7327
f 7380 7379 7327
f 7380 7379 7380
f 7382 7381 7381
f 7385 7385 7384
f 7328 7387 7386
f 7329 7387 7328
f 7330 7387 7329
f 7388 7387 7330
f 7331 7388 7330
f 7393 7337 7394
f 7336 7337 7393
f 7335 7336 7393
f 7392 7335 7393
f 7331 7389 7388
f 7332 7389 7331
f 7333 7389 7332
f 7390 7389 7333
f 7334 7390 7333
f 7391 7390 7334
f 7392 7391 7334
f 7335 7392 7334
f 7406 7350 7407
f 7397 7396 7338
f 7339 7397 7338
f 7398 7397 7339
f 7340 7398 7339
f 7341 7398 7340
f 7399 7398 7341
f 7400 7399 7341
f 7342 7400 7341
f 7343 7400 7342
f 7401 7400 7343
f 7402 7401 7343
f 7344 7402 7343
f 7403 7402 7344
f 7345 7403 7344
f 7404 7403 7345
f 7346 7404 7345
f 7405 7404 7346
f 7347 7405 7346
f 7406 7405 7347
f 7348 7406 7347
f 7349 7406 7348
f 7350 7406 7349
f 7410 7410 7364
f 7410 7410 7409
f 7354 7352 7353
f 7416 7361 7362
f 7415 7361 7416
f 7355 7425 7424
f 7412 7425 7355
f 7356 7412 7355
f 7413 7412 7356
f 7357 7413 7356
f 7358 7413 7357
f 7414 7413 7358
f 7359 7414 7358
f 7415 7414 7359
f 7360 7415 7359
f 7361 7415 7360
f 7249 7248 7408
f 7408 7410 7249
f 7250 7249 7410
f 7410 7307 7250
f 7251 7250 7307
f 7307 7308 7251
f 7252 7251 7308
f 7308 7309 7252
f 7253 7252 7309
f 7309 7310 7253
f 7254 7253 7310
f 7310 7311 7254
f 7222 7254 7311
f 7311 7370 7222
f 7223 7222 7370
f 7370 7371 7223
f 7224 7223 7371
f 7371 7373 7224
f 7225 7224 7373
f 7373 7375 7225
f 7260 7225 7375
f 7375 7376 7260
f 7226 7260 7376
f 7376 7377 7226
f 7263 7226 7377
f 7377 7378 7263
f 7227 7263 7378
f 7378 7379 7227
f 7228 7227 7379
f 7379 7380 7228
f 7229 7228 7380
f 7380 7381 7229
f 7230 7229 7381
f 7381 7383 7230
f 7231 7230 7383
f 7383 7384 7231
f 7232 7231 7384
f 7384 7385 7232
f 7233 7232 7385
f 7385 7386 7233
f 7273 7233 7386
f 7386 7387 7273
f 7274 7273 7387
f 7387 7388 7274
f 7275 7274 7388
f 7388 7389 7275
f 7276 7275 7389
f 7389 7390 7276
f 7277 7276 7390
f 7390 7391 7277
f 7278 7277 7391
f 7391 7392 7278
f 7279 7278 7392
f 7392 7393 7279
f 7234 7279 7393
f 7393 7394 7234
f 7235 7234 7394
f 7394 7395 7235
f 7236 7235 7395
f 7395 7396 7236
f 7283 7236 7396
f 7396 7397 7283
f 7284 7283 7397
f 7397 7398 7284
f 7285 7284 7398
f 7398 7399 7285
f 7286 7285 7399
f 7399 7400 7286
f 7287 7286 7400
f 7400 7401 7287
f 7288 7287 7401
f 7401 7402 7288
f 7289 7288 7402
f 7402 7403 7289
f 7290 7289 7403
f 7403 7404 7290
f 7291 7290 7404
f 7404 7405 7291
f 7292 7291 7405
f 7405 7406 7292
f 7237 7292 7406
f 7406 7407 7237
f 7248 7237 7407
f 7407 7408 7248
f 7248 7248 7408
f 7408 7408 7248
f 7299 7298 7319
f 7319 7313 7299
f 7300 7299 7313
f 7313 7314 7300
f 7301 7300 7314
f 7314 7315 7301
f 7302 7301 7315
f 7315 7316 7302
f 7238 7302 7316
f 7316 7317 7238
f 7239 7238 7317
f 7317 7424 7239
f 7240 7239 7424
f 7424 7425 7240
f 7241 7240 7425
f 7425 7412 7241
f 7242 7241 7412
f 7412 7413 7242
f 7243 7242 7413
f 7413 7414 7243
f 7244 7243 7414
f 7414 7415 7244
f 7245 7244 7415
f 7415 7416 7245
f 7297 7245 7416
f 7416 7318 7297
f 7298 7297 7318
f 7318 7319 7298
f 7298 7298 7319
f 7319 7319 7298
f 7491 7429 7428
f 7491 7428 7427
f 7491 7427 7490
f 7490 7427 7426
f 7430 7493 7494
f 7430 7494 7495
f 7432 7509 7433
f 7433 7509 7510
f 7433 7510 7511
f 7433 7511 7434
f 7434 7511 7512
f 7434 7512 7435
f 7437 7436 7514
f 7437 7514 7515
f 7437 7515 7438
f 7438 7515 7516
f 7512 7513 7435
f 7435 7513 7436
f 7436 7513 7514
f 7499 7476 7475
f 7476 7499 7501
f 7442 7440 7441
f 7508 7449 7450
f 7509 7508 7450
f 7444 7517 7516
f 7443 7444 7516
f 7445 7517 7444
f 7503 7517 7445
f 7446 7503 7445
f 7504 7503 7446
f 7505 7504 7446
f 7447 7505 7446
f 7506 7505 7447
f 7448 7506 7447
f 7507 7506 7448
f 7449 7507 7448
f 7508 7507 7449
f 7371 7370 7496
f 7496 7497 7371
f 7373 7371 7497
f 7497 7452 7373
f 7320 7373 7452
f 7452 7453 7320
f 7321 7320 7453
f 7453 7454 7321
f 7322 7321 7454
f 7454 7455 7322
f 7323 7322 7455
f 7455 7456 7323
f 7324 7323 7456
f 7456 7457 7324
f 7325 7324 7457
f 7457 7458 7325
f 7326 7325 7458
f 7458 7459 7326
f 7327 7326 7459
f 7459 7460 7327
f 7380 7327 7460
f 7460 7461 7380
f 7381 7380 7461
f 7461 7462 7381
f 7383 7381 7462
f 7462 7463 7383
f 7384 7383 7463
f 7463 7464 7384
f 7385 7384 7464
f 7464 7465 7385
f 7328 7385 7465
f 7465 7466 7328
f 7329 7328 7466
f 7466 7467 7329
f 7330 7329 7467
f 7467 7468 7330
f 7331 7330 7468
f 7468 7469 7331
f 7332 7331 7469
f 7469 7470 7332
f 7333 7332 7470
f 7470 7471 7333
f 7334 7333 7471
f 7471 7472 7334
f 7335 7334 7472
f 7472 7473 7335
f 7336 7335 7473
f 7473 7474 7336
f 7337 7336 7474
f 7474 7475 7337
f 7395 7337 7475
f 7475 7476 7395
f 7338 7395 7476
f 7476 7477 7338
f 7339 7338 7477
f 7477 7478 7339
f 7340 7339 7478
f 7478 7479 7340
f 7341 7340 7479
f 7479 7480 7341
f 7342 7341 7480
f 7480 7481 7342
f 7343 7342 7481
f 7481 7482 7343
f 7344 7343 7482
f 7482 7483 7344
f 7345 7344 7483
f 7483 7484 7345
f 7346 7345 7484
f 7484 7485 7346
f 7347 7346 7485
f 7485 7486 7347
f 7348 7347 7486
f 7486 7487 7348
f 7349 7348 7487
f 7487 7488 7349
f 7350 7349 7488
f 7488 7489 7350
f 7408 7350 7489
f 7489 7426 7408
f 7410 7408 7426
f 7426 7427 7410
f 7365 7410 7427
f 7427 7428 7365
f 7366 7365 7428
f 7428 7429 7366
f 7367 7366 7429
f 7429 7492 7367
f 7368 7367 7492
f 7492 7430 7368
f 7370 7368 7430
f 7430 7496 7370
f 7370 7370 7496
f 7496 7496 7370
f 7352 7354 7500
f 7500 7501 7352
f 7353 7352 7501
f 7501 7499 7353
f 7354 7353 7499
f 7499 7500 7354
f 7354 7354 7500
f 7500 7500 7354
f 7355 7423 7438
f 7438 7517 7355
f 7356 7355 7517
f 7517 7503 7356
f 7357 7356 7503
f 7503 7504 7357
f 7358 7357 7504
f 7504 7505 7358
f 7359 7358 7505
f 7505 7506 7359
f 7360 7359 7506
f 7506 7507 7360
f 7361 7360 7507
f 7507 7508 7361
f 7362 7361 7508
f 7508 7432 7362
f 7418 7362 7432
f 7432 7433 7418
f 7419 7418 7433
f 7433 7434 7419
f 7420 7419 7434
f 7434 7435 7420
f 7421 7420 7435
f 7435 7436 7421
f 7422 7421 7436
f 7436 7437 7422
f 7423 7422 7437
f 7437 7438 7423
f 7423 7423 7438
f 7438 7438 7423
f 7542 7543 7543
f 7543 7543 7544
f 7548 7549 7549
f 7556 7555 7555
f 7518 7561 7562
f 7518 7562 7563
f 7561 7560 7560
f 7560 7559 7559
f 7523 7522 7584
f 7523 7584 7585
f 7578 7579 7519
f 7519 7579 7580
f 7519 7580 7520
f 7520 7580 7581
f 7520 7581 7582
f 7520 7582 7521
f 7521 7582 7583
f 7521 7583 7522
f 7522 7583 7584
f 7588 7587 7588
f 7597 7598 7597
f 7597 7598 7598
f 7606 7606 7607
f 7527 7607 7608
f 7527 7608 7609
f 7527 7609 7528
f 7528 7609 7610
f 7528 7610 7529
f 7529 7610 7611
f 7529 7611 7530
f 7525 7531 7613
f 7525 7613 7614
f 7525 7614 7526
f 7611 7612 7530
f 7530 7612 7531
f 7531 7612 7613
f 7577 7578 7578
f 7577 7577 7578
f 7577 7576 7576
f 7532 7589 7588
f 7590 7589 7532
f 7595 7540 7595
f 7540 7540 7595
f 7541 7540 7540
f 7541 7541 7540
f 7533 7546 7545
f 7547 7546 7533
f 7599 7547 7533
f 7548 7598 7597
f 7547 7598 7548
f 7599 7598 7547
f 7604 7538 7605
f 7534 7615 7614
f 7535 7615 7534
f 7601 7615 7535
f 7536 7601 7535
f 7602 7601 7536
f 7537 7602 7536
f 7603 7602 7537
f 7538 7603 7537
f 7604 7603 7538
f 7456 7455 7594
f 7594 7595 7456
f 7457 7456 7595
f 7595 7540 7457
f 7458 7457 7540
f 7540 7541 7458
f 7459 7458 7541
f 7541 7542 7459
f 7460 7459 7542
f 7542 7543 7460
f 7461 7460 7543
f 7543 7544 7461
f 7462 7461 7544
f 7544 7546 7462
f 7463 7462 7546
f 7546 7547 7463
f 7464 7463 7547
f 7547 7548 7464
f 7465 7464 7548
f 7548 7549 7465
f 7466 7465 7549
f 7549 7551 7466
f 7467 7466 7551
f 7551 7552 7467
f 7468 7467 7552
f 7552 7553 7468
f 7469 7468 7553
f 7553 7554 7469
f 7470 7469 7554
f 7554 7555 7470
f 7471 7470 7555
f 7555 7557 7471
f 7472 7471 7557
f 7557 7559 7472
f 7473 7472 7559
f 7559 7560 7473
f 7474 7473 7560
f 7560 7561 7474
f 7500 7474 7561
f 7561 7518 7500
f 7477 7500 7518
f 7518 7564 7477
f 7478 7477 7564
f 7564 7565 7478
f 7479 7478 7565
f 7565 7566 7479
f 7480 7479 7566
f 7566 7567 7480
f 7481 7480 7567
f 7567 7568 7481
f 7482 7481 7568
f 7568 7569 7482
f 7483 7482 7569
f 7569 7570 7483
f 7484 7483 7570
f 7570 7571 7484
f 7485 7484 7571
f 7571 7572 7485
f 7486 7485 7572
f 7572 7573 7486
f 7487 7486 7573
f 7573 7574 7487
f 7488 7487 7574
f 7574 7576 7488
f 7489 7488 7576
f 7576 7577 7489
f 7490 7489 7577
f 7577 7519 7490
f 7491 7490 7519
f 7519 7520 7491
f 7492 7491 7520
f 7520 7521 7492
f 7493 7492 7521
f 7521 7522 7493
f 7494 7493 7522
f 7522 7523 7494
f 7495 7494 7523
f 7523 7587 7495
f 7496 7495 7587
f 7587 7588 7496
f 7497 7496 7588
f 7588 7589 7497
f 7452 7497 7589
f 7589 7590 7452
f 7453 7452 7590
f 7590 7591 7453
f 7454 7453 7591
f 7591 7593 7454
f 7455 7454 7593
f 7593 7594 7455
f 7455 7455 7594
f 7594 7594 7455
f 7440 7442 7597
f 7597 7598 7440
f 7441 7440 7598
f 7598 7599 7441
f 7442 7441 7599
f 7599 7597 7442
f 7442 7442 7597
f 7597 7597 7442
f 7515 7514 7531
f 7531 7525 7515
f 7443 7515 7525
f 7525 7526 7443
f 7444 7443 7526
f 7526 7615 7444
f 7445 7444 7615
f 7615 7601 7445
f 7446 7445 7601
f 7601 7602 7446
f 7447 7446 7602
f 7602 7603 7447
f 7448 7447 7603
f 7603 7604 7448
f 7449 7448 7604
f 7604 7605 7449
f 7450 7449 7605
f 7605 7606 7450
f 7510 7450 7606
f 7606 7527 7510
f 7511 7510 7527
f 7527 7528 7511
f 7512 7511 7528
f 7528 7529 7512
f 7513 7512 7529
f 7529 7530 7513
f 7514 7513 7530
f 7530 7531 7514
f 7514 7514 7531
f 7531 7531 7514
f 7622 7621 7663
f 7663 7621 7662
f 7660 7661 7616
f 7616 7661 7617
f 7617 7661 7618
f 7618 7661 7619
f 7619 7662 7620
f 7620 7662 7621
f 7705 7706 7628
f 7628 7706 7629
f 7629 7706 7624
f 7624 7706 7625
f 7627 7626 7708
f 7627 7708 7709
f 7627 7709 7710
f 7706 7707 7625
f 7625 7707 7626
f 7626 7707 7708
f 7690 7630 7691
f 7657 7631 7658
f 7633 7666 7632
f 7634 7666 7633
f 7667 7666 7634
f 7635 7667 7634
f 7636 7667 7635
f 7668 7667 7636
f 7669 7668 7636
f 7637 7675 7674
f 7676 7675 7637
f 7638 7676 7637
f 7639 7676 7638
f 7640 7676 7639
f 7677 7676 7640
f 7641 7679 7678
f 7642 7679 7641
f 7643 7679 7642
f 7680 7679 7643
f 7681 7680 7643
f 7703 7649 7650
f 7702 7649 7703
f 7645 7699 7711
f 7651 7645 7711
f 7700 7699 7645
f 7646 7700 7645
f 7647 7700 7646
f 7701 7700 7647
f 7648 7701 7647
f 7702 7701 7648
f 7649 7702 7648
f 7570 7569 7696
f 7696 7697 7570
f 7571 7570 7697
f 7697 7653 7571
f 7572 7571 7653
f 7653 7654 7572
f 7573 7572 7654
f 7654 7655 7573
f 7574 7573 7655
f 7655 7656 7574
f 7576 7574 7656
f 7656 7657 7576
f 7577 7576 7657
f 7657 7658 7577
f 7578 7577 7658
f 7658 7659 7578
f 7579 7578 7659
f 7659 7616 7579
f 7580 7579 7616
f 7616 7617 7580
f 7581 7580 7617
f 7617 7618 7581
f 7582 7581 7618
f 7618 7619 7582
f 7583 7582 7619
f 7619 7620 7583
f 7584 7583 7620
f 7620 7621 7584
f 7585 7584 7621
f 7621 7622 7585
f 7587 7585 7622
f 7622 7665 7587
f 7532 7587 7665
f 7665 7666 7532
f 7590 7532 7666
f 7666 7667 7590
f 7591 7590 7667
f 7667 7668 7591
f 7593 7591 7668
f 7668 7669 7593
f 7594 7593 7669
f 7669 7670 7594
f 7595 7594 7670
f 7670 7671 7595
f 7540 7595 7671
f 7671 7672 7540
f 7541 7540 7672
f 7672 7673 7541
f 7542 7541 7673
f 7673 7674 7542
f 7543 7542 7674
f 7674 7675 7543
f 7544 7543 7675
f 7675 7676 7544
f 7533 7544 7676
f 7676 7677 7533
f 7597 7533 7677
f 7677 7678 7597
f 7549 7597 7678
f 7678 7679 7549
f 7551 7549 7679
f 7679 7680 7551
f 7552 7551 7680
f 7680 7681 7552
f 7553 7552 7681
f 7681 7682 7553
f 7554 7553 7682
f 7682 7683 7554
f 7555 7554 7683
f 7683 7684 7555
f 7557 7555 7684
f 7684 7685 7557
f 7559 7557 7685
f 7685 7686 7559
f 7560 7559 7686
f 7686 7687 7560
f 7561 7560 7687
f 7687 7688 7561
f 7562 7561 7688
f 7688 7689 7562
f 7563 7562 7689
f 7689 7690 7563
f 7564 7563 7690
f 7690 7691 7564
f 7565 7564 7691
f 7691 7692 7565
f 7566 7565 7692
f 7692 7693 7566
f 7567 7566 7693
f 7693 7694 7567
f 7568 7567 7694
f 7694 7695 7568
f 7569 7568 7695
f 7695 7696 7569
f 7569 7569 7696
f 7696 7696 7569
f 7610 7609 7629
f 7629 7624 7610
f 7611 7610 7624
f 7624 7625 7611
f 7612 7611 7625
f 7625 7626 7612
f 7613 7612 7626
f 7626 7627 7613
f 7534 7613 7627
f 7627 7711 7534
f 7535 7534 7711
f 7711 7699 7535
f 7536 7535 7699
f 7699 7700 7536
f 7537 7536 7700
f 7700 7701 7537
f 7538 7537 7701
f 7701 7702 7538
f 7606 7538 7702
f 7702 7703 7606
f 7607 7606 7703
f 7703 7704 7607
f 7608 7607 7704
f 7704 7628 7608
f 7609 7608 7628
f 7628 7629 7609
f 7609 7609 7629
f 7629 7629 7609
f 7786 7713 7712
f 7786 7712 7785
f 7716 7715 7790
f 7716 7790 7791
f 7716 7791 7717
f 7788 7789 7714
f 7714 7789 7715
f 7715 7789 7790
f 7718 7816 7719
f 7719 7816 7817
f 7719 7817 7720
f 7720 7817 7818
f 7720 7818 7721
f 7721 7818 7819
f 7721 7819 7722
f 7724 7723 7820
f 7724 7820 7821
f 7724 7821 7725
f 7819 7820 7723
f 7819 7723 7722
f 7726 7797 7796
f 7727 7797 7726
f 7728 7797 7727
f 7798 7797 7728
f 7729 7798 7728
f 7799 7798 7729
f 7730 7799 7729
f 7731 7799 7730
f 7800 7799 7731
f 7732 7800 7731
f 7733 7800 7732
f 7801 7800 7733
f 7734 7808 7807
f 7735 7808 7734
f 7736 7808 7735
f 7737 7808 7736
f 7809 7737 7810
f 7737 7809 7808
f 7738 7768 7767
f 7770 7740 7741
f 7771 7770 7741
f 7769 7740 7770
f 7738 7769 7768
f 7739 7769 7738
f 7740 7769 7739
f 7775 7746 7776
f 7742 7773 7772
f 7743 7773 7742
f 7744 7773 7743
f 7774 7773 7744
f 7745 7774 7744
f 7746 7774 7745
f 7775 7774 7746
f 7777 7747 7778
f 7753 7754 7785
f 7748 7781 7780
f 7782 7781 7748
f 7749 7782 7748
f 7750 7782 7749
f 7783 7782 7750
f 7751 7783 7750
f 7784 7783 7751
f 7752 7784 7751
f 7753 7784 7752
f 7816 7761 7762
f 7815 7761 7816
f 7764 7824 7823
f 7763 7764 7823
f 7756 7824 7764
f 7812 7824 7756
f 7757 7812 7756
f 7813 7812 7757
f 7758 7813 7757
f 7759 7813 7758
f 7814 7813 7759
f 7760 7814 7759
f 7815 7814 7760
f 7761 7815 7760
f 7684 7683 7809
f 7809 7810 7684
f 7685 7684 7810
f 7810 7767 7685
f 7686 7685 7767
f 7767 7768 7686
f 7687 7686 7768
f 7768 7769 7687
f 7688 7687 7769
f 7769 7770 7688
f 7689 7688 7770
f 7770 7771 7689
f 7630 7689 7771
f 7771 7772 7630
f 7692 7630 7772
f 7772 7773 7692
f 7693 7692 7773
f 7773 7774 7693
f 7694 7693 7774
f 7774 7775 7694
f 7695 7694 7775
f 7775 7776 7695
f 7696 7695 7776
f 7776 7777 7696
f 7697 7696 7777
f 7777 7778 7697
f 7653 7697 7778
f 7778 7780 7653
f 7654 7653 7780
f 7780 7781 7654
f 7655 7654 7781
f 7781 7782 7655
f 7656 7655 7782
f 7782 7783 7656
f 7631 7656 7783
f 7783 7784 7631
f 7659 7631 7784
f 7784 7712 7659
f 7660 7659 7712
f 7712 7713 7660
f 7661 7660 7713
f 7713 7714 7661
f 7662 7661 7714
f 7714 7715 7662
f 7663 7662 7715
f 7715 7716 7663
f 7632 7663 7716
f 7716 7717 7632
f 7633 7632 7717
f 7717 7793 7633
f 7634 7633 7793
f 7793 7794 7634
f 7635 7634 7794
f 7794 7795 7635
f 7636 7635 7795
f 7795 7796 7636
f 7670 7636 7796
f 7796 7797 7670
f 7671 7670 7797
f 7797 7798 7671
f 7672 7671 7798
f 7798 7799 7672
f 7673 7672 7799
f 7799 7800 7673
f 7637 7673 7800
f 7800 7801 7637
f 7638 7637 7801
f 7801 7802 7638
f 7639 7638 7802
f 7802 7803 7639
f 7640 7639 7803
f 7803 7804 7640
f 7641 7640 7804
f 7804 7805 7641
f 7642 7641 7805
f 7805 7806 7642
f 7643 7642 7806
f 7806 7807 7643
f 7682 7643 7807
f 7807 7808 7682
f 7683 7682 7808
f 7808 7809 7683
f 7683 7683 7809
f 7809 7809 7683
f 7645 7651 7823
f 7823 7824 7645
f 7646 7645 7824
f 7824 7812 7646
f 7647 7646 7812
f 7812 7813 7647
f 7648 7647 7813
f 7813 7814 7648
f 7649 7648 7814
f 7814 7815 7649
f 7650 7649 7815
f 7815 7718 7650
f 7704 7650 7718
f 7718 7719 7704
f 7705 7704 7719
f 7719 7720 7705
f 7706 7705 7720
f 7720 7721 7706
f 7707 7706 7721
f 7721 7722 7707
f 7708 7707 7722
f 7722 7723 7708
f 7709 7708 7723
f 7723 7724 7709
f 7710 7709 7724
f 7724 7725 7710
f 7651 7710 7725
f 7725 7823 7651
f 7651 7651 7823
f 7823 7823 7651
f 7831 7830 7895
f 7895 7830 7894
f 7826 7891 7827
f 7827 7891 7892
f 7827 7892 7893
f 7827 7893 7828
f 7828 7893 7894
f 7828 7894 7829
f 7829 7894 7830
f 7905 7906 7832
f 7832 7906 7833
f 7833 7906 7834
f 7837 7836 7908
f 7837 7908 7909
f 7837 7909 7838
f 7906 7907 7834
f 7834 7907 7835
f 7835 7907 7908
f 7835 7908 7836
f 7840 7875 7874
f 7839 7840 7874
f 7841 7842 7875
f 7840 7841 7875
f 7847 7848 7885
f 7884 7847 7885
f 7844 7884 7883
f 7843 7844 7883
f 7845 7884 7844
f 7846 7884 7845
f 7847 7884 7846
f 7902 7851 7903
f 7852 7911 7910
f 7899 7911 7852
f 7853 7899 7852
f 7854 7899 7853
f 7900 7899 7854
f 7901 7900 7854
f 7850 7901 7854
f 7851 7901 7850
f 7902 7901 7851
f 7793 7792 7896
f 7896 7897 7793
f 7794 7793 7897
f 7897 7856 7794
f 7795 7794 7856
f 7856 7857 7795
f 7726 7795 7857
f 7857 7858 7726
f 7727 7726 7858
f 7858 7859 7727
f 7728 7727 7859
f 7859 7860 7728
f 7729 7728 7860
f 7860 7861 7729
f 7730 7729 7861
f 7861 7862 7730
f 7731 7730 7862
f 7862 7863 7731
f 7732 7731 7863
f 7863 7864 7732
f 7733 7732 7864
f 7864 7865 7733
f 7802 7733 7865
f 7865 7866 7802
f 7803 7802 7866
f 7866 7867 7803
f 7804 7803 7867
f 7867 7868 7804
f 7805 7804 7868
f 7868 7869 7805
f 7806 7805 7869
f 7869 7870 7806
f 7734 7806 7870
f 7870 7871 7734
f 7735 7734 7871
f 7871 7872 7735
f 7736 7735 7872
f 7872 7873 7736
f 7737 7736 7873
f 7873 7874 7737
f 7738 7737 7874
f 7874 7875 7738
f 7739 7738 7875
f 7875 7876 7739
f 7740 7739 7876
f 7876 7877 7740
f 7741 7740 7877
f 7877 7878 7741
f 7742 7741 7878
f 7878 7879 7742
f 7743 7742 7879
f 7879 7880 7743
f 7744 7743 7880
f 7880 7881 7744
f 7745 7744 7881
f 7881 7882 7745
f 7746 7745 7882
f 7882 7883 7746
f 7747 7746 7883
f 7883 7884 7747
f 7748 7747 7884
f 7884 7885 7748
f 7749 7748 7885
f 7885 7886 7749
f 7750 7749 7886
f 7886 7887 7750
f 7751 7750 7887
f 7887 7888 7751
f 7752 7751 7888
f 7888 7889 7752
f 7753 7752 7889
f 7889 7825 7753
f 7754 7753 7825
f 7825 7826 7754
f 7786 7754 7826
f 7826 7827 7786
f 7788 7786 7827
f 7827 7828 7788
f 7789 7788 7828
f 7828 7829 7789
f 7790 7789 7829
f 7829 7830 7790
f 7791 7790 7830
f 7830 7831 7791
f 7792 7791 7831
f 7831 7896 7792
f 7792 7792 7896
f 7896 7896 7792
f 7756 7764 7910
f 7910 7911 7756
f 7757 7756 7911
f 7911 7899 7757
f 7758 7757 7899
f 7899 7900 7758
f 7759 7758 7900
f 7900 7901 7759
f 7760 7759 7901
f 7901 7902 7760
f 7761 7760 7902
f 7902 7903 7761
f 7762 7761 7903
f 7903 7904 7762
f 7817 7762 7904
f 7904 7832 7817
f 7818 7817 7832
f 7832 7833 7818
f 7819 7818 7833
f 7833 7834 7819
f 7820 7819 7834
f 7834 7835 7820
f 7821 7820 7835
f 7835 7836 7821
f 7822 7821 7836
f 7836 7837 7822
f 7763 7822 7837
f 7837 7838 7763
f 7764 7763 7838
f 7838 7910 7764
f 7764 7764 7910
f 7910 7910 7764
f 7917 7916 7979
f 7917 7979 7980
f 7974 7975 7913
f 7913 7975 7914
f 7914 7975 7976
f 7914 7976 7915
f 7915 7976 7977
f 7915 7977 7916
f 7916 7977 7978
f 7916 7978 7979
f 7918 7984 7919
f 7919 7984 7985
f 7919 7985 7920
f 7920 7985 7986
f 7920 7986 7921
f 7922 7921 7988
f 7922 7988 7989
f 7922 7989 7923
f 7986 7987 7921
f 7921 7987 7988
f 7984 7929 7930
f 7983 7929 7984
f 7925 7990 7989
f 7931 7925 7989
f 7926 7990 7925
f 7991 7990 7926
f 7992 7991 7926
f 7927 7992 7926
f 7993 7992 7927
f 7928 7993 7927
f 7983 7993 7928
f 7929 7983 7928
f 7896 7895 7917
f 7917 7981 7896
f 7897 7896 7981
f 7981 7933 7897
f 7856 7897 7933
f 7933 7934 7856
f 7857 7856 7934
f 7934 7935 7857
f 7858 7857 7935
f 7935 7936 7858
f 7859 7858 7936
f 7936 7937 7859
f 7860 7859 7937
f 7937 7938 7860
f 7861 7860 7938
f 7938 7939 7861
f 7862 7861 7939
f 7939 7940 7862
f 7863 7862 7940
f 7940 7941 7863
f 7864 7863 7941
f 7941 7942 7864
f 7865 7864 7942
f 7942 7943 7865
f 7866 7865 7943
f 7943 7944 7866
f 7867 7866 7944
f 7944 7945 7867
f 7868 7867 7945
f 7945 7946 7868
f 7869 7868 7946
f 7946 7947 7869
f 7870 7869 7947
f 7947 7948 7870
f 7871 7870 7948
f 7948 7949 7871
f 7872 7871 7949
f 7949 7950 7872
f 7873 7872 7950
f 7950 7951 7873
f 7839 7873 7951
f 7951 7952 7839
f 7840 7839 7952
f 7952 7953 7840
f 7841 7840 7953
f 7953 7954 7841
f 7842 7841 7954
f 7954 7955 7842
f 7876 7842 7955
f 7955 7956 7876
f 7877 7876 7956
f 7956 7957 7877
f 7878 7877 7957
f 7957 7958 7878
f 7879 7878 7958
f 7958 7959 7879
f 7880 7879 7959
f 7959 7960 7880
f 7881 7880 7960
f 7960 7961 7881
f 7882 7881 7961
f 7961 7962 7882
f 7843 7882 7962
f 7962 7963 7843
f 7844 7843 7963
f 7963 7964 7844
f 7845 7844 7964
f 7964 7965 7845
f 7846 7845 7965
f 7965 7966 7846
f 7847 7846 7966
f 7966 7967 7847
f 7848 7847 7967
f 7967 7968 7848
f 7886 7848 7968
f 7968 7969 7886
f 7887 7886 7969
f 7969 7970 7887
f 7888 7887 7970
f 7970 7971 7888
f 7889 7888 7971
f 7971 7972 7889
f 7890 7889 7972
f 7972 7973 7890
f 7891 7890 7973
f 7973 7913 7891
f 7892 7891 7913
f 7913 7914 7892
f 7893 7892 7914
f 7914 7915 7893
f 7894 7893 7915
f 7915 7916 7894
f 7895 7894 7916
f 7916 7917 7895
f 7895 7895 7917
f 7917 7917 7895
f 7850 7854 7992
f 7992 7993 7850
f 7851 7850 7993
f 7993 7983 7851
f 7904 7851 7983
f 7983 7918 7904
f 7905 7904 7918
f 7918 7919 7905
f 7906 7905 7919
f 7919 7920 7906
f 7907 7906 7920
f 7920 7921 7907
f 7908 7907 7921
f 7921 7922 7908
f 7909 7908 7922
f 7922 7923 7909
f 7852 7909 7923
f 7923 7990 7852
f 7853 7852 7990
f 7990 7991 7853
f 7854 7853 7991
f 7991 7992 7854
f 7854 7854 7992
f 7992 7992 7854
f 8000 7999 8033
f 8028 8029 7994
f 7994 8029 7995
f 7995 8029 8030
f 7995 8030 7996
f 7996 8030 8031
f 7996 8031 7997
f 7997 8032 7998
f 7998 8032 7999
f 7999 8032 8033
f 8003 8073 8004
f 8004 8073 8074
f 8004 8074 8005
f 8005 8074 8075
f 8005 8075 8006
f 8007 8006 8077
f 8007 8077 8078
f 8007 8078 8008
f 8075 8076 8006
f 8006 8076 8077
f 8009 8050 8049
f 8010 8060 8059
f 8073 8014 8015
f 8072 8014 8073
f 8017 8079 8078
f 8016 8017 8078
f 8018 8079 8017
f 8069 8079 8018
f 8012 8069 8018
f 8070 8069 8012
f 8071 8070 8012
f 8013 8071 8012
f 8072 8071 8013
f 8014 8072 8013
f 7965 7964 8066
f 8066 8067 7965
f 7966 7965 8067
f 8067 8020 7966
f 7967 7966 8020
f 8020 8021 7967
f 7968 7967 8021
f 8021 8022 7968
f 7969 7968 8022
f 8022 8023 7969
f 7970 7969 8023
f 8023 8024 7970
f 7971 7970 8024
f 8024 8025 7971
f 7972 7971 8025
f 8025 8026 7972
f 7973 7972 8026
f 8026 8027 7973
f 7974 7973 8027
f 8027 7994 7974
f 7975 7974 7994
f 7994 7995 7975
f 7976 7975 7995
f 7995 7996 7976
f 7977 7976 7996
f 7996 7997 7977
f 7978 7977 7997
f 7997 7998 7978
f 7979 7978 7998
f 7998 7999 7979
f 7980 7979 7999
f 7999 8000 7980
f 7981 7980 8000
f 8000 8001 7981
f 7933 7981 8001
f 8001 8035 7933
f 7934 7933 8035
f 8035 8036 7934
f 7935 7934 8036
f 8036 8037 7935
f 7936 7935 8037
f 8037 8038 7936
f 7937 7936 8038
f 8038 8039 7937
f 7938 7937 8039
f 8039 8040 7938
f 7939 7938 8040
f 8040 8041 7939
f 7940 7939 8041
f 8041 8042 7940
f 7941 7940 8042
f 8042 8043 7941
f 7942 7941 8043
f 8043 8044 7942
f 7943 7942 8044
f 8044 8045 7943
f 7944 7943 8045
f 8045 8046 7944
f 7945 7944 8046
f 8046 8047 7945
f 7946 7945 8047
f 8047 8048 7946
f 7947 7946 8048
f 8048 8049 7947
f 7948 7947 8049
f 8049 8050 7948
f 7949 7948 8050
f 8050 8051 7949
f 7950 7949 8051
f 8051 8052 7950
f 7951 7950 8052
f 8052 8053 7951
f 7952 7951 8053
f 8053 8054 7952
f 7953 7952 8054
f 8054 8055 7953
f 7954 7953 8055
f 8055 8056 7954
f 7955 7954 8056
f 8056 8057 7955
f 7956 7955 8057
f 8057 8058 7956
f 7957 7956 8058
f 8058 8059 7957
f 7958 7957 8059
f 8059 8060 7958
f 7959 7958 8060
f 8060 8061 7959
f 7960 7959 8061
f 8061 8062 7960
f 7961 7960 8062
f 8062 8063 7961
f 7962 7961 8063
f 8063 8064 7962
f 7963 7962 8064
f 8064 8065 7963
f 7964 7963 8065
f 8065 8066 7964
f 7964 7964 8066
f 8066 8066 7964
f 7925 7931 8008
f 8008 8079 7925
f 7926 7925 8079
f 8079 8069 7926
f 7927 7926 8069
f 8069 8070 7927
f 7928 7927 8070
f 8070 8071 7928
f 7929 7928 8071
f 8071 8072 7929
f 7930 7929 8072
f 8072 8003 7930
f 7985 7930 8003
f 8003 8004 7985
f 7986 7985 8004
f 8004 8005 7986
f 7987 7986 8005
f 8005 8006 7987
f 7988 7987 8006
f 8006 8007 7988
f 7931 7988 8007
f 8007 8008 7931
f 7931 7931 8008
f 8008 8008 7931
f 8083 8082 8150
f 8083 8150 8151
f 8085 8146 8086
f 8086 8146 8147
f 8086 8147 8087
f 8087 8147 8148
f 8087 8148 8081
f 8081 8148 8149
f 8081 8149 8082
f 8082 8149 8150
f 8157 8158 8088
f 8088 8158 8159
f 8088 8159 8089
f 8089 8159 8090
f 8091 8090 8160
f 8091 8160 8161
f 8091 8161 8162
f 8159 8160 8090
f 8143 8092 8144
f 8093 8107 8152
f 8094 8107 8093
f 8108 8107 8094
f 8095 8120 8119
f 8096 8120 8095
f 8121 8120 8096
f 8131 8097 8132
f 8156 8100 8101
f 8155 8100 8156
f 8103 8164 8163
f 8102 8103 8163
f 8165 8164 8103
f 8104 8165 8103
f 8105 8165 8104
f 8166 8165 8105
f 8099 8166 8105
f 8154 8166 8099
f 8100 8154 8099
f 8155 8154 8100
f 8031 8030 8087
f 8087 8081 8031
f 8032 8031 8081
f 8081 8082 8032
f 8033 8032 8082
f 8082 8083 8033
f 8034 8033 8083
f 8083 8152 8034
f 8035 8034 8152
f 8152 8107 8035
f 8036 8035 8107
f 8107 8108 8036
f 8037 8036 8108
f 8108 8109 8037
f 8038 8037 8109
f 8109 8110 8038
f 8039 8038 8110
f 8110 8111 8039
f 8040 8039 8111
f 8111 8112 8040
f 8041 8040 8112
f 8112 8113 8041
f 8042 8041 8113
f 8113 8114 8042
f 8043 8042 8114
f 8114 8115 8043
f 8044 8043 8115
f 8115 8116 8044
f 8045 8044 8116
f 8116 8117 8045
f 8046 8045 8117
f 8117 8118 8046
f 8047 8046 8118
f 8118 8119 8047
f 8048 8047 8119
f 8119 8120 8048
f 8009 8048 8120
f 8120 8121 8009
f 8051 8009 8121
f 8121 8122 8051
f 8052 8051 8122
f 8122 8123 8052
f 8053 8052 8123
f 8123 8124 8053
f 8054 8053 8124
f 8124 8125 8054
f 8055 8054 8125
f 8125 8126 8055
f 8056 8055 8126
f 8126 8127 8056
f 8057 8056 8127
f 8127 8128 8057
f 8058 8057 8128
f 8128 8129 8058
f 8010 8058 8129
f 8129 8130 8010
f 8061 8010 8130
f 8130 8131 8061
f 8062 8061 8131
f 8131 8132 8062
f 8063 8062 8132
f 8132 8133 8063
f 8064 8063 8133
f 8133 8134 8064
f 8065 8064 8134
f 8134 8135 8065
f 8066 8065 8135
f 8135 8136 8066
f 8067 8066 8136
f 8136 8137 8067
f 8020 8067 8137
f 8137 8138 8020
f 8021 8020 8138
f 8138 8139 8021
f 8022 8021 8139
f 8139 8140 8022
f 8023 8022 8140
f 8140 8141 8023
f 8024 8023 8141
f 8141 8142 8024
f 8025 8024 8142
f 8142 8143 8025
f 8026 8025 8143
f 8143 8144 8026
f 8027 8026 8144
f 8144 8084 8027
f 8028 8027 8084
f 8084 8085 8028
f 8029 8028 8085
f 8085 8086 8029
f 8030 8029 8086
f 8086 8087 8030
f 8030 8030 8087
f 8087 8087 8030
f 8012 8018 8165
f 8165 8166 8012
f 8013 8012 8166
f 8166 8154 8013
f 8014 8013 8154
f 8154 8155 8014
f 8015 8014 8155
f 8155 8156 8015
f 8074 8015 8156
f 8156 8088 8074
f 8075 8074 8088
f 8088 8089 8075
f 8076 8075 8089
f 8089 8090 8076
f 8077 8076 8090
f 8090 8091 8077
f 8016 8077 8091
f 8091 8163 8016
f 8017 8016 8163
f 8163 8164 8017
f 8018 8017 8164
f 8164 8165 8018
f 8018 8018 8165
f 8165 8165 8018
f 8255 8254 8254
f 8214 8214 8213
f 8173 8172 8221
f 8173 8221 8174
f 8167 8217 8168
f 8168 8217 8169
f 8169 8217 8218
f 8169 8218 8170
f 8170 8218 8219
f 8170 8219 8171
f 8171 8220 8172
f 8172 8220 8221
f 8234 8235 8235
f 8249 8249 8248
f 8248 8249 8248
f 8175 8259 8176
f 8176 8259 8260
f 8176 8260 8177
f 8177 8260 8261
f 8177 8261 8262
f 8177 8262 8178
f 8178 8262 8263
f 8178 8263 8179
f 8181 8180 8265
f 8181 8265 8266
f 8181 8266 8182
f 8263 8264 8180
f 8263 8180 8179
f 8180 8264 8265
f 8202 8232 8231
f 8233 8232 8202
f 8203 8233 8202
f 8184 8233 8203
f 8185 8233 8184
f 8234 8233 8185
f 8187 8236 8235
f 8186 8187 8235
f 8188 8236 8187
f 8237 8236 8188
f 8238 8237 8188
f 8189 8243 8242
f 8244 8189 8245
f 8243 8189 8244
f 8247 8192 8248
f 8191 8247 8246
f 8190 8191 8246
f 8192 8247 8191
f 8249 8193 8250
f 8252 8252 8253
f 8256 8194 8213
f 8215 8197 8216
f 8195 8215 8214
f 8196 8215 8195
f 8197 8215 8196
f 8224 8223 8198
f 8199 8224 8198
f 8200 8224 8199
f 8201 8224 8200
f 8225 8224 8201
f 8226 8225 8201
f 8259 8207 8208
f 8258 8207 8259
f 8210 8267 8266
f 8209 8210 8266
f 8268 8267 8210
f 8211 8268 8210
f 8205 8268 8211
f 8269 8268 8205
f 8270 8269 8205
f 8206 8270 8205
f 8207 8270 8206
f 8258 8270 8207
f 8140 8139 8254
f 8254 8256 8140
f 8141 8140 8256
f 8256 8213 8141
f 8142 8141 8213
f 8213 8214 8142
f 8092 8142 8214
f 8214 8215 8092
f 8145 8092 8215
f 8215 8167 8145
f 8146 8145 8167
f 8167 8168 8146
f 8147 8146 8168
f 8168 8169 8147
f 8148 8147 8169
f 8169 8170 8148
f 8149 8148 8170
f 8170 8171 8149
f 8150 8149 8171
f 8171 8172 8150
f 8151 8150 8172
f 8172 8173 8151
f 8093 8151 8173
f 8173 8174 8093
f 8094 8093 8174
f 8174 8223 8094
f 8109 8094 8223
f 8223 8224 8109
f 8110 8109 8224
f 8224 8225 8110
f 8111 8110 8225
f 8225 8226 8111
f 8112 8111 8226
f 8226 8227 8112
f 8113 8112 8227
f 8227 8228 8113
f 8114 8113 8228
f 8228 8229 8114
f 8115 8114 8229
f 8229 8230 8115
f 8116 8115 8230
f 8230 8231 8116
f 8117 8116 8231
f 8231 8232 8117
f 8118 8117 8232
f 8232 8233 8118
f 8095 8118 8233
f 8233 8234 8095
f 8096 8095 8234
f 8234 8235 8096
f 8122 8096 8235
f 8235 8236 8122
f 8123 8122 8236
f 8236 8237 8123
f 8124 8123 8237
f 8237 8238 8124
f 8125 8124 8238
f 8238 8239 8125
f 8126 8125 8239
f 8239 8240 8126
f 8127 8126 8240
f 8240 8241 8127
f 8128 8127 8241
f 8241 8243 8128
f 8129 8128 8243
f 8243 8244 8129
f 8130 8129 8244
f 8244 8246 8130
f 8097 8130 8246
f 8246 8247 8097
f 8133 8097 8247
f 8247 8248 8133
f 8134 8133 8248
f 8248 8249 8134
f 8135 8134 8249
f 8249 8250 8135
f 8136 8135 8250
f 8250 8251 8136
f 8137 8136 8251
f 8251 8252 8137
f 8138 8137 8252
f 8252 8253 8138
f 8139 8138 8253
f 8253 8254 8139
f 8139 8139 8254
f 8254 8254 8139
f 8099 8105 8269
f 8269 8270 8099
f 8100 8099 8270
f 8270 8258 8100
f 8101 8100 8258
f 8258 8175 8101
f 8157 8101 8175
f 8175 8176 8157
f 8158 8157 8176
f 8176 8177 8158
f 8159 8158 8177
f 8177 8178 8159
f 8160 8159 8178
f 8178 8179 8160
f 8161 8160 8179
f 8179 8180 8161
f 8162 8161 8180
f 8180 8181 8162
f 8102 8162 8181
f 8181 8182 8102
f 8103 8102 8182
f 8182 8267 8103
f 8104 8103 8267
f 8267 8268 8104
f 8105 8104 8268
f 8268 8269 8105
f 8105 8105 8269
f 8269 8269 8105
f 8372 8373 8372
f 8332 8333 8271
f 8271 8333 8272
f 8340 8341 8273
f 8278 8277 8360
f 8278 8360 8361
f 8278 8361 8362
f 8363 8362 8363
f 8363 8364 8364
f 8365 8365 8366
f 8366 8366 8367
f 8353 8354 8354
f 8274 8355 8356
f 8274 8356 8275
f 8275 8356 8357
f 8275 8357 8276
f 8276 8357 8358
f 8276 8358 8277
f 8277 8358 8359
f 8277 8359 8360
f 8279 8380 8280
f 8280 8380 8381
f 8280 8381 8281
f 8281 8381 8382
f 8281 8382 8383
f 8281 8383 8282
f 8282 8383 8384
f 8282 8384 8283
f 8285 8284 8385
f 8285 8385 8386
f 8285 8386 8387
f 8285 8387 8286
f 8384 8385 8283
f 8283 8385 8284
f 8345 8290 8346
f 8288 8344 8311
f 8345 8344 8288
f 8289 8345 8288
f 8290 8345 8289
f 8347 8291 8348
f 8292 8350 8349
f 8351 8350 8292
f 8293 8351 8292
f 8294 8352 8293
f 8295 8352 8294
f 8353 8352 8295
f 8296 8368 8367
f 8297 8368 8296
f 8298 8368 8297
f 8299 8368 8298
f 8369 8368 8299
f 8300 8369 8299
f 8370 8369 8300
f 8301 8370 8300
f 8371 8370 8301
f 8302 8371 8301
f 8303 8371 8302
f 8372 8371 8303
f 8376 8376 8375
f 8304 8335 8334
f 8305 8335 8304
f 8306 8335 8305
f 8307 8335 8306
f 8340 8309 8310
f 8339 8309 8340
f 8307 8336 8335
f 8337 8336 8307
f 8338 8337 8308
f 8339 8338 8308
f 8309 8339 8308
f 8314 8315 8313
f 8319 8317 8318
f 8380 8322 8323
f 8379 8322 8380
f 8324 8388 8387
f 8325 8388 8324
f 8389 8388 8325
f 8326 8389 8325
f 8390 8389 8326
f 8321 8390 8326
f 8378 8390 8321
f 8322 8378 8321
f 8379 8378 8322
f 8330 8328 8329
f 8184 8203 8373
f 8373 8374 8184
f 8185 8184 8374
f 8374 8376 8185
f 8186 8185 8376
f 8376 8271 8186
f 8187 8186 8271
f 8271 8272 8187
f 8188 8187 8272
f 8272 8334 8188
f 8238 8188 8334
f 8334 8335 8238
f 8239 8238 8335
f 8335 8336 8239
f 8240 8239 8336
f 8336 8337 8240
f 8241 8240 8337
f 8337 8338 8241
f 8189 8241 8338
f 8338 8339 8189
f 8190 8189 8339
f 8339 8273 8190
f 8191 8190 8273
f 8273 8343 8191
f 8192 8191 8343
f 8343 8344 8192
f 8193 8192 8344
f 8344 8345 8193
f 8251 8193 8345
f 8345 8346 8251
f 8252 8251 8346
f 8346 8347 8252
f 8253 8252 8347
f 8347 8348 8253
f 8254 8253 8348
f 8348 8350 8254
f 8194 8254 8350
f 8350 8351 8194
f 8195 8194 8351
f 8351 8352 8195
f 8196 8195 8352
f 8352 8353 8196
f 8197 8196 8353
f 8353 8354 8197
f 8217 8197 8354
f 8354 8274 8217
f 8218 8217 8274
f 8274 8275 8218
f 8219 8218 8275
f 8275 8276 8219
f 8220 8219 8276
f 8276 8277 8220
f 8221 8220 8277
f 8277 8278 8221
f 8222 8221 8278
f 8278 8363 8222
f 8198 8222 8363
f 8363 8364 8198
f 8199 8198 8364
f 8364 8365 8199
f 8200 8199 8365
f 8365 8366 8200
f 8201 8200 8366
f 8366 8367 8201
f 8227 8201 8367
f 8367 8368 8227
f 8228 8227 8368
f 8368 8369 8228
f 8229 8228 8369
f 8369 8370 8229
f 8230 8229 8370
f 8370 8371 8230
f 8202 8230 8371
f 8371 8372 8202
f 8203 8202 8372
f 8372 8373 8203
f 8203 8203 8373
f 8373 8373 8203
f 8205 8211 8389
f 8389 8390 8205
f 8206 8205 8390
f 8390 8378 8206
f 8207 8206 8378
f 8378 8379 8207
f 8208 8207 8379
f 8379 8279 8208
f 8260 8208 8279
f 8279 8280 8260
f 8261 8260 8280
f 8280 8281 8261
f 8262 8261 8281
f 8281 8282 8262
f 8263 8262 8282
f 8282 8283 8263
f 8264 8263 8283
f 8283 8284 8264
f 8265 8264 8284
f 8284 8285 8265
f 8209 8265 8285
f 8285 8286 8209
f 8210 8209 8286
f 8286 8388 8210
f 8211 8210 8388
f 8388 8389 8211
f 8211 8211 8389
f 8389 8389 8211
f 8437 8396 8436
f 8431 8432 8391
f 8391 8432 8392
f 8392 8432 8433
f 8392 8433 8393
f 8393 8433 8434
f 8393 8434 8394
f 8394 8434 8435
f 8394 8435 8395
f 8395 8435 8436
f 8395 8436 8396
f 8479 8480 8397
f 8397 8480 8398
f 8398 8480 8399
f 8399 8480 8481
f 8399 8481 8400
f 8402 8401 8482
f 8402 8482 8483
f 8481 8482 8401
f 8481 8401 8400
f 8412 8413 8424
f 8423 8412 8424
f 8409 8423 8422
f 8408 8409 8422
f 8410 8423 8409
f 8411 8423 8410
f 8412 8423 8411
f 8474 8456 8455
f 8472 8474 8455
f 8406 8460 8459
f 8405 8406 8459
f 8404 8405 8459
f 8406 8407 8460
f 8470 8462 8461
f 8462 8470 8469
f 8476 8416 8417
f 8477 8476 8417
f 8489 8485 8484
f 8490 8489 8484
f 8418 8489 8491
f 8419 8489 8418
f 8485 8489 8419
f 8486 8485 8419
f 8415 8486 8419
f 8487 8486 8415
f 8416 8487 8415
f 8476 8487 8416
f 8288 8311 8465
f 8465 8466 8288
f 8289 8288 8466
f 8466 8421 8289
f 8290 8289 8421
f 8421 8422 8290
f 8291 8290 8422
f 8422 8423 8291
f 8292 8291 8423
f 8423 8424 8292
f 8293 8292 8424
f 8424 8425 8293
f 8294 8293 8425
f 8425 8426 8294
f 8295 8294 8426
f 8426 8427 8295
f 8353 8295 8427
f 8427 8428 8353
f 8354 8353 8428
f 8428 8429 8354
f 8355 8354 8429
f 8429 8430 8355
f 8356 8355 8430
f 8430 8391 8356
f 8357 8356 8391
f 8391 8392 8357
f 8358 8357 8392
f 8392 8393 8358
f 8359 8358 8393
f 8393 8394 8359
f 8360 8359 8394
f 8394 8395 8360
f 8361 8360 8395
f 8395 8396 8361
f 8362 8361 8396
f 8396 8438 8362
f 8363 8362 8438
f 8438 8439 8363
f 8364 8363 8439
f 8439 8440 8364
f 8365 8364 8440
f 8440 8441 8365
f 8366 8365 8441
f 8441 8442 8366
f 8296 8366 8442
f 8442 8443 8296
f 8297 8296 8443
f 8443 8444 8297
f 8298 8297 8444
f 8444 8445 8298
f 8299 8298 8445
f 8445 8446 8299
f 8300 8299 8446
f 8446 8447 8300
f 8301 8300 8447
f 8447 8448 8301
f 8302 8301 8448
f 8448 8449 8302
f 8303 8302 8449
f 8449 8450 8303
f 8373 8303 8450
f 8450 8451 8373
f 8374 8373 8451
f 8451 8452 8374
f 8376 8374 8452
f 8452 8453 8376
f 8332 8376 8453
f 8453 8454 8332
f 8333 8332 8454
f 8454 8455 8333
f 8304 8333 8455
f 8455 8456 8304
f 8305 8304 8456
f 8456 8457 8305
f 8306 8305 8457
f 8457 8458 8306
f 8307 8306 8458
f 8458 8459 8307
f 8308 8307 8459
f 8459 8460 8308
f 8309 8308 8460
f 8460 8461 8309
f 8310 8309 8461
f 8461 8462 8310
f 8341 8310 8462
f 8462 8463 8341
f 8343 8341 8463
f 8463 8464 8343
f 8311 8343 8464
f 8464 8465 8311
f 8311 8311 8465
f 8465 8465 8311
f 8313 8315 8469
f 8469 8470 8313
f 8314 8313 8470
f 8470 8468 8314
f 8315 8314 8468
f 8468 8469 8315
f 8315 8315 8469
f 8469 8469 8315
f 8317 8319 8473
f 8473 8474 8317
f 8318 8317 8474
f 8474 8472 8318
f 8319 8318 8472
f 8472 8473 8319
f 8319 8319 8473
f 8473 8473 8319
f 8321 8326 8486
f 8486 8487 8321
f 8322 8321 8487
f 8487 8476 8322
f 8323 8322 8476
f 8476 8477 8323
f 8381 8323 8477
f 8477 8397 8381
f 8382 8381 8397
f 8397 8398 8382
f 8383 8382 8398
f 8398 8399 8383
f 8384 8383 8399
f 8399 8400 8384
f 8385 8384 8400
f 8400 8401 8385
f 8386 8385 8401
f 8401 8402 8386
f 8324 8386 8402
f 8402 8484 8324
f 8325 8324 8484
f 8484 8485 8325
f 8326 8325 8485
f 8485 8486 8326
f 8326 8326 8486
f 8486 8486 8326
f 8328 8330 8490
f 8490 8491 8328
f 8329 8328 8491
f 8491 8489 8329
f 8330 8329 8489
f 8489 8490 8330
f 8330 8330 8490
f 8490 8490 8330
f 8500 8499 8526
f 8529 8529 8530
f 8492 8520 8493
f 8493 8520 8521
f 8493 8521 8494
f 8494 8521 8495
f 8495 8521 8522
f 8495 8522 8523
f 8495 8523 8496
f 8496 8523 8497
f 8497 8523 8524
f 8497 8524 8525
f 8497 8525 8498
f 8498 8525 8499
f 8499 8525 8526
f 8538 8539 8539
f 8543 8544 8544
f 8548 8548 8549
f 8562 8563 8562
f 8501 8569 8570
f 8501 8570 8502
f 8502 8570 8571
f 8502 8571 8503
f 8503 8571 8572
f 8503 8572 8504
f 8504 8572 8505
f 8506 8505 8573
f 8506 8573 8574
f 8506 8574 8507
f 8507 8574 8575
f 8572 8573 8505
f 8565 8565 8564
f 8515 8515 8514
f 8516 8515 8515
f 8532 8532 8531
f 8537 8538 8537
f 8542 8542 8541
f 8545 8545 8544
f 8568 8512 8509
f 8569 8568 8509
f 8576 8575 8510
f 8511 8576 8510
f 8577 8576 8511
f 8512 8577 8511
f 8568 8577 8512
f 8425 8413 8565
f 8565 8514 8425
f 8426 8425 8514
f 8514 8515 8426
f 8427 8426 8515
f 8515 8516 8427
f 8428 8427 8516
f 8516 8517 8428
f 8429 8428 8517
f 8517 8518 8429
f 8430 8429 8518
f 8518 8492 8430
f 8431 8430 8492
f 8492 8493 8431
f 8432 8431 8493
f 8493 8494 8432
f 8433 8432 8494
f 8494 8495 8433
f 8434 8433 8495
f 8495 8496 8434
f 8435 8434 8496
f 8496 8497 8435
f 8436 8435 8497
f 8497 8498 8436
f 8437 8436 8498
f 8498 8499 8437
f 8438 8437 8499
f 8499 8500 8438
f 8439 8438 8500
f 8500 8528 8439
f 8440 8439 8528
f 8528 8529 8440
f 8441 8440 8529
f 8529 8530 8441
f 8442 8441 8530
f 8530 8532 8442
f 8443 8442 8532
f 8532 8534 8443
f 8444 8443 8534
f 8534 8535 8444
f 8445 8444 8535
f 8535 8536 8445
f 8446 8445 8536
f 8536 8537 8446
f 8447 8446 8537
f 8537 8538 8447
f 8448 8447 8538
f 8538 8539 8448
f 8449 8448 8539
f 8539 8540 8449
f 8450 8449 8540
f 8540 8541 8450
f 8451 8450 8541
f 8541 8542 8451
f 8452 8451 8542
f 8542 8543 8452
f 8453 8452 8543
f 8543 8544 8453
f 8454 8453 8544
f 8544 8545 8454
f 8473 8454 8545
f 8545 8546 8473
f 8457 8473 8546
f 8546 8548 8457
f 8458 8457 8548
f 8548 8549 8458
f 8404 8458 8549
f 8549 8550 8404
f 8405 8404 8550
f 8550 8551 8405
f 8406 8405 8551
f 8551 8552 8406
f 8407 8406 8552
f 8552 8553 8407
f 8468 8407 8553
f 8553 8554 8468
f 8463 8468 8554
f 8554 8555 8463
f 8464 8463 8555
f 8555 8556 8464
f 8465 8464 8556
f 8556 8557 8465
f 8466 8465 8557
f 8557 8558 8466
f 8421 8466 8558
f 8558 8559 8421
f 8408 8421 8559
f 8559 8560 8408
f 8409 8408 8560
f 8560 8561 8409
f 8410 8409 8561
f 8561 8562 8410
f 8411 8410 8562
f 8562 8563 8411
f 8412 8411 8563
f 8563 8564 8412
f 8413 8412 8564
f 8564 8565 8413
f 8413 8413 8565
f 8565 8565 8413
f 8415 8419 8576
f 8576 8577 8415
f 8416 8415 8577
f 8577 8568 8416
f 8417 8416 8568
f 8568 8501 8417
f 8479 8417 8501
f 8501 8502 8479
f 8480 8479 8502
f 8502 8503 8480
f 8481 8480 8503
f 8503 8504 8481
f 8482 8481 8504
f 8504 8505 8482
f 8483 8482 8505
f 8505 8506 8483
f 8418 8483 8506
f 8506 8507 8418
f 8419 8418 8507
f 8507 8576 8419
f 8419 8419 8576
f 8576 8576 8419
f 8586 8585 8612
f 8578 8606 8579
f 8579 8606 8580
f 8580 8606 8607
f 8580 8607 8581
f 8581 8607 8608
f 8581 8608 8609
f 8581 8609 8582
f 8582 8609 8583
f 8583 8609 8610
f 8583 8610 8611
f 8583 8611 8584
f 8584 8611 8612
f 8584 8612 8585
f 8587 8659 8588
f 8588 8659 8651
f 8588 8651 8652
f 8588 8652 8589
f 8589 8652 8590
f 8593 8592 8656
f 8656 8592 8655
f 8652 8653 8590
f 8590 8653 8654
f 8590 8654 8591
f 8591 8654 8592
f 8592 8654 8655
f 8594 8631 8630
f 8595 8637 8636
f 8658 8598 8599
f 8659 8658 8599
f 8597 8656 8596
f 8657 8656 8597
f 8598 8657 8597
f 8658 8657 8598
f 8514 8565 8648
f 8648 8649 8514
f 8515 8514 8649
f 8649 8601 8515
f 8516 8515 8601
f 8601 8602 8516
f 8517 8516 8602
f 8602 8603 8517
f 8518 8517 8603
f 8603 8604 8518
f 8519 8518 8604
f 8604 8578 8519
f 8520 8519 8578
f 8578 8579 8520
f 8521 8520 8579
f 8579 8580 8521
f 8522 8521 8580
f 8580 8581 8522
f 8523 8522 8581
f 8581 8582 8523
f 8524 8523 8582
f 8582 8583 8524
f 8525 8524 8583
f 8583 8584 8525
f 8526 8525 8584
f 8584 8585 8526
f 8527 8526 8585
f 8585 8586 8527
f 8528 8527 8586
f 8586 8614 8528
f 8529 8528 8614
f 8614 8615 8529
f 8530 8529 8615
f 8615 8616 8530
f 8532 8530 8616
f 8616 8617 8532
f 8534 8532 8617
f 8617 8618 8534
f 8535 8534 8618
f 8618 8619 8535
f 8536 8535 8619
f 8619 8620 8536
f 8537 8536 8620
f 8620 8621 8537
f 8538 8537 8621
f 8621 8622 8538
f 8539 8538 8622
f 8622 8623 8539
f 8540 8539 8623
f 8623 8624 8540
f 8541 8540 8624
f 8624 8625 8541
f 8542 8541 8625
f 8625 8626 8542
f 8543 8542 8626
f 8626 8627 8543
f 8544 8543 8627
f 8627 8628 8544
f 8545 8544 8628
f 8628 8629 8545
f 8546 8545 8629
f 8629 8630 8546
f 8548 8546 8630
f 8630 8631 8548
f 8549 8548 8631
f 8631 8632 8549
f 8550 8549 8632
f 8632 8633 8550
f 8551 8550 8633
f 8633 8634 8551
f 8552 8551 8634
f 8634 8635 8552
f 8553 8552 8635
f 8635 8636 8553
f 8554 8553 8636
f 8636 8637 8554
f 8555 8554 8637
f 8637 8638 8555
f 8556 8555 8638
f 8638 8639 8556
f 8557 8556 8639
f 8639 8640 8557
f 8558 8557 8640
f 8640 8641 8558
f 8559 8558 8641
f 8641 8642 8559
f 8560 8559 8642
f 8642 8643 8560
f 8561 8560 8643
f 8643 8644 8561
f 8562 8561 8644
f 8644 8645 8562
f 8563 8562 8645
f 8645 8646 8563
f 8564 8563 8646
f 8646 8647 8564
f 8565 8564 8647
f 8647 8648 8565
f 8565 8565 8648
f 8648 8648 8565
f 8509 8512 8658
f 8658 8587 8509
f 8570 8509 8587
f 8587 8588 8570
f 8571 8570 8588
f 8588 8589 8571
f 8572 8571 8589
f 8589 8590 8572
f 8573 8572 8590
f 8590 8591 8573
f 8574 8573 8591
f 8591 8592 8574
f 8510 8574 8592
f 8592 8593 8510
f 8511 8510 8593
f 8593 8657 8511
f 8512 8511 8657
f 8657 8658 8512
f 8512 8512 8658
f 8658 8658 8512
f 8664 8663 8745
f 8741 8742 8665
f 8665 8742 8666
f 8666 8742 8743
f 8666 8743 8667
f 8667 8743 8668
f 8668 8743 8744
f 8668 8744 8661
f 8661 8744 8745
f 8661 8745 8662
f 8662 8745 8663
f 8710 8711 8710
f 8710 8711 8711
f 8712 8712 8713
f 8715 8716 8716
f 8721 8720 8721
f 8731 8732 8732
f 8739 8738 8738
f 8734 8735 8735
f 8735 8735 8736
f 8736 8736 8737
f 8737 8737 8738
f 8672 8750 8673
f 8673 8750 8751
f 8673 8751 8752
f 8673 8752 8674
f 8674 8752 8675
f 8671 8670 8755
f 8755 8670 8754
f 8752 8753 8675
f 8675 8753 8676
f 8676 8753 8670
f 8670 8753 8754
f 8706 8707 8706
f 8708 8707 8707
f 8709 8708 8708
f 8709 8709 8708
f 8677 8717 8716
f 8729 8730 8729
f 8679 8680 8681
f 8683 8684 8685
f 8750 8687 8688
f 8749 8687 8750
f 8756 8755 8689
f 8690 8756 8689
f 8749 8756 8690
f 8687 8749 8690
f 8692 8693 8694
f 8697 8698 8696
f 8610 8609 8668
f 8668 8661 8610
f 8611 8610 8661
f 8661 8662 8611
f 8612 8611 8662
f 8662 8663 8612
f 8613 8612 8663
f 8663 8664 8613
f 8614 8613 8664
f 8664 8747 8614
f 8615 8614 8747
f 8747 8700 8615
f 8616 8615 8700
f 8700 8701 8616
f 8617 8616 8701
f 8701 8702 8617
f 8618 8617 8702
f 8702 8703 8618
f 8619 8618 8703
f 8703 8704 8619
f 8620 8619 8704
f 8704 8705 8620
f 8621 8620 8705
f 8705 8706 8621
f 8622 8621 8706
f 8706 8707 8622
f 8623 8622 8707
f 8707 8708 8623
f 8624 8623 8708
f 8708 8709 8624
f 8625 8624 8709
f 8709 8710 8625
f 8626 8625 8710
f 8710 8711 8626
f 8627 8626 8711
f 8711 8712 8627
f 8628 8627 8712
f 8712 8713 8628
f 8629 8628 8713
f 8713 8715 8629
f 8594 8629 8715
f 8715 8716 8594
f 8632 8594 8716
f 8716 8717 8632
f 8633 8632 8717
f 8717 8718 8633
f 8634 8633 8718
f 8718 8719 8634
f 8635 8634 8719
f 8719 8720 8635
f 8595 8635 8720
f 8720 8721 8595
f 8638 8595 8721
f 8721 8722 8638
f 8639 8638 8722
f 8722 8723 8639
f 8640 8639 8723
f 8723 8724 8640
f 8641 8640 8724
f 8724 8725 8641
f 8642 8641 8725
f 8725 8726 8642
f 8643 8642 8726
f 8726 8727 8643
f 8644 8643 8727
f 8727 8728 8644
f 8645 8644 8728
f 8728 8729 8645
f 8646 8645 8729
f 8729 8730 8646
f 8647 8646 8730
f 8730 8731 8647
f 8648 8647 8731
f 8731 8732 8648
f 8649 8648 8732
f 8732 8734 8649
f 8601 8649 8734
f 8734 8735 8601
f 8602 8601 8735
f 8735 8736 8602
f 8603 8602 8736
f 8736 8737 8603
f 8604 8603 8737
f 8737 8738 8604
f 8605 8604 8738
f 8738 8740 8605
f 8606 8605 8740
f 8740 8665 8606
f 8607 8606 8665
f 8665 8666 8607
f 8608 8607 8666
f 8666 8667 8608
f 8609 8608 8667
f 8667 8668 8609
f 8609 8609 8668
f 8668 8668 8609
f 8655 8654 8676
f 8676 8670 8655
f 8596 8655 8670
f 8670 8671 8596
f 8597 8596 8671
f 8671 8756 8597
f 8598 8597 8756
f 8756 8749 8598
f 8599 8598 8749
f 8749 8672 8599
f 8651 8599 8672
f 8672 8673 8651
f 8652 8651 8673
f 8673 8674 8652
f 8653 8652 8674
f 8674 8675 8653
f 8654 8653 8675
f 8675 8676 8654
f 8654 8654 8676
f 8676 8676 8654
f 8793 8762 8792
f 8758 8789 8759
f 8759 8789 8760
f 8760 8789 8790
f 8760 8790 8761
f 8761 8790 8791
f 8761 8791 8762
f 8762 8791 8792
f 8811 8812 8763
f 8816 8817 8764
f 8768 8767 8766
f 8837 8835 8769
f 8769 8835 8770
f 8771 8839 8772
f 8772 8839 8840
f 8772 8840 8773
f 8773 8840 8841
f 8773 8841 8842
f 8773 8842 8774
f 8776 8775 8845
f 8845 8775 8844
f 8842 8843 8774
f 8774 8843 8844
f 8774 8844 8775
f 8780 8779 8778
f 8781 8851 8782
f 8782 8851 8849
f 8783 8813 8812
f 8784 8815 8814
f 8836 8835 8816
f 8815 8836 8816
f 8784 8836 8815
f 8837 8836 8784
f 8835 8837 8784
f 8847 8785 8786
f 8850 8847 8786
f 8851 8850 8786
f 8850 8849 8839
f 8847 8850 8839
f 8846 8845 8785
f 8847 8846 8785
f 8738 8737 8832
f 8832 8833 8738
f 8740 8738 8833
f 8833 8757 8740
f 8741 8740 8757
f 8757 8758 8741
f 8742 8741 8758
f 8758 8759 8742
f 8743 8742 8759
f 8759 8760 8743
f 8744 8743 8760
f 8760 8761 8744
f 8745 8744 8761
f 8761 8762 8745
f 8746 8745 8762
f 8762 8794 8746
f 8747 8746 8794
f 8794 8795 8747
f 8700 8747 8795
f 8795 8796 8700
f 8701 8700 8796
f 8796 8797 8701
f 8702 8701 8797
f 8797 8798 8702
f 8703 8702 8798
f 8798 8799 8703
f 8704 8703 8799
f 8799 8800 8704
f 8705 8704 8800
f 8800 8801 8705
f 8706 8705 8801
f 8801 8802 8706
f 8707 8706 8802
f 8802 8803 8707
f 8708 8707 8803
f 8803 8804 8708
f 8709 8708 8804
f 8804 8805 8709
f 8710 8709 8805
f 8805 8806 8710
f 8711 8710 8806
f 8806 8807 8711
f 8712 8711 8807
f 8807 8808 8712
f 8713 8712 8808
f 8808 8809 8713
f 8715 8713 8809
f 8809 8810 8715
f 8677 8715 8810
f 8810 8763 8677
f 8718 8677 8763
f 8763 8813 8718
f 8719 8718 8813
f 8813 8814 8719
f 8720 8719 8814
f 8814 8815 8720
f 8721 8720 8815
f 8815 8764 8721
f 8722 8721 8764
f 8764 8818 8722
f 8723 8722 8818
f 8818 8819 8723
f 8724 8723 8819
f 8819 8820 8724
f 8725 8724 8820
f 8820 8821 8725
f 8726 8725 8821
f 8821 8822 8726
f 8727 8726 8822
f 8822 8823 8727
f 8728 8727 8823
f 8823 8824 8728
f 8729 8728 8824
f 8824 8825 8729
f 8730 8729 8825
f 8825 8826 8730
f 8731 8730 8826
f 8826 8827 8731
f 8732 8731 8827
f 8827 8828 8732
f 8734 8732 8828
f 8828 8829 8734
f 8735 8734 8829
f 8829 8830 8735
f 8736 8735 8830
f 8830 8831 8736
f 8737 8736 8831
f 8831 8832 8737
f 8737 8737 8832
f 8832 8832 8737
f 8679 8681 8768
f 8768 8766 8679
f 8680 8679 8766
f 8766 8767 8680
f 8681 8680 8767
f 8767 8768 8681
f 8681 8681 8768
f 8768 8768 8681
f 8683 8685 8836
f 8836 8769 8683
f 8684 8683 8769
f 8769 8770 8684
f 8685 8684 8770
f 8770 8836 8685
f 8685 8685 8836
f 8836 8836 8685
f 8687 8690 8846
f 8846 8847 8687
f 8688 8687 8847
f 8847 8771 8688
f 8751 8688 8771
f 8771 8772 8751
f 8752 8751 8772
f 8772 8773 8752
f 8753 8752 8773
f 8773 8774 8753
f 8754 8753 8774
f 8774 8775 8754
f 8689 8754 8775
f 8775 8776 8689
f 8690 8689 8776
f 8776 8846 8690
f 8690 8690 8846
f 8846 8846 8690
f 8692 8694 8780
f 8780 8778 8692
f 8693 8692 8778
f 8778 8779 8693
f 8694 8693 8779
f 8779 8780 8694
f 8694 8694 8780
f 8780 8780 8694
f 8696 8698 8850
f 8850 8781 8696
f 8697 8696 8781
f 8781 8782 8697
f 8698 8697 8782
f 8782 8850 8698
f 8698 8698 8850
f 8850 8850 8698
f 8857 8856 8895
f 8890 8891 8852
f 8852 8891 8853
f 8853 8891 8892
f 8853 8892 8893
f 8853 8893 8854
f 8854 8893 8855
f 8855 8893 8894
f 8855 8894 8856
f 8856 8894 8895
f 8911 8912 8863
f 8863 8912 8859
f 8859 8912 8860
f 8860 8912 8913
f 8860 8913 8861
f 8914 8862 8913
f 8913 8862 8861
f 8910 8871 8870
f 8915 8871 8910
f 8806 8805 8907
f 8907 8908 8806
f 8807 8806 8908
f 8908 8865 8807
f 8808 8807 8865
f 8865 8866 8808
f 8809 8808 8866
f 8866 8867 8809
f 8810 8809 8867
f 8867 8868 8810
f 8811 8810 8868
f 8868 8869 8811
f 8783 8811 8869
f 8869 8870 8783
f 8784 8783 8870
f 8870 8871 8784
f 8817 8784 8871
f 8871 8872 8817
f 8818 8817 8872
f 8872 8873 8818
f 8819 8818 8873
f 8873 8874 8819
f 8820 8819 8874
f 8874 8875 8820
f 8821 8820 8875
f 8875 8876 8821
f 8822 8821 8876
f 8876 8877 8822
f 8823 8822 8877
f 8877 8878 8823
f 8824 8823 8878
f 8878 8879 8824
f 8825 8824 8879
f 8879 8880 8825
f 8826 8825 8880
f 8880 8881 8826
f 8827 8826 8881
f 8881 8882 8827
f 8828 8827 8882
f 8882 8883 8828
f 8829 8828 8883
f 8883 8884 8829
f 8830 8829 8884
f 8884 8885 8830
f 8831 8830 8885
f 8885 8886 8831
f 8832 8831 8886
f 8886 8887 8832
f 8833 8832 8887
f 8887 8888 8833
f 8788 8833 8888
f 8888 8889 8788
f 8789 8788 8889
f 8889 8852 8789
f 8790 8789 8852
f 8852 8853 8790
f 8791 8790 8853
f 8853 8854 8791
f 8792 8791 8854
f 8854 8855 8792
f 8793 8792 8855
f 8855 8856 8793
f 8794 8793 8856
f 8856 8857 8794
f 8795 8794 8857
f 8857 8897 8795
f 8796 8795 8897
f 8897 8898 8796
f 8797 8796 8898
f 8898 8899 8797
f 8798 8797 8899
f 8899 8900 8798
f 8799 8798 8900
f 8900 8901 8799
f 8800 8799 8901
f 8901 8902 8800
f 8801 8800 8902
f 8902 8903 8801
f 8802 8801 8903
f 8903 8904 8802
f 8803 8802 8904
f 8904 8905 8803
f 8804 8803 8905
f 8905 8906 8804
f 8805 8804 8906
f 8906 8907 8805
f 8805 8805 8907
f 8907 8907 8805
f 8841 8840 8863
f 8863 8859 8841
f 8842 8841 8859
f 8859 8860 8842
f 8843 8842 8860
f 8860 8861 8843
f 8844 8843 8861
f 8861 8862 8844
f 8785 8844 8862
f 8862 8915 8785
f 8786 8785 8915
f 8915 8910 8786
f 8840 8786 8910
f 8910 8863 8840
f 8840 8840 8863
f 8863 8863 8840
f 8923 8971 8924
f 8924 8971 8972
f 8924 8972 8973
f 8924 8973 8925
f 8926 8925 8975
f 8975 8925 8974
f 8973 8974 8925
f 8917 8946 8918
f 8918 8946 8947
f 8918 8947 8919
f 8919 8947 8948
f 8919 8948 8920
f 8920 8948 8949
f 8920 8949 8921
f 8921 8949 8950
f 8921 8950 8922
f 8872 8914 8926
f 8926 8977 8872
f 8873 8872 8977
f 8977 8928 8873
f 8874 8873 8928
f 8928 8929 8874
f 8875 8874 8929
f 8929 8930 8875
f 8876 8875 8930
f 8930 8931 8876
f 8877 8876 8931
f 8931 8932 8877
f 8878 8877 8932
f 8932 8933 8878
f 8879 8878 8933
f 8933 8934 8879
f 8880 8879 8934
f 8934 8935 8880
f 8881 8880 8935
f 8935 8936 8881
f 8882 8881 8936
f 8936 8937 8882
f 8883 8882 8937
f 8937 8938 8883
f 8884 8883 8938
f 8938 8939 8884
f 8885 8884 8939
f 8939 8940 8885
f 8886 8885 8940
f 8940 8941 8886
f 8887 8886 8941
f 8941 8942 8887
f 8888 8887 8942
f 8942 8943 8888
f 8889 8888 8943
f 8943 8944 8889
f 8890 8889 8944
f 8944 8917 8890
f 8891 8890 8917
f 8917 8918 8891
f 8892 8891 8918
f 8918 8919 8892
f 8893 8892 8919
f 8919 8920 8893
f 8894 8893 8920
f 8920 8921 8894
f 8895 8894 8921
f 8921 8922 8895
f 8896 8895 8922
f 8922 8952 8896
f 8897 8896 8952
f 8952 8953 8897
f 8898 8897 8953
f 8953 8954 8898
f 8899 8898 8954
f 8954 8955 8899
f 8900 8899 8955
f 8955 8956 8900
f 8901 8900 8956
f 8956 8957 8901
f 8902 8901 8957
f 8957 8958 8902
f 8903 8902 8958
f 8958 8959 8903
f 8904 8903 8959
f 8959 8960 8904
f 8905 8904 8960
f 8960 8961 8905
f 8906 8905 8961
f 8961 8962 8906
f 8907 8906 8962
f 8962 8963 8907
f 8908 8907 8963
f 8963 8964 8908
f 8865 8908 8964
f 8964 8965 8865
f 8866 8865 8965
f 8965 8966 8866
f 8867 8866 8966
f 8966 8967 8867
f 8868 8867 8967
f 8967 8968 8868
f 8869 8868 8968
f 8968 8969 8869
f 8911 8869 8969
f 8969 8923 8911
f 8912 8911 8923
f 8923 8924 8912
f 8913 8912 8924
f 8924 8925 8913
f 8914 8913 8925
f 8925 8926 8914
f 8914 8914 8926
f 8926 8926 8914
f 8978 9003 8979
f 8979 9003 9004
f 8979 9004 8980
f 8980 9004 9005
f 8980 9005 8981
f 8981 9005 9006
f 8981 9006 8982
f 8982 9006 9007
f 8982 9007 8983
f 8983 9007 8984
f 9014 9015 8985
f 8985 9015 8986
f 8986 9015 8987
f 8987 9015 8988
f 8988 9015 9016
f 8988 9016 8989
f 8989 9016 9017
f 8989 9017 8990
f 8990 9017 8991
f 8991 9017 8992
f 8992 9017 9018
f 8993 9025 8994
f 8994 9025 9026
f 8994 9026 8995
f 8995 9026 8996
f 8996 9026 9027
f 8996 9027 8997
f 8999 8998 9028
f 9028 8998 9027
f 9027 8998 8997
f 8943 8942 9045
f 9045 9046 8943
f 8944 8943 9046
f 9046 9001 8944
f 8945 8944 9001
f 9001 8978 8945
f 8946 8945 8978
f 8978 8979 8946
f 8947 8946 8979
f 8979 8980 8947
f 8948 8947 8980
f 8980 8981 8948
f 8949 8948 8981
f 8981 8982 8949
f 8950 8949 8982
f 8982 8983 8950
f 8951 8950 8983
f 8983 8984 8951
f 8952 8951 8984
f 8984 9009 8952
f 8953 8952 9009
f 9009 9010 8953
f 8954 8953 9010
f 9010 9011 8954
f 8955 8954 9011
f 9011 9012 8955
f 8956 8955 9012
f 9012 9013 8956
f 8957 8956 9013
f 9013 8985 8957
f 8958 8957 8985
f 8985 8986 8958
f 8959 8958 8986
f 8986 8987 8959
f 8960 8959 8987
f 8987 8988 8960
f 8961 8960 8988
f 8988 8989 8961
f 8962 8961 8989
f 8989 8990 8962
f 8963 8962 8990
f 8990 8991 8963
f 8964 8963 8991
f 8991 8992 8964
f 8965 8964 8992
f 8992 9019 8965
f 8966 8965 9019
f 9019 9020 8966
f 8967 8966 9020
f 9020 9021 8967
f 8968 8967 9021
f 9021 9022 8968
f 8969 8968 9022
f 9022 9023 8969
f 8970 8969 9023
f 9023 8993 8970
f 8971 8970 8993
f 8993 8994 8971
f 8972 8971 8994
f 8994 8995 8972
f 8973 8972 8995
f 8995 8996 8973
f 8974 8973 8996
f 8996 8997 8974
f 8975 8974 8997
f 8997 8998 8975
f 8976 8975 8998
f 8998 8999 8976
f 8977 8976 8999
f 8999 9030 8977
f 8928 8977 9030
f 9030 9031 8928
f 8929 8928 9031
f 9031 9032 8929
f 8930 8929 9032
f 9032 9033 8930
f 8931 8930 9033
f 9033 9034 8931
f 8932 8931 9034
f 9034 9035 8932
f 8933 8932 9035
f 9035 9036 8933
f 8934 8933 9036
f 9036 9037 8934
f 8935 8934 9037
f 9037 9038 8935
f 8936 8935 9038
f 9038 9039 8936
f 8937 8936 9039
f 9039 9040 8937
f 8938 8937 9040
f 9040 9041 8938
f 8939 8938 9041
f 9041 9042 8939
f 8940 8939 9042
f 9042 9043 8940
f 8941 8940 9043
f 9043 9044 8941
f 8942 8941 9044
f 9044 9045 8942
f 8942 8942 9045
f 9045 9045 8942
f 9079 9080 9047
f 9047 9080 9048
f 9048 9080 9081
f 9048 9081 9049
f 9049 9081 9082
f 9049 9082 9083
f 9049 9083 9050
f 9050 9083 9051
f 9051 9083 9084
f 9051 9084 9085
f 9051 9085 9052
f 9090 9091 9054
f 9090 9054 9053
f 9054 9091 9055
f 9093 9094 9056
f 9096 9097 9058
f 9096 9058 9057
f 9058 9097 9059
f 9060 9102 9061
f 9061 9102 9103
f 9061 9103 9062
f 9062 9103 9104
f 9062 9104 9063
f 9065 9064 9105
f 9105 9064 9104
f 9104 9064 9063
f 9117 9073 9116
f 9112 9113 9066
f 9066 9113 9067
f 9067 9113 9068
f 9068 9113 9069
f 9069 9113 9114
f 9069 9114 9070
f 9070 9114 9115
f 9070 9115 9071
f 9071 9115 9116
f 9071 9116 9072
f 9072 9116 9073
f 9044 9043 9118
f 9118 9119 9044
f 9045 9044 9119
f 9119 9075 9045
f 9046 9045 9075
f 9075 9076 9046
f 9001 9046 9076
f 9076 9077 9001
f 9002 9001 9077
f 9077 9078 9002
f 9003 9002 9078
f 9078 9047 9003
f 9004 9003 9047
f 9047 9048 9004
f 9005 9004 9048
f 9048 9049 9005
f 9006 9005 9049
f 9049 9050 9006
f 9007 9006 9050
f 9050 9051 9007
f 9008 9007 9051
f 9051 9052 9008
f 9009 9008 9052
f 9052 9087 9009
f 9010 9009 9087
f 9087 9088 9010
f 9011 9010 9088
f 9088 9089 9011
f 9012 9011 9089
f 9089 9053 9012
f 9013 9012 9053
f 9053 9054 9013
f 9014 9013 9054
f 9054 9055 9014
f 9015 9014 9055
f 9055 9092 9015
f 9016 9015 9092
f 9092 9056 9016
f 9017 9016 9056
f 9056 9095 9017
f 9018 9017 9095
f 9095 9057 9018
f 9019 9018 9057
f 9057 9058 9019
f 9020 9019 9058
f 9058 9059 9020
f 9021 9020 9059
f 9059 9098 9021
f 9022 9021 9098
f 9098 9099 9022
f 9023 9022 9099
f 9099 9100 9023
f 9024 9023 9100
f 9100 9060 9024
f 9025 9024 9060
f 9060 9061 9025
f 9026 9025 9061
f 9061 9062 9026
f 9027 9026 9062
f 9062 9063 9027
f 9028 9027 9063
f 9063 9064 9028
f 9029 9028 9064
f 9064 9065 9029
f 9030 9029 9065
f 9065 9107 9030
f 9031 9030 9107
f 9107 9108 9031
f 9032 9031 9108
f 9108 9109 9032
f 9033 9032 9109
f 9109 9110 9033
f 9034 9033 9110
f 9110 9111 9034
f 9035 9034 9111
f 9111 9066 9035
f 9036 9035 9066
f 9066 9067 9036
f 9037 9036 9067
f 9067 9068 9037
f 9038 9037 9068
f 9068 9069 9038
f 9039 9038 9069
f 9069 9070 9039
f 9040 9039 9070
f 9070 9071 9040
f 9041 9040 9071
f 9071 9072 9041
f 9042 9041 9072
f 9072 9073 9042
f 9043 9042 9073
f 9073 9118 9043
f 9043 9043 9118
f 9118 9118 9043
f 9125 9124 9199
f 9125 9199 9126
f 9126 9199 9200
f 9126 9200 9127
f 9127 9200 9201
f 9127 9201 9128
f 9128 9201 9202
f 9128 9202 9203
f 9190 9151 9150
f 9151 9191 9152
f 9152 9191 9192
f 9152 9192 9153
f 9153 9192 9193
f 9153 9193 9154
f 9154 9193 9194
f 9154 9194 9155
f 9155 9194 9121
f 9121 9194 9195
f 9121 9195 9196
f 9121 9196 9122
f 9122 9196 9123
f 9123 9196 9197
f 9123 9197 9124
f 9124 9197 9198
f 9124 9198 9199
f 9204 9157 9129
f 9162 9163 9130
f 9164 9165 9131
f 9131 9165 9166
f 9131 9166 9132
f 9132 9166 9133
f 9133 9166 9167
f 9133 9167 9134
f 9134 9167 9168
f 9134 9168 9169
f 9134 9169 9135
f 9135 9169 9170
f 9135 9170 9136
f 9136 9170 9171
f 9136 9171 9137
f 9137 9171 9138
f 9141 9140 9175
f 9171 9172 9138
f 9138 9172 9173
f 9138 9173 9139
f 9139 9173 9174
f 9139 9174 9140
f 9180 9145 9179
f 9177 9178 9142
f 9142 9178 9143
f 9143 9178 9144
f 9144 9178 9145
f 9145 9178 9179
f 9188 9149 9187
f 9185 9186 9146
f 9146 9186 9187
f 9146 9187 9147
f 9147 9187 9148
f 9148 9187 9149
f 9083 9082 9155
f 9155 9121 9083
f 9084 9083 9121
f 9121 9122 9084
f 9085 9084 9122
f 9122 9123 9085
f 9086 9085 9123
f 9123 9124 9086
f 9087 9086 9124
f 9124 9125 9087
f 9088 9087 9125
f 9125 9126 9088
f 9089 9088 9126
f 9126 9127 9089
f 9090 9089 9127
f 9127 9128 9090
f 9091 9090 9128
f 9128 9129 9091
f 9092 9091 9129
f 9129 9158 9092
f 9093 9092 9158
f 9158 9159 9093
f 9094 9093 9159
f 9159 9160 9094
f 9095 9094 9160
f 9160 9161 9095
f 9096 9095 9161
f 9161 9130 9096
f 9097 9096 9130
f 9130 9131 9097
f 9098 9097 9131
f 9131 9132 9098
f 9099 9098 9132
f 9132 9133 9099
f 9100 9099 9133
f 9133 9134 9100
f 9101 9100 9134
f 9134 9135 9101
f 9102 9101 9135
f 9135 9136 9102
f 9103 9102 9136
f 9136 9137 9103
f 9104 9103 9137
f 9137 9138 9104
f 9105 9104 9138
f 9138 9139 9105
f 9106 9105 9139
f 9139 9140 9106
f 9107 9106 9140
f 9140 9141 9107
f 9108 9107 9141
f 9141 9176 9108
f 9109 9108 9176
f 9176 9142 9109
f 9110 9109 9142
f 9142 9143 9110
f 9111 9110 9143
f 9143 9144 9111
f 9112 9111 9144
f 9144 9145 9112
f 9113 9112 9145
f 9145 9181 9113
f 9114 9113 9181
f 9181 9182 9114
f 9115 9114 9182
f 9182 9183 9115
f 9116 9115 9183
f 9183 9184 9116
f 9117 9116 9184
f 9184 9146 9117
f 9118 9117 9146
f 9146 9147 9118
f 9119 9118 9147
f 9147 9148 9119
f 9075 9119 9148
f 9148 9149 9075
f 9076 9075 9149
f 9149 9189 9076
f 9077 9076 9189
f 9189 9150 9077
f 9078 9077 9150
f 9150 9151 9078
f 9079 9078 9151
f 9151 9152 9079
f 9080 9079 9152
f 9152 9153 9080
f 9081 9080 9153
f 9153 9154 9081
f 9082 9081 9154
f 9154 9155 9082
f 9082 9082 9155
f 9155 9155 9082
f 9230 9231 9205
f 9205 9231 9206
f 9206 9231 9232
f 9206 9232 9233
f 9206 9233 9207
f 9209 9208 9234
f 9234 9208 9207
f 9234 9207 9233
f 9240 9212 9239
f 9236 9237 9210
f 9210 9237 9238
f 9210 9238 9211
f 9211 9238 9212
f 9212 9238 9239
f 9255 9215 9254
f 9251 9252 9213
f 9213 9252 9253
f 9213 9253 9214
f 9214 9253 9215
f 9215 9253 9254
f 9216 9257 9217
f 9217 9257 9258
f 9217 9258 9218
f 9218 9258 9259
f 9218 9259 9219
f 9219 9259 9220
f 9220 9259 9221
f 9221 9259 9260
f 9221 9260 9222
f 9163 9162 9274
f 9274 9275 9163
f 9164 9163 9275
f 9275 9224 9164
f 9165 9164 9224
f 9224 9225 9165
f 9166 9165 9225
f 9225 9226 9166
f 9167 9166 9226
f 9226 9227 9167
f 9168 9167 9227
f 9227 9228 9168
f 9169 9168 9228
f 9228 9229 9169
f 9170 9169 9229
f 9229 9205 9170
f 9171 9170 9205
f 9205 9206 9171
f 9172 9171 9206
f 9206 9207 9172
f 9173 9172 9207
f 9207 9208 9173
f 9174 9173 9208
f 9208 9209 9174
f 9175 9174 9209
f 9209 9210 9175
f 9176 9175 9210
f 9210 9211 9176
f 9177 9176 9211
f 9211 9212 9177
f 9178 9177 9212
f 9212 9241 9178
f 9179 9178 9241
f 9241 9242 9179
f 9180 9179 9242
f 9242 9243 9180
f 9181 9180 9243
f 9243 9244 9181
f 9182 9181 9244
f 9244 9245 9182
f 9183 9182 9245
f 9245 9246 9183
f 9184 9183 9246
f 9246 9247 9184
f 9185 9184 9247
f 9247 9248 9185
f 9186 9185 9248
f 9248 9249 9186
f 9187 9186 9249
f 9249 9250 9187
f 9188 9187 9250
f 9250 9213 9188
f 9189 9188 9213
f 9213 9214 9189
f 9190 9189 9214
f 9214 9215 9190
f 9191 9190 9215
f 9215 9216 9191
f 9192 9191 9216
f 9216 9217 9192
f 9193 9192 9217
f 9217 9218 9193
f 9194 9193 9218
f 9218 9219 9194
f 9195 9194 9219
f 9219 9220 9195
f 9196 9195 9220
f 9220 9221 9196
f 9197 9196 9221
f 9221 9222 9197
f 9198 9197 9222
f 9222 9262 9198
f 9199 9198 9262
f 9262 9263 9199
f 9200 9199 9263
f 9263 9264 9200
f 9201 9200 9264
f 9264 9265 9201
f 9202 9201 9265
f 9265 9266 9202
f 9203 9202 9266
f 9266 9267 9203
f 9204 9203 9267
f 9267 9268 9204
f 9157 9204 9268
f 9268 9269 9157
f 9158 9157 9269
f 9269 9270 9158
f 9159 9158 9270
f 9270 9271 9159
f 9160 9159 9271
f 9271 9272 9160
f 9161 9160 9272
f 9272 9273 9161
f 9162 9161 9273
f 9273 9274 9162
f 9162 9162 9274
f 9274 9274 9162
f 9313 9279 9312
f 9309 9310 9276
f 9276 9310 9311
f 9276 9311 9277
f 9277 9311 9278
f 9278 9311 9312
f 9278 9312 9279
f 9321 9322 9280
f 9280 9322 9281
f 9281 9322 9282
f 9282 9322 9323
f 9282 9323 9283
f 9283 9323 9324
f 9283 9324 9284
f 9284 9324 9285
f 9285 9324 9325
f 9285 9325 9286
f 9286 9325 9287
f 9287 9325 9326
f 9333 9334 9288
f 9288 9334 9289
f 9289 9334 9335
f 9289 9335 9290
f 9290 9335 9291
f 9337 9292 9336
f 9335 9336 9291
f 9291 9336 9292
f 9241 9240 9343
f 9343 9344 9241
f 9242 9241 9344
f 9344 9294 9242
f 9243 9242 9294
f 9294 9295 9243
f 9244 9243 9295
f 9295 9296 9244
f 9245 9244 9296
f 9296 9297 9245
f 9246 9245 9297
f 9297 9298 9246
f 9247 9246 9298
f 9298 9299 9247
f 9248 9247 9299
f 9299 9300 9248
f 9249 9248 9300
f 9300 9301 9249
f 9250 9249 9301
f 9301 9302 9250
f 9251 9250 9302
f 9302 9303 9251
f 9252 9251 9303
f 9303 9304 9252
f 9253 9252 9304
f 9304 9305 9253
f 9254 9253 9305
f 9305 9306 9254
f 9255 9254 9306
f 9306 9307 9255
f 9256 9255 9307
f 9307 9308 9256
f 9257 9256 9308
f 9308 9276 9257
f 9258 9257 9276
f 9276 9277 9258
f 9259 9258 9277
f 9277 9278 9259
f 9260 9259 9278
f 9278 9279 9260
f 9261 9260 9279
f 9279 9314 9261
f 9262 9261 9314
f 9314 9315 9262
f 9263 9262 9315
f 9315 9316 9263
f 9264 9263 9316
f 9316 9317 9264
f 9265 9264 9317
f 9317 9318 9265
f 9266 9265 9318
f 9318 9319 9266
f 9267 9266 9319
f 9319 9320 9267
f 9268 9267 9320
f 9320 9280 9268
f 9269 9268 9280
f 9280 9281 9269
f 9270 9269 9281
f 9281 9282 9270
f 9271 9270 9282
f 9282 9283 9271
f 9272 9271 9283
f 9283 9284 9272
f 9273 9272 9284
f 9284 9285 9273
f 9274 9273 9285
f 9285 9286 9274
f 9275 9274 9286
f 9286 9287 9275
f 9224 9275 9287
f 9287 9327 9224
f 9225 9224 9327
f 9327 9328 9225
f 9226 9225 9328
f 9328 9329 9226
f 9227 9226 9329
f 9329 9330 9227
f 9228 9227 9330
f 9330 9331 9228
f 9229 9228 9331
f 9331 9332 9229
f 9230 9229 9332
f 9332 9288 9230
f 9231 9230 9288
f 9288 9289 9231
f 9232 9231 9289
f 9289 9290 9232
f 9233 9232 9290
f 9290 9291 9233
f 9234 9233 9291
f 9291 9292 9234
f 9235 9234 9292
f 9292 9338 9235
f 9236 9235 9338
f 9338 9339 9236
f 9237 9236 9339
f 9339 9340 9237
f 9238 9237 9340
f 9340 9341 9238
f 9239 9238 9341
f 9341 9342 9239
f 9240 9239 9342
f 9342 9343 9240
f 9240 9240 9343
f 9343 9343 9240
f 9401 9358 9400
f 9440 9391 9345
f 9345 9391 9346
f 9346 9391 9347
f 9347 9391 9392
f 9347 9392 9348
f 9348 9392 9393
f 9348 9393 9349
f 9349 9393 9350
f 9350 9393 9394
f 9350 9394 9395
f 9350 9395 9351
f 9351 9395 9396
f 9351 9396 9352
f 9352 9396 9353
f 9353 9396 9397
f 9353 9397 9354
f 9354 9397 9398
f 9354 9398 9355
f 9355 9398 9399
f 9355 9399 9356
f 9356 9399 9400
f 9356 9400 9357
f 9357 9400 9358
f 9369 9368 9413
f 9369 9413 9370
f 9370 9413 9414
f 9370 9414 9371
f 9371 9414 9415
f 9371 9415 9416
f 9371 9416 9372
f 9372 9416 9417
f 9372 9417 9373
f 9373 9417 9374
f 9374 9417 9418
f 9374 9418 9419
f 9403 9404 9359
f 9359 9404 9360
f 9360 9404 9361
f 9361 9404 9362
f 9362 9404 9405
f 9362 9405 9406
f 9362 9406 9363
f 9363 9406 9407
f 9363 9407 9364
f 9364 9407 9408
f 9364 9408 9365
f 9365 9408 9409
f 9365 9409 9366
f 9366 9409 9410
f 9366 9410 9367
f 9367 9410 9411
f 9367 9411 9412
f 9367 9412 9368
f 9368 9412 9413
f 9424 9425 9375
f 9375 9425 9426
f 9375 9426 9376
f 9376 9426 9427
f 9376 9427 9377
f 9377 9427 9428
f 9377 9428 9378
f 9378 9428 9379
f 9379 9428 9429
f 9379 9429 9380
f 9380 9429 9430
f 9380 9430 9431
f 9380 9431 9381
f 9381 9431 9432
f 9381 9432 9382
f 9382 9432 9433
f 9382 9433 9383
f 9383 9433 9434
f 9383 9434 9384
f 9384 9434 9435
f 9384 9435 9385
f 9389 9388 9437
f 9389 9437 9438
f 9437 9388 9387
f 9437 9387 9436
f 9436 9387 9386
f 9436 9386 9435
f 9435 9386 9385
f 9342 9341 9439
f 9439 9345 9342
f 9343 9342 9345
f 9345 9346 9343
f 9344 9343 9346
f 9346 9347 9344
f 9294 9344 9347
f 9347 9348 9294
f 9295 9294 9348
f 9348 9349 9295
f 9296 9295 9349
f 9349 9350 9296
f 9297 9296 9350
f 9350 9351 9297
f 9298 9297 9351
f 9351 9352 9298
f 9299 9298 9352
f 9352 9353 9299
f 9300 9299 9353
f 9353 9354 9300
f 9301 9300 9354
f 9354 9355 9301
f 9302 9301 9355
f 9355 9356 9302
f 9303 9302 9356
f 9356 9357 9303
f 9304 9303 9357
f 9357 9358 9304
f 9305 9304 9358
f 9358 9402 9305
f 9306 9305 9402
f 9402 9359 9306
f 9307 9306 9359
f 9359 9360 9307
f 9308 9307 9360
f 9360 9361 9308
f 9309 9308 9361
f 9361 9362 9309
f 9310 9309 9362
f 9362 9363 9310
f 9311 9310 9363
f 9363 9364 9311
f 9312 9311 9364
f 9364 9365 9312
f 9313 9312 9365
f 9365 9366 9313
f 9314 9313 9366
f 9366 9367 9314
f 9315 9314 9367
f 9367 9368 9315
f 9316 9315 9368
f 9368 9369 9316
f 9317 9316 9369
f 9369 9370 9317
f 9318 9317 9370
f 9370 9371 9318
f 9319 9318 9371
f 9371 9372 9319
f 9320 9319 9372
f 9372 9373 9320
f 9321 9320 9373
f 9373 9374 9321
f 9322 9321 9374
f 9374 9420 9322
f 9323 9322 9420
f 9420 9421 9323
f 9324 9323 9421
f 9421 9422 9324
f 9325 9324 9422
f 9422 9423 9325
f 9326 9325 9423
f 9423 9375 9326
f 9327 9326 9375
f 9375 9376 9327
f 9328 9327 9376
f 9376 9377 9328
f 9329 9328 9377
f 9377 9378 9329
f 9330 9329 9378
f 9378 9379 9330
f 9331 9330 9379
f 9379 9380 9331
f 9332 9331 9380
f 9380 9381 9332
f 9333 9332 9381
f 9381 9382 9333
f 9334 9333 9382
f 9382 9383 9334
f 9335 9334 9383
f 9383 9384 9335
f 9336 9335 9384
f 9384 9385 9336
f 9337 9336 9385
f 9385 9386 9337
f 9338 9337 9386
f 9386 9387 9338
f 9339 9338 9387
f 9387 9388 9339
f 9340 9339 9388
f 9388 9389 9340
f 9341 9340 9389
f 9389 9439 9341
f 9341 9341 9439
f 9439 9439 9341
f 9462 9443 9461
f 9458 9459 9441
f 9441 9459 9460
f 9441 9460 9442
f 9442 9460 9443
f 9443 9460 9461
f 9469 9444 9468
f 9467 9468 9444
f 9495 9496 9445
f 9445 9496 9446
f 9498 9446 9497
f 9496 9497 9446
f 9505 9449 9504
f 9501 9502 9447
f 9447 9502 9503
f 9447 9503 9448
f 9448 9503 9449
f 9449 9503 9504
f 9393 9392 9507
f 9507 9508 9393
f 9394 9393 9508
f 9508 9451 9394
f 9395 9394 9451
f 9451 9452 9395
f 9396 9395 9452
f 9452 9453 9396
f 9397 9396 9453
f 9453 9454 9397
f 9398 9397 9454
f 9454 9455 9398
f 9399 9398 9455
f 9455 9456 9399
f 9400 9399 9456
f 9456 9457 9400
f 9401 9400 9457
f 9457 9441 9401
f 9402 9401 9441
f 9441 9442 9402
f 9403 9402 9442
f 9442 9443 9403
f 9404 9403 9443
f 9443 9463 9404
f 9405 9404 9463
f 9463 9464 9405
f 9406 9405 9464
f 9464 9465 9406
f 9407 9406 9465
f 9465 9466 9407
f 9408 9407 9466
f 9466 9444 9408
f 9409 9408 9444
f 9444 9470 9409
f 9410 9409 9470
f 9470 9471 9410
f 9411 9410 9471
f 9471 9472 9411
f 9412 9411 9472
f 9472 9473 9412
f 9413 9412 9473
f 9473 9474 9413
f 9414 9413 9474
f 9474 9475 9414
f 9415 9414 9475
f 9475 9476 9415
f 9416 9415 9476
f 9476 9477 9416
f 9417 9416 9477
f 9477 9478 9417
f 9418 9417 9478
f 9478 9479 9418
f 9419 9418 9479
f 9479 9480 9419
f 9420 9419 9480
f 9480 9481 9420
f 9421 9420 9481
f 9481 9482 9421
f 9422 9421 9482
f 9482 9483 9422
f 9423 9422 9483
f 9483 9484 9423
f 9424 9423 9484
f 9484 9485 9424
f 9425 9424 9485
f 9485 9486 9425
f 9426 9425 9486
f 9486 9487 9426
f 9427 9426 9487
f 9487 9488 9427
f 9428 9427 9488
f 9488 9489 9428
f 9429 9428 9489
f 9489 9490 9429
f 9430 9429 9490
f 9490 9491 9430
f 9431 9430 9491
f 9491 9492 9431
f 9432 9431 9492
f 9492 9493 9432
f 9433 9432 9493
f 9493 9494 9433
f 9434 9433 9494
f 9494 9445 9434
f 9435 9434 9445
f 9445 9446 9435
f 9436 9435 9446
f 9446 9499 9436
f 9437 9436 9499
f 9499 9500 9437
f 9438 9437 9500
f 9500 9447 9438
f 9439 9438 9447
f 9447 9448 9439
f 9440 9439 9448
f 9448 9449 9440
f 9391 9440 9449
f 9449 9506 9391
f 9392 9391 9506
f 9506 9507 9392
f 9392 9392 9507
f 9507 9507 9392
f 9546 9545 9599
f 9546 9599 9600
f 9546 9600 9601
f 9546 9601 9547
f 9547 9601 9602
f 9547 9602 9548
f 9548 9602 9549
f 9549 9602 9603
f 9549 9603 9550
f 9550 9603 9604
f 9550 9604 9605
f 9550 9605 9551
f 9551 9605 9552
f 9552 9605 9606
f 9552 9606 9607
f 9552 9607 9553
f 9553 9607 9554
f 9554 9607 9608
f 9554 9608 9609
f 9554 9609 9555
f 9555 9609 9556
f 9556 9609 9610
f 9556 9610 9557
f 9557 9610 9611
f 9557 9611 9612
f 9557 9612 9558
f 9558 9612 9613
f 9558 9613 9559
f 9559 9613 9560
f 9560 9613 9614
f 9560 9614 9561
f 9561 9614 9615
f 9561 9615 9616
f 9561 9616 9562
f 9562 9616 9617
f 9562 9617 9563
f 9563 9617 9564
f 9564 9617 9618
f 9564 9618 9565
f 9565 9618 9619
f 9565 9619 9620
f 9565 9620 9566
f 9566 9620 9567
f 9567 9620 9621
f 9567 9621 9622
f 9567 9622 9510
f 9510 9622 9623
f 9510 9623 9624
f 9510 9624 9511
f 9516 9515 9573
f 9516 9573 9574
f 9516 9574 9517
f 9517 9574 9518
f 9518 9574 9575
f 9518 9575 9519
f 9519 9575 9576
f 9519 9576 9520
f 9520 9576 9577
f 9520 9577 9521
f 9521 9577 9522
f 9522 9577 9578
f 9522 9578 9579
f 9522 9579 9523
f 9523 9579 9524
f 9524 9579 9580
f 9524 9580 9581
f 9524 9581 9525
f 9525 9581 9582
f 9525 9582 9526
f 9526 9582 9527
f 9527 9582 9583
f 9527 9583 9584
f 9527 9584 9528
f 9528 9584 9585
f 9528 9585 9529
f 9529 9585 9530
f 9530 9585 9586
f 9530 9586 9531
f 9531 9586 9587
f 9531 9587 9532
f 9532 9587 9533
f 9533 9587 9588
f 9533 9588 9534
f 9534 9588 9589
f 9534 9589 9535
f 9535 9589 9590
f 9535 9590 9536
f 9536 9590 9537
f 9537 9590 9591
f 9537 9591 9538
f 9538 9591 9592
f 9538 9592 9593
f 9538 9593 9539
f 9539 9593 9594
f 9539 9594 9540
f 9540 9594 9541
f 9541 9594 9595
f 9541 9595 9542
f 9542 9595 9596
f 9542 9596 9597
f 9542 9597 9543
f 9543 9597 9598
f 9543 9598 9544
f 9544 9598 9545
f 9545 9598 9599
f 9624 9569 9511
f 9511 9569 9512
f 9512 9569 9570
f 9512 9570 9571
f 9512 9571 9513
f 9513 9571 9572
f 9513 9572 9514
f 9514 9572 9515
f 9515 9572 9573
f 9496 9495 9567
f 9567 9510 9496
f 9497 9496 9510
f 9510 9511 9497
f 9498 9497 9511
f 9511 9512 9498
f 9499 9498 9512
f 9512 9513 9499
f 9500 9499 9513
f 9513 9514 9500
f 9501 9500 9514
f 9514 9515 9501
f 9502 9501 9515
f 9515 9516 9502
f 9503 9502 9516
f 9516 9517 9503
f 9504 9503 9517
f 9517 9518 9504
f 9505 9504 9518
f 9518 9519 9505
f 9506 9505 9519
f 9519 9520 9506
f 9507 9506 9520
f 9520 9521 9507
f 9508 9507 9521
f 9521 9522 9508
f 9451 9508 9522
f 9522 9523 9451
f 9452 9451 9523
f 9523 9524 9452
f 9453 9452 9524
f 9524 9525 9453
f 9454 9453 9525
f 9525 9526 9454
f 9455 9454 9526
f 9526 9527 9455
f 9456 9455 9527
f 9527 9528 9456
f 9457 9456 9528
f 9528 9529 9457
f 9458 9457 9529
f 9529 9530 9458
f 9459 9458 9530
f 9530 9531 9459
f 9460 9459 9531
f 9531 9532 9460
f 9461 9460 9532
f 9532 9533 9461
f 9462 9461 9533
f 9533 9534 9462
f 9463 9462 9534
f 9534 9535 9463
f 9464 9463 9535
f 9535 9536 9464
f 9465 9464 9536
f 9536 9537 9465
f 9466 9465 9537
f 9537 9538 9466
f 9467 9466 9538
f 9538 9539 9467
f 9468 9467 9539
f 9539 9540 9468
f 9469 9468 9540
f 9540 9541 9469
f 9470 9469 9541
f 9541 9542 9470
f 9471 9470 9542
f 9542 9543 9471
f 9472 9471 9543
f 9543 9544 9472
f 9473 9472 9544
f 9544 9545 9473
f 9474 9473 9545
f 9545 9546 9474
f 9475 9474 9546
f 9546 9547 9475
f 9476 9475 9547
f 9547 9548 9476
f 9477 9476 9548
f 9548 9549 9477
f 9478 9477 9549
f 9549 9550 9478
f 9479 9478 9550
f 9550 9551 9479
f 9480 9479 9551
f 9551 9552 9480
f 9481 9480 9552
f 9552 9553 9481
f 9482 9481 9553
f 9553 9554 9482
f 9483 9482 9554
f 9554 9555 9483
f 9484 9483 9555
f 9555 9556 9484
f 9485 9484 9556
f 9556 9557 9485
f 9486 9485 9557
f 9557 9558 9486
f 9487 9486 9558
f 9558 9559 9487
f 9488 9487 9559
f 9559 9560 9488
f 9489 9488 9560
f 9560 9561 9489
f 9490 9489 9561
f 9561 9562 9490
f 9491 9490 9562
f 9562 9563 9491
f 9492 9491 9563
f 9563 9564 9492
f 9493 9492 9564
f 9564 9565 9493
f 9494 9493 9565
f 9565 9566 9494
f 9495 9494 9566
f 9566 9567 9495
f 9495 9495 9567
f 9567 9567 9495
f 9695 9696 9643
f 9695 9643 9642
f 9695 9642 9641
f 9696 9626 9643
f 9648 9649 9627
f 9652 9628 9651
f 9664 9629 9663
f 9667 9630 9666
f 9673 9634 9633
f 9673 9633 9632
f 9673 9632 9672
f 9672 9632 9631
f 9683 9684 9636
f 9683 9636 9635
f 9636 9684 9637
f 9637 9684 9638
f 9638 9684 9639
f 9639 9684 9685
f 9639 9685 9640
f 9624 9623 9643
f 9643 9626 9624
f 9569 9624 9626
f 9626 9697 9569
f 9570 9569 9697
f 9697 9645 9570
f 9571 9570 9645
f 9645 9646 9571
f 9572 9571 9646
f 9646 9647 9572
f 9573 9572 9647
f 9647 9627 9573
f 9574 9573 9627
f 9627 9650 9574
f 9575 9574 9650
f 9650 9628 9575
f 9576 9575 9628
f 9628 9653 9576
f 9577 9576 9653
f 9653 9654 9577
f 9578 9577 9654
f 9654 9655 9578
f 9579 9578 9655
f 9655 9656 9579
f 9580 9579 9656
f 9656 9657 9580
f 9581 9580 9657
f 9657 9658 9581
f 9582 9581 9658
f 9658 9659 9582
f 9583 9582 9659
f 9659 9660 9583
f 9584 9583 9660
f 9660 9661 9584
f 9585 9584 9661
f 9661 9662 9585
f 9586 9585 9662
f 9662 9629 9586
f 9587 9586 9629
f 9629 9665 9587
f 9588 9587 9665
f 9665 9630 9588
f 9589 9588 9630
f 9630 9668 9589
f 9590 9589 9668
f 9668 9669 9590
f 9591 9590 9669
f 9669 9670 9591
f 9592 9591 9670
f 9670 9671 9592
f 9593 9592 9671
f 9671 9631 9593
f 9594 9593 9631
f 9631 9632 9594
f 9595 9594 9632
f 9632 9633 9595
f 9596 9595 9633
f 9633 9634 9596
f 9597 9596 9634
f 9634 9674 9597
f 9598 9597 9674
f 9674 9675 9598
f 9599 9598 9675
f 9675 9676 9599
f 9600 9599 9676
f 9676 9677 9600
f 9601 9600 9677
f 9677 9678 9601
f 9602 9601 9678
f 9678 9679 9602
f 9603 9602 9679
f 9679 9680 9603
f 9604 9603 9680
f 9680 9681 9604
f 9605 9604 9681
f 9681 9682 9605
f 9606 9605 9682
f 9682 9635 9606
f 9607 9606 9635
f 9635 9636 9607
f 9608 9607 9636
f 9636 9637 9608
f 9609 9608 9637
f 9637 9638 9609
f 9610 9609 9638
f 9638 9639 9610
f 9611 9610 9639
f 9639 9640 9611
f 9612 9611 9640
f 9640 9686 9612
f 9613 9612 9686
f 9686 9687 9613
f 9614 9613 9687
f 9687 9688 9614
f 9615 9614 9688
f 9688 9689 9615
f 9616 9615 9689
f 9689 9690 9616
f 9617 9616 9690
f 9690 9691 9617
f 9618 9617 9691
f 9691 9692 9618
f 9619 9618 9692
f 9692 9693 9619
f 9620 9619 9693
f 9693 9694 9620
f 9621 9620 9694
f 9694 9641 9621
f 9622 9621 9641
f 9641 9642 9622
f 9623 9622 9642
f 9642 9643 9623
f 9623 9623 9643
f 9643 9643 9623
f 9725 9724 9805
f 9725 9805 9726
f 9726 9805 9806
f 9726 9806 9727
f 9727 9806 9807
f 9727 9807 9808
f 9727 9808 9728
f 9728 9808 9729
f 9729 9808 9809
f 9729 9809 9730
f 9730 9809 9810
f 9730 9810 9731
f 9731 9810 9811
f 9731 9811 9812
f 9768 9769 9744
f 9750 9749 9775
f 9750 9775 9751
f 9751 9775 9776
f 9751 9776 9699
f 9699 9776 9777
f 9699 9777 9778
f 9699 9778 9700
f 9700 9778 9701
f 9701 9778 9779
f 9701 9779 9702
f 9702 9779 9780
f 9702 9780 9781
f 9702 9781 9703
f 9703 9781 9782
f 9703 9782 9704
f 9704 9782 9783
f 9704 9783 9705
f 9705 9783 9706
f 9706 9783 9784
f 9706 9784 9785
f 9706 9785 9707
f 9707 9785 9708
f 9708 9785 9786
f 9708 9786 9709
f 9709 9786 9787
f 9709 9787 9788
f 9709 9788 9710
f 9710 9788 9789
f 9710 9789 9711
f 9711 9789 9790
f 9711 9790 9712
f 9712 9790 9713
f 9713 9790 9791
f 9713 9791 9714
f 9714 9791 9792
f 9714 9792 9793
f 9714 9793 9715
f 9715 9793 9794
f 9715 9794 9716
f 9716 9794 9717
f 9717 9794 9795
f 9717 9795 9718
f 9718 9795 9796
f 9718 9796 9797
f 9718 9797 9719
f 9719 9797 9720
f 9720 9797 9798
f 9720 9798 9799
f 9720 9799 9800
f 9721 9800 9801
f 9721 9801 9802
f 9721 9802 9722
f 9722 9802 9803
f 9722 9803 9723
f 9723 9803 9804
f 9723 9804 9724
f 9724 9804 9805
f 9770 9771 9746
f 9770 9746 9745
f 9770 9745 9744
f 9770 9744 9769
f 9746 9771 9747
f 9747 9771 9772
f 9747 9772 9773
f 9747 9773 9748
f 9748 9773 9774
f 9748 9774 9749
f 9749 9774 9775
f 9813 9753 9732
f 9754 9755 9733
f 9733 9755 9756
f 9733 9756 9757
f 9733 9757 9734
f 9734 9757 9758
f 9734 9758 9735
f 9735 9758 9759
f 9735 9759 9736
f 9736 9759 9760
f 9736 9760 9737
f 9737 9760 9738
f 9738 9760 9761
f 9738 9761 9739
f 9739 9761 9762
f 9739 9762 9763
f 9739 9763 9740
f 9740 9763 9764
f 9740 9764 9741
f 9741 9764 9742
f 9742 9764 9765
f 9742 9765 9743
f 9743 9765 9766
f 9743 9766 9767
f 9651 9650 9751
f 9751 9699 9651
f 9652 9651 9699
f 9699 9700 9652
f 9653 9652 9700
f 9700 9701 9653
f 9654 9653 9701
f 9701 9702 9654
f 9655 9654 9702
f 9702 9703 9655
f 9656 9655 9703
f 9703 9704 9656
f 9657 9656 9704
f 9704 9705 9657
f 9658 9657 9705
f 9705 9706 9658
f 9659 9658 9706
f 9706 9707 9659
f 9660 9659 9707
f 9707 9708 9660
f 9661 9660 9708
f 9708 9709 9661
f 9662 9661 9709
f 9709 9710 9662
f 9663 9662 9710
f 9710 9711 9663
f 9664 9663 9711
f 9711 9712 9664
f 9665 9664 9712
f 9712 9713 9665
f 9666 9665 9713
f 9713 9714 9666
f 9667 9666 9714
f 9714 9715 9667
f 9668 9667 9715
f 9715 9716 9668
f 9669 9668 9716
f 9716 9717 9669
f 9670 9669 9717
f 9717 9718 9670
f 9671 9670 9718
f 9718 9719 9671
f 9672 9671 9719
f 9719 9720 9672
f 9673 9672 9720
f 9720 9721 9673
f 9674 9673 9721
f 9721 9722 9674
f 9675 9674 9722
f 9722 9723 9675
f 9676 9675 9723
f 9723 9724 9676
f 9677 9676 9724
f 9724 9725 9677
f 9678 9677 9725
f 9725 9726 9678
f 9679 9678 9726
f 9726 9727 9679
f 9680 9679 9727
f 9727 9728 9680
f 9681 9680 9728
f 9728 9729 9681
f 9682 9681 9729
f 9729 9730 9682
f 9683 9682 9730
f 9730 9731 9683
f 9684 9683 9731
f 9731 9732 9684
f 9685 9684 9732
f 9732 9733 9685
f 9686 9685 9733
f 9733 9734 9686
f 9687 9686 9734
f 9734 9735 9687
f 9688 9687 9735
f 9735 9736 9688
f 9689 9688 9736
f 9736 9737 9689
f 9690 9689 9737
f 9737 9738 9690
f 9691 9690 9738
f 9738 9739 9691
f 9692 9691 9739
f 9739 9740 9692
f 9693 9692 9740
f 9740 9741 9693
f 9694 9693 9741
f 9741 9742 9694
f 9695 9694 9742
f 9742 9743 9695
f 9696 9695 9743
f 9743 9744 9696
f 9697 9696 9744
f 9744 9745 9697
f 9645 9697 9745
f 9745 9746 9645
f 9646 9645 9746
f 9746 9747 9646
f 9647 9646 9747
f 9747 9748 9647
f 9648 9647 9748
f 9748 9749 9648
f 9649 9648 9749
f 9749 9750 9649
f 9650 9649 9750
f 9750 9751 9650
f 9650 9650 9751
f 9751 9751 9650
f 9847 9846 9881
f 9847 9881 9882
f 9847 9882 9848
f 9848 9882 9849
f 9849 9882 9883
f 9849 9883 9850
f 9850 9883 9884
f 9850 9884 9851
f 9851 9884 9885
f 9851 9885 9852
f 9852 9885 9853
f 9853 9885 9886
f 9853 9886 9854
f 9854 9886 9887
f 9854 9887 9855
f 9855 9887 9888
f 9855 9888 9889
f 9855 9889 9856
f 9856 9889 9857
f 9857 9889 9890
f 9857 9890 9891
f 9857 9891 9858
f 9858 9891 9859
f 9859 9891 9892
f 9859 9892 9860
f 9860 9892 9893
f 9860 9893 9861
f 9861 9893 9894
f 9861 9894 9862
f 9862 9894 9895
f 9862 9895 9863
f 9863 9895 9864
f 9864 9895 9896
f 9864 9896 9865
f 9865 9896 9897
f 9865 9897 9866
f 9866 9897 9898
f 9866 9898 9867
f 9867 9898 9899
f 9867 9899 9868
f 9868 9899 9815
f 9815 9899 9900
f 9815 9900 9816
f 9872 9873 9836
f 9872 9836 9835
f 9836 9873 9837
f 9837 9873 9838
f 9838 9873 9874
f 9838 9874 9839
f 9839 9874 9840
f 9840 9874 9875
f 9840 9875 9876
f 9840 9876 9841
f 9841 9876 9842
f 9842 9876 9877
f 9842 9877 9843
f 9843 9877 9878
f 9843 9878 9879
f 9843 9879 9844
f 9844 9879 9880
f 9844 9880 9845
f 9845 9880 9846
f 9846 9880 9881
f 9900 9901 9816
f 9816 9901 9902
f 9816 9902 9817
f 9817 9902 9818
f 9818 9902 9903
f 9818 9903 9819
f 9819 9903 9904
f 9819 9904 9820
f 9820 9904 9821
f 9821 9904 9905
f 9821 9905 9822
f 9907 9907 9908
f 9823 9909 9824
f 9824 9909 9910
f 9824 9910 9825
f 9825 9910 9826
f 9826 9910 9911
f 9826 9911 9827
f 9827 9911 9828
f 9828 9911 9912
f 9828 9912 9913
f 9828 9913 9829
f 9829 9913 9830
f 9830 9913 9914
f 9830 9914 9831
f 9831 9914 9915
f 9831 9915 9832
f 9832 9915 9833
f 9833 9915 9916
f 9833 9916 9834
f 9871 9870 9870
f 9917 9918 9918
f 9871 9872 9872
f 9767 9766 9868
f 9868 9815 9767
f 9768 9767 9815
f 9815 9816 9768
f 9769 9768 9816
f 9816 9817 9769
f 9770 9769 9817
f 9817 9818 9770
f 9771 9770 9818
f 9818 9819 9771
f 9772 9771 9819
f 9819 9820 9772
f 9773 9772 9820
f 9820 9821 9773
f 9774 9773 9821
f 9821 9822 9774
f 9775 9774 9822
f 9822 9906 9775
f 9776 9775 9906
f 9906 9907 9776
f 9777 9776 9907
f 9907 9908 9777
f 9778 9777 9908
f 9908 9823 9778
f 9779 9778 9823
f 9823 9824 9779
f 9780 9779 9824
f 9824 9825 9780
f 9781 9780 9825
f 9825 9826 9781
f 9782 9781 9826
f 9826 9827 9782
f 9783 9782 9827
f 9827 9828 9783
f 9784 9783 9828
f 9828 9829 9784
f 9785 9784 9829
f 9829 9830 9785
f 9786 9785 9830
f 9830 9831 9786
f 9787 9786 9831
f 9831 9832 9787
f 9788 9787 9832
f 9832 9833 9788
f 9789 9788 9833
f 9833 9834 9789
f 9790 9789 9834
f 9834 9918 9790
f 9791 9790 9918
f 9918 9870 9791
f 9792 9791 9870
f 9870 9871 9792
f 9793 9792 9871
f 9871 9835 9793
f 9794 9793 9835
f 9835 9836 9794
f 9795 9794 9836
f 9836 9837 9795
f 9796 9795 9837
f 9837 9838 9796
f 9797 9796 9838
f 9838 9839 9797
f 9798 9797 9839
f 9839 9840 9798
f 9799 9798 9840
f 9840 9841 9799
f 9800 9799 9841
f 9841 9842 9800
f 9801 9800 9842
f 9842 9843 9801
f 9802 9801 9843
f 9843 9844 9802
f 9803 9802 9844
f 9844 9845 9803
f 9804 9803 9845
f 9845 9846 9804
f 9805 9804 9846
f 9846 9847 9805
f 9806 9805 9847
f 9847 9848 9806
f 9807 9806 9848
f 9848 9849 9807
f 9808 9807 9849
f 9849 9850 9808
f 9809 9808 9850
f 9850 9851 9809
f 9810 9809 9851
f 9851 9852 9810
f 9811 9810 9852
f 9852 9853 9811
f 9812 9811 9853
f 9853 9854 9812
f 9813 9812 9854
f 9854 9855 9813
f 9753 9813 9855
f 9855 9856 9753
f 9755 9753 9856
f 9856 9857 9755
f 9756 9755 9857
f 9857 9858 9756
f 9757 9756 9858
f 9858 9859 9757
f 9758 9757 9859
f 9859 9860 9758
f 9759 9758 9860
f 9860 9861 9759
f 9760 9759 9861
f 9861 9862 9760
f 9761 9760 9862
f 9862 9863 9761
f 9762 9761 9863
f 9863 9864 9762
f 9763 9762 9864
f 9864 9865 9763
f 9764 9763 9865
f 9865 9866 9764
f 9765 9764 9866
f 9866 9867 9765
f 9766 9765 9867
f 9867 9868 9766
f 9766 9766 9868
f 9868 9868 9766
f 10004 9920 10003
f 9998 9999 9948
f 9949 9948 10000
f 9949 10000 9950
f 9950 10000 10001
f 9950 10001 9951
f 9951 10001 10002
f 9951 10002 9920
f 9920 10002 10003
f 10000 9948 9999
f 9953 9921 10005
f 9959 9922 9958
f 9966 9927 9965
f 9960 9961 9923
f 9923 9961 9962
f 9923 9962 9924
f 9924 9962 9925
f 9925 9962 9963
f 9925 9963 9926
f 9926 9963 9964
f 9926 9964 9927
f 9927 9964 9965
f 9968 9928 9967
f 9971 9932 9931
f 9971 9931 9970
f 9970 9931 9930
f 9970 9930 9929
f 9933 9974 9975
f 9977 9978 9934
f 9981 9982 9936
f 9981 9936 9935
f 9936 9982 9937
f 9937 9982 9938
f 9938 9982 9939
f 9939 9982 9983
f 9939 9983 9940
f 9986 9987 9941
f 9989 9990 9942
f 9993 9994 9944
f 9993 9944 9943
f 9944 9994 9945
f 9994 9946 9945
f 9996 9997 9947
f 9909 9908 9951
f 9951 9920 9909
f 9910 9909 9920
f 9920 9921 9910
f 9911 9910 9921
f 9921 9954 9911
f 9912 9911 9954
f 9954 9955 9912
f 9913 9912 9955
f 9955 9956 9913
f 9914 9913 9956
f 9956 9957 9914
f 9915 9914 9957
f 9957 9922 9915
f 9916 9915 9922
f 9922 9923 9916
f 9918 9916 9923
f 9923 9924 9918
f 9870 9918 9924
f 9924 9925 9870
f 9871 9870 9925
f 9925 9926 9871
f 9872 9871 9926
f 9926 9927 9872
f 9873 9872 9927
f 9927 9928 9873
f 9874 9873 9928
f 9928 9969 9874
f 9875 9874 9969
f 9969 9929 9875
f 9876 9875 9929
f 9929 9930 9876
f 9877 9876 9930
f 9930 9931 9877
f 9878 9877 9931
f 9931 9932 9878
f 9879 9878 9932
f 9932 9972 9879
f 9880 9879 9972
f 9972 9973 9880
f 9881 9880 9973
f 9973 9933 9881
f 9882 9881 9933
f 9933 9976 9882
f 9883 9882 9976
f 9976 9934 9883
f 9884 9883 9934
f 9934 9979 9884
f 9885 9884 9979
f 9979 9980 9885
f 9886 9885 9980
f 9980 9935 9886
f 9887 9886 9935
f 9935 9936 9887
f 9888 9887 9936
f 9936 9937 9888
f 9889 9888 9937
f 9937 9938 9889
f 9890 9889 9938
f 9938 9939 9890
f 9891 9890 9939
f 9939 9940 9891
f 9892 9891 9940
f 9940 9984 9892
f 9893 9892 9984
f 9984 9985 9893
f 9894 9893 9985
f 9985 9941 9894
f 9895 9894 9941
f 9941 9988 9895
f 9896 9895 9988
f 9988 9942 9896
f 9897 9896 9942
f 9942 9991 9897
f 9898 9897 9991
f 9991 9992 9898
f 9899 9898 9992
f 9992 9943 9899
f 9900 9899 9943
f 9943 9944 9900
f 9901 9900 9944
f 9944 9945 9901
f 9902 9901 9945
f 9945 9946 9902
f 9903 9902 9946
f 9946 9995 9903
f 9904 9903 9995
f 9995 9947 9904
f 9905 9904 9947
f 9947 9948 9905
f 9906 9905 9948
f 9948 9949 9906
f 9907 9906 9949
f 9949 9950 9907
f 9908 9907 9950
f 9950 9951 9908
f 9908 9908 9951
f 9951 9951 9908
f 10120 10028 10119
f 10088 10089 10052
f 10058 10057 10094
f 10058 10094 10095
f 10058 10095 10096
f 10058 10096 10059
f 10059 10096 10097
f 10059 10097 10007
f 10007 10097 10008
f 10008 10097 10098
f 10008 10098 10009
f 10009 10098 10099
f 10009 10099 10100
f 10009 10100 10010
f 10010 10100 10101
f 10010 10101 10011
f 10011 10101 10102
f 10011 10102 10012
f 10012 10102 10013
f 10013 10102 10103
f 10013 10103 10014
f 10014 10103 10104
f 10014 10104 10015
f 10015 10104 10105
f 10015 10105 10016
f 10016 10105 10106
f 10016 10106 10107
f 10016 10107 10017
f 10017 10107 10108
f 10017 10108 10018
f 10018 10108 10019
f 10019 10108 10109
f 10019 10109 10020
f 10020 10109 10110
f 10020 10110 10111
f 10020 10111 10021
f 10021 10111 10112
f 10021 10112 10022
f 10022 10112 10023
f 10023 10112 10113
f 10023 10113 10024
f 10024 10113 10114
f 10024 10114 10115
f 10024 10115 10025
f 10025 10115 10116
f 10025 10116 10026
f 10026 10116 10117
f 10026 10117 10027
f 10027 10117 10028
f 10028 10117 10118
f 10028 10118 10119
f 10094 10057 10056
f 10094 10056 10093
f 10093 10056 10055
f 10093 10055 10092
f 10092 10055 10054
f 10092 10054 10091
f 10091 10054 10053
f 10091 10053 10090
f 10090 10053 10052
f 10090 10052 10089
f 10033 10032 10064
f 10033 10064 10065
f 10033 10065 10066
f 10033 10066 10034
f 10034 10066 10067
f 10034 10067 10035
f 10035 10067 10036
f 10036 10067 10068
f 10036 10068 10037
f 10037 10068 10069
f 10037 10069 10070
f 10037 10070 10038
f 10038 10070 10039
f 10039 10070 10071
f 10039 10071 10072
f 10121 10061 10029
f 10029 10061 10062
f 10029 10062 10030
f 10030 10062 10063
f 10030 10063 10031
f 10031 10063 10064
f 10031 10064 10032
f 10073 10074 10040
f 10075 10076 10041
f 10041 10076 10077
f 10041 10077 10042
f 10042 10077 10078
f 10042 10078 10043
f 10043 10078 10044
f 10044 10078 10079
f 10044 10079 10045
f 10045 10079 10080
f 10045 10080 10081
f 10045 10081 10046
f 10046 10081 10082
f 10046 10082 10047
f 10047 10082 10048
f 10048 10082 10083
f 10048 10083 10049
f 10049 10083 10084
f 10049 10084 10085
f 10049 10085 10050
f 10050 10085 10051
f 10051 10085 10086
f 10051 10086 10087
f 10074 10075 10074
f 10002 10001 10059
f 10059 10007 10002
f 10003 10002 10007
f 10007 10008 10003
f 10004 10003 10008
f 10008 10009 10004
f 10005 10004 10009
f 10009 10010 10005
f 9953 10005 10010
f 10010 10011 9953
f 9954 9953 10011
f 10011 10012 9954
f 9955 9954 10012
f 10012 10013 9955
f 9956 9955 10013
f 10013 10014 9956
f 9957 9956 10014
f 10014 10015 9957
f 9958 9957 10015
f 10015 10016 9958
f 9959 9958 10016
f 10016 10017 9959
f 9960 9959 10017
f 10017 10018 9960
f 9961 9960 10018
f 10018 10019 9961
f 9962 9961 10019
f 10019 10020 9962
f 9963 9962 10020
f 10020 10021 9963
f 9964 9963 10021
f 10021 10022 9964
f 9965 9964 10022
f 10022 10023 9965
f 9966 9965 10023
f 10023 10024 9966
f 9967 9966 10024
f 10024 10025 9967
f 9968 9967 10025
f 10025 10026 9968
f 9969 9968 10026
f 10026 10027 9969
f 9970 9969 10027
f 10027 10028 9970
f 9971 9970 10028
f 10028 10029 9971
f 9972 9971 10029
f 10029 10030 9972
f 9973 9972 10030
f 10030 10031 9973
f 9974 9973 10031
f 10031 10032 9974
f 9975 9974 10032
f 10032 10033 9975
f 9976 9975 10033
f 10033 10034 9976
f 9977 9976 10034
f 10034 10035 9977
f 9978 9977 10035
f 10035 10036 9978
f 9979 9978 10036
f 10036 10037 9979
f 9980 9979 10037
f 10037 10038 9980
f 9981 9980 10038
f 10038 10039 9981
f 9982 9981 10039
f 10039 10040 9982
f 9983 9982 10040
f 10040 10041 9983
f 9984 9983 10041
f 10041 10042 9984
f 9985 9984 10042
f 10042 10043 9985
f 9986 9985 10043
f 10043 10044 9986
f 9987 9986 10044
f 10044 10045 9987
f 9988 9987 10045
f 10045 10046 9988
f 9989 9988 10046
f 10046 10047 9989
f 9990 9989 10047
f 10047 10048 9990
f 9991 9990 10048
f 10048 10049 9991
f 9992 9991 10049
f 10049 10050 9992
f 9993 9992 10050
f 10050 10051 9993
f 9994 9993 10051
f 10051 10052 9994
f 9995 9994 10052
f 10052 10053 9995
f 9996 9995 10053
f 10053 10054 9996
f 9997 9996 10054
f 10054 10055 9997
f 9998 9997 10055
f 10055 10056 9998
f 9999 9998 10056
f 10056 10057 9999
f 10000 9999 10057
f 10057 10058 10000
f 10001 10000 10058
f 10058 10059 10001
f 10001 10001 10059
f 10059 10059 10001
f 10161 10160 10221
f 10161 10221 10162
f 10162 10221 10222
f 10162 10222 10223
f 10162 10223 10163
f 10163 10223 10224
f 10163 10224 10164
f 10164 10224 10225
f 10164 10225 10165
f 10165 10225 10166
f 10166 10225 10226
f 10166 10226 10167
f 10167 10226 10227
f 10167 10227 10228
f 10167 10228 10168
f 10168 10228 10229
f 10168 10229 10169
f 10169 10229 10170
f 10170 10229 10230
f 10170 10230 10231
f 10170 10231 10171
f 10171 10231 10232
f 10171 10232 10172
f 10172 10232 10173
f 10173 10232 10233
f 10173 10233 10174
f 10174 10233 10234
f 10174 10234 10175
f 10175 10234 10235
f 10175 10235 10236
f 10175 10236 10176
f 10176 10236 10177
f 10177 10236 10237
f 10177 10237 10238
f 10177 10238 10178
f 10178 10238 10239
f 10178 10239 10179
f 10179 10239 10240
f 10179 10240 10180
f 10180 10240 10181
f 10181 10240 10241
f 10181 10241 10182
f 10182 10241 10242
f 10182 10242 10243
f 10182 10243 10123
f 10123 10243 10124
f 10131 10130 10191
f 10131 10191 10132
f 10132 10191 10192
f 10132 10192 10193
f 10132 10193 10133
f 10133 10193 10194
f 10133 10194 10134
f 10134 10194 10195
f 10134 10195 10135
f 10135 10195 10136
f 10136 10195 10196
f 10136 10196 10137
f 10137 10196 10197
f 10137 10197 10198
f 10137 10198 10138
f 10138 10198 10199
f 10138 10199 10139
f 10139 10199 10140
f 10140 10199 10200
f 10140 10200 10201
f 10140 10201 10141
f 10141 10201 10202
f 10141 10202 10142
f 10142 10202 10143
f 10143 10202 10203
f 10143 10203 10144
f 10144 10203 10204
f 10144 10204 10145
f 10145 10204 10205
f 10145 10205 10206
f 10145 10206 10146
f 10146 10206 10147
f 10147 10206 10207
f 10147 10207 10208
f 10147 10208 10148
f 10148 10208 10209
f 10148 10209 10149
f 10149 10209 10210
f 10149 10210 10150
f 10150 10210 10151
f 10151 10210 10211
f 10151 10211 10152
f 10152 10211 10212
f 10152 10212 10213
f 10152 10213 10153
f 10153 10213 10154
f 10154 10213 10214
f 10154 10214 10155
f 10155 10214 10215
f 10155 10215 10216
f 10155 10216 10156
f 10156 10216 10217
f 10156 10217 10157
f 10157 10217 10158
f 10158 10217 10218
f 10158 10218 10159
f 10159 10218 10219
f 10159 10219 10160
f 10160 10219 10220
f 10160 10220 10221
f 10243 10184 10124
f 10124 10184 10125
f 10125 10184 10185
f 10125 10185 10186
f 10125 10186 10126
f 10126 10186 10187
f 10126 10187 10127
f 10127 10187 10128
f 10128 10187 10188
f 10128 10188 10129
f 10129 10188 10189
f 10129 10189 10130
f 10130 10189 10190
f 10130 10190 10191
f 10087 10086 10182
f 10182 10123 10087
f 10088 10087 10123
f 10123 10124 10088
f 10089 10088 10124
f 10124 10125 10089
f 10090 10089 10125
f 10125 10126 10090
f 10091 10090 10126
f 10126 10127 10091
f 10092 10091 10127
f 10127 10128 10092
f 10093 10092 10128
f 10128 10129 10093
f 10094 10093 10129
f 10129 10130 10094
f 10095 10094 10130
f 10130 10131 10095
f 10096 10095 10131
f 10131 10132 10096
f 10097 10096 10132
f 10132 10133 10097
f 10098 10097 10133
f 10133 10134 10098
f 10099 10098 10134
f 10134 10135 10099
f 10100 10099 10135
f 10135 10136 10100
f 10101 10100 10136
f 10136 10137 10101
f 10102 10101 10137
f 10137 10138 10102
f 10103 10102 10138
f 10138 10139 10103
f 10104 10103 10139
f 10139 10140 10104
f 10105 10104 10140
f 10140 10141 10105
f 10106 10105 10141
f 10141 10142 10106
f 10107 10106 10142
f 10142 10143 10107
f 10108 10107 10143
f 10143 10144 10108
f 10109 10108 10144
f 10144 10145 10109
f 10110 10109 10145
f 10145 10146 10110
f 10111 10110 10146
f 10146 10147 10111
f 10112 10111 10147
f 10147 10148 10112
f 10113 10112 10148
f 10148 10149 10113
f 10114 10113 10149
f 10149 10150 10114
f 10115 10114 10150
f 10150 10151 10115
f 10116 10115 10151
f 10151 10152 10116
f 10117 10116 10152
f 10152 10153 10117
f 10118 10117 10153
f 10153 10154 10118
f 10119 10118 10154
f 10154 10155 10119
f 10121 10119 10155
f 10155 10156 10121
f 10061 10121 10156
f 10156 10157 10061
f 10062 10061 10157
f 10157 10158 10062
f 10063 10062 10158
f 10158 10159 10063
f 10064 10063 10159
f 10159 10160 10064
f 10065 10064 10160
f 10160 10161 10065
f 10066 10065 10161
f 10161 10162 10066
f 10067 10066 10162
f 10162 10163 10067
f 10068 10067 10163
f 10163 10164 10068
f 10069 10068 10164
f 10164 10165 10069
f 10070 10069 10165
f 10165 10166 10070
f 10071 10070 10166
f 10166 10167 10071
f 10072 10071 10167
f 10167 10168 10072
f 10073 10072 10168
f 10168 10169 10073
f 10074 10073 10169
f 10169 10170 10074
f 10075 10074 10170
f 10170 10171 10075
f 10076 10075 10171
f 10171 10172 10076
f 10077 10076 10172
f 10172 10173 10077
f 10078 10077 10173
f 10173 10174 10078
f 10079 10078 10174
f 10174 10175 10079
f 10080 10079 10175
f 10175 10176 10080
f 10081 10080 10176
f 10176 10177 10081
f 10082 10081 10177
f 10177 10178 10082
f 10083 10082 10178
f 10178 10179 10083
f 10084 10083 10179
f 10179 10180 10084
f 10085 10084 10180
f 10180 10181 10085
f 10086 10085 10181
f 10181 10182 10086
f 10086 10086 10182
f 10182 10182 10086
f 10283 10282 10342
f 10283 10342 10343
f 10283 10343 10344
f 10283 10344 10284
f 10284 10344 10285
f 10285 10344 10345
f 10285 10345 10286
f 10286 10345 10346
f 10286 10346 10287
f 10287 10346 10347
f 10287 10347 10348
f 10287 10348 10288
f 10288 10348 10289
f 10289 10348 10349
f 10289 10349 10290
f 10290 10349 10350
f 10290 10350 10351
f 10290 10351 10291
f 10291 10351 10352
f 10291 10352 10292
f 10292 10352 10353
f 10292 10353 10293
f 10293 10353 10294
f 10294 10353 10354
f 10294 10354 10355
f 10294 10355 10295
f 10295 10355 10356
f 10295 10356 10296
f 10296 10356 10357
f 10296 10357 10297
f 10297 10357 10298
f 10298 10357 10358
f 10298 10358 10359
f 10298 10359 10299
f 10299 10359 10300
f 10300 10359 10360
f 10300 10360 10301
f 10301 10360 10361
f 10301 10361 10302
f 10302 10361 10362
f 10302 10362 10303
f 10303 10362 10363
f 10303 10363 10304
f 10304 10363 10364
f 10304 10364 10245
f 10245 10364 10365
f 10245 10365 10246
f 10253 10252 10312
f 10253 10312 10313
f 10253 10313 10314
f 10253 10314 10254
f 10254 10314 10255
f 10255 10314 10315
f 10255 10315 10256
f 10256 10315 10316
f 10256 10316 10257
f 10257 10316 10317
f 10257 10317 10318
f 10257 10318 10258
f 10258 10318 10259
f 10259 10318 10319
f 10259 10319 10260
f 10260 10319 10320
f 10260 10320 10321
f 10260 10321 10261
f 10261 10321 10322
f 10261 10322 10262
f 10262 10322 10323
f 10262 10323 10263
f 10263 10323 10264
f 10264 10323 10324
f 10264 10324 10325
f 10264 10325 10265
f 10265 10325 10326
f 10265 10326 10266
f 10266 10326 10327
f 10266 10327 10267
f 10267 10327 10268
f 10268 10327 10328
f 10268 10328 10329
f 10268 10329 10269
f 10269 10329 10270
f 10270 10329 10330
f 10270 10330 10271
f 10271 10330 10331
f 10271 10331 10272
f 10272 10331 10332
f 10272 10332 10273
f 10273 10332 10333
f 10273 10333 10274
f 10274 10333 10334
f 10274 10334 10275
f 10275 10334 10335
f 10275 10335 10276
f 10276 10335 10336
f 10276 10336 10337
f 10276 10337 10277
f 10277 10337 10338
f 10277 10338 10278
f 10278 10338 10279
f 10279 10338 10339
f 10279 10339 10340
f 10279 10340 10280
f 10280 10340 10341
f 10280 10341 10281
f 10281 10341 10342
f 10281 10342 10282
f 10365 10306 10246
f 10246 10306 10307
f 10246 10307 10247
f 10247 10307 10308
f 10247 10308 10248
f 10248 10308 10249
f 10249 10308 10309
f 10249 10309 10310
f 10249 10310 10250
f 10250 10310 10311
f 10250 10311 10251
f 10251 10311 10312
f 10251 10312 10252
f 10243 10242 10304
f 10304 10245 10243
f 10184 10243 10245
f 10245 10246 10184
f 10185 10184 10246
f 10246 10247 10185
f 10186 10185 10247
f 10247 10248 10186
f 10187 10186 10248
f 10248 10249 10187
f 10188 10187 10249
f 10249 10250 10188
f 10189 10188 10250
f 10250 10251 10189
f 10190 10189 10251
f 10251 10252 10190
f 10191 10190 10252
f 10252 10253 10191
f 10192 10191 10253
f 10253 10254 10192
f 10193 10192 10254
f 10254 10255 10193
f 10194 10193 10255
f 10255 10256 10194
f 10195 10194 10256
f 10256 10257 10195
f 10196 10195 10257
f 10257 10258 10196
f 10197 10196 10258
f 10258 10259 10197
f 10198 10197 10259
f 10259 10260 10198
f 10199 10198 10260
f 10260 10261 10199
f 10200 10199 10261
f 10261 10262 10200
f 10201 10200 10262
f 10262 10263 10201
f 10202 10201 10263
f 10263 10264 10202
f 10203 10202 10264
f 10264 10265 10203
f 10204 10203 10265
f 10265 10266 10204
f 10205 10204 10266
f 10266 10267 10205
f 10206 10205 10267
f 10267 10268 10206
f 10207 10206 10268
f 10268 10269 10207
f 10208 10207 10269
f 10269 10270 10208
f 10209 10208 10270
f 10270 10271 10209
f 10210 10209 10271
f 10271 10272 10210
f 10211 10210 10272
f 10272 10273 10211
f 10212 10211 10273
f 10273 10274 10212
f 10213 10212 10274
f 10274 10275 10213
f 10214 10213 10275
f 10275 10276 10214
f 10215 10214 10276
f 10276 10277 10215
f 10216 10215 10277
f 10277 10278 10216
f 10217 10216 10278
f 10278 10279 10217
f 10218 10217 10279
f 10279 10280 10218
f 10219 10218 10280
f 10280 10281 10219
f 10220 10219 10281
f 10281 10282 10220
f 10221 10220 10282
f 10282 10283 10221
f 10222 10221 10283
f 10283 10284 10222
f 10223 10222 10284
f 10284 10285 10223
f 10224 10223 10285
f 10285 10286 10224
f 10225 10224 10286
f 10286 10287 10225
f 10226 10225 10287
f 10287 10288 10226
f 10227 10226 10288
f 10288 10289 10227
f 10228 10227 10289
f 10289 10290 10228
f 10229 10228 10290
f 10290 10291 10229
f 10230 10229 10291
f 10291 10292 10230
f 10231 10230 10292
f 10292 10293 10231
f 10232 10231 10293
f 10293 10294 10232
f 10233 10232 10294
f 10294 10295 10233
f 10234 10233 10295
f 10295 10296 10234
f 10235 10234 10296
f 10296 10297 10235
f 10236 10235 10297
f 10297 10298 10236
f 10237 10236 10298
f 10298 10299 10237
f 10238 10237 10299
f 10299 10300 10238
f 10239 10238 10300
f 10300 10301 10239
f 10240 10239 10301
f 10301 10302 10240
f 10241 10240 10302
f 10302 10303 10241
f 10242 10241 10303
f 10303 10304 10242
f 10242 10242 10304
f 10304 10304 10242
f 10405 10404 10465
f 10405 10465 10406
f 10406 10465 10466
f 10406 10466 10407
f 10407 10466 10467
f 10407 10467 10468
f 10407 10468 10408
f 10408 10468 10469
f 10408 10469 10409
f 10409 10469 10410
f 10410 10469 10470
f 10410 10470 10471
f 10410 10471 10411
f 10411 10471 10472
f 10411 10472 10412
f 10412 10472 10473
f 10412 10473 10413
f 10413 10473 10414
f 10414 10473 10474
f 10414 10474 10415
f 10415 10474 10475
f 10415 10475 10476
f 10415 10476 10416
f 10416 10476 10417
f 10417 10476 10477
f 10417 10477 10418
f 10418 10477 10478
f 10418 10478 10479
f 10418 10479 10419
f 10419 10479 10480
f 10419 10480 10420
f 10420 10480 10421
f 10421 10480 10481
f 10421 10481 10422
f 10422 10481 10482
f 10422 10482 10483
f 10422 10483 10423
f 10423 10483 10484
f 10423 10484 10424
f 10424 10484 10425
f 10425 10484 10485
f 10425 10485 10486
f 10425 10486 10426
f 10426 10486 10487
f 10426 10487 10367
f 10367 10487 10368
f 10375 10374 10435
f 10375 10435 10376
f 10376 10435 10436
f 10376 10436 10377
f 10377 10436 10437
f 10377 10437 10438
f 10377 10438 10378
f 10378 10438 10439
f 10378 10439 10379
f 10379 10439 10380
f 10380 10439 10440
f 10380 10440 10441
f 10380 10441 10381
f 10381 10441 10442
f 10381 10442 10382
f 10382 10442 10383
f 10383 10442 10443
f 10383 10443 10384
f 10384 10443 10444
f 10384 10444 10385
f 10385 10444 10445
f 10385 10445 10446
f 10385 10446 10386
f 10386 10446 10387
f 10387 10446 10447
f 10387 10447 10388
f 10388 10447 10448
f 10388 10448 10449
f 10388 10449 10389
f 10389 10449 10450
f 10389 10450 10390
f 10390 10450 10391
f 10391 10450 10451
f 10391 10451 10392
f 10392 10451 10452
f 10392 10452 10453
f 10392 10453 10393
f 10393 10453 10454
f 10393 10454 10394
f 10394 10454 10395
f 10395 10454 10455
f 10395 10455 10456
f 10395 10456 10396
f 10396 10456 10457
f 10396 10457 10397
f 10397 10457 10398
f 10398 10457 10458
f 10398 10458 10399
f 10399 10458 10459
f 10399 10459 10400
f 10400 10459 10460
f 10400 10460 10461
f 10400 10461 10401
f 10401 10461 10402
f 10402 10461 10462
f 10402 10462 10403
f 10403 10462 10463
f 10403 10463 10464
f 10403 10464 10404
f 10404 10464 10465
f 10487 10428 10368
f 10368 10428 10369
f 10369 10428 10429
f 10369 10429 10370
f 10370 10429 10430
f 10370 10430 10431
f 10370 10431 10371
f 10371 10431 10372
f 10372 10431 10432
f 10372 10432 10373
f 10373 10432 10433
f 10373 10433 10434
f 10373 10434 10374
f 10374 10434 10435
f 10365 10364 10426
f 10426 10367 10365
f 10306 10365 10367
f 10367 10368 10306
f 10307 10306 10368
f 10368 10369 10307
f 10308 10307 10369
f 10369 10370 10308
f 10309 10308 10370
f 10370 10371 10309
f 10310 10309 10371
f 10371 10372 10310
f 10311 10310 10372
f 10372 10373 10311
f 10312 10311 10373
f 10373 10374 10312
f 10313 10312 10374
f 10374 10375 10313
f 10314 10313 10375
f 10375 10376 10314
f 10315 10314 10376
f 10376 10377 10315
f 10316 10315 10377
f 10377 10378 10316
f 10317 10316 10378
f 10378 10379 10317
f 10318 10317 10379
f 10379 10380 10318
f 10319 10318 10380
f 10380 10381 10319
f 10320 10319 10381
f 10381 10382 10320
f 10321 10320 10382
f 10382 10383 10321
f 10322 10321 10383
f 10383 10384 10322
f 10323 10322 10384
f 10384 10385 10323
f 10324 10323 10385
f 10385 10386 10324
f 10325 10324 10386
f 10386 10387 10325
f 10326 10325 10387
f 10387 10388 10326
f 10327 10326 10388
f 10388 10389 10327
f 10328 10327 10389
f 10389 10390 10328
f 10329 10328 10390
f 10390 10391 10329
f 10330 10329 10391
f 10391 10392 10330
f 10331 10330 10392
f 10392 10393 10331
f 10332 10331 10393
f 10393 10394 10332
f 10333 10332 10394
f 10394 10395 10333
f 10334 10333 10395
f 10395 10396 10334
f 10335 10334 10396
f 10396 10397 10335
f 10336 10335 10397
f 10397 10398 10336
f 10337 10336 10398
f 10398 10399 10337
f 10338 10337 10399
f 10399 10400 10338
f 10339 10338 10400
f 10400 10401 10339
f 10340 10339 10401
f 10401 10402 10340
f 10341 10340 10402
f 10402 10403 10341
f 10342 10341 10403
f 10403 10404 10342
f 10343 10342 10404
f 10404 10405 10343
f 10344 10343 10405
f 10405 10406 10344
f 10345 10344 10406
f 10406 10407 10345
f 10346 10345 10407
f 10407 10408 10346
f 10347 10346 10408
f 10408 10409 10347
f 10348 10347 10409
f 10409 10410 10348
f 10349 10348 10410
f 10410 10411 10349
f 10350 10349 10411
f 10411 10412 10350
f 10351 10350 10412
f 10412 10413 10351
f 10352 10351 10413
f 10413 10414 10352
f 10353 10352 10414
f 10414 10415 10353
f 10354 10353 10415
f 10415 10416 10354
f 10355 10354 10416
f 10416 10417 10355
f 10356 10355 10417
f 10417 10418 10356
f 10357 10356 10418
f 10418 10419 10357
f 10358 10357 10419
f 10419 10420 10358
f 10359 10358 10420
f 10420 10421 10359
f 10360 10359 10421
f 10421 10422 10360
f 10361 10360 10422
f 10422 10423 10361
f 10362 10361 10423
f 10423 10424 10362
f 10363 10362 10424
f 10424 10425 10363
f 10364 10363 10425
f 10425 10426 10364
f 10364 10364 10426
f 10426 10426 10364
f 10527 10526 10587
f 10527 10587 10588
f 10527 10588 10528
f 10528 10588 10529
f 10529 10588 10589
f 10529 10589 10530
f 10530 10589 10590
f 10530 10590 10531
f 10531 10590 10591
f 10531 10591 10592
f 10531 10592 10532
f 10532 10592 10533
f 10533 10592 10593
f 10533 10593 10534
f 10534 10593 10594
f 10534 10594 10595
f 10534 10595 10535
f 10535 10595 10596
f 10535 10596 10536
f 10536 10596 10597
f 10536 10597 10537
f 10537 10597 10538
f 10538 10597 10598
f 10538 10598 10599
f 10538 10599 10539
f 10539 10599 10600
f 10539 10600 10540
f 10540 10600 10601
f 10540 10601 10541
f 10541 10601 10542
f 10542 10601 10602
f 10542 10602 10603
f 10542 10603 10543
f 10543 10603 10544
f 10544 10603 10604
f 10544 10604 10545
f 10545 10604 10605
f 10545 10605 10546
f 10546 10605 10606
f 10546 10606 10607
f 10546 10607 10547
f 10547 10607 10548
f 10548 10607 10608
f 10548 10608 10489
f 10489 10608 10609
f 10489 10609 10490
f 10497 10496 10557
f 10497 10557 10558
f 10497 10558 10498
f 10498 10558 10499
f 10499 10558 10559
f 10499 10559 10500
f 10500 10559 10560
f 10500 10560 10501
f 10501 10560 10561
f 10501 10561 10562
f 10501 10562 10502
f 10502 10562 10503
f 10503 10562 10563
f 10503 10563 10504
f 10504 10563 10564
f 10504 10564 10565
f 10504 10565 10505
f 10505 10565 10566
f 10505 10566 10506
f 10506 10566 10567
f 10506 10567 10507
f 10507 10567 10508
f 10508 10567 10568
f 10508 10568 10569
f 10508 10569 10509
f 10509 10569 10570
f 10509 10570 10510
f 10510 10570 10571
f 10510 10571 10511
f 10511 10571 10512
f 10512 10571 10572
f 10512 10572 10573
f 10512 10573 10513
f 10513 10573 10514
f 10514 10573 10574
f 10514 10574 10515
f 10515 10574 10575
f 10515 10575 10516
f 10516 10575 10576
f 10516 10576 10577
f 10516 10577 10517
f 10517 10577 10518
f 10518 10577 10578
f 10518 10578 10519
f 10519 10578 10579
f 10519 10579 10520
f 10520 10579 10580
f 10520 10580 10581
f 10520 10581 10521
f 10521 10581 10582
f 10521 10582 10522
f 10522 10582 10523
f 10523 10582 10583
f 10523 10583 10584
f 10523 10584 10524
f 10524 10584 10525
f 10525 10584 10585
f 10525 10585 10526
f 10526 10585 10586
f 10526 10586 10587
f 10609 10550 10490
f 10490 10550 10551
f 10490 10551 10491
f 10491 10551 10552
f 10491 10552 10492
f 10492 10552 10493
f 10493 10552 10553
f 10493 10553 10554
f 10493 10554 10494
f 10494 10554 10495
f 10495 10554 10555
f 10495 10555 10496
f 10496 10555 10556
f 10496 10556 10557
f 10487 10486 10548
f 10548 10489 10487
f 10428 10487 10489
f 10489 10490 10428
f 10429 10428 10490
f 10490 10491 10429
f 10430 10429 10491
f 10491 10492 10430
f 10431 10430 10492
f 10492 10493 10431
f 10432 10431 10493
f 10493 10494 10432
f 10433 10432 10494
f 10494 10495 10433
f 10434 10433 10495
f 10495 10496 10434
f 10435 10434 10496
f 10496 10497 10435
f 10436 10435 10497
f 10497 10498 10436
f 10437 10436 10498
f 10498 10499 10437
f 10438 10437 10499
f 10499 10500 10438
f 10439 10438 10500
f 10500 10501 10439
f 10440 10439 10501
f 10501 10502 10440
f 10441 10440 10502
f 10502 10503 10441
f 10442 10441 10503
f 10503 10504 10442
f 10443 10442 10504
f 10504 10505 10443
f 10444 10443 10505
f 10505 10506 10444
f 10445 10444 10506
f 10506 10507 10445
f 10446 10445 10507
f 10507 10508 10446
f 10447 10446 10508
f 10508 10509 10447
f 10448 10447 10509
f 10509 10510 10448
f 10449 10448 10510
f 10510 10511 10449
f 10450 10449 10511
f 10511 10512 10450
f 10451 10450 10512
f 10512 10513 10451
f 10452 10451 10513
f 10513 10514 10452
f 10453 10452 10514
f 10514 10515 10453
f 10454 10453 10515
f 10515 10516 10454
f 10455 10454 10516
f 10516 10517 10455
f 10456 10455 10517
f 10517 10518 10456
f 10457 10456 10518
f 10518 10519 10457
f 10458 10457 10519
f 10519 10520 10458
f 10459 10458 10520
f 10520 10521 10459
f 10460 10459 10521
f 10521 10522 10460
f 10461 10460 10522
f 10522 10523 10461
f 10462 10461 10523
f 10523 10524 10462
f 10463 10462 10524
f 10524 10525 10463
f 10464 10463 10525
f 10525 10526 10464
f 10465 10464 10526
f 10526 10527 10465
f 10466 10465 10527
f 10527 10528 10466
f 10467 10466 10528
f 10528 10529 10467
f 10468 10467 10529
f 10529 10530 10468
f 10469 10468 10530
f 10530 10531 10469
f 10470 10469 10531
f 10531 10532 10470
f 10471 10470 10532
f 10532 10533 10471
f 10472 10471 10533
f 10533 10534 10472
f 10473 10472 10534
f 10534 10535 10473
f 10474 10473 10535
f 10535 10536 10474
f 10475 10474 10536
f 10536 10537 10475
f 10476 10475 10537
f 10537 10538 10476
f 10477 10476 10538
f 10538 10539 10477
f 10478 10477 10539
f 10539 10540 10478
f 10479 10478 10540
f 10540 10541 10479
f 10480 10479 10541
f 10541 10542 10480
f 10481 10480 10542
f 10542 10543 10481
f 10482 10481 10543
f 10543 10544 10482
f 10483 10482 10544
f 10544 10545 10483
f 10484 10483 10545
f 10545 10546 10484
f 10485 10484 10546
f 10546 10547 10485
f 10486 10485 10547
f 10547 10548 10486
f 10486 10486 10548
f 10548 10548 10486
f 10649 10648 10708
f 10649 10708 10709
f 10649 10709 10710
f 10649 10710 10650
f 10650 10710 10711
f 10650 10711 10651
f 10651 10711 10652
f 10652 10711 10712
f 10652 10712 10653
f 10653 10712 10713
f 10653 10713 10714
f 10653 10714 10654
f 10654 10714 10715
f 10654 10715 10655
f 10655 10715 10656
f 10656 10715 10716
f 10656 10716 10657
f 10657 10716 10717
f 10657 10717 10658
f 10658 10717 10718
f 10658 10718 10659
f 10659 10718 10719
f 10659 10719 10720
f 10659 10720 10660
f 10660 10720 10721
f 10660 10721 10661
f 10661 10721 10722
f 10661 10722 10662
f 10662 10722 10663
f 10663 10722 10723
f 10663 10723 10664
f 10664 10723 10724
f 10664 10724 10725
f 10664 10725 10665
f 10665 10725 10726
f 10665 10726 10666
f 10666 10726 10667
f 10667 10726 10727
f 10667 10727 10668
f 10668 10727 10728
f 10668 10728 10669
f 10669 10728 10729
f 10669 10729 10730
f 10669 10730 10670
f 10670 10730 10731
f 10670 10731 10611
f 10611 10731 10612
f 10619 10618 10678
f 10619 10678 10679
f 10619 10679 10680
f 10619 10680 10620
f 10620 10680 10681
f 10620 10681 10621
f 10621 10681 10622
f 10622 10681 10682
f 10622 10682 10623
f 10623 10682 10683
f 10623 10683 10684
f 10623 10684 10624
f 10624 10684 10685
f 10624 10685 10625
f 10625 10685 10626
f 10626 10685 10686
f 10626 10686 10627
f 10627 10686 10687
f 10627 10687 10628
f 10628 10687 10688
f 10628 10688 10629
f 10629 10688 10689
f 10629 10689 10690
f 10629 10690 10630
f 10630 10690 10691
f 10630 10691 10631
f 10631 10691 10692
f 10631 10692 10632
f 10632 10692 10633
f 10633 10692 10693
f 10633 10693 10634
f 10634 10693 10694
f 10634 10694 10695
f 10634 10695 10635
f 10635 10695 10696
f 10635 10696 10636
f 10636 10696 10637
f 10637 10696 10697
f 10637 10697 10638
f 10638 10697 10698
f 10638 10698 10639
f 10639 10698 10699
f 10639 10699 10700
f 10639 10700 10640
f 10640 10700 10701
f 10640 10701 10641
f 10641 10701 10642
f 10642 10701 10702
f 10642 10702 10643
f 10643 10702 10703
f 10643 10703 10644
f 10644 10703 10704
f 10644 10704 10705
f 10644 10705 10645
f 10645 10705 10706
f 10645 10706 10646
f 10646 10706 10707
f 10646 10707 10647
f 10647 10707 10648
f 10648 10707 10708
f 10731 10672 10612
f 10612 10672 10613
f 10613 10672 10673
f 10613 10673 10614
f 10614 10673 10674
f 10614 10674 10675
f 10614 10675 10615
f 10615 10675 10676
f 10615 10676 10616
f 10616 10676 10677
f 10616 10677 10617
f 10617 10677 10618
f 10618 10677 10678
f 10609 10608 10670
f 10670 10611 10609
f 10550 10609 10611
f 10611 10612 10550
f 10551 10550 10612
f 10612 10613 10551
f 10552 10551 10613
f 10613 10614 10552
f 10553 10552 10614
f 10614 10615 10553
f 10554 10553 10615
f 10615 10616 10554
f 10555 10554 10616
f 10616 10617 10555
f 10556 10555 10617
f 10617 10618 10556
f 10557 10556 10618
f 10618 10619 10557
f 10558 10557 10619
f 10619 10620 10558
f 10559 10558 10620
f 10620 10621 10559
f 10560 10559 10621
f 10621 10622 10560
f 10561 10560 10622
f 10622 10623 10561
f 10562 10561 10623
f 10623 10624 10562
f 10563 10562 10624
f 10624 10625 10563
f 10564 10563 10625
f 10625 10626 10564
f 10565 10564 10626
f 10626 10627 10565
f 10566 10565 10627
f 10627 10628 10566
f 10567 10566 10628
f 10628 10629 10567
f 10568 10567 10629
f 10629 10630 10568
f 10569 10568 10630
f 10630 10631 10569
f 10570 10569 10631
f 10631 10632 10570
f 10571 10570 10632
f 10632 10633 10571
f 10572 10571 10633
f 10633 10634 10572
f 10573 10572 10634
f 10634 10635 10573
f 10574 10573 10635
f 10635 10636 10574
f 10575 10574 10636
f 10636 10637 10575
f 10576 10575 10637
f 10637 10638 10576
f 10577 10576 10638
f 10638 10639 10577
f 10578 10577 10639
f 10639 10640 10578
f 10579 10578 10640
f 10640 10641 10579
f 10580 10579 10641
f 10641 10642 10580
f 10581 10580 10642
f 10642 10643 10581
f 10582 10581 10643
f 10643 10644 10582
f 10583 10582 10644
f 10644 10645 10583
f 10584 10583 10645
f 10645 10646 10584
f 10585 10584 10646
f 10646 10647 10585
f 10586 10585 10647
f 10647 10648 10586
f 10587 10586 10648
f 10648 10649 10587
f 10588 10587 10649
f 10649 10650 10588
f 10589 10588 10650
f 10650 10651 10589
f 10590 10589 10651
f 10651 10652 10590
f 10591 10590 10652
f 10652 10653 10591
f 10592 10591 10653
f 10653 10654 10592
f 10593 10592 10654
f 10654 10655 10593
f 10594 10593 10655
f 10655 10656 10594
f 10595 10594 10656
f 10656 10657 10595
f 10596 10595 10657
f 10657 10658 10596
f 10597 10596 10658
f 10658 10659 10597
f 10598 10597 10659
f 10659 10660 10598
f 10599 10598 10660
f 10660 10661 10599
f 10600 10599 10661
f 10661 10662 10600
f 10601 10600 10662
f 10662 10663 10601
f 10602 10601 10663
f 10663 10664 10602
f 10603 10602 10664
f 10664 10665 10603
f 10604 10603 10665
f 10665 10666 10604
f 10605 10604 10666
f 10666 10667 10605
f 10606 10605 10667
f 10667 10668 10606
f 10607 10606 10668
f 10668 10669 10607
f 10608 10607 10669
f 10669 10670 10608
f 10608 10608 10670
f 10670 10670 10608
f 10771 10770 10831
f 10771 10831 10772
f 10772 10831 10832
f 10772 10832 10773
f 10773 10832 10833
f 10773 10833 10834
f 10773 10834 10774
f 10774 10834 10835
f 10774 10835 10775
f 10775 10835 10836
f 10775 10836 10776
f 10776 10836 10837
f 10776 10837 10777
f 10777 10837 10838
f 10777 10838 10778
f 10778 10838 10839
f 10778 10839 10779
f 10779 10839 10780
f 10780 10839 10840
f 10780 10840 10841
f 10780 10841 10781
f 10781 10841 10782
f 10782 10841 10842
f 10782 10842 10783
f 10783 10842 10843
f 10783 10843 10784
f 10784 10843 10844
f 10784 10844 10845
f 10784 10845 10785
f 10785 10845 10846
f 10785 10846 10786
f 10786 10846 10787
f 10787 10846 10847
f 10787 10847 10788
f 10788 10847 10848
f 10788 10848 10849
f 10788 10849 10789
f 10789 10849 10850
f 10789 10850 10790
f 10790 10850 10851
f 10790 10851 10791
f 10791 10851 10792
f 10792 10851 10852
f 10792 10852 10853
f 10792 10853 10733
f 10733 10853 10734
f 10741 10740 10801
f 10741 10801 10742
f 10742 10801 10802
f 10742 10802 10743
f 10743 10802 10803
f 10743 10803 10804
f 10743 10804 10744
f 10744 10804 10805
f 10744 10805 10745
f 10745 10805 10806
f 10745 10806 10746
f 10746 10806 10807
f 10746 10807 10747
f 10747 10807 10808
f 10747 10808 10748
f 10748 10808 10809
f 10748 10809 10749
f 10749 10809 10750
f 10750 10809 10810
f 10750 10810 10811
f 10750 10811 10751
f 10751 10811 10752
f 10752 10811 10812
f 10752 10812 10753
f 10753 10812 10813
f 10753 10813 10754
f 10754 10813 10814
f 10754 10814 10815
f 10754 10815 10755
f 10755 10815 10816
f 10755 10816 10756
f 10756 10816 10757
f 10757 10816 10817
f 10757 10817 10758
f 10758 10817 10818
f 10758 10818 10819
f 10758 10819 10759
f 10759 10819 10820
f 10759 10820 10760
f 10760 10820 10821
f 10760 10821 10761
f 10761 10821 10762
f 10762 10821 10822
f 10762 10822 10823
f 10762 10823 10763
f 10763 10823 10764
f 10764 10823 10824
f 10764 10824 10765
f 10765 10824 10825
f 10765 10825 10826
f 10765 10826 10766
f 10766 10826 10767
f 10767 10826 10827
f 10767 10827 10768
f 10768 10827 10828
f 10768 10828 10769
f 10769 10828 10829
f 10769 10829 10830
f 10769 10830 10770
f 10770 10830 10831
f 10853 10794 10734
f 10734 10794 10735
f 10735 10794 10795
f 10735 10795 10796
f 10735 10796 10736
f 10736 10796 10737
f 10737 10796 10797
f 10737 10797 10738
f 10738 10797 10798
f 10738 10798 10739
f 10739 10798 10799
f 10739 10799 10800
f 10739 10800 10740
f 10740 10800 10801
f 10731 10730 10792
f 10792 10733 10731
f 10672 10731 10733
f 10733 10734 10672
f 10673 10672 10734
f 10734 10735 10673
f 10674 10673 10735
f 10735 10736 10674
f 10675 10674 10736
f 10736 10737 10675
f 10676 10675 10737
f 10737 10738 10676
f 10677 10676 10738
f 10738 10739 10677
f 10678 10677 10739
f 10739 10740 10678
f 10679 10678 10740
f 10740 10741 10679
f 10680 10679 10741
f 10741 10742 10680
f 10681 10680 10742
f 10742 10743 10681
f 10682 10681 10743
f 10743 10744 10682
f 10683 10682 10744
f 10744 10745 10683
f 10684 10683 10745
f 10745 10746 10684
f 10685 10684 10746
f 10746 10747 10685
f 10686 10685 10747
f 10747 10748 10686
f 10687 10686 10748
f 10748 10749 10687
f 10688 10687 10749
f 10749 10750 10688
f 10689 10688 10750
f 10750 10751 10689
f 10690 10689 10751
f 10751 10752 10690
f 10691 10690 10752
f 10752 10753 10691
f 10692 10691 10753
f 10753 10754 10692
f 10693 10692 10754
f 10754 10755 10693
f 10694 10693 10755
f 10755 10756 10694
f 10695 10694 10756
f 10756 10757 10695
f 10696 10695 10757
f 10757 10758 10696
f 10697 10696 10758
f 10758 10759 10697
f 10698 10697 10759
f 10759 10760 10698
f 10699 10698 10760
f 10760 10761 10699
f 10700 10699 10761
f 10761 10762 10700
f 10701 10700 10762
f 10762 10763 10701
f 10702 10701 10763
f 10763 10764 10702
f 10703 10702 10764
f 10764 10765 10703
f 10704 10703 10765
f 10765 10766 10704
f 10705 10704 10766
f 10766 10767 10705
f 10706 10705 10767
f 10767 10768 10706
f 10707 10706 10768
f 10768 10769 10707
f 10708 10707 10769
f 10769 10770 10708
f 10709 10708 10770
f 10770 10771 10709
f 10710 10709 10771
f 10771 10772 10710
f 10711 10710 10772
f 10772 10773 10711
f 10712 10711 10773
f 10773 10774 10712
f 10713 10712 10774
f 10774 10775 10713
f 10714 10713 10775
f 10775 10776 10714
f 10715 10714 10776
f 10776 10777 10715
f 10716 10715 10777
f 10777 10778 10716
f 10717 10716 10778
f 10778 10779 10717
f 10718 10717 10779
f 10779 10780 10718
f 10719 10718 10780
f 10780 10781 10719
f 10720 10719 10781
f 10781 10782 10720
f 10721 10720 10782
f 10782 10783 10721
f 10722 10721 10783
f 10783 10784 10722
f 10723 10722 10784
f 10784 10785 10723
f 10724 10723 10785
f 10785 10786 10724
f 10725 10724 10786
f 10786 10787 10725
f 10726 10725 10787
f 10787 10788 10726
f 10727 10726 10788
f 10788 10789 10727
f 10728 10727 10789
f 10789 10790 10728
f 10729 10728 10790
f 10790 10791 10729
f 10730 10729 10791
f 10791 10792 10730
f 10730 10730 10792
f 10792 10792 10730
f 10893 10892 10933
f 10893 10933 10934
f 10893 10934 10935
f 10893 10935 10894
f 10894 10935 10895
f 10895 10935 10936
f 10895 10936 10896
f 10896 10936 10937
f 10896 10937 10897
f 10897 10937 10938
f 10897 10938 10939
f 10897 10939 10898
f 10898 10939 10940
f 10898 10940 10899
f 10899 10940 10900
f 10900 10940 10941
f 10900 10941 10901
f 10901 10941 10902
f 10902 10941 10903
f 10903 10941 10942
f 10903 10942 10904
f 10904 10942 10905
f 10905 10942 10943
f 10905 10943 10944
f 10905 10944 10906
f 10906 10944 10945
f 10906 10945 10907
f 10907 10945 10908
f 10908 10945 10946
f 10908 10946 10947
f 10908 10947 10909
f 10909 10947 10910
f 10910 10947 10948
f 10910 10948 10911
f 10911 10948 10949
f 10911 10949 10912
f 10912 10949 10950
f 10912 10950 10951
f 10912 10951 10913
f 10913 10951 10952
f 10913 10952 10914
f 10914 10952 10855
f 10855 10952 10953
f 10855 10953 10856
f 10863 10862 10958
f 10863 10958 10959
f 10863 10959 10960
f 10863 10960 10864
f 10864 10960 10865
f 10865 10960 10961
f 10865 10961 10866
f 10866 10961 10962
f 10866 10962 10867
f 10867 10962 10963
f 10867 10963 10964
f 10867 10964 10868
f 10868 10964 10869
f 10869 10964 10965
f 10869 10965 10870
f 10870 10965 10871
f 10871 10965 10916
f 10871 10916 10872
f 10872 10916 10917
f 10872 10917 10918
f 10872 10918 10873
f 10873 10918 10874
f 10874 10918 10919
f 10874 10919 10875
f 10875 10919 10876
f 10876 10919 10920
f 10876 10920 10921
f 10876 10921 10877
f 10877 10921 10878
f 10878 10921 10922
f 10878 10922 10923
f 10878 10923 10879
f 10879 10923 10880
f 10880 10923 10924
f 10880 10924 10881
f 10881 10924 10925
f 10881 10925 10882
f 10882 10925 10926
f 10882 10926 10927
f 10882 10927 10883
f 10883 10927 10884
f 10884 10927 10928
f 10884 10928 10885
f 10885 10928 10886
f 10886 10928 10929
f 10886 10929 10887
f 10887 10929 10888
f 10888 10929 10930
f 10888 10930 10889
f 10889 10930 10890
f 10890 10930 10931
f 10890 10931 10932
f 10890 10932 10891
f 10891 10932 10892
f 10892 10932 10933
f 10953 10954 10857
f 10953 10857 10856
f 10857 10954 10955
f 10857 10955 10858
f 10858 10955 10859
f 10859 10955 10956
f 10859 10956 10860
f 10860 10956 10861
f 10861 10956 10957
f 10861 10957 10862
f 10862 10957 10958
f 10853 10852 10914
f 10914 10855 10853
f 10794 10853 10855
f 10855 10856 10794
f 10795 10794 10856
f 10856 10857 10795
f 10796 10795 10857
f 10857 10858 10796
f 10797 10796 10858
f 10858 10859 10797
f 10798 10797 10859
f 10859 10860 10798
f 10799 10798 10860
f 10860 10861 10799
f 10800 10799 10861
f 10861 10862 10800
f 10801 10800 10862
f 10862 10863 10801
f 10802 10801 10863
f 10863 10864 10802
f 10803 10802 10864
f 10864 10865 10803
f 10804 10803 10865
f 10865 10866 10804
f 10805 10804 10866
f 10866 10867 10805
f 10806 10805 10867
f 10867 10868 10806
f 10807 10806 10868
f 10868 10869 10807
f 10808 10807 10869
f 10869 10870 10808
f 10809 10808 10870
f 10870 10871 10809
f 10810 10809 10871
f 10871 10872 10810
f 10811 10810 10872
f 10872 10873 10811
f 10812 10811 10873
f 10873 10874 10812
f 10813 10812 10874
f 10874 10875 10813
f 10814 10813 10875
f 10875 10876 10814
f 10815 10814 10876
f 10876 10877 10815
f 10816 10815 10877
f 10877 10878 10816
f 10817 10816 10878
f 10878 10879 10817
f 10818 10817 10879
f 10879 10880 10818
f 10819 10818 10880
f 10880 10881 10819
f 10820 10819 10881
f 10881 10882 10820
f 10821 10820 10882
f 10882 10883 10821
f 10822 10821 10883
f 10883 10884 10822
f 10823 10822 10884
f 10884 10885 10823
f 10824 10823 10885
f 10885 10886 10824
f 10825 10824 10886
f 10886 10887 10825
f 10826 10825 10887
f 10887 10888 10826
f 10827 10826 10888
f 10888 10889 10827
f 10828 10827 10889
f 10889 10890 10828
f 10829 10828 10890
f 10890 10891 10829
f 10830 10829 10891
f 10891 10892 10830
f 10831 10830 10892
f 10892 10893 10831
f 10832 10831 10893
f 10893 10894 10832
f 10833 10832 10894
f 10894 10895 10833
f 10834 10833 10895
f 10895 10896 10834
f 10835 10834 10896
f 10896 10897 10835
f 10836 10835 10897
f 10897 10898 10836
f 10837 10836 10898
f 10898 10899 10837
f 10838 10837 10899
f 10899 10900 10838
f 10839 10838 10900
f 10900 10901 10839
f 10840 10839 10901
f 10901 10902 10840
f 10841 10840 10902
f 10902 10903 10841
f 10842 10841 10903
f 10903 10904 10842
f 10843 10842 10904
f 10904 10905 10843
f 10844 10843 10905
f 10905 10906 10844
f 10845 10844 10906
f 10906 10907 10845
f 10846 10845 10907
f 10907 10908 10846
f 10847 10846 10908
f 10908 10909 10847
f 10848 10847 10909
f 10909 10910 10848
f 10849 10848 10910
f 10910 10911 10849
f 10850 10849 10911
f 10911 10912 10850
f 10851 10850 10912
f 10912 10913 10851
f 10852 10851 10913
f 10913 10914 10852
f 10852 10852 10914
f 10914 10914 10852
f 10986 10985 11052
f 10986 11052 11053
f 10986 11053 10987
f 10987 11053 10988
f 10988 11053 11054
f 10988 11054 10989
f 10989 11054 11055
f 10989 11055 10990
f 10990 11055 10991
f 10991 11055 11056
f 10991 11056 10992
f 10992 11056 11057
f 10992 11057 11058
f 10992 11058 10993
f 10993 11058 11059
f 10993 11059 11060
f 10993 11060 11061
f 10993 11061 10994
f 10994 11061 11062
f 10994 11062 11063
f 10994 11063 10995
f 10995 11063 10996
f 10996 11063 11064
f 10996 11064 10997
f 10997 11064 11065
f 10997 11065 10998
f 10998 11065 11066
f 10998 11066 10999
f 10999 11066 11000
f 11000 11066 11067
f 11000 11067 11001
f 11001 11067 11068
f 11001 11068 11002
f 11002 11068 11003
f 11003 11068 11069
f 11003 11069 11004
f 11004 11069 11070
f 11004 11070 11071
f 11004 11071 11005
f 11011 11010 11023
f 11011 11023 11012
f 11012 11023 11024
f 11012 11024 11025
f 11012 11025 11013
f 11013 11025 11026
f 11013 11026 11014
f 11014 11026 11027
f 11014 11027 11015
f 11015 11027 11016
f 11016 11027 11028
f 11016 11028 11029
f 11016 11029 10967
f 10967 11029 11030
f 10967 11030 10968
f 10968 11030 11031
f 10968 11031 11032
f 10968 11032 10969
f 10969 11032 10970
f 10970 11032 11033
f 10970 11033 11034
f 10970 11034 10971
f 10971 11034 11035
f 10971 11035 11036
f 10971 11036 10972
f 10972 11036 10973
f 10973 11036 11037
f 10973 11037 11038
f 10973 11038 10974
f 10974 11038 10975
f 10975 11038 11039
f 10975 11039 11040
f 10975 11040 10976
f 10976 11040 11041
f 10976 11041 10977
f 10977 11041 11042
f 10977 11042 10978
f 10978 11042 10979
f 10979 11042 11043
f 10979 11043 11044
f 10979 11044 10980
f 10980 11044 11045
f 10980 11045 11046
f 10980 11046 10981
f 10981 11046 11047
f 10981 11047 11048
f 10981 11048 10982
f 10982 11048 11049
f 10982 11049 11050
f 10982 11050 10983
f 10983 11050 10984
f 10984 11050 11051
f 10984 11051 10985
f 10985 11051 11052
f 11071 11072 11005
f 11005 11072 11073
f 11005 11073 11006
f 11006 11073 11007
f 11007 11073 11018
f 11007 11018 11019
f 11007 11019 11008
f 11008 11019 11020
f 11008 11020 11021
f 11008 11021 11009
f 11009 11021 11010
f 11010 11021 11022
f 11010 11022 11023
f 10965 10964 11016
f 11016 10967 10965
f 10916 10965 10967
f 10967 10968 10916
f 10917 10916 10968
f 10968 10969 10917
f 10918 10917 10969
f 10969 10970 10918
f 10919 10918 10970
f 10970 10971 10919
f 10920 10919 10971
f 10971 10972 10920
f 10921 10920 10972
f 10972 10973 10921
f 10922 10921 10973
f 10973 10974 10922
f 10923 10922 10974
f 10974 10975 10923
f 10924 10923 10975
f 10975 10976 10924
f 10925 10924 10976
f 10976 10977 10925
f 10926 10925 10977
f 10977 10978 10926
f 10927 10926 10978
f 10978 10979 10927
f 10928 10927 10979
f 10979 10980 10928
f 10929 10928 10980
f 10980 10981 10929
f 10930 10929 10981
f 10981 10982 10930
f 10931 10930 10982
f 10982 10983 10931
f 10932 10931 10983
f 10983 10984 10932
f 10933 10932 10984
f 10984 10985 10933
f 10934 10933 10985
f 10985 10986 10934
f 10935 10934 10986
f 10986 10987 10935
f 10936 10935 10987
f 10987 10988 10936
f 10937 10936 10988
f 10988 10989 10937
f 10938 10937 10989
f 10989 10990 10938
f 10939 10938 10990
f 10990 10991 10939
f 10940 10939 10991
f 10991 10992 10940
f 10941 10940 10992
f 10992 10993 10941
f 10942 10941 10993
f 10993 10994 10942
f 10943 10942 10994
f 10994 10995 10943
f 10944 10943 10995
f 10995 10996 10944
f 10945 10944 10996
f 10996 10997 10945
f 10946 10945 10997
f 10997 10998 10946
f 10947 10946 10998
f 10998 10999 10947
f 10948 10947 10999
f 10999 11000 10948
f 10949 10948 11000
f 11000 11001 10949
f 10950 10949 11001
f 11001 11002 10950
f 10951 10950 11002
f 11002 11003 10951
f 10952 10951 11003
f 11003 11004 10952
f 10953 10952 11004
f 11004 11005 10953
f 10954 10953 11005
f 11005 11006 10954
f 10955 10954 11006
f 11006 11007 10955
f 10956 10955 11007
f 11007 11008 10956
f 10957 10956 11008
f 11008 11009 10957
f 10958 10957 11009
f 11009 11010 10958
f 10959 10958 11010
f 11010 11011 10959
f 10960 10959 11011
f 11011 11012 10960
f 10961 10960 11012
f 11012 11013 10961
f 10962 10961 11013
f 11013 11014 10962
f 10963 10962 11014
f 11014 11015 10963
f 10964 10963 11015
f 11015 11016 10964
f 10964 10964 11016
f 11016 11016 10964
f 11110 11109 11168
f 11110 11168 11169
f 11110 11169 11111
f 11111 11169 11170
f 11111 11170 11171
f 11111 11171 11112
f 11112 11171 11172
f 11112 11172 11113
f 11113 11172 11173
f 11113 11173 11114
f 11114 11173 11174
f 11114 11174 11115
f 11115 11174 11175
f 11115 11175 11176
f 11115 11176 11116
f 11116 11176 11177
f 11116 11177 11117
f 11117 11177 11118
f 11118 11177 11178
f 11118 11178 11179
f 11118 11179 11119
f 11119 11179 11180
f 11119 11180 11120
f 11120 11180 11181
f 11120 11181 11121
f 11121 11181 11182
f 11121 11182 11122
f 11122 11182 11183
f 11122 11183 11123
f 11123 11183 11184
f 11123 11184 11124
f 11124 11184 11185
f 11124 11185 11186
f 11124 11186 11125
f 11125 11186 11187
f 11125 11187 11126
f 11126 11187 11188
f 11126 11188 11127
f 11127 11188 11189
f 11127 11189 11128
f 11128 11189 11190
f 11128 11190 11191
f 11128 11191 11129
f 11129 11191 11130
f 11081 11080 11138
f 11081 11138 11139
f 11081 11139 11140
f 11081 11140 11082
f 11082 11140 11083
f 11083 11140 11141
f 11083 11141 11084
f 11084 11141 11142
f 11084 11142 11143
f 11084 11143 11085
f 11085 11143 11086
f 11086 11143 11144
f 11086 11144 11087
f 11087 11144 11145
f 11087 11145 11146
f 11087 11146 11088
f 11088 11146 11147
f 11088 11147 11089
f 11089 11147 11090
f 11090 11147 11148
f 11090 11148 11149
f 11090 11149 11091
f 11091 11149 11150
f 11091 11150 11092
f 11092 11150 11151
f 11092 11151 11093
f 11093 11151 11152
f 11093 11152 11094
f 11094 11152 11095
f 11095 11152 11153
f 11095 11153 11096
f 11096 11153 11154
f 11096 11154 11155
f 11096 11155 11097
f 11097 11155 11156
f 11097 11156 11098
f 11098 11156 11099
f 11099 11156 11157
f 11099 11157 11100
f 11100 11157 11158
f 11100 11158 11101
f 11101 11158 11159
f 11101 11159 11102
f 11102 11159 11160
f 11102 11160 11161
f 11102 11161 11103
f 11103 11161 11104
f 11104 11161 11162
f 11104 11162 11105
f 11105 11162 11163
f 11105 11163 11164
f 11105 11164 11106
f 11106 11164 11165
f 11106 11165 11107
f 11107 11165 11166
f 11107 11166 11108
f 11108 11166 11167
f 11108 11167 11109
f 11109 11167 11168
f 11191 11132 11130
f 11130 11132 11075
f 11075 11132 11133
f 11075 11133 11134
f 11075 11134 11076
f 11076 11134 11135
f 11076 11135 11077
f 11077 11135 11136
f 11077 11136 11078
f 11078 11136 11137
f 11078 11137 11079
f 11079 11137 11080
f 11080 11137 11138
f 11073 11072 11130
f 11130 11075 11073
f 11018 11073 11075
f 11075 11076 11018
f 11019 11018 11076
f 11076 11077 11019
f 11020 11019 11077
f 11077 11078 11020
f 11021 11020 11078
f 11078 11079 11021
f 11022 11021 11079
f 11079 11080 11022
f 11023 11022 11080
f 11080 11081 11023
f 11024 11023 11081
f 11081 11082 11024
f 11025 11024 11082
f 11082 11083 11025
f 11026 11025 11083
f 11083 11084 11026
f 11027 11026 11084
f 11084 11085 11027
f 11028 11027 11085
f 11085 11086 11028
f 11029 11028 11086
f 11086 11087 11029
f 11030 11029 11087
f 11087 11088 11030
f 11031 11030 11088
f 11088 11089 11031
f 11032 11031 11089
f 11089 11090 11032
f 11033 11032 11090
f 11090 11091 11033
f 11034 11033 11091
f 11091 11092 11034
f 11035 11034 11092
f 11092 11093 11035
f 11036 11035 11093
f 11093 11094 11036
f 11037 11036 11094
f 11094 11095 11037
f 11038 11037 11095
f 11095 11096 11038
f 11039 11038 11096
f 11096 11097 11039
f 11040 11039 11097
f 11097 11098 11040
f 11041 11040 11098
f 11098 11099 11041
f 11042 11041 11099
f 11099 11100 11042
f 11043 11042 11100
f 11100 11101 11043
f 11044 11043 11101
f 11101 11102 11044
f 11045 11044 11102
f 11102 11103 11045
f 11046 11045 11103
f 11103 11104 11046
f 11047 11046 11104
f 11104 11105 11047
f 11048 11047 11105
f 11105 11106 11048
f 11049 11048 11106
f 11106 11107 11049
f 11050 11049 11107
f 11107 11108 11050
f 11051 11050 11108
f 11108 11109 11051
f 11052 11051 11109
f 11109 11110 11052
f 11053 11052 11110
f 11110 11111 11053
f 11054 11053 11111
f 11111 11112 11054
f 11055 11054 11112
f 11112 11113 11055
f 11056 11055 11113
f 11113 11114 11056
f 11057 11056 11114
f 11114 11115 11057
f 11058 11057 11115
f 11115 11116 11058
f 11059 11058 11116
f 11116 11117 11059
f 11060 11059 11117
f 11117 11118 11060
f 11061 11060 11118
f 11118 11119 11061
f 11062 11061 11119
f 11119 11120 11062
f 11063 11062 11120
f 11120 11121 11063
f 11064 11063 11121
f 11121 11122 11064
f 11065 11064 11122
f 11122 11123 11065
f 11066 11065 11123
f 11123 11124 11066
f 11067 11066 11124
f 11124 11125 11067
f 11068 11067 11125
f 11125 11126 11068
f 11069 11068 11126
f 11126 11127 11069
f 11070 11069 11127
f 11127 11128 11070
f 11071 11070 11128
f 11128 11129 11071
f 11072 11071 11129
f 11129 11130 11072
f 11072 11072 11130
f 11130 11130 11072
f 11231 11230 11291
f 11231 11291 11232
f 11232 11291 11292
f 11232 11292 11233
f 11233 11292 11293
f 11233 11293 11294
f 11233 11294 11234
f 11234 11294 11235
f 11235 11294 11295
f 11235 11295 11236
f 11236 11295 11296
f 11236 11296 11237
f 11237 11296 11297
f 11237 11297 11298
f 11237 11298 11238
f 11238 11298 11299
f 11238 11299 11239
f 11239 11299 11240
f 11240 11299 11300
f 11240 11300 11301
f 11240 11301 11241
f 11241 11301 11302
f 11241 11302 11242
f 11242 11302 11243
f 11243 11302 11303
f 11243 11303 11244
f 11244 11303 11304
f 11244 11304 11305
f 11244 11305 11245
f 11245 11305 11306
f 11245 11306 11246
f 11246 11306 11247
f 11247 11306 11307
f 11247 11307 11248
f 11248 11307 11308
f 11248 11308 11309
f 11248 11309 11249
f 11249 11309 11310
f 11249 11310 11250
f 11250 11310 11251
f 11251 11310 11311
f 11251 11311 11252
f 11252 11311 11312
f 11252 11312 11313
f 11252 11313 11193
f 11193 11313 11194
f 11201 11200 11261
f 11201 11261 11202
f 11202 11261 11262
f 11202 11262 11203
f 11203 11262 11263
f 11203 11263 11264
f 11203 11264 11204
f 11204 11264 11205
f 11205 11264 11265
f 11205 11265 11206
f 11206 11265 11266
f 11206 11266 11207
f 11207 11266 11267
f 11207 11267 11268
f 11207 11268 11208
f 11208 11268 11269
f 11208 11269 11209
f 11209 11269 11210
f 11210 11269 11270
f 11210 11270 11271
f 11210 11271 11211
f 11211 11271 11272
f 11211 11272 11212
f 11212 11272 11213
f 11213 11272 11273
f 11213 11273 11214
f 11214 11273 11274
f 11214 11274 11275
f 11214 11275 11215
f 11215 11275 11276
f 11215 11276 11216
f 11216 11276 11217
f 11217 11276 11277
f 11217 11277 11218
f 11218 11277 11278
f 11218 11278 11279
f 11218 11279 11219
f 11219 11279 11280
f 11219 11280 11220
f 11220 11280 11221
f 11221 11280 11281
f 11221 11281 11222
f 11222 11281 11282
f 11222 11282 11283
f 11222 11283 11223
f 11223 11283 11224
f 11224 11283 11284
f 11224 11284 11225
f 11225 11284 11285
f 11225 11285 11286
f 11225 11286 11226
f 11226 11286 11287
f 11226 11287 11227
f 11227 11287 11228
f 11228 11287 11288
f 11228 11288 11229
f 11229 11288 11289
f 11229 11289 11290
f 11229 11290 11230
f 11230 11290 11291
f 11313 11254 11194
f 11194 11254 11195
f 11195 11254 11255
f 11195 11255 11256
f 11195 11256 11196
f 11196 11256 11257
f 11196 11257 11197
f 11197 11257 11198
f 11198 11257 11258
f 11198 11258 11199
f 11199 11258 11259
f 11199 11259 11260
f 11199 11260 11200
f 11200 11260 11261
f 11191 11190 11252
f 11252 11193 11191
f 11132 11191 11193
f 11193 11194 11132
f 11133 11132 11194
f 11194 11195 11133
f 11134 11133 11195
f 11195 11196 11134
f 11135 11134 11196
f 11196 11197 11135
f 11136 11135 11197
f 11197 11198 11136
f 11137 11136 11198
f 11198 11199 11137
f 11138 11137 11199
f 11199 11200 11138
f 11139 11138 11200
f 11200 11201 11139
f 11140 11139 11201
f 11201 11202 11140
f 11141 11140 11202
f 11202 11203 11141
f 11142 11141 11203
f 11203 11204 11142
f 11143 11142 11204
f 11204 11205 11143
f 11144 11143 11205
f 11205 11206 11144
f 11145 11144 11206
f 11206 11207 11145
f 11146 11145 11207
f 11207 11208 11146
f 11147 11146 11208
f 11208 11209 11147
f 11148 11147 11209
f 11209 11210 11148
f 11149 11148 11210
f 11210 11211 11149
f 11150 11149 11211
f 11211 11212 11150
f 11151 11150 11212
f 11212 11213 11151
f 11152 11151 11213
f 11213 11214 11152
f 11153 11152 11214
f 11214 11215 11153
f 11154 11153 11215
f 11215 11216 11154
f 11155 11154 11216
f 11216 11217 11155
f 11156 11155 11217
f 11217 11218 11156
f 11157 11156 11218
f 11218 11219 11157
f 11158 11157 11219
f 11219 11220 11158
f 11159 11158 11220
f 11220 11221 11159
f 11160 11159 11221
f 11221 11222 11160
f 11161 11160 11222
f 11222 11223 11161
f 11162 11161 11223
f 11223 11224 11162
f 11163 11162 11224
f 11224 11225 11163
f 11164 11163 11225
f 11225 11226 11164
f 11165 11164 11226
f 11226 11227 11165
f 11166 11165 11227
f 11227 11228 11166
f 11167 11166 11228
f 11228 11229 11167
f 11168 11167 11229
f 11229 11230 11168
f 11169 11168 11230
f 11230 11231 11169
f 11170 11169 11231
f 11231 11232 11170
f 11171 11170 11232
f 11232 11233 11171
f 11172 11171 11233
f 11233 11234 11172
f 11173 11172 11234
f 11234 11235 11173
f 11174 11173 11235
f 11235 11236 11174
f 11175 11174 11236
f 11236 11237 11175
f 11176 11175 11237
f 11237 11238 11176
f 11177 11176 11238
f 11238 11239 11177
f 11178 11177 11239
f 11239 11240 11178
f 11179 11178 11240
f 11240 11241 11179
f 11180 11179 11241
f 11241 11242 11180
f 11181 11180 11242
f 11242 11243 11181
f 11182 11181 11243
f 11243 11244 11182
f 11183 11182 11244
f 11244 11245 11183
f 11184 11183 11245
f 11245 11246 11184
f 11185 11184 11246
f 11246 11247 11185
f 11186 11185 11247
f 11247 11248 11186
f 11187 11186 11248
f 11248 11249 11187
f 11188 11187 11249
f 11249 11250 11188
f 11189 11188 11250
f 11250 11251 11189
f 11190 11189 11251
f 11251 11252 11190
f 11190 11190 11252
f 11252 11252 11190
f 11326 11325 11381
f 11326 11381 11382
f 11326 11382 11327
f 11327 11382 11328
f 11328 11382 11383
f 11328 11383 11329
f 11329 11383 11384
f 11329 11384 11330
f 11330 11384 11385
f 11330 11385 11331
f 11331 11385 11386
f 11331 11386 11332
f 11332 11386 11333
f 11333 11386 11387
f 11333 11387 11334
f 11334 11387 11388
f 11334 11388 11389
f 11334 11389 11335
f 11335 11389 11336
f 11336 11389 11390
f 11336 11390 11337
f 11337 11390 11391
f 11337 11391 11392
f 11337 11392 11338
f 11338 11392 11393
f 11338 11393 11339
f 11339 11393 11340
f 11340 11393 11394
f 11340 11394 11341
f 11341 11394 11395
f 11341 11395 11342
f 11342 11395 11343
f 11343 11395 11396
f 11343 11396 11344
f 11344 11396 11397
f 11344 11397 11345
f 11345 11397 11398
f 11345 11398 11346
f 11346 11398 11399
f 11346 11399 11347
f 11347 11399 11315
f 11315 11399 11400
f 11315 11400 11316
f 11401 11317 11400
f 11375 11376 11318
f 11318 11376 11319
f 11319 11376 11320
f 11320 11376 11321
f 11321 11376 11377
f 11321 11377 11322
f 11322 11377 11378
f 11322 11378 11379
f 11322 11379 11323
f 11323 11379 11380
f 11323 11380 11324
f 11324 11380 11325
f 11325 11380 11381
f 11400 11317 11316
f 11313 11312 11347
f 11347 11315 11313
f 11254 11313 11315
f 11315 11316 11254
f 11255 11254 11316
f 11316 11317 11255
f 11256 11255 11317
f 11317 11402 11256
f 11257 11256 11402
f 11402 11349 11257
f 11258 11257 11349
f 11349 11350 11258
f 11259 11258 11350
f 11350 11351 11259
f 11260 11259 11351
f 11351 11352 11260
f 11261 11260 11352
f 11352 11353 11261
f 11262 11261 11353
f 11353 11354 11262
f 11263 11262 11354
f 11354 11355 11263
f 11264 11263 11355
f 11355 11356 11264
f 11265 11264 11356
f 11356 11357 11265
f 11266 11265 11357
f 11357 11358 11266
f 11267 11266 11358
f 11358 11359 11267
f 11268 11267 11359
f 11359 11360 11268
f 11269 11268 11360
f 11360 11361 11269
f 11270 11269 11361
f 11361 11362 11270
f 11271 11270 11362
f 11362 11363 11271
f 11272 11271 11363
f 11363 11364 11272
f 11273 11272 11364
f 11364 11365 11273
f 11274 11273 11365
f 11365 11366 11274
f 11275 11274 11366
f 11366 11367 11275
f 11276 11275 11367
f 11367 11368 11276
f 11277 11276 11368
f 11368 11369 11277
f 11278 11277 11369
f 11369 11370 11278
f 11279 11278 11370
f 11370 11371 11279
f 11280 11279 11371
f 11371 11372 11280
f 11281 11280 11372
f 11372 11373 11281
f 11282 11281 11373
f 11373 11374 11282
f 11283 11282 11374
f 11374 11318 11283
f 11284 11283 11318
f 11318 11319 11284
f 11285 11284 11319
f 11319 11320 11285
f 11286 11285 11320
f 11320 11321 11286
f 11287 11286 11321
f 11321 11322 11287
f 11288 11287 11322
f 11322 11323 11288
f 11289 11288 11323
f 11323 11324 11289
f 11290 11289 11324
f 11324 11325 11290
f 11291 11290 11325
f 11325 11326 11291
f 11292 11291 11326
f 11326 11327 11292
f 11293 11292 11327
f 11327 11328 11293
f 11294 11293 11328
f 11328 11329 11294
f 11295 11294 11329
f 11329 11330 11295
f 11296 11295 11330
f 11330 11331 11296
f 11297 11296 11331
f 11331 11332 11297
f 11298 11297 11332
f 11332 11333 11298
f 11299 11298 11333
f 11333 11334 11299
f 11300 11299 11334
f 11334 11335 11300
f 11301 11300 11335
f 11335 11336 11301
f 11302 11301 11336
f 11336 11337 11302
f 11303 11302 11337
f 11337 11338 11303
f 11304 11303 11338
f 11338 11339 11304
f 11305 11304 11339
f 11339 11340 11305
f 11306 11305 11340
f 11340 11341 11306
f 11307 11306 11341
f 11341 11342 11307
f 11308 11307 11342
f 11342 11343 11308
f 11309 11308 11343
f 11343 11344 11309
f 11310 11309 11344
f 11344 11345 11310
f 11311 11310 11345
f 11345 11346 11311
f 11312 11311 11346
f 11346 11347 11312
f 11312 11312 11347
f 11347 11347 11312
f 11497 11431 11496
f 11467 11468 11436
f 11409 11408 11473
f 11409 11473 11474
f 11409 11474 11475
f 11409 11475 11410
f 11410 11475 11476
f 11410 11476 11411
f 11411 11476 11412
f 11412 11476 11477
f 11412 11477 11413
f 11413 11477 11478
f 11413 11478 11479
f 11413 11479 11414
f 11414 11479 11480
f 11414 11480 11415
f 11415 11480 11416
f 11416 11480 11481
f 11416 11481 11482
f 11416 11482 11417
f 11417 11482 11483
f 11417 11483 11418
f 11418 11483 11419
f 11419 11483 11484
f 11419 11484 11420
f 11420 11484 11485
f 11420 11485 11486
f 11420 11486 11421
f 11421 11486 11487
f 11421 11487 11422
f 11422 11487 11423
f 11423 11487 11488
f 11423 11488 11424
f 11424 11488 11489
f 11424 11489 11490
f 11424 11490 11425
f 11425 11490 11491
f 11425 11491 11426
f 11426 11491 11427
f 11427 11491 11492
f 11427 11492 11428
f 11428 11492 11493
f 11428 11493 11494
f 11428 11494 11429
f 11429 11494 11495
f 11429 11495 11430
f 11430 11495 11431
f 11431 11495 11496
f 11471 11472 11406
f 11471 11406 11405
f 11471 11405 11470
f 11469 11470 11405
f 11469 11405 11404
f 11469 11404 11436
f 11469 11436 11468
f 11406 11472 11407
f 11407 11472 11408
f 11408 11472 11473
f 11432 11442 11443
f 11432 11443 11444
f 11444 11443 11444
f 11444 11444 11445
f 11433 11445 11446
f 11452 11452 11453
f 11457 11458 11434
f 11434 11458 11459
f 11460 11459 11460
f 11460 11461 11435
f 11435 11461 11462
f 11439 11440 11439
f 11440 11440 11439
f 11441 11440 11440
f 11441 11441 11440
f 11450 11449 11449
f 11402 11401 11436
f 11436 11404 11402
f 11349 11402 11404
f 11404 11405 11349
f 11350 11349 11405
f 11405 11406 11350
f 11351 11350 11406
f 11406 11407 11351
f 11352 11351 11407
f 11407 11408 11352
f 11353 11352 11408
f 11408 11409 11353
f 11354 11353 11409
f 11409 11410 11354
f 11355 11354 11410
f 11410 11411 11355
f 11356 11355 11411
f 11411 11412 11356
f 11357 11356 11412
f 11412 11413 11357
f 11358 11357 11413
f 11413 11414 11358
f 11359 11358 11414
f 11414 11415 11359
f 11360 11359 11415
f 11415 11416 11360
f 11361 11360 11416
f 11416 11417 11361
f 11362 11361 11417
f 11417 11418 11362
f 11363 11362 11418
f 11418 11419 11363
f 11364 11363 11419
f 11419 11420 11364
f 11365 11364 11420
f 11420 11421 11365
f 11366 11365 11421
f 11421 11422 11366
f 11367 11366 11422
f 11422 11423 11367
f 11368 11367 11423
f 11423 11424 11368
f 11369 11368 11424
f 11424 11425 11369
f 11370 11369 11425
f 11425 11426 11370
f 11371 11370 11426
f 11426 11427 11371
f 11372 11371 11427
f 11427 11428 11372
f 11373 11372 11428
f 11428 11429 11373
f 11374 11373 11429
f 11429 11430 11374
f 11375 11374 11430
f 11430 11431 11375
f 11376 11375 11431
f 11431 11498 11376
f 11377 11376 11498
f 11498 11438 11377
f 11378 11377 11438
f 11438 11439 11378
f 11379 11378 11439
f 11439 11440 11379
f 11380 11379 11440
f 11440 11441 11380
f 11381 11380 11441
f 11441 11432 11381
f 11382 11381 11432
f 11432 11444 11382
f 11383 11382 11444
f 11444 11433 11383
f 11384 11383 11433
f 11433 11447 11384
f 11385 11384 11447
f 11447 11448 11385
f 11386 11385 11448
f 11448 11449 11386
f 11387 11386 11449
f 11449 11450 11387
f 11388 11387 11450
f 11450 11451 11388
f 11389 11388 11451
f 11451 11452 11389
f 11390 11389 11452
f 11452 11454 11390
f 11391 11390 11454
f 11454 11455 11391
f 11392 11391 11455
f 11455 11456 11392
f 11393 11392 11456
f 11456 11457 11393
f 11394 11393 11457
f 11457 11434 11394
f 11395 11394 11434
f 11434 11460 11395
f 11396 11395 11460
f 11460 11435 11396
f 11397 11396 11435
f 11435 11463 11397
f 11398 11397 11463
f 11463 11464 11398
f 11399 11398 11464
f 11464 11465 11399
f 11400 11399 11465
f 11465 11466 11400
f 11401 11400 11466
f 11466 11436 11401
f 11401 11401 11436
f 11436 11436 11401
f 11538 11537 11595
f 11538 11595 11596
f 11538 11596 11539
f 11539 11596 11540
f 11540 11596 11597
f 11540 11597 11541
f 11541 11597 11598
f 11541 11598 11542
f 11542 11598 11543
f 11543 11598 11599
f 11543 11599 11600
f 11543 11600 11544
f 11544 11600 11601
f 11544 11601 11545
f 11545 11601 11546
f 11546 11601 11602
f 11546 11602 11547
f 11547 11602 11603
f 11547 11603 11548
f 11548 11603 11604
f 11548 11604 11605
f 11548 11605 11549
f 11549 11605 11550
f 11550 11605 11606
f 11550 11606 11551
f 11551 11606 11607
f 11551 11607 11552
f 11552 11607 11608
f 11552 11608 11553
f 11553 11608 11609
f 11553 11609 11554
f 11554 11609 11555
f 11555 11609 11610
f 11555 11610 11556
f 11556 11610 11611
f 11556 11611 11557
f 11557 11611 11612
f 11557 11612 11558
f 11558 11612 11613
f 11558 11613 11559
f 11559 11613 11500
f 11500 11613 11614
f 11500 11614 11501
f 11508 11507 11566
f 11508 11566 11509
f 11509 11566 11567
f 11509 11567 11510
f 11510 11567 11568
f 11510 11568 11569
f 11510 11569 11511
f 11511 11569 11570
f 11511 11570 11512
f 11512 11570 11513
f 11513 11570 11571
f 11513 11571 11572
f 11513 11572 11514
f 11514 11572 11573
f 11514 11573 11515
f 11515 11573 11516
f 11516 11573 11574
f 11516 11574 11517
f 11517 11574 11575
f 11517 11575 11518
f 11518 11575 11576
f 11518 11576 11577
f 11518 11577 11519
f 11519 11577 11520
f 11520 11577 11578
f 11520 11578 11521
f 11521 11578 11579
f 11521 11579 11580
f 11521 11580 11522
f 11522 11580 11581
f 11522 11581 11523
f 11523 11581 11524
f 11524 11581 11582
f 11524 11582 11525
f 11525 11582 11583
f 11525 11583 11584
f 11525 11584 11526
f 11526 11584 11585
f 11526 11585 11527
f 11527 11585 11586
f 11527 11586 11528
f 11528 11586 11587
f 11528 11587 11529
f 11529 11587 11530
f 11530 11587 11588
f 11530 11588 11531
f 11531 11588 11589
f 11531 11589 11590
f 11531 11590 11532
f 11532 11590 11533
f 11533 11590 11591
f 11533 11591 11534
f 11534 11591 11592
f 11534 11592 11535
f 11535 11592 11593
f 11535 11593 11536
f 11536 11593 11594
f 11536 11594 11537
f 11537 11594 11595
f 11614 11615 11501
f 11501 11615 11616
f 11501 11616 11502
f 11502 11616 11503
f 11503 11616 11561
f 11503 11561 11504
f 11504 11561 11562
f 11504 11562 11505
f 11505 11562 11563
f 11505 11563 11506
f 11506 11563 11564
f 11506 11564 11565
f 11506 11565 11507
f 11507 11565 11566
f 11466 11465 11559
f 11559 11500 11466
f 11467 11466 11500
f 11500 11501 11467
f 11468 11467 11501
f 11501 11502 11468
f 11469 11468 11502
f 11502 11503 11469
f 11470 11469 11503
f 11503 11504 11470
f 11471 11470 11504
f 11504 11505 11471
f 11472 11471 11505
f 11505 11506 11472
f 11473 11472 11506
f 11506 11507 11473
f 11474 11473 11507
f 11507 11508 11474
f 11475 11474 11508
f 11508 11509 11475
f 11476 11475 11509
f 11509 11510 11476
f 11477 11476 11510
f 11510 11511 11477
f 11478 11477 11511
f 11511 11512 11478
f 11479 11478 11512
f 11512 11513 11479
f 11480 11479 11513
f 11513 11514 11480
f 11481 11480 11514
f 11514 11515 11481
f 11482 11481 11515
f 11515 11516 11482
f 11483 11482 11516
f 11516 11517 11483
f 11484 11483 11517
f 11517 11518 11484
f 11485 11484 11518
f 11518 11519 11485
f 11486 11485 11519
f 11519 11520 11486
f 11487 11486 11520
f 11520 11521 11487
f 11488 11487 11521
f 11521 11522 11488
f 11489 11488 11522
f 11522 11523 11489
f 11490 11489 11523
f 11523 11524 11490
f 11491 11490 11524
f 11524 11525 11491
f 11492 11491 11525
f 11525 11526 11492
f 11493 11492 11526
f 11526 11527 11493
f 11494 11493 11527
f 11527 11528 11494
f 11495 11494 11528
f 11528 11529 11495
f 11496 11495 11529
f 11529 11530 11496
f 11497 11496 11530
f 11530 11531 11497
f 11498 11497 11531
f 11531 11532 11498
f 11438 11498 11532
f 11532 11533 11438
f 11439 11438 11533
f 11533 11534 11439
f 11440 11439 11534
f 11534 11535 11440
f 11441 11440 11535
f 11535 11536 11441
f 11442 11441 11536
f 11536 11537 11442
f 11443 11442 11537
f 11537 11538 11443
f 11444 11443 11538
f 11538 11539 11444
f 11445 11444 11539
f 11539 11540 11445
f 11446 11445 11540
f 11540 11541 11446
f 11447 11446 11541
f 11541 11542 11447
f 11448 11447 11542
f 11542 11543 11448
f 11449 11448 11543
f 11543 11544 11449
f 11450 11449 11544
f 11544 11545 11450
f 11451 11450 11545
f 11545 11546 11451
f 11452 11451 11546
f 11546 11547 11452
f 11454 11452 11547
f 11547 11548 11454
f 11455 11454 11548
f 11548 11549 11455
f 11456 11455 11549
f 11549 11550 11456
f 11457 11456 11550
f 11550 11551 11457
f 11458 11457 11551
f 11551 11552 11458
f 11459 11458 11552
f 11552 11553 11459
f 11460 11459 11553
f 11553 11554 11460
f 11461 11460 11554
f 11554 11555 11461
f 11462 11461 11555
f 11555 11556 11462
f 11463 11462 11556
f 11556 11557 11463
f 11464 11463 11557
f 11557 11558 11464
f 11465 11464 11558
f 11558 11559 11465
f 11465 11465 11559
f 11559 11559 11465
f 11653 11652 11702
f 11653 11702 11703
f 11653 11703 11654
f 11654 11703 11704
f 11654 11704 11705
f 11654 11705 11655
f 11655 11705 11706
f 11655 11706 11656
f 11656 11706 11707
f 11656 11707 11657
f 11657 11707 11708
f 11657 11708 11658
f 11658 11708 11709
f 11658 11709 11710
f 11658 11710 11659
f 11659 11710 11660
f 11660 11710 11711
f 11660 11711 11661
f 11661 11711 11712
f 11661 11712 11713
f 11661 11713 11662
f 11662 11713 11714
f 11662 11714 11663
f 11663 11714 11664
f 11664 11714 11715
f 11664 11715 11665
f 11665 11715 11716
f 11665 11716 11717
f 11665 11717 11666
f 11666 11717 11718
f 11666 11718 11667
f 11667 11718 11719
f 11667 11719 11720
f 11667 11720 11668
f 11668 11720 11721
f 11668 11721 11669
f 11669 11721 11722
f 11669 11722 11670
f 11670 11722 11723
f 11670 11723 11671
f 11671 11723 11724
f 11671 11724 11725
f 11671 11725 11672
f 11672 11725 11673
f 11624 11623 11677
f 11624 11677 11678
f 11624 11678 11625
f 11625 11678 11626
f 11626 11678 11679
f 11626 11679 11627
f 11627 11679 11680
f 11627 11680 11628
f 11628 11680 11681
f 11628 11681 11629
f 11629 11681 11630
f 11630 11681 11682
f 11630 11682 11683
f 11630 11683 11631
f 11631 11683 11632
f 11632 11683 11684
f 11632 11684 11633
f 11633 11684 11685
f 11633 11685 11686
f 11633 11686 11634
f 11634 11686 11635
f 11635 11686 11687
f 11635 11687 11688
f 11635 11688 11636
f 11636 11688 11689
f 11636 11689 11637
f 11637 11689 11638
f 11638 11689 11690
f 11638 11690 11639
f 11639 11690 11691
f 11639 11691 11640
f 11640 11691 11641
f 11641 11691 11692
f 11641 11692 11642
f 11642 11692 11693
f 11642 11693 11643
f 11643 11693 11644
f 11644 11693 11694
f 11644 11694 11645
f 11645 11694 11695
f 11645 11695 11696
f 11645 11696 11646
f 11646 11696 11647
f 11647 11696 11697
f 11647 11697 11648
f 11648 11697 11649
f 11649 11697 11698
f 11649 11698 11699
f 11649 11699 11650
f 11650 11699 11651
f 11651 11699 11700
f 11651 11700 11652
f 11652 11700 11701
f 11652 11701 11702
f 11725 11726 11673
f 11673 11726 11618
f 11618 11726 11727
f 11618 11727 11619
f 11619 11727 11728
f 11619 11728 11620
f 11620 11728 11675
f 11620 11675 11621
f 11621 11675 11622
f 11622 11675 11676
f 11622 11676 11623
f 11623 11676 11677
f 11616 11615 11673
f 11673 11618 11616
f 11561 11616 11618
f 11618 11619 11561
f 11562 11561 11619
f 11619 11620 11562
f 11563 11562 11620
f 11620 11621 11563
f 11564 11563 11621
f 11621 11622 11564
f 11565 11564 11622
f 11622 11623 11565
f 11566 11565 11623
f 11623 11624 11566
f 11567 11566 11624
f 11624 11625 11567
f 11568 11567 11625
f 11625 11626 11568
f 11569 11568 11626
f 11626 11627 11569
f 11570 11569 11627
f 11627 11628 11570
f 11571 11570 11628
f 11628 11629 11571
f 11572 11571 11629
f 11629 11630 11572
f 11573 11572 11630
f 11630 11631 11573
f 11574 11573 11631
f 11631 11632 11574
f 11575 11574 11632
f 11632 11633 11575
f 11576 11575 11633
f 11633 11634 11576
f 11577 11576 11634
f 11634 11635 11577
f 11578 11577 11635
f 11635 11636 11578
f 11579 11578 11636
f 11636 11637 11579
f 11580 11579 11637
f 11637 11638 11580
f 11581 11580 11638
f 11638 11639 11581
f 11582 11581 11639
f 11639 11640 11582
f 11583 11582 11640
f 11640 11641 11583
f 11584 11583 11641
f 11641 11642 11584
f 11585 11584 11642
f 11642 11643 11585
f 11586 11585 11643
f 11643 11644 11586
f 11587 11586 11644
f 11644 11645 11587
f 11588 11587 11645
f 11645 11646 11588
f 11589 11588 11646
f 11646 11647 11589
f 11590 11589 11647
f 11647 11648 11590
f 11591 11590 11648
f 11648 11649 11591
f 11592 11591 11649
f 11649 11650 11592
f 11593 11592 11650
f 11650 11651 11593
f 11594 11593 11651
f 11651 11652 11594
f 11595 11594 11652
f 11652 11653 11595
f 11596 11595 11653
f 11653 11654 11596
f 11597 11596 11654
f 11654 11655 11597
f 11598 11597 11655
f 11655 11656 11598
f 11599 11598 11656
f 11656 11657 11599
f 11600 11599 11657
f 11657 11658 11600
f 11601 11600 11658
f 11658 11659 11601
f 11602 11601 11659
f 11659 11660 11602
f 11603 11602 11660
f 11660 11661 11603
f 11604 11603 11661
f 11661 11662 11604
f 11605 11604 11662
f 11662 11663 11605
f 11606 11605 11663
f 11663 11664 11606
f 11607 11606 11664
f 11664 11665 11607
f 11608 11607 11665
f 11665 11666 11608
f 11609 11608 11666
f 11666 11667 11609
f 11610 11609 11667
f 11667 11668 11610
f 11611 11610 11668
f 11668 11669 11611
f 11612 11611 11669
f 11669 11670 11612
f 11613 11612 11670
f 11670 11671 11613
f 11614 11613 11671
f 11671 11672 11614
f 11615 11614 11672
f 11672 11673 11615
f 11615 11615 11673
f 11673 11673 11615
f 11759 11758 11819
f 11759 11819 11820
f 11759 11820 11821
f 11759 11821 11760
f 11760 11821 11822
f 11760 11822 11761
f 11761 11822 11762
f 11762 11822 11823
f 11762 11823 11763
f 11763 11823 11824
f 11763 11824 11825
f 11763 11825 11764
f 11764 11825 11826
f 11764 11826 11765
f 11765 11826 11827
f 11765 11827 11766
f 11766 11827 11828
f 11766 11828 11767
f 11767 11828 11768
f 11768 11828 11829
f 11768 11829 11769
f 11769 11829 11830
f 11769 11830 11770
f 11770 11830 11831
f 11770 11831 11832
f 11770 11832 11771
f 11771 11832 11833
f 11771 11833 11772
f 11772 11833 11773
f 11773 11833 11834
f 11773 11834 11774
f 11774 11834 11835
f 11774 11835 11836
f 11774 11836 11775
f 11775 11836 11837
f 11775 11837 11776
f 11776 11837 11777
f 11777 11837 11838
f 11777 11838 11778
f 11778 11838 11839
f 11778 11839 11840
f 11778 11840 11779
f 11779 11840 11841
f 11779 11841 11780
f 11780 11841 11842
f 11780 11842 11781
f 11781 11842 11782
f 11733 11732 11790
f 11733 11790 11791
f 11733 11791 11734
f 11734 11791 11792
f 11734 11792 11793
f 11734 11793 11735
f 11735 11793 11794
f 11735 11794 11736
f 11736 11794 11795
f 11736 11795 11796
f 11736 11796 11737
f 11737 11796 11797
f 11737 11797 11738
f 11738 11797 11739
f 11739 11797 11798
f 11739 11798 11799
f 11739 11799 11740
f 11740 11799 11800
f 11740 11800 11741
f 11741 11800 11801
f 11741 11801 11742
f 11742 11801 11743
f 11743 11801 11802
f 11743 11802 11744
f 11744 11802 11803
f 11744 11803 11804
f 11744 11804 11745
f 11745 11804 11805
f 11745 11805 11746
f 11746 11805 11806
f 11746 11806 11747
f 11747 11806 11807
f 11747 11807 11808
f 11747 11808 11748
f 11748 11808 11809
f 11748 11809 11749
f 11749 11809 11810
f 11749 11810 11811
f 11749 11811 11750
f 11750 11811 11751
f 11751 11811 11812
f 11751 11812 11752
f 11752 11812 11813
f 11752 11813 11814
f 11752 11814 11753
f 11753 11814 11754
f 11754 11814 11815
f 11754 11815 11755
f 11755 11815 11816
f 11755 11816 11817
f 11755 11817 11756
f 11756 11817 11818
f 11756 11818 11757
f 11757 11818 11758
f 11758 11818 11819
f 11842 11785 11782
f 11782 11785 11786
f 11782 11786 11783
f 11783 11786 11730
f 11730 11786 11787
f 11730 11787 11731
f 11731 11787 11788
f 11731 11788 11789
f 11731 11789 11732
f 11732 11789 11790
f 11728 11727 11783
f 11783 11730 11728
f 11675 11728 11730
f 11730 11731 11675
f 11676 11675 11731
f 11731 11732 11676
f 11677 11676 11732
f 11732 11733 11677
f 11678 11677 11733
f 11733 11734 11678
f 11679 11678 11734
f 11734 11735 11679
f 11680 11679 11735
f 11735 11736 11680
f 11681 11680 11736
f 11736 11737 11681
f 11682 11681 11737
f 11737 11738 11682
f 11683 11682 11738
f 11738 11739 11683
f 11684 11683 11739
f 11739 11740 11684
f 11685 11684 11740
f 11740 11741 11685
f 11686 11685 11741
f 11741 11742 11686
f 11687 11686 11742
f 11742 11743 11687
f 11688 11687 11743
f 11743 11744 11688
f 11689 11688 11744
f 11744 11745 11689
f 11690 11689 11745
f 11745 11746 11690
f 11691 11690 11746
f 11746 11747 11691
f 11692 11691 11747
f 11747 11748 11692
f 11693 11692 11748
f 11748 11749 11693
f 11694 11693 11749
f 11749 11750 11694
f 11695 11694 11750
f 11750 11751 11695
f 11696 11695 11751
f 11751 11752 11696
f 11697 11696 11752
f 11752 11753 11697
f 11698 11697 11753
f 11753 11754 11698
f 11699 11698 11754
f 11754 11755 11699
f 11700 11699 11755
f 11755 11756 11700
f 11701 11700 11756
f 11756 11757 11701
f 11702 11701 11757
f 11757 11758 11702
f 11703 11702 11758
f 11758 11759 11703
f 11704 11703 11759
f 11759 11760 11704
f 11705 11704 11760
f 11760 11761 11705
f 11706 11705 11761
f 11761 11762 11706
f 11707 11706 11762
f 11762 11763 11707
f 11708 11707 11763
f 11763 11764 11708
f 11709 11708 11764
f 11764 11765 11709
f 11710 11709 11765
f 11765 11766 11710
f 11711 11710 11766
f 11766 11767 11711
f 11712 11711 11767
f 11767 11768 11712
f 11713 11712 11768
f 11768 11769 11713
f 11714 11713 11769
f 11769 11770 11714
f 11715 11714 11770
f 11770 11771 11715
f 11716 11715 11771
f 11771 11772 11716
f 11717 11716 11772
f 11772 11773 11717
f 11718 11717 11773
f 11773 11774 11718
f 11719 11718 11774
f 11774 11775 11719
f 11720 11719 11775
f 11775 11776 11720
f 11721 11720 11776
f 11776 11777 11721
f 11722 11721 11777
f 11777 11778 11722
f 11723 11722 11778
f 11778 11779 11723
f 11724 11723 11779
f 11779 11780 11724
f 11725 11724 11780
f 11780 11781 11725
f 11726 11725 11781
f 11781 11782 11726
f 11727 11726 11782
f 11782 11783 11727
f 11727 11727 11783
f 11783 11783 11727
f 11880 11879 11935
f 11880 11935 11936
f 11880 11936 11937
f 11880 11937 11881
f 11881 11937 11882
f 11882 11937 11938
f 11882 11938 11883
f 11883 11938 11939
f 11883 11939 11940
f 11883 11940 11884
f 11884 11940 11941
f 11884 11941 11885
f 11885 11941 11886
f 11886 11941 11942
f 11886 11942 11943
f 11886 11943 11887
f 11887 11943 11888
f 11888 11943 11944
f 11888 11944 11889
f 11889 11944 11945
f 11889 11945 11946
f 11889 11946 11890
f 11890 11946 11891
f 11891 11946 11947
f 11891 11947 11892
f 11892 11947 11948
f 11892 11948 11949
f 11892 11949 11893
f 11893 11949 11950
f 11893 11950 11894
f 11894 11950 11895
f 11895 11950 11951
f 11895 11951 11952
f 11895 11952 11896
f 11896 11952 11897
f 11897 11952 11953
f 11897 11953 11898
f 11898 11953 11954
f 11898 11954 11955
f 11898 11955 11899
f 11899 11955 11956
f 11899 11956 11900
f 11900 11956 11957
f 11900 11957 11901
f 11901 11957 11844
f 11844 11957 11845
f 11851 11850 11908
f 11851 11908 11852
f 11852 11908 11909
f 11852 11909 11853
f 11853 11909 11910
f 11853 11910 11911
f 11853 11911 11854
f 11854 11911 11855
f 11855 11911 11912
f 11855 11912 11913
f 11855 11913 11856
f 11856 11913 11914
f 11856 11914 11857
f 11857 11914 11915
f 11857 11915 11858
f 11858 11915 11859
f 11859 11915 11916
f 11859 11916 11860
f 11860 11916 11917
f 11860 11917 11861
f 11861 11917 11918
f 11861 11918 11862
f 11862 11918 11919
f 11862 11919 11920
f 11862 11920 11863
f 11863 11920 11864
f 11864 11920 11921
f 11864 11921 11865
f 11865 11921 11922
f 11865 11922 11923
f 11865 11923 11866
f 11866 11923 11867
f 11867 11923 11924
f 11867 11924 11925
f 11867 11925 11868
f 11868 11925 11926
f 11868 11926 11869
f 11869 11926 11870
f 11870 11926 11927
f 11870 11927 11928
f 11870 11928 11871
f 11871 11928 11929
f 11871 11929 11872
f 11872 11929 11930
f 11872 11930 11873
f 11873 11930 11931
f 11873 11931 11874
f 11874 11931 11875
f 11875 11931 11876
f 11876 11931 11932
f 11876 11932 11877
f 11877 11932 11933
f 11877 11933 11934
f 11877 11934 11878
f 11878 11934 11935
f 11878 11935 11879
f 11957 11958 11845
f 11845 11958 11846
f 11846 11958 11903
f 11846 11903 11847
f 11847 11903 11904
f 11847 11904 11905
f 11847 11905 11848
f 11848 11905 11849
f 11849 11905 11906
f 11849 11906 11850
f 11850 11906 11907
f 11850 11907 11908
f 11842 11841 11901
f 11901 11844 11842
f 11785 11842 11844
f 11844 11845 11785
f 11786 11785 11845
f 11845 11846 11786
f 11787 11786 11846
f 11846 11847 11787
f 11788 11787 11847
f 11847 11848 11788
f 11789 11788 11848
f 11848 11849 11789
f 11790 11789 11849
f 11849 11850 11790
f 11791 11790 11850
f 11850 11851 11791
f 11792 11791 11851
f 11851 11852 11792
f 11793 11792 11852
f 11852 11853 11793
f 11794 11793 11853
f 11853 11854 11794
f 11795 11794 11854
f 11854 11855 11795
f 11796 11795 11855
f 11855 11856 11796
f 11797 11796 11856
f 11856 11857 11797
f 11798 11797 11857
f 11857 11858 11798
f 11799 11798 11858
f 11858 11859 11799
f 11800 11799 11859
f 11859 11860 11800
f 11801 11800 11860
f 11860 11861 11801
f 11802 11801 11861
f 11861 11862 11802
f 11803 11802 11862
f 11862 11863 11803
f 11804 11803 11863
f 11863 11864 11804
f 11805 11804 11864
f 11864 11865 11805
f 11806 11805 11865
f 11865 11866 11806
f 11807 11806 11866
f 11866 11867 11807
f 11808 11807 11867
f 11867 11868 11808
f 11809 11808 11868
f 11868 11869 11809
f 11810 11809 11869
f 11869 11870 11810
f 11811 11810 11870
f 11870 11871 11811
f 11812 11811 11871
f 11871 11872 11812
f 11813 11812 11872
f 11872 11873 11813
f 11814 11813 11873
f 11873 11874 11814
f 11815 11814 11874
f 11874 11875 11815
f 11816 11815 11875
f 11875 11876 11816
f 11817 11816 11876
f 11876 11877 11817
f 11818 11817 11877
f 11877 11878 11818
f 11819 11818 11878
f 11878 11879 11819
f 11820 11819 11879
f 11879 11880 11820
f 11821 11820 11880
f 11880 11881 11821
f 11822 11821 11881
f 11881 11882 11822
f 11823 11822 11882
f 11882 11883 11823
f 11824 11823 11883
f 11883 11884 11824
f 11825 11824 11884
f 11884 11885 11825
f 11826 11825 11885
f 11885 11886 11826
f 11827 11826 11886
f 11886 11887 11827
f 11828 11827 11887
f 11887 11888 11828
f 11829 11828 11888
f 11888 11889 11829
f 11830 11829 11889
f 11889 11890 11830
f 11831 11830 11890
f 11890 11891 11831
f 11832 11831 11891
f 11891 11892 11832
f 11833 11832 11892
f 11892 11893 11833
f 11834 11833 11893
f 11893 11894 11834
f 11835 11834 11894
f 11894 11895 11835
f 11836 11835 11895
f 11895 11896 11836
f 11837 11836 11896
f 11896 11897 11837
f 11838 11837 11897
f 11897 11898 11838
f 11839 11838 11898
f 11898 11899 11839
f 11840 11839 11899
f 11899 11900 11840
f 11841 11840 11900
f 11900 11901 11841
f 11841 11841 11901
f 11901 11901 11841
f 11994 11993 11988
f 11994 11988 11995
f 11995 11988 11996
f 11996 11988 11997
f 11997 11988 11998
f 11998 11988 11999
f 11999 11988 12000
f 12000 11988 12001
f 12001 11988 12002
f 12002 11988 11960
f 12002 11960 12003
f 12003 11960 12004
f 12004 11960 12005
f 12005 11960 12006
f 12006 11960 12007
f 12007 11960 12008
f 12008 11960 12009
f 12009 11960 12010
f 12010 11960 12011
f 12011 11960 12012
f 12012 11960 12013
f 12013 11960 12014
f 12014 11960 12015
f 11966 11965 11964
f 11966 11964 11961
f 11966 11961 11960
f 11966 11960 11987
f 11966 11987 11981
f 11966 11981 11972
f 11966 11972 11968
f 11966 11968 11967
f 11968 11972 11969
f 11969 11972 11971
f 11969 11971 11970
f 11972 11981 11975
f 11972 11975 11973
f 11973 11975 11974
f 11975 11981 11976
f 11976 11981 11979
f 11976 11979 11978
f 11976 11978 11977
f 11979 11981 11980
f 11981 11987 11986
f 11981 11986 11983
f 11981 11983 11982
f 11983 11986 11984
f 11984 11986 11985
f 11987 11960 11988
f 11961 11964 11963
f 11961 11963 11962
f 11988 11993 11992
f 11988 11992 11991
f 11988 11991 11990
f 11988 11990 11989
f 11958 11957 12015
f 12015 11960 11958
f 11903 11958 11960
f 11960 11961 11903
f 11904 11903 11961
f 11961 11962 11904
f 11905 11904 11962
f 11962 11963 11905
f 11906 11905 11963
f 11963 11964 11906
f 11907 11906 11964
f 11964 11965 11907
f 11908 11907 11965
f 11965 11966 11908
f 11909 11908 11966
f 11966 11967 11909
f 11910 11909 11967
f 11967 11968 11910
f 11911 11910 11968
f 11968 11969 11911
f 11912 11911 11969
f 11969 11970 11912
f 11913 11912 11970
f 11970 11971 11913
f 11914 11913 11971
f 11971 11972 11914
f 11915 11914 11972
f 11972 11973 11915
f 11916 11915 11973
f 11973 11974 11916
f 11917 11916 11974
f 11974 11975 11917
f 11918 11917 11975
f 11975 11976 11918
f 11919 11918 11976
f 11976 11977 11919
f 11920 11919 11977
f 11977 11978 11920
f 11921 11920 11978
f 11978 11979 11921
f 11922 11921 11979
f 11979 11980 11922
f 11923 11922 11980
f 11980 11981 11923
f 11924 11923 11981
f 11981 11982 11924
f 11925 11924 11982
f 11982 11983 11925
f 11926 11925 11983
f 11983 11984 11926
f 11927 11926 11984
f 11984 11985 11927
f 11928 11927 11985
f 11985 11986 11928
f 11929 11928 11986
f 11986 11987 11929
f 11930 11929 11987
f 11987 11988 11930
f 11931 11930 11988
f 11988 11989 11931
f 11932 11931 11989
f 11989 11990 11932
f 11933 11932 11990
f 11990 11991 11933
f 11934 11933 11991
f 11991 11992 11934
f 11935 11934 11992
f 11992 11993 11935
f 11936 11935 11993
f 11993 11994 11936
f 11937 11936 11994
f 11994 11995 11937
f 11938 11937 11995
f 11995 11996 11938
f 11939 11938 11996
f 11996 11997 11939
f 11940 11939 11997
f 11997 11998 11940
f 11941 11940 11998
f 11998 11999 11941
f 11942 11941 11999
f 11999 12000 11942
f 11943 11942 12000
f 12000 12001 11943
f 11944 11943 12001
f 12001 12002 11944
f 11945 11944 12002
f 12002 12003 11945
f 11946 11945 12003
f 12003 12004 11946
f 11947 11946 12004
f 12004 12005 11947
f 11948 11947 12005
f 12005 12006 11948
f 11949 11948 12006
f 12006 12007 11949
f 11950 11949 12007
f 12007 12008 11950
f 11951 11950 12008
f 12008 12009 11951
f 11952 11951 12009
f 12009 12010 11952
f 11953 11952 12010
f 12010 12011 11953
f 11954 11953 12011
f 12011 12012 11954
f 11955 11954 12012
f 12012 12013 11955
f 11956 11955 12013
f 12013 12014 11956
f 11957 11956 12014
f 12014 12015 11957
f 11957 11957 12015
f 12015 12015 11957
