v 7.912350325892335 60.5 1.253193178018364
v 8.0 60.5 0.4192622342641966
v 8.0 60.5 -4.143593539448791
v 7.558393627286955 60.5 -4.90847821393445
v 7.003912271463472 60.5 -5.671656327328223
v 6.3726945871294305 60.5 -6.3726945871311464
v 5.67165632732905 60.5 -7.003912271462854
v 4.908478213936067 60.5 -7.558393627285722
v 4.091521786063112 60.5 -8.030063640834328
v 3.2297377892997896 60.5 -8.413754596733181
v 2.332568109449853 60.5 -8.705262696579402
v 1.4098423252696946 60.5 -8.901394116629007
v 0.47167001354749294 60.5 -9.0
v -0.47167001354757065 60.5 -9.0
v -1.4098423252700631 60.5 -8.901394116628977
v -2.3325681094485207 60.5 -8.705262696579732
v -3.22973778930055 60.5 -8.41375459673284
v -4.091521786065349 60.5 -8.030063640833305
v -4.908478213935933 60.5 -7.558393627286033
v -5.67165632732666 60.5 -7.003912271464778
v -6.372694587131601 60.5 -6.372694587128886
v -7.003912271463164 60.5 -5.671656327328732
v -7.558393627285833 60.5 -4.908478213936064
v -8.030063640833628 60.5 -4.091521786064586
v -8.389298628030573 60.5 -3.2846667943472365
v -7.912350325892438 60.5 1.2531931780177337
v -7.738011285848442 60.5 2.0733938750663263
v -7.478892974873657 60.5 2.8708780349342033
v -7.137834347408438 60.5 3.636908254278481
v -6.718572113143634 60.5 4.363091745720052
v -6.225699796856754 60.5 5.0414722909580885
v -5.664617410782293 60.5 5.6646174107825455
v -5.041472290959343 60.5 6.225699796855577
v -4.36309174571832 60.5 6.71857211314464
v -3.6369082542817415 60.5 7.13783434740662
v -2.87087803493243 60.5 7.4788929748741015
v -2.073393875065306 60.5 7.738011285848664
v -1.2531931780181855 60.5 7.912350325892353
v -0.4192622342641674 60.5 8.0
v 0.4192622342644414 60.5 8.0
v 1.2531931780188224 60.5 7.912350325892314
v 2.0733938750657264 60.5 7.7380112858486765
v 2.8708780349328604 60.5 7.478892974874095
v 3.6369082542788824 60.5 7.137834347408056
v 4.363091745720443 60.5 6.718572113143212
v 5.041472290960559 60.5 6.225699796854804
v 5.664617410780919 60.5 5.664617410784112
v 6.225699796856121 60.5 5.041472290958771
v 6.718572113143651 60.5 4.3630917457198635
v 7.137834347406943 60.5 3.636908254281
v 7.478892974874471 60.5 2.870878034931639
v 7.738011285848464 60.5 2.0733938750663228
v 7.912350325892335 60.5 1.253193178018364
v 10.879481698102051 59.5 1.7231406197747674
v 11.0 59.5 0.5764855721136596
v 11.0 59.5 -0.5764855721131912
v 10.87948169810192 59.5 -1.723140619775723
v 10.639765518041997 59.5 -2.850916578214665
v 10.28347784045239 59.5 -3.9474572980308764
v 9.814522227684336 59.5 -5.000748849636619
v 9.238036655571948 59.5 -5.999251150365779
v 8.560337220677999 59.5 -6.932024400067457
v 7.788848939825713 59.5 -7.788848939826104
v 6.932024400068519 59.5 -8.560337220677098
v 5.99925115036667 59.5 -9.238036655571296
v 5.000748849632846 59.5 -9.814522227686442
v 3.9474572980340343 59.5 -10.283477840451397
v 2.850916578216415 59.5 -10.639765518041552
v 1.723140619774414 59.5 -10.879481698102081
v 0.5764855721135822 59.5 -11.0
v -0.5764855721135644 59.5 -11.0
v -1.7231406197739476 59.5 -10.879481698102126
v -2.850916578216444 59.5 -10.639765518041468
v -3.947457298034018 59.5 -10.283477840451326
v -5.000748849633512 59.5 -9.814522227686098
v -5.99925115036617 59.5 -9.238036655571626
v -6.93202440006926 59.5 -8.560337220676566
v -7.788848939825311 59.5 -7.7888489398265826
v -8.560337220676207 59.5 -6.932024400069505
v -9.238036655572646 59.5 -5.999251150364515
v -9.814522227685748 59.5 -5.000748849634206
v -10.283477840451056 59.5 -3.9474572980345357
v -10.639765518041985 59.5 -2.850916578214516
v -10.879481698102051 59.5 -1.7231406197747674
v -11.0 59.5 -0.5764855721136596
v -11.0 59.5 0.5764855721131912
v -10.87948169810192 59.5 1.723140619775723
v -10.639765518041997 59.5 2.850916578214665
v -10.28347784045239 59.5 3.9474572980308764
v -9.814522227684336 59.5 5.000748849636619
v -9.238036655571948 59.5 5.999251150365779
v -8.560337220677999 59.5 6.932024400067457
v -7.788848939825713 59.5 7.788848939826104
v -6.932024400068519 59.5 8.560337220677098
v -5.99925115036667 59.5 9.238036655571296
v -5.000748849632846 59.5 9.814522227686442
v -3.9474572980340343 59.5 10.283477840451397
v -2.850916578216415 59.5 10.639765518041552
v -1.723140619774414 59.5 10.879481698102081
v -0.5764855721135822 59.5 11.0
v 0.5764855721135644 59.5 11.0
v 1.7231406197739476 59.5 10.879481698102126
v 2.850916578216444 59.5 10.639765518041468
v 3.947457298034018 59.5 10.283477840451326
v 5.000748849633512 59.5 9.814522227686098
v 5.99925115036617 59.5 9.238036655571626
v 6.93202440006926 59.5 8.560337220676566
v 7.788848939825311 59.5 7.7888489398265826
v 8.560337220676207 59.5 6.932024400069505
v 9.238036655572646 59.5 5.999251150364515
v 9.814522227685748 59.5 5.000748849634206
v 10.283477840451056 59.5 3.9474572980345357
v 10.639765518041985 59.5 2.850916578214516
v 10.879481698102051 59.5 1.7231406197747674
v 8.0 59.5 0.4192622342641966
v 8.0 59.5 -4.143593539448791
v 7.558393627286955 59.5 -4.90847821393445
v 7.003912271463472 59.5 -5.671656327328223
v 6.3726945871294305 59.5 -6.3726945871311464
v 5.67165632732905 59.5 -7.003912271462854
v 4.908478213936067 59.5 -7.558393627285722
v 4.091521786063112 59.5 -8.030063640834328
v 3.2297377892997896 59.5 -8.413754596733181
v 2.332568109449853 59.5 -8.705262696579402
v 1.4098423252696946 59.5 -8.901394116629007
v 0.47167001354749294 59.5 -9.0
v -0.47167001354757065 59.5 -9.0
v -1.4098423252700631 59.5 -8.901394116628977
v -2.3325681094485207 59.5 -8.705262696579732
v -3.22973778930055 59.5 -8.41375459673284
v -4.091521786065349 59.5 -8.030063640833305
v -4.908478213935933 59.5 -7.558393627286033
v -5.67165632732666 59.5 -7.003912271464778
v -6.372694587131601 59.5 -6.372694587128886
v -7.003912271463164 59.5 -5.671656327328732
v -7.558393627285833 59.5 -4.908478213936064
v -8.030063640833628 59.5 -4.091521786064586
v -8.389298628030573 59.5 -3.2846667943472365
v -7.912350325892438 59.5 1.2531931780177337
v -7.738011285848442 59.5 2.0733938750663263
v -7.478892974873657 59.5 2.8708780349342033
v -7.137834347408438 59.5 3.636908254278481
v -6.718572113143634 59.5 4.363091745720052
v -6.225699796856754 59.5 5.0414722909580885
v -5.664617410782293 59.5 5.6646174107825455
v -5.041472290959343 59.5 6.225699796855577
v -4.36309174571832 59.5 6.71857211314464
v -3.6369082542817415 59.5 7.13783434740662
v -2.87087803493243 59.5 7.4788929748741015
v -2.073393875065306 59.5 7.738011285848664
v -1.2531931780181855 59.5 7.912350325892353
v -0.4192622342641674 59.5 8.0
v 0.4192622342644414 59.5 8.0
v 1.2531931780188224 59.5 7.912350325892314
v 2.0733938750657264 59.5 7.7380112858486765
v 2.8708780349328604 59.5 7.478892974874095
v 3.6369082542788824 59.5 7.137834347408056
v 4.363091745720443 59.5 6.718572113143212
v 5.041472290960559 59.5 6.225699796854804
v 5.664617410780919 59.5 5.664617410784112
v 6.225699796856121 59.5 5.041472290958771
v 6.718572113143651 59.5 4.3630917457198635
v 7.137834347406943 59.5 3.636908254281
v 7.478892974874471 59.5 2.870878034931639
v 7.738011285848464 59.5 2.0733938750663228
v 7.912350325892335 59.5 1.253193178018364
v 8.0 59.5 0.4192622342641966
v 11.868525488838554 58.5 1.8797897670273613
v 12.0 58.5 0.6288933513965942
v 12.0 58.5 -0.6288933513964172
v 11.868525488838602 58.5 -1.8797897670267383
v 11.607016928772406 58.5 -3.110090812600259
v 11.218339462311105 58.5 -4.306317052399101
v 10.706751521111284 58.5 -5.4553623814198975
v 10.077858169715588 58.5 -6.544637618579467
v 9.338549695283653 58.5 -7.562208436438784
v 8.496926116173286 58.5 -8.496926116174153
v 7.562208436438382 58.5 -9.338549695284105
v 6.544637618579834 58.5 -10.077858169715523
v 5.455362381421858 58.5 -10.706751521110288
v 4.306317052397743 58.5 -11.218339462311592
v 3.110090812599683 58.5 -11.60701692877262
v 1.8797897670269341 58.5 -11.86852548883859
v 0.6288933513965107 58.5 -12.0
v -0.6288933513965587 58.5 -12.0
v -1.8797897670274155 58.5 -11.868525488838541
v -3.1100908125986404 58.5 -11.607016928772888
v -4.306317052399194 58.5 -11.218339462311057
v -5.455362381419959 58.5 -10.706751521111231
v -6.544637618581744 58.5 -10.077858169714279
v -7.562208436438397 58.5 -9.338549695284224
v -8.496926116175011 58.5 -8.496926116172686
v -9.338549695283282 58.5 -7.562208436439711
v -10.077858169714467 58.5 -6.544637618581504
v -10.706751521111936 58.5 -5.455362381418819
v -11.218339462310407 58.5 -4.306317052401113
v -11.607016928772952 58.5 -3.1100908125983437
v -11.868525488838554 58.5 -1.8797897670273613
v -12.0 58.5 -0.6288933513965942
v -12.0 58.5 0.6288933513964172
v -11.868525488838602 58.5 1.8797897670267383
v -11.607016928772406 58.5 3.110090812600259
v -11.218339462311105 58.5 4.306317052399101
v -10.706751521111284 58.5 5.4553623814198975
v -10.077858169715588 58.5 6.544637618579467
v -9.338549695283653 58.5 7.562208436438784
v -8.496926116173286 58.5 8.496926116174153
v -7.562208436438382 58.5 9.338549695284105
v -6.544637618579834 58.5 10.077858169715523
v -5.455362381421858 58.5 10.706751521110288
v -4.306317052397743 58.5 11.218339462311592
v -3.110090812599683 58.5 11.60701692877262
v -1.8797897670269341 58.5 11.86852548883859
v -0.6288933513965107 58.5 12.0
v 0.6288933513965587 58.5 12.0
v 1.8797897670274155 58.5 11.868525488838541
v 3.1100908125986404 58.5 11.607016928772888
v 4.306317052399194 58.5 11.218339462311057
v 5.455362381419959 58.5 10.706751521111231
v 6.544637618581744 58.5 10.077858169714279
v 7.562208436438397 58.5 9.338549695284224
v 8.496926116175011 58.5 8.496926116172686
v 9.338549695283282 58.5 7.562208436439711
v 10.077858169714467 58.5 6.544637618581504
v 10.706751521111936 58.5 5.455362381418819
v 11.218339462310407 58.5 4.306317052401113
v 11.607016928772952 58.5 3.1100908125983437
v 11.868525488838554 58.5 1.8797897670273613
v 11.0 58.5 0.5764855721136596
v 11.0 58.5 -0.5764855721131912
v 10.87948169810192 58.5 -1.723140619775723
v 10.639765518041997 58.5 -2.850916578214665
v 10.28347784045239 58.5 -3.9474572980308764
v 9.814522227684336 58.5 -5.000748849636619
v 9.238036655571948 58.5 -5.999251150365779
v 8.560337220677999 58.5 -6.932024400067457
v 7.788848939825713 58.5 -7.788848939826104
v 6.932024400068519 58.5 -8.560337220677098
v 5.99925115036667 58.5 -9.238036655571296
v 5.000748849632846 58.5 -9.814522227686442
v 3.9474572980340343 58.5 -10.283477840451397
v 2.850916578216415 58.5 -10.639765518041552
v 1.723140619774414 58.5 -10.879481698102081
v 0.5764855721135822 58.5 -11.0
v -0.5764855721135644 58.5 -11.0
v -1.7231406197739476 58.5 -10.879481698102126
v -2.850916578216444 58.5 -10.639765518041468
v -3.947457298034018 58.5 -10.283477840451326
v -5.000748849633512 58.5 -9.814522227686098
v -5.99925115036617 58.5 -9.238036655571626
v -6.93202440006926 58.5 -8.560337220676566
v -7.788848939825311 58.5 -7.7888489398265826
v -8.560337220676207 58.5 -6.932024400069505
v -9.238036655572646 58.5 -5.999251150364515
v -9.814522227685748 58.5 -5.000748849634206
v -10.283477840451056 58.5 -3.9474572980345357
v -10.639765518041985 58.5 -2.850916578214516
v -10.879481698102051 58.5 -1.7231406197747674
v -11.0 58.5 -0.5764855721136596
v -11.0 58.5 0.5764855721131912
v -10.87948169810192 58.5 1.723140619775723
v -10.639765518041997 58.5 2.850916578214665
v -10.28347784045239 58.5 3.9474572980308764
v -9.814522227684336 58.5 5.000748849636619
v -9.238036655571948 58.5 5.999251150365779
v -8.560337220677999 58.5 6.932024400067457
v -7.788848939825713 58.5 7.788848939826104
v -6.932024400068519 58.5 8.560337220677098
v -5.99925115036667 58.5 9.238036655571296
v -5.000748849632846 58.5 9.814522227686442
v -3.9474572980340343 58.5 10.283477840451397
v -2.850916578216415 58.5 10.639765518041552
v -1.723140619774414 58.5 10.879481698102081
v -0.5764855721135822 58.5 11.0
v 0.5764855721135644 58.5 11.0
v 1.7231406197739476 58.5 10.879481698102126
v 2.850916578216444 58.5 10.639765518041468
v 3.947457298034018 58.5 10.283477840451326
v 5.000748849633512 58.5 9.814522227686098
v 5.99925115036617 58.5 9.238036655571626
v 6.93202440006926 58.5 8.560337220676566
v 7.788848939825311 58.5 7.7888489398265826
v 8.560337220676207 58.5 6.932024400069505
v 9.238036655572646 58.5 5.999251150364515
v 9.814522227685748 58.5 5.000748849634206
v 10.283477840451056 58.5 3.9474572980345357
v 10.639765518041985 58.5 2.850916578214516
v 10.879481698102051 58.5 1.7231406197747674
v 11.0 58.5 0.5764855721136596
v 12.0 57.5 0.6288933513965942
v 12.0 57.5 -0.6288933513964172
v 11.868525488838602 57.5 -1.8797897670267383
v 11.607016928772406 57.5 -3.110090812600259
v 11.218339462311105 57.5 -4.306317052399101
v 10.706751521111284 57.5 -5.4553623814198975
v 10.077858169715588 57.5 -6.544637618579467
v 9.338549695283653 57.5 -7.562208436438784
v 8.496926116173286 57.5 -8.496926116174153
v 7.562208436438382 57.5 -9.338549695284105
v 6.544637618579834 57.5 -10.077858169715523
v 5.455362381421858 57.5 -10.706751521110288
v 4.306317052397743 57.5 -11.218339462311592
v 3.110090812599683 57.5 -11.60701692877262
v 1.8797897670269341 57.5 -11.86852548883859
v 0.6288933513965107 57.5 -12.0
v -0.6288933513965587 57.5 -12.0
v -1.8797897670274155 57.5 -11.868525488838541
v -3.1100908125986404 57.5 -11.607016928772888
v -4.306317052399194 57.5 -11.218339462311057
v -5.455362381419959 57.5 -10.706751521111231
v -6.544637618581744 57.5 -10.077858169714279
v -7.562208436438397 57.5 -9.338549695284224
v -8.496926116175011 57.5 -8.496926116172686
v -9.338549695283282 57.5 -7.562208436439711
v -10.077858169714467 57.5 -6.544637618581504
v -10.706751521111936 57.5 -5.455362381418819
v -11.218339462310407 57.5 -4.306317052401113
v -11.607016928772952 57.5 -3.1100908125983437
v -11.868525488838554 57.5 -1.8797897670273613
v -12.0 57.5 -0.6288933513965942
v -12.0 57.5 0.6288933513964172
v -11.868525488838602 57.5 1.8797897670267383
v -11.607016928772406 57.5 3.110090812600259
v -11.218339462311105 57.5 4.306317052399101
v -10.706751521111284 57.5 5.4553623814198975
v -10.077858169715588 57.5 6.544637618579467
v -9.338549695283653 57.5 7.562208436438784
v -8.496926116173286 57.5 8.496926116174153
v -7.562208436438382 57.5 9.338549695284105
v -6.544637618579834 57.5 10.077858169715523
v -5.455362381421858 57.5 10.706751521110288
v -4.306317052397743 57.5 11.218339462311592
v -3.110090812599683 57.5 11.60701692877262
v -1.8797897670269341 57.5 11.86852548883859
v -0.6288933513965107 57.5 12.0
v 0.6288933513965587 57.5 12.0
v 1.8797897670274155 57.5 11.868525488838541
v 3.1100908125986404 57.5 11.607016928772888
v 4.306317052399194 57.5 11.218339462311057
v 5.455362381419959 57.5 10.706751521111231
v 6.544637618581744 57.5 10.077858169714279
v 7.562208436438397 57.5 9.338549695284224
v 8.496926116175011 57.5 8.496926116172686
v 9.338549695283282 57.5 7.562208436439711
v 10.077858169714467 57.5 6.544637618581504
v 10.706751521111936 57.5 5.455362381418819
v 11.218339462310407 57.5 4.306317052401113
v 11.607016928772952 57.5 3.1100908125983437
v 11.868525488838554 57.5 1.8797897670273613
v 12.0 57.5 0.6288933513965942
v 12.0 56.5 0.6288933513965942
v 12.0 56.5 -0.6288933513964172
v 11.868525488838602 56.5 -1.8797897670267383
v 11.607016928772406 56.5 -3.110090812600259
v 11.218339462311105 56.5 -4.306317052399101
v 10.706751521111284 56.5 -5.4553623814198975
v 10.077858169715588 56.5 -6.544637618579467
v 9.338549695283653 56.5 -7.562208436438784
v 8.496926116173286 56.5 -8.496926116174153
v 7.562208436438382 56.5 -9.338549695284105
v 6.544637618579834 56.5 -10.077858169715523
v 5.455362381421858 56.5 -10.706751521110288
v 4.306317052397743 56.5 -11.218339462311592
v 3.110090812599683 56.5 -11.60701692877262
v 1.8797897670269341 56.5 -11.86852548883859
v 0.6288933513965107 56.5 -12.0
v -0.6288933513965587 56.5 -12.0
v -1.8797897670274155 56.5 -11.868525488838541
v -3.1100908125986404 56.5 -11.607016928772888
v -4.306317052399194 56.5 -11.218339462311057
v -5.455362381419959 56.5 -10.706751521111231
v -6.544637618581744 56.5 -10.077858169714279
v -7.562208436438397 56.5 -9.338549695284224
v -8.496926116175011 56.5 -8.496926116172686
v -9.338549695283282 56.5 -7.562208436439711
v -10.077858169714467 56.5 -6.544637618581504
v -10.706751521111936 56.5 -5.455362381418819
v -11.218339462310407 56.5 -4.306317052401113
v -11.607016928772952 56.5 -3.1100908125983437
v -11.868525488838554 56.5 -1.8797897670273613
v -12.0 56.5 -0.6288933513965942
v -12.0 56.5 0.6288933513964172
v -11.868525488838602 56.5 1.8797897670267383
v -11.607016928772406 56.5 3.110090812600259
v -11.218339462311105 56.5 4.306317052399101
v -10.706751521111284 56.5 5.4553623814198975
v -10.077858169715588 56.5 6.544637618579467
v -9.338549695283653 56.5 7.562208436438784
v -8.496926116173286 56.5 8.496926116174153
v -7.562208436438382 56.5 9.338549695284105
v -6.544637618579834 56.5 10.077858169715523
v -5.455362381421858 56.5 10.706751521110288
v -4.306317052397743 56.5 11.218339462311592
v -3.110090812599683 56.5 11.60701692877262
v -1.8797897670269341 56.5 11.86852548883859
v -0.6288933513965107 56.5 12.0
v 0.6288933513965587 56.5 12.0
v 1.8797897670274155 56.5 11.868525488838541
v 3.1100908125986404 56.5 11.607016928772888
v 4.306317052399194 56.5 11.218339462311057
v 5.455362381419959 56.5 10.706751521111231
v 6.544637618581744 56.5 10.077858169714279
v 7.562208436438397 56.5 9.338549695284224
v 8.496926116175011 56.5 8.496926116172686
v 9.338549695283282 56.5 7.562208436439711
v 10.077858169714467 56.5 6.544637618581504
v 10.706751521111936 56.5 5.455362381418819
v 11.218339462310407 56.5 4.306317052401113
v 11.607016928772952 56.5 3.1100908125983437
v 11.868525488838554 56.5 1.8797897670273613
v 12.0 56.5 0.6288933513965942
v 11.868525488838554 55.5 1.8797897670273613
v 12.0 55.5 0.6288933513965942
v 12.0 55.5 -0.6288933513964172
v 11.868525488838602 55.5 -1.8797897670267383
v 11.607016928772406 55.5 -3.110090812600259
v 11.218339462311105 55.5 -4.306317052399101
v 10.706751521111284 55.5 -5.4553623814198975
v 10.077858169715588 55.5 -6.544637618579467
v 9.338549695283653 55.5 -7.562208436438784
v 8.496926116173286 55.5 -8.496926116174153
v 7.562208436438382 55.5 -9.338549695284105
v 6.544637618579834 55.5 -10.077858169715523
v 5.455362381421858 55.5 -10.706751521110288
v 4.306317052397743 55.5 -11.218339462311592
v 3.110090812599683 55.5 -11.60701692877262
v 1.8797897670269341 55.5 -11.86852548883859
v 0.6288933513965107 55.5 -12.0
v -0.6288933513965587 55.5 -12.0
v -1.8797897670274155 55.5 -11.868525488838541
v -3.1100908125986404 55.5 -11.607016928772888
v -4.306317052399194 55.5 -11.218339462311057
v -5.455362381419959 55.5 -10.706751521111231
v -6.544637618581744 55.5 -10.077858169714279
v -7.562208436438397 55.5 -9.338549695284224
v -8.496926116175011 55.5 -8.496926116172686
v -9.338549695283282 55.5 -7.562208436439711
v -10.077858169714467 55.5 -6.544637618581504
v -10.706751521111936 55.5 -5.455362381418819
v -11.218339462310407 55.5 -4.306317052401113
v -11.607016928772952 55.5 -3.1100908125983437
v -11.868525488838554 55.5 -1.8797897670273613
v -12.0 55.5 -0.6288933513965942
v -12.0 55.5 0.6288933513964172
v -11.868525488838602 55.5 1.8797897670267383
v -11.607016928772406 55.5 3.110090812600259
v -11.218339462311105 55.5 4.306317052399101
v -10.706751521111284 55.5 5.4553623814198975
v -10.077858169715588 55.5 6.544637618579467
v -9.338549695283653 55.5 7.562208436438784
v -8.496926116173286 55.5 8.496926116174153
v -7.562208436438382 55.5 9.338549695284105
v -6.544637618579834 55.5 10.077858169715523
v -5.455362381421858 55.5 10.706751521110288
v -4.306317052397743 55.5 11.218339462311592
v -3.110090812599683 55.5 11.60701692877262
v -1.8797897670269341 55.5 11.86852548883859
v -0.6288933513965107 55.5 12.0
v 0.6288933513965587 55.5 12.0
v 1.8797897670274155 55.5 11.868525488838541
v 3.1100908125986404 55.5 11.607016928772888
v 4.306317052399194 55.5 11.218339462311057
v 5.455362381419959 55.5 10.706751521111231
v 6.544637618581744 55.5 10.077858169714279
v 7.562208436438397 55.5 9.338549695284224
v 8.496926116175011 55.5 8.496926116172686
v 9.338549695283282 55.5 7.562208436439711
v 10.077858169714467 55.5 6.544637618581504
v 10.706751521111936 55.5 5.455362381418819
v 11.218339462310407 55.5 4.306317052401113
v 11.607016928772952 55.5 3.1100908125983437
v 11.868525488838554 55.5 1.8797897670273613
v 11.0 55.5 0.5764855721136596
v 11.0 55.5 -0.5764855721131912
v 10.87948169810192 55.5 -1.723140619775723
v 10.639765518041997 55.5 -2.850916578214665
v 10.28347784045239 55.5 -3.9474572980308764
v 9.814522227684336 55.5 -5.000748849636619
v 9.238036655571948 55.5 -5.999251150365779
v 8.560337220677999 55.5 -6.932024400067457
v 7.788848939825713 55.5 -7.788848939826104
v 6.932024400068519 55.5 -8.560337220677098
v 5.99925115036667 55.5 -9.238036655571296
v 5.000748849632846 55.5 -9.814522227686442
v 3.9474572980340343 55.5 -10.283477840451397
v 2.850916578216415 55.5 -10.639765518041552
v 1.723140619774414 55.5 -10.879481698102081
v 0.5764855721135822 55.5 -11.0
v -0.5764855721135644 55.5 -11.0
v -1.7231406197739476 55.5 -10.879481698102126
v -2.850916578216444 55.5 -10.639765518041468
v -3.947457298034018 55.5 -10.283477840451326
v -5.000748849633512 55.5 -9.814522227686098
v -5.99925115036617 55.5 -9.238036655571626
v -6.93202440006926 55.5 -8.560337220676566
v -7.788848939825311 55.5 -7.7888489398265826
v -8.560337220676207 55.5 -6.932024400069505
v -9.238036655572646 55.5 -5.999251150364515
v -9.814522227685748 55.5 -5.000748849634206
v -10.283477840451056 55.5 -3.9474572980345357
v -10.639765518041985 55.5 -2.850916578214516
v -10.879481698102051 55.5 -1.7231406197747674
v -11.0 55.5 -0.5764855721136596
v -11.0 55.5 0.5764855721131912
v -10.87948169810192 55.5 1.723140619775723
v -10.639765518041997 55.5 2.850916578214665
v -10.28347784045239 55.5 3.9474572980308764
v -9.814522227684336 55.5 5.000748849636619
v -9.238036655571948 55.5 5.999251150365779
v -8.560337220677999 55.5 6.932024400067457
v -7.788848939825713 55.5 7.788848939826104
v -6.932024400068519 55.5 8.560337220677098
v -5.99925115036667 55.5 9.238036655571296
v -5.000748849632846 55.5 9.814522227686442
v -3.9474572980340343 55.5 10.283477840451397
v -2.850916578216415 55.5 10.639765518041552
v -1.723140619774414 55.5 10.879481698102081
v -0.5764855721135822 55.5 11.0
v 0.5764855721135644 55.5 11.0
v 1.7231406197739476 55.5 10.879481698102126
v 2.850916578216444 55.5 10.639765518041468
v 3.947457298034018 55.5 10.283477840451326
v 5.000748849633512 55.5 9.814522227686098
v 5.99925115036617 55.5 9.238036655571626
v 6.93202440006926 55.5 8.560337220676566
v 7.788848939825311 55.5 7.7888489398265826
v 8.560337220676207 55.5 6.932024400069505
v 9.238036655572646 55.5 5.999251150364515
v 9.814522227685748 55.5 5.000748849634206
v 10.283477840451056 55.5 3.9474572980345357
v 10.639765518041985 55.5 2.850916578214516
v 10.879481698102051 55.5 1.7231406197747674
v 11.0 55.5 0.5764855721136596
v 10.879481698102051 54.5 1.7231406197747674
v 11.0 54.5 0.5764855721136596
v 11.0 54.5 -0.5764855721131912
v 10.87948169810192 54.5 -1.723140619775723
v 10.639765518041997 54.5 -2.850916578214665
v 10.28347784045239 54.5 -3.9474572980308764
v 9.814522227684336 54.5 -5.000748849636619
v 9.238036655571948 54.5 -5.999251150365779
v 8.560337220677999 54.5 -6.932024400067457
v 7.788848939825713 54.5 -7.788848939826104
v 6.932024400068519 54.5 -8.560337220677098
v 5.99925115036667 54.5 -9.238036655571296
v 5.000748849632846 54.5 -9.814522227686442
v 3.9474572980340343 54.5 -10.283477840451397
v 2.850916578216415 54.5 -10.639765518041552
v 1.723140619774414 54.5 -10.879481698102081
v 0.5764855721135822 54.5 -11.0
v -0.5764855721135644 54.5 -11.0
v -1.7231406197739476 54.5 -10.879481698102126
v -2.850916578216444 54.5 -10.639765518041468
v -3.947457298034018 54.5 -10.283477840451326
v -5.000748849633512 54.5 -9.814522227686098
v -5.99925115036617 54.5 -9.238036655571626
v -6.93202440006926 54.5 -8.560337220676566
v -7.788848939825311 54.5 -7.7888489398265826
v -8.560337220676207 54.5 -6.932024400069505
v -9.238036655572646 54.5 -5.999251150364515
v -9.814522227685748 54.5 -5.000748849634206
v -10.283477840451056 54.5 -3.9474572980345357
v -10.639765518041985 54.5 -2.850916578214516
v -10.879481698102051 54.5 -1.7231406197747674
v -11.0 54.5 -0.5764855721136596
v -11.0 54.5 0.5764855721131912
v -10.87948169810192 54.5 1.723140619775723
v -10.639765518041997 54.5 2.850916578214665
v -10.28347784045239 54.5 3.9474572980308764
v -9.814522227684336 54.5 5.000748849636619
v -9.238036655571948 54.5 5.999251150365779
v -8.560337220677999 54.5 6.932024400067457
v -7.788848939825713 54.5 7.788848939826104
v -6.932024400068519 54.5 8.560337220677098
v -5.99925115036667 54.5 9.238036655571296
v -5.000748849632846 54.5 9.814522227686442
v -3.9474572980340343 54.5 10.283477840451397
v -2.850916578216415 54.5 10.639765518041552
v -1.723140619774414 54.5 10.879481698102081
v -0.5764855721135822 54.5 11.0
v 0.5764855721135644 54.5 11.0
v 1.7231406197739476 54.5 10.879481698102126
v 2.850916578216444 54.5 10.639765518041468
v 3.947457298034018 54.5 10.283477840451326
v 5.000748849633512 54.5 9.814522227686098
v 5.99925115036617 54.5 9.238036655571626
v 6.93202440006926 54.5 8.560337220676566
v 7.788848939825311 54.5 7.7888489398265826
v 8.560337220676207 54.5 6.932024400069505
v 9.238036655572646 54.5 5.999251150364515
v 9.814522227685748 54.5 5.000748849634206
v 10.283477840451056 54.5 3.9474572980345357
v 10.639765518041985 54.5 2.850916578214516
v 10.879481698102051 54.5 1.7231406197747674
v 10.0 54.5 0.5240777928303536
v 10.0 54.5 -0.524077792830387
v 9.890437907365385 54.5 -1.5664914725233738
v 9.672514107310803 54.5 -2.5917423438321348
v 9.348616218592795 54.5 -3.5885975436653346
v 8.92229293425942 54.5 -4.546135317849756
v 8.39821514142798 54.5 -5.453864682152281
v 7.782124746070617 54.5 -6.301840363698199
v 7.080771763477993 54.5 -7.080771763478288
v 6.301840363698777 54.5 -7.782124746070114
v 5.453864682152327 54.5 -8.398215141427961
v 4.546135317847645 54.5 -8.922292934260552
v 3.588597543668198 54.5 -9.348616218591756
v 2.5917423438308433 54.5 -9.672514107311109
v 1.5664914725238934 54.5 -9.890437907365323
v 0.524077792830254 54.5 -10.0
v -0.5240777928306253 54.5 -10.0
v -1.5664914725223231 54.5 -9.890437907365525
v -2.5917423438325207 54.5 -9.672514107310633
v -3.588597543666328 54.5 -9.348616218592438
v -4.546135317848627 54.5 -8.92229293425998
v -5.453864682152285 54.5 -8.39821514142793
v -6.301840363698519 54.5 -7.7821247460702665
v -7.080771763476921 54.5 -7.080771763479214
v -7.7821247460705605 54.5 -6.301840363697927
v -8.398215141429665 54.5 -5.453864682149717
v -8.922292934259673 54.5 -4.546135317849593
v -9.348616218592422 54.5 -3.588597543666612
v -9.67251410731061 54.5 -2.591742343832827
v -9.890437907365428 54.5 -1.5664914725229693
v -10.0 54.5 -0.5240777928303536
v -10.0 54.5 0.524077792830387
v -9.890437907365385 54.5 1.5664914725233738
v -9.672514107310803 54.5 2.5917423438321348
v -9.348616218592795 54.5 3.5885975436653346
v -8.92229293425942 54.5 4.546135317849756
v -8.39821514142798 54.5 5.453864682152281
v -7.782124746070617 54.5 6.301840363698199
v -7.080771763477993 54.5 7.080771763478288
v -6.301840363698777 54.5 7.782124746070114
v -5.453864682152327 54.5 8.398215141427961
v -4.546135317847645 54.5 8.922292934260552
v -3.588597543668198 54.5 9.348616218591756
v -2.5917423438308433 54.5 9.672514107311109
v -1.5664914725238934 54.5 9.890437907365323
v -0.524077792830254 54.5 10.0
v 0.5240777928306253 54.5 10.0
v 1.5664914725223231 54.5 9.890437907365525
v 2.5917423438325207 54.5 9.672514107310633
v 3.588597543666328 54.5 9.348616218592438
v 4.546135317848627 54.5 8.92229293425998
v 5.453864682152285 54.5 8.39821514142793
v 6.301840363698519 54.5 7.7821247460702665
v 7.080771763476921 54.5 7.080771763479214
v 7.7821247460705605 54.5 6.301840363697927
v 8.398215141429665 54.5 5.453864682149717
v 8.922292934259673 54.5 4.546135317849593
v 9.348616218592422 54.5 3.588597543666612
v 9.67251410731061 54.5 2.591742343832827
v 9.890437907365428 54.5 1.5664914725229693
v 10.0 54.5 0.5240777928303536
v 9.890437907365428 53.5 1.5664914725229693
v 10.0 53.5 0.5240777928303536
v 10.0 53.5 -0.524077792830387
v 9.890437907365385 53.5 -1.5664914725233738
v 9.672514107310803 53.5 -2.5917423438321348
v 9.348616218592795 53.5 -3.5885975436653346
v -9.67251410731061 53.5 -2.591742343832827
v -9.890437907365428 53.5 -1.5664914725229693
v -10.0 53.5 -0.5240777928303536
v -10.0 53.5 0.524077792830387
v -9.890437907365385 53.5 1.5664914725233738
v -9.672514107310803 53.5 2.5917423438321348
v -9.348616218592795 53.5 3.5885975436653346
v -8.92229293425942 53.5 4.546135317849756
v -8.39821514142798 53.5 5.453864682152281
v -7.782124746070617 53.5 6.301840363698199
v -7.080771763477993 53.5 7.080771763478288
v -6.301840363698777 53.5 7.782124746070114
v -5.453864682152327 53.5 8.398215141427961
v -4.546135317847645 53.5 8.922292934260552
v -3.588597543668198 53.5 9.348616218591756
v -2.5917423438308433 53.5 9.672514107311109
v -1.5664914725238934 53.5 9.890437907365323
v -0.524077792830254 53.5 10.0
v 0.5240777928306253 53.5 10.0
v 1.5664914725223231 53.5 9.890437907365525
v 2.5917423438325207 53.5 9.672514107310633
v 3.588597543666328 53.5 9.348616218592438
v 4.546135317848627 53.5 8.92229293425998
v 5.453864682152285 53.5 8.39821514142793
v 6.301840363698519 53.5 7.7821247460702665
v 7.080771763476921 53.5 7.080771763479214
v 7.7821247460705605 53.5 6.301840363697927
v 8.398215141429665 53.5 5.453864682149717
v 8.922292934259673 53.5 4.546135317849593
v 9.348616218592422 53.5 3.588597543666612
v 9.67251410731061 53.5 2.591742343832827
v 9.890437907365428 53.5 1.5664914725229693
v 8.39821514142815 53.5 -5.453864682151988
v 7.820197748031027 53.5 -6.249437372141822
v 7.782124746070845 53.5 -6.301840363697886
v 7.427960093389405 53.5 -6.695180059276057
v 7.080771763480109 53.5 -7.080771763475938
v 6.30184036369541 53.5 -7.78212474607256
v 5.453864682152327 53.5 -8.398215141427961
v 4.546135317847872 53.5 -8.92229293426042
v 3.5885975436683863 53.5 -9.348616218591644
v 2.591742343830845 53.5 -9.672514107311047
v 1.5664914725231796 53.5 -9.890437907365397
v 0.524077792830254 53.5 -10.0
v -0.5240777928306253 53.5 -10.0
v -1.5664914725221704 53.5 -9.890437907365541
v -2.591742343832629 53.5 -9.672514107310597
v -3.588597543666328 53.5 -9.348616218592438
v -4.546135317848627 53.5 -8.92229293425998
v -5.453864682152285 53.5 -8.39821514142793
v -6.30184036369774 53.5 -7.782124746070832
v -7.080771763477259 53.5 -7.080771763478772
v -7.782124746070851 53.5 -6.3018403636975275
v -8.398215141428977 53.5 -5.4538646821506624
v -8.922292934259403 53.5 -4.54613531784981
v -9.348616218592872 53.5 -3.5885975436652053
v -9.407653938221529 53.5 -3.406898125891718
v -8.901394116628849 53.5 1.4098423252707664
v -8.705262696579641 53.5 2.3325681094489448
v -8.267197692755287 53.5 3.6807935599317196
v -6.066840476400696 53.5 7.4919240534587415
v -1.8815123388171924 53.5 8.85181960055733
v -0.4716700135473957 53.5 9.0
v 0.4716700135475813 53.5 9.0
v 1.4098423252705006 53.5 8.901394116628932
v 2.3325681094474415 53.5 8.70526269658001
v 3.680793559932598 53.5 8.267197692754888
v 7.491924053458741 53.5 6.06684047640078
v 8.851819600557306 53.5 1.881512338817576
v 9.0 53.5 0.4716700135475025
v 9.0 53.5 -4.371602390604099
v 8.9222929342585 53.5 -4.54613531785135
v 8.39821514142815 53.5 -5.453864682151988
v -5.4538646821527745 52.5 -8.39821514142771
v -6.301840363696926 52.5 -7.782124746071565
v -7.080771763477259 52.5 -7.080771763478772
v -7.782124746071107 52.5 -6.301840363697243
v -8.3982151414288 52.5 -5.4538646821509715
v -8.922292934259403 52.5 -4.54613531784981
v -9.348616218592872 52.5 -3.5885975436652053
v -9.407653938221529 52.5 -3.406898125891718
v -8.267197692755287 52.5 3.6807935599317196
v -6.066840476400696 52.5 7.4919240534587415
v -1.8815123388171924 52.5 8.85181960055733
v 3.680793559932598 52.5 8.267197692754888
v 7.491924053458741 52.5 6.06684047640078
v 8.851819600557306 52.5 1.881512338817576
v 9.0 52.5 -4.371602390604099
v 8.922292934258213 52.5 -4.546135317851996
v 8.398215141428338 52.5 -5.453864682151729
v 7.782124746070859 52.5 -6.30184036369787
v 7.08077176348039 52.5 -7.080771763475685
v 6.301840363694836 52.5 -7.782124746073077
v 5.453864682152659 52.5 -8.398215141427844
v 4.546135317848387 52.5 -8.922292934260192
v 3.5885975436683863 52.5 -9.348616218591644
v 2.591742343830845 52.5 -9.672514107311047
v 1.5664914725230479 52.5 -9.890437907365426
v 0.5240777928303797 52.5 -10.0
v -0.5240777928306506 52.5 -10.0
v -1.5664914725221122 52.5 -9.890437907365554
v -2.591742343833575 52.5 -9.672514107310397
v -3.588597543665546 52.5 -9.348616218592806
v -4.546135317848907 52.5 -8.92229293425988
v -5.4538646821527745 52.5 -8.39821514142771
v -8.901394116628849 52.5 1.4098423252707664
v -8.705262696579641 52.5 2.3325681094489448
v -8.413754596732733 52.5 3.2297377893009767
v -8.03006364083387 52.5 4.0915217860642965
v -7.558393627286247 52.5 4.9084782139354886
v -7.0039122714644595 52.5 5.671656327327035
v -6.372694587128013 52.5 6.372694587132588
v -5.671656327330521 52.5 7.003912271461826
v -4.908478213936446 52.5 7.558393627285536
v -4.0915217860648 52.5 8.030063640833427
v -3.229737789299558 52.5 8.413754596733153
v -2.3325681094482698 52.5 8.70526269657979
v -1.4098423252703167 52.5 8.901394116628929
v -0.4716700135473957 52.5 9.0
v 0.4716700135475813 52.5 9.0
v 1.409842325269719 52.5 8.901394116629014
v 2.332568109448235 52.5 8.705262696579753
v 3.229737789300359 52.5 8.413754596732819
v 4.091521786066617 52.5 8.030063640832635
v 4.908478213935254 52.5 7.558393627286483
v 5.671656327326932 52.5 7.003912271464535
v 6.372694587132096 52.5 6.3726945871284375
v 7.003912271463202 52.5 5.671656327328797
v 7.5583936272852945 52.5 4.908478213936922
v 8.0300636408342 52.5 4.091521786063513
v 8.413754596732904 52.5 3.2297377893005548
v 8.705262696579842 52.5 2.3325681094483914
v 8.901394116628877 52.5 1.409842325270942
v 9.0 52.5 0.4716700135475025
v 9.0 52.5 -0.4716700135475085
v 8.901394116628838 52.5 -1.4098423252710355
v 8.705262696579885 52.5 -2.3325681094482764
v 8.41375459673283 52.5 -3.2297377893007617
v 8.03006364083366 52.5 -4.091521786064766
v 7.558393627286807 52.5 -4.908478213934718
v 7.0039122714644595 52.5 -5.671656327327035
v 6.372694587128013 52.5 -6.372694587132588
v 5.671656327330521 52.5 -7.003912271461826
v 4.908478213936446 52.5 -7.558393627285536
v 4.0915217860648 52.5 -8.030063640833427
v 3.2297377892979737 52.5 -8.413754596733858
v 2.332568109450098 52.5 -8.705262696579402
v 1.4098423252702048 52.5 -8.901394116628952
v 0.4716700135474974 52.5 -9.0
v -0.47167001354765503 52.5 -9.0
v -1.4098423252696541 52.5 -8.901394116629028
v -2.3325681094494706 52.5 -8.70526269657949
v -3.2297377892991177 52.5 -8.413754596733371
v -4.091521786066851 52.5 -8.03006364083253
v -4.908478213935026 52.5 -7.558393627286648
v -5.671656327326932 52.5 -7.003912271464535
v -6.372694587132096 52.5 -6.3726945871284375
v -7.003912271463202 52.5 -5.671656327328797
v -7.5583936272852945 52.5 -4.908478213936922
v -8.0300636408342 52.5 -4.091521786063513
v -8.41375459673306 52.5 -3.2297377893002057
v -8.705262696579759 52.5 -2.3325681094487862
v -8.901394116628879 52.5 -1.4098423252709296
v -9.0 52.5 -0.4716700135475025
v -9.0 52.5 0.47167001354706173
v -8.901394116628849 52.5 1.4098423252707664
v 8.901394116628879 51.5 1.4098423252709296
v 9.0 51.5 0.4716700135475025
v 9.0 51.5 -0.4716700135475085
v 8.901394116628838 51.5 -1.4098423252710355
v 8.705262696579885 51.5 -2.3325681094482764
v 8.41375459673283 51.5 -3.2297377893007617
v 8.03006364083366 51.5 -4.091521786064766
v 7.558393627286807 51.5 -4.908478213934718
v 7.0039122714644595 51.5 -5.671656327327035
v 6.372694587128013 51.5 -6.372694587132588
v 5.671656327330521 51.5 -7.003912271461826
v 4.908478213936446 51.5 -7.558393627285536
v 4.0915217860648 51.5 -8.030063640833427
v 3.2297377892979737 51.5 -8.413754596733858
v 2.332568109450098 51.5 -8.705262696579402
v 1.4098423252702048 51.5 -8.901394116628952
v 0.4716700135474974 51.5 -9.0
v -0.47167001354765503 51.5 -9.0
v -1.4098423252696541 51.5 -8.901394116629028
v -2.3325681094494706 51.5 -8.70526269657949
v -3.2297377892991177 51.5 -8.413754596733371
v -4.091521786066851 51.5 -8.03006364083253
v -4.908478213935026 51.5 -7.558393627286648
v -5.671656327326932 51.5 -7.003912271464535
v -6.372694587132096 51.5 -6.3726945871284375
v -7.003912271463202 51.5 -5.671656327328797
v -7.5583936272852945 51.5 -4.908478213936922
v -8.0300636408342 51.5 -4.091521786063513
v -8.41375459673306 51.5 -3.2297377893002057
v -8.705262696579759 51.5 -2.3325681094487862
v -8.901394116628879 51.5 -1.4098423252709296
v -9.0 51.5 -0.4716700135475025
v -9.0 51.5 0.4716700135475085
v -8.901394116628838 51.5 1.4098423252710355
v -8.705262696579885 51.5 2.3325681094482764
v -8.41375459673283 51.5 3.2297377893007617
v -8.03006364083366 51.5 4.091521786064766
v -7.558393627286807 51.5 4.908478213934718
v -7.0039122714644595 51.5 5.671656327327035
v -6.372694587128013 51.5 6.372694587132588
v -5.671656327330521 51.5 7.003912271461826
v -4.908478213936446 51.5 7.558393627285536
v -4.0915217860648 51.5 8.030063640833427
v -3.2297377892979737 51.5 8.413754596733858
v -2.332568109450098 51.5 8.705262696579402
v -1.4098423252702048 51.5 8.901394116628952
v -0.4716700135474974 51.5 9.0
v 0.47167001354765503 51.5 9.0
v 1.4098423252696541 51.5 8.901394116629028
v 2.3325681094494706 51.5 8.70526269657949
v 3.2297377892991177 51.5 8.413754596733371
v 4.091521786066851 51.5 8.03006364083253
v 4.908478213935026 51.5 7.558393627286648
v 5.671656327326932 51.5 7.003912271464535
v 6.372694587132096 51.5 6.3726945871284375
v 7.003912271463202 51.5 5.671656327328797
v 7.5583936272852945 51.5 4.908478213936922
v 8.0300636408342 51.5 4.091521786063513
v 8.41375459673306 51.5 3.2297377893002057
v 8.705262696579759 51.5 2.3325681094487862
v 8.901394116628879 51.5 1.4098423252709296
v 8.0 51.5 0.4192622342641966
v 8.0 51.5 -0.4192622342645195
v 7.912350325892526 51.5 -1.2531931780173189
v 7.738011285848126 51.5 -2.0733938750674556
v 7.478892974873707 51.5 -2.870878034934071
v 7.137834347409146 51.5 -3.6369082542770172
v 6.718572113142463 51.5 -4.36309174572182
v 6.225699796856822 51.5 -5.041472290958133
v 5.664617410781818 51.5 -5.664617410783154
v 5.0414722909603995 51.5 -6.225699796854847
v 4.363091745718668 51.5 -6.718572113144411
v 3.636908254281879 51.5 -7.1378343474065
v 2.8708780349318963 51.5 -7.478892974874283
v 2.073393875065181 51.5 -7.738011285848727
v 1.2531931780183667 51.5 -7.912350325892359
v 0.41926223426443565 51.5 -8.0
v -0.41926223426418296 51.5 -8.0
v -1.2531931780185266 51.5 -7.912350325892314
v -2.07339387506544 51.5 -7.738011285848671
v -2.8708780349346963 51.5 -7.478892974873397
v -3.636908254278594 51.5 -7.137834347408313
v -4.363091745719344 51.5 -6.7185721131439315
v -5.041472290960876 51.5 -6.225699796854488
v -5.664617410782061 51.5 -5.664617410783039
v -6.2256997968563175 51.5 -5.041472290958756
v -6.71857211314194 51.5 -4.363091745722485
v -7.137834347408077 51.5 -3.636908254278687
v -7.478892974874258 51.5 -2.8708780349323533
v -7.738011285848324 51.5 -2.073393875066813
v -7.912350325892373 51.5 -1.2531931780180088
v -8.0 51.5 -0.4192622342641966
v -8.0 51.5 0.4192622342645195
v -7.912350325892526 51.5 1.2531931780173189
v -7.738011285848126 51.5 2.0733938750674556
v -7.478892974873707 51.5 2.870878034934071
v -7.137834347409146 51.5 3.6369082542770172
v -6.718572113142463 51.5 4.36309174572182
v -6.225699796856822 51.5 5.041472290958133
v -5.664617410781818 51.5 5.664617410783154
v -5.0414722909603995 51.5 6.225699796854847
v -4.363091745718668 51.5 6.718572113144411
v -3.636908254281879 51.5 7.1378343474065
v -2.8708780349318963 51.5 7.478892974874283
v -2.073393875065181 51.5 7.738011285848727
v -1.2531931780183667 51.5 7.912350325892359
v -0.41926223426443565 51.5 8.0
v 0.41926223426418296 51.5 8.0
v 1.2531931780185266 51.5 7.912350325892314
v 2.07339387506544 51.5 7.738011285848671
v 2.8708780349346963 51.5 7.478892974873397
v 3.636908254278594 51.5 7.137834347408313
v 4.363091745719344 51.5 6.7185721131439315
v 5.041472290960876 51.5 6.225699796854488
v 5.664617410782061 51.5 5.664617410783039
v 6.2256997968563175 51.5 5.041472290958756
v 6.71857211314194 51.5 4.363091745722485
v 7.137834347408077 51.5 3.636908254278687
v 7.478892974874258 51.5 2.8708780349323533
v 7.738011285848324 51.5 2.073393875066813
v 7.912350325892373 51.5 1.2531931780180088
v 8.0 51.5 0.4192622342641966
v 7.912350325892373 50.5 1.2531931780180088
v 8.0 50.5 0.4192622342641966
v 8.0 50.5 -0.4192622342645195
v 7.912350325892526 50.5 -1.2531931780173189
v 7.738011285848126 50.5 -2.0733938750674556
v 7.478892974873707 50.5 -2.870878034934071
v 7.137834347409146 50.5 -3.6369082542770172
v 6.718572113142463 50.5 -4.36309174572182
v 6.225699796856822 50.5 -5.041472290958133
v 5.664617410781818 50.5 -5.664617410783154
v 5.0414722909603995 50.5 -6.225699796854847
v 4.363091745718668 50.5 -6.718572113144411
v 3.636908254281879 50.5 -7.1378343474065
v 2.8708780349318963 50.5 -7.478892974874283
v 2.073393875065181 50.5 -7.738011285848727
v 1.2531931780183667 50.5 -7.912350325892359
v 0.41926223426443565 50.5 -8.0
v -0.41926223426418296 50.5 -8.0
v -1.2531931780185266 50.5 -7.912350325892314
v -2.07339387506544 50.5 -7.738011285848671
v -2.8708780349346963 50.5 -7.478892974873397
v -3.636908254278594 50.5 -7.137834347408313
v -4.363091745719344 50.5 -6.7185721131439315
v -5.041472290960876 50.5 -6.225699796854488
v -5.664617410782061 50.5 -5.664617410783039
v -6.2256997968563175 50.5 -5.041472290958756
v -6.71857211314194 50.5 -4.363091745722485
v -7.137834347408077 50.5 -3.636908254278687
v -7.478892974874258 50.5 -2.8708780349323533
v -7.738011285848324 50.5 -2.073393875066813
v -7.912350325892373 50.5 -1.2531931780180088
v -8.0 50.5 -0.4192622342641966
v -8.0 50.5 0.4192622342645195
v -7.912350325892526 50.5 1.2531931780173189
v -7.738011285848126 50.5 2.0733938750674556
v -7.478892974873707 50.5 2.870878034934071
v -7.137834347409146 50.5 3.6369082542770172
v -6.718572113142463 50.5 4.36309174572182
v -6.225699796856822 50.5 5.041472290958133
v -5.664617410781818 50.5 5.664617410783154
v -5.0414722909603995 50.5 6.225699796854847
v -4.363091745718668 50.5 6.718572113144411
v -3.636908254281879 50.5 7.1378343474065
v -2.8708780349318963 50.5 7.478892974874283
v -2.073393875065181 50.5 7.738011285848727
v -1.2531931780183667 50.5 7.912350325892359
v -0.41926223426443565 50.5 8.0
v 0.41926223426418296 50.5 8.0
v 1.2531931780185266 50.5 7.912350325892314
v 2.07339387506544 50.5 7.738011285848671
v 2.8708780349346963 50.5 7.478892974873397
v 3.636908254278594 50.5 7.137834347408313
v 4.363091745719344 50.5 6.7185721131439315
v 5.041472290960876 50.5 6.225699796854488
v 5.664617410782061 50.5 5.664617410783039
v 6.2256997968563175 50.5 5.041472290958756
v 6.71857211314194 50.5 4.363091745722485
v 7.137834347408077 50.5 3.636908254278687
v 7.478892974874258 50.5 2.8708780349323533
v 7.738011285848324 50.5 2.073393875066813
v 7.912350325892373 50.5 1.2531931780180088
v 7.0 50.5 0.3668544549808907
v 7.0 50.5 -0.36685445498113134
v 6.923306535155806 50.5 -1.096544030765785
v 6.770759875117255 50.5 -1.8142196406833273
v 6.544031353014298 50.5 -2.5120182805676
v 6.24560505398266 50.5 -3.1822947224929656
v 5.878750598999949 50.5 -3.817705277505956
v 5.447487322247448 50.5 -4.411288254591133
v 4.956540234435863 50.5 -4.956540234433641
v 4.411288254589004 50.5 -5.447487322249184
v 3.817705277507214 50.5 -5.878750598999171
v 3.1822947224929488 50.5 -6.245605053982553
v 2.51201828056636 50.5 -6.544031353014819
v 1.8142196406831328 50.5 -6.770759875117414
v 1.096544030766387 50.5 -6.923306535155767
v 0.36685445498125624 50.5 -7.0
v -0.3668544549809458 50.5 -7.0
v -1.096544030766779 50.5 -6.923306535155694
v -1.8142196406823174 50.5 -6.770759875117607
v -2.512018280566819 50.5 -6.544031353014598
v -3.182294722494529 50.5 -6.245605053981838
v -3.8177052775047247 50.5 -5.878750599000773
v -4.411288254589297 50.5 -5.447487322248795
v -4.956540234433955 50.5 -4.956540234435251
v -5.447487322249704 50.5 -4.411288254588129
v -5.878750599001677 50.5 -3.817705277503558
v -6.245605053981055 50.5 -3.1822947224962945
v -6.544031353014578 50.5 -2.5120182805668705
v -6.770759875117369 50.5 -1.814219640683035
v -6.923306535155769 50.5 -1.0965440307660117
v -7.0 50.5 -0.3668544549808907
v -7.0 50.5 0.36685445498113134
v -6.923306535155806 50.5 1.096544030765785
v -6.770759875117255 50.5 1.8142196406833273
v -6.544031353014298 50.5 2.5120182805676
v -6.24560505398266 50.5 3.1822947224929656
v -5.878750598999949 50.5 3.817705277505956
v -5.447487322247448 50.5 4.411288254591133
v -4.956540234435863 50.5 4.956540234433641
v -4.411288254589004 50.5 5.447487322249184
v -3.817705277507214 50.5 5.878750598999171
v -3.1822947224929488 50.5 6.245605053982553
v -2.51201828056636 50.5 6.544031353014819
v -1.8142196406831328 50.5 6.770759875117414
v -1.096544030766387 50.5 6.923306535155767
v -0.36685445498125624 50.5 7.0
v 0.3668544549809458 50.5 7.0
v 1.096544030766779 50.5 6.923306535155694
v 1.8142196406823174 50.5 6.770759875117607
v 2.512018280566819 50.5 6.544031353014598
v 3.182294722494529 50.5 6.245605053981838
v 3.8177052775047247 50.5 5.878750599000773
v 4.411288254589297 50.5 5.447487322248795
v 4.956540234433955 50.5 4.956540234435251
v 5.447487322249704 50.5 4.411288254588129
v 5.878750599001677 50.5 3.817705277503558
v 6.245605053981055 50.5 3.1822947224962945
v 6.544031353014578 50.5 2.5120182805668705
v 6.770759875117369 50.5 1.814219640683035
v 6.923306535155769 50.5 1.0965440307660117
v 7.0 50.5 0.3668544549808907
v 6.923306535155769 49.5 1.0965440307660117
v 7.0 49.5 0.3668544549808907
v 7.0 49.5 -0.36685445498113134
v 6.923306535155806 49.5 -1.096544030765785
v 6.770759875117255 49.5 -1.8142196406833273
v 6.544031353014298 49.5 -2.5120182805676
v 6.24560505398266 49.5 -3.1822947224929656
v 5.878750598999949 49.5 -3.817705277505956
v 5.447487322247448 49.5 -4.411288254591133
v 4.956540234435863 49.5 -4.956540234433641
v 4.411288254589004 49.5 -5.447487322249184
v 3.817705277507214 49.5 -5.878750598999171
v 3.1822947224929488 49.5 -6.245605053982553
v 2.51201828056636 49.5 -6.544031353014819
v 1.8142196406831328 49.5 -6.770759875117414
v 1.096544030766387 49.5 -6.923306535155767
v 0.36685445498125624 49.5 -7.0
v -0.3668544549809458 49.5 -7.0
v -1.096544030766779 49.5 -6.923306535155694
v -1.8142196406823174 49.5 -6.770759875117607
v -2.512018280566819 49.5 -6.544031353014598
v -3.182294722494529 49.5 -6.245605053981838
v -3.8177052775047247 49.5 -5.878750599000773
v -4.411288254589297 49.5 -5.447487322248795
v -4.956540234433955 49.5 -4.956540234435251
v -5.447487322249704 49.5 -4.411288254588129
v -5.878750599001677 49.5 -3.817705277503558
v -6.245605053981055 49.5 -3.1822947224962945
v -6.544031353014578 49.5 -2.5120182805668705
v -6.770759875117369 49.5 -1.814219640683035
v -6.923306535155769 49.5 -1.0965440307660117
v -7.0 49.5 -0.3668544549808907
v -7.0 49.5 0.36685445498113134
v -6.923306535155806 49.5 1.096544030765785
v -6.770759875117255 49.5 1.8142196406833273
v -6.544031353014298 49.5 2.5120182805676
v -6.24560505398266 49.5 3.1822947224929656
v -5.878750598999949 49.5 3.817705277505956
v -5.447487322247448 49.5 4.411288254591133
v -4.956540234435863 49.5 4.956540234433641
v -4.411288254589004 49.5 5.447487322249184
v -3.817705277507214 49.5 5.878750598999171
v -3.1822947224929488 49.5 6.245605053982553
v -2.51201828056636 49.5 6.544031353014819
v -1.8142196406831328 49.5 6.770759875117414
v -1.096544030766387 49.5 6.923306535155767
v -0.36685445498125624 49.5 7.0
v 0.3668544549809458 49.5 7.0
v 1.096544030766779 49.5 6.923306535155694
v 1.8142196406823174 49.5 6.770759875117607
v 2.512018280566819 49.5 6.544031353014598
v 3.182294722494529 49.5 6.245605053981838
v 3.8177052775047247 49.5 5.878750599000773
v 4.411288254589297 49.5 5.447487322248795
v 4.956540234433955 49.5 4.956540234435251
v 5.447487322249704 49.5 4.411288254588129
v 5.878750599001677 49.5 3.817705277503558
v 6.245605053981055 49.5 3.1822947224962945
v 6.544031353014578 49.5 2.5120182805668705
v 6.770759875117369 49.5 1.814219640683035
v 6.923306535155769 49.5 1.0965440307660117
v 6.0 49.5 0.3144466756984108
v 6.0 49.5 -0.3144466756985038
v 5.934262744419386 49.5 -0.9398948835129892
v 5.803508464386282 49.5 -1.5550454062998933
v 5.609169731155142 49.5 -2.153158526200792
v 5.353375760555989 49.5 -2.727681190709415
v 5.038929084857412 49.5 -3.2723188092904762
v 4.669274847641992 49.5 -3.781104218219394
v 4.2484630580868785 49.5 -4.2484630580869895
v 3.781104218219772 49.5 -4.669274847641663
v 3.2723188092908044 49.5 -5.038929084857137
v 2.7276811907086715 49.5 -5.353375760556329
v 2.1531585262007944 49.5 -5.609169731155129
v 1.5550454062995474 49.5 -5.803508464386366
v 0.9398948835134453 49.5 -5.9342627444193035
v 0.3144466756983362 49.5 -6.0
v -0.31444667569830376 49.5 -6.0
v -0.9398948835136878 49.5 -5.934262744419274
v -1.5550454062993433 49.5 -5.803508464386441
v -2.153158526200296 49.5 -5.609169731155303
v -2.7276811907082563 49.5 -5.353375760556473
v -3.272318809290458 49.5 -5.038929084857237
v -3.781104218218303 49.5 -4.669274847642561
v -4.248463058088049 49.5 -4.248463058085475
v -4.669274847641193 49.5 -3.781104218220083
v -5.038929084858685 49.5 -3.272318809288361
v -5.35337576055542 49.5 -2.727681190710493
v -5.6091697311554665 49.5 -2.153158526199821
v -5.803508464386493 49.5 -1.5550454062991967
v -5.934262744419278 49.5 -0.9398948835137801
v -6.0 49.5 -0.3144466756984108
v -6.0 49.5 0.3144466756985038
v -5.934262744419386 49.5 0.9398948835129892
v -5.803508464386282 49.5 1.5550454062998933
v -5.609169731155142 49.5 2.153158526200792
v -5.353375760555989 49.5 2.727681190709415
v -5.038929084857412 49.5 3.2723188092904762
v -4.669274847641992 49.5 3.781104218219394
v -4.2484630580868785 49.5 4.2484630580869895
v -3.781104218219772 49.5 4.669274847641663
v -3.2723188092908044 49.5 5.038929084857137
v -2.7276811907086715 49.5 5.353375760556329
v -2.1531585262007944 49.5 5.609169731155129
v -1.5550454062995474 49.5 5.803508464386366
v -0.9398948835134453 49.5 5.9342627444193035
v -0.3144466756983362 49.5 6.0
v 0.31444667569830376 49.5 6.0
v 0.9398948835136878 49.5 5.934262744419274
v 1.5550454062993433 49.5 5.803508464386441
v 2.153158526200296 49.5 5.609169731155303
v 2.7276811907082563 49.5 5.353375760556473
v 3.272318809290458 49.5 5.038929084857237
v 3.781104218218303 49.5 4.669274847642561
v 4.248463058088049 49.5 4.248463058085475
v 4.669274847641193 49.5 3.781104218220083
v 5.038929084858685 49.5 3.272318809288361
v 5.35337576055542 49.5 2.727681190710493
v 5.6091697311554665 49.5 2.153158526199821
v 5.803508464386493 49.5 1.5550454062991967
v 5.934262744419278 49.5 0.9398948835137801
v 6.0 49.5 0.3144466756984108
v 6.0 48.5 0.3144466756984108
v 6.0 48.5 -0.3144466756985038
v 5.934262744419386 48.5 -0.9398948835129892
v 5.803508464386282 48.5 -1.5550454062998933
v 5.609169731155142 48.5 -2.153158526200792
v 5.353375760555989 48.5 -2.727681190709415
v 5.038929084857412 48.5 -3.2723188092904762
v 4.669274847641992 48.5 -3.781104218219394
v 4.2484630580868785 48.5 -4.2484630580869895
v 3.781104218219772 48.5 -4.669274847641663
v 3.2723188092908044 48.5 -5.038929084857137
v 2.7276811907086715 48.5 -5.353375760556329
v 2.1531585262007944 48.5 -5.609169731155129
v 1.5550454062995474 48.5 -5.803508464386366
v 0.9398948835134453 48.5 -5.9342627444193035
v 0.3144466756983362 48.5 -6.0
v -0.31444667569830376 48.5 -6.0
v -0.9398948835136878 48.5 -5.934262744419274
v -1.5550454062993433 48.5 -5.803508464386441
v -2.153158526200296 48.5 -5.609169731155303
v -2.7276811907082563 48.5 -5.353375760556473
v -3.272318809290458 48.5 -5.038929084857237
v -3.781104218218303 48.5 -4.669274847642561
v -4.248463058088049 48.5 -4.248463058085475
v -4.669274847641193 48.5 -3.781104218220083
v -5.038929084858685 48.5 -3.272318809288361
v -5.35337576055542 48.5 -2.727681190710493
v -5.6091697311554665 48.5 -2.153158526199821
v -5.803508464386493 48.5 -1.5550454062991967
v -5.934262744419278 48.5 -0.9398948835137801
v -6.0 48.5 -0.3144466756984108
v -6.0 48.5 0.3144466756985038
v -5.934262744419386 48.5 0.9398948835129892
v -5.803508464386282 48.5 1.5550454062998933
v -5.609169731155142 48.5 2.153158526200792
v -5.353375760555989 48.5 2.727681190709415
v -5.038929084857412 48.5 3.2723188092904762
v -4.669274847641992 48.5 3.781104218219394
v -4.2484630580868785 48.5 4.2484630580869895
v -3.781104218219772 48.5 4.669274847641663
v -3.2723188092908044 48.5 5.038929084857137
v -2.7276811907086715 48.5 5.353375760556329
v -2.1531585262007944 48.5 5.609169731155129
v -1.5550454062995474 48.5 5.803508464386366
v -0.9398948835134453 48.5 5.9342627444193035
v -0.3144466756983362 48.5 6.0
v 0.31444667569830376 48.5 6.0
v 0.9398948835136878 48.5 5.934262744419274
v 1.5550454062993433 48.5 5.803508464386441
v 2.153158526200296 48.5 5.609169731155303
v 2.7276811907082563 48.5 5.353375760556473
v 3.272318809290458 48.5 5.038929084857237
v 3.781104218218303 48.5 4.669274847642561
v 4.248463058088049 48.5 4.248463058085475
v 4.669274847641193 48.5 3.781104218220083
v 5.038929084858685 48.5 3.272318809288361
v 5.35337576055542 48.5 2.727681190710493
v 5.6091697311554665 48.5 2.153158526199821
v 5.803508464386493 48.5 1.5550454062991967
v 5.934262744419278 48.5 0.9398948835137801
v 6.0 48.5 0.3144466756984108
v 6.0 47.5 0.3144466756984108
v 6.0 47.5 -0.3144466756985038
v 5.934262744419386 47.5 -0.9398948835129892
v 5.803508464386282 47.5 -1.5550454062998933
v 5.609169731155142 47.5 -2.153158526200792
v 5.353375760555989 47.5 -2.727681190709415
v 5.038929084857412 47.5 -3.2723188092904762
v 4.669274847641992 47.5 -3.781104218219394
v 4.2484630580868785 47.5 -4.2484630580869895
v 3.781104218219772 47.5 -4.669274847641663
v 3.2723188092908044 47.5 -5.038929084857137
v 2.7276811907086715 47.5 -5.353375760556329
v 2.1531585262007944 47.5 -5.609169731155129
v 1.5550454062995474 47.5 -5.803508464386366
v 0.9398948835134453 47.5 -5.9342627444193035
v 0.3144466756983362 47.5 -6.0
v -0.31444667569830376 47.5 -6.0
v -0.9398948835136878 47.5 -5.934262744419274
v -1.5550454062993433 47.5 -5.803508464386441
v -2.153158526200296 47.5 -5.609169731155303
v -2.7276811907082563 47.5 -5.353375760556473
v -3.272318809290458 47.5 -5.038929084857237
v -3.781104218218303 47.5 -4.669274847642561
v -4.248463058088049 47.5 -4.248463058085475
v -4.669274847641193 47.5 -3.781104218220083
v -5.038929084858685 47.5 -3.272318809288361
v -5.35337576055542 47.5 -2.727681190710493
v -5.6091697311554665 47.5 -2.153158526199821
v -5.803508464386493 47.5 -1.5550454062991967
v -5.934262744419278 47.5 -0.9398948835137801
v -6.0 47.5 -0.3144466756984108
v -6.0 47.5 0.3144466756985038
v -5.934262744419386 47.5 0.9398948835129892
v -5.803508464386282 47.5 1.5550454062998933
v -5.609169731155142 47.5 2.153158526200792
v -5.353375760555989 47.5 2.727681190709415
v -5.038929084857412 47.5 3.2723188092904762
v -4.669274847641992 47.5 3.781104218219394
v -4.2484630580868785 47.5 4.2484630580869895
v -3.781104218219772 47.5 4.669274847641663
v -3.2723188092908044 47.5 5.038929084857137
v -2.7276811907086715 47.5 5.353375760556329
v -2.1531585262007944 47.5 5.609169731155129
v -1.5550454062995474 47.5 5.803508464386366
v -0.9398948835134453 47.5 5.9342627444193035
v -0.3144466756983362 47.5 6.0
v 0.31444667569830376 47.5 6.0
v 0.9398948835136878 47.5 5.934262744419274
v 1.5550454062993433 47.5 5.803508464386441
v 2.153158526200296 47.5 5.609169731155303
v 2.7276811907082563 47.5 5.353375760556473
v 3.272318809290458 47.5 5.038929084857237
v 3.781104218218303 47.5 4.669274847642561
v 4.248463058088049 47.5 4.248463058085475
v 4.669274847641193 47.5 3.781104218220083
v 5.038929084858685 47.5 3.272318809288361
v 5.35337576055542 47.5 2.727681190710493
v 5.6091697311554665 47.5 2.153158526199821
v 5.803508464386493 47.5 1.5550454062991967
v 5.934262744419278 47.5 0.9398948835137801
v 6.0 47.5 0.3144466756984108
v 6.0 46.5 0.3144466756984108
v 6.0 46.5 -0.3144466756985038
v 5.934262744419386 46.5 -0.9398948835129892
v 5.803508464386282 46.5 -1.5550454062998933
v 5.609169731155142 46.5 -2.153158526200792
v 5.353375760555989 46.5 -2.727681190709415
v 5.038929084857412 46.5 -3.2723188092904762
v 4.669274847641992 46.5 -3.781104218219394
v 4.2484630580868785 46.5 -4.2484630580869895
v 3.781104218219772 46.5 -4.669274847641663
v 3.2723188092908044 46.5 -5.038929084857137
v 2.7276811907086715 46.5 -5.353375760556329
v 2.1531585262007944 46.5 -5.609169731155129
v 1.5550454062995474 46.5 -5.803508464386366
v 0.9398948835134453 46.5 -5.9342627444193035
v 0.3144466756983362 46.5 -6.0
v -0.31444667569830376 46.5 -6.0
v -0.9398948835136878 46.5 -5.934262744419274
v -1.5550454062993433 46.5 -5.803508464386441
v -2.153158526200296 46.5 -5.609169731155303
v -2.7276811907082563 46.5 -5.353375760556473
v -3.272318809290458 46.5 -5.038929084857237
v -3.781104218218303 46.5 -4.669274847642561
v -4.248463058088049 46.5 -4.248463058085475
v -4.669274847641193 46.5 -3.781104218220083
v -5.038929084858685 46.5 -3.272318809288361
v -5.35337576055542 46.5 -2.727681190710493
v -5.6091697311554665 46.5 -2.153158526199821
v -5.803508464386493 46.5 -1.5550454062991967
v -5.934262744419278 46.5 -0.9398948835137801
v -6.0 46.5 -0.3144466756984108
v -6.0 46.5 0.3144466756985038
v -5.934262744419386 46.5 0.9398948835129892
v -5.803508464386282 46.5 1.5550454062998933
v -5.609169731155142 46.5 2.153158526200792
v -5.353375760555989 46.5 2.727681190709415
v -5.038929084857412 46.5 3.2723188092904762
v -4.669274847641992 46.5 3.781104218219394
v -4.2484630580868785 46.5 4.2484630580869895
v -3.781104218219772 46.5 4.669274847641663
v -3.2723188092908044 46.5 5.038929084857137
v -2.7276811907086715 46.5 5.353375760556329
v -2.1531585262007944 46.5 5.609169731155129
v -1.5550454062995474 46.5 5.803508464386366
v -0.9398948835134453 46.5 5.9342627444193035
v -0.3144466756983362 46.5 6.0
v 0.31444667569830376 46.5 6.0
v 0.9398948835136878 46.5 5.934262744419274
v 1.5550454062993433 46.5 5.803508464386441
v 2.153158526200296 46.5 5.609169731155303
v 2.7276811907082563 46.5 5.353375760556473
v 3.272318809290458 46.5 5.038929084857237
v 3.781104218218303 46.5 4.669274847642561
v 4.248463058088049 46.5 4.248463058085475
v 4.669274847641193 46.5 3.781104218220083
v 5.038929084858685 46.5 3.272318809288361
v 5.35337576055542 46.5 2.727681190710493
v 5.6091697311554665 46.5 2.153158526199821
v 5.803508464386493 46.5 1.5550454062991967
v 5.934262744419278 46.5 0.9398948835137801
v 6.0 46.5 0.3144466756984108
v 6.923306535155769 45.5 1.0965440307660117
v 7.0 45.5 0.3668544549808907
v 7.0 45.5 -0.36685445498113134
v 6.923306535155806 45.5 -1.096544030765785
v 6.770759875117255 45.5 -1.8142196406833273
v 6.544031353014298 45.5 -2.5120182805676
v 6.24560505398266 45.5 -3.1822947224929656
v 5.878750598999949 45.5 -3.817705277505956
v 5.447487322247448 45.5 -4.411288254591133
v 4.956540234435863 45.5 -4.956540234433641
v 4.411288254589004 45.5 -5.447487322249184
v 3.817705277507214 45.5 -5.878750598999171
v 3.1822947224929488 45.5 -6.245605053982553
v 2.51201828056636 45.5 -6.544031353014819
v 1.8142196406831328 45.5 -6.770759875117414
v 1.096544030766387 45.5 -6.923306535155767
v 0.36685445498125624 45.5 -7.0
v -0.3668544549809458 45.5 -7.0
v -1.096544030766779 45.5 -6.923306535155694
v -1.8142196406823174 45.5 -6.770759875117607
v -2.512018280566819 45.5 -6.544031353014598
v -3.182294722494529 45.5 -6.245605053981838
v -3.8177052775047247 45.5 -5.878750599000773
v -4.411288254589297 45.5 -5.447487322248795
v -4.956540234433955 45.5 -4.956540234435251
v -5.447487322249704 45.5 -4.411288254588129
v -5.878750599001677 45.5 -3.817705277503558
v -6.245605053981055 45.5 -3.1822947224962945
v -6.544031353014578 45.5 -2.5120182805668705
v -6.770759875117369 45.5 -1.814219640683035
v -6.923306535155769 45.5 -1.0965440307660117
v -7.0 45.5 -0.3668544549808907
v -7.0 45.5 0.36685445498113134
v -6.923306535155806 45.5 1.096544030765785
v -6.770759875117255 45.5 1.8142196406833273
v -6.544031353014298 45.5 2.5120182805676
v -6.24560505398266 45.5 3.1822947224929656
v -5.878750598999949 45.5 3.817705277505956
v -5.447487322247448 45.5 4.411288254591133
v -4.956540234435863 45.5 4.956540234433641
v -4.411288254589004 45.5 5.447487322249184
v -3.817705277507214 45.5 5.878750598999171
v -3.1822947224929488 45.5 6.245605053982553
v -2.51201828056636 45.5 6.544031353014819
v -1.8142196406831328 45.5 6.770759875117414
v -1.096544030766387 45.5 6.923306535155767
v -0.36685445498125624 45.5 7.0
v 0.3668544549809458 45.5 7.0
v 1.096544030766779 45.5 6.923306535155694
v 1.8142196406823174 45.5 6.770759875117607
v 2.512018280566819 45.5 6.544031353014598
v 3.182294722494529 45.5 6.245605053981838
v 3.8177052775047247 45.5 5.878750599000773
v 4.411288254589297 45.5 5.447487322248795
v 4.956540234433955 45.5 4.956540234435251
v 5.447487322249704 45.5 4.411288254588129
v 5.878750599001677 45.5 3.817705277503558
v 6.245605053981055 45.5 3.1822947224962945
v 6.544031353014578 45.5 2.5120182805668705
v 6.770759875117369 45.5 1.814219640683035
v 6.923306535155769 45.5 1.0965440307660117
v 6.0 45.5 0.3144466756984108
v 6.0 45.5 -0.3144466756985038
v 5.934262744419386 45.5 -0.9398948835129892
v 5.803508464386282 45.5 -1.5550454062998933
v 5.609169731155142 45.5 -2.153158526200792
v 5.353375760555989 45.5 -2.727681190709415
v 5.038929084857412 45.5 -3.2723188092904762
v 4.669274847641992 45.5 -3.781104218219394
v 4.2484630580868785 45.5 -4.2484630580869895
v 3.781104218219772 45.5 -4.669274847641663
v 3.2723188092908044 45.5 -5.038929084857137
v 2.7276811907086715 45.5 -5.353375760556329
v 2.1531585262007944 45.5 -5.609169731155129
v 1.5550454062995474 45.5 -5.803508464386366
v 0.9398948835134453 45.5 -5.9342627444193035
v 0.3144466756983362 45.5 -6.0
v -0.31444667569830376 45.5 -6.0
v -0.9398948835136878 45.5 -5.934262744419274
v -1.5550454062993433 45.5 -5.803508464386441
v -2.153158526200296 45.5 -5.609169731155303
v -2.7276811907082563 45.5 -5.353375760556473
v -3.272318809290458 45.5 -5.038929084857237
v -3.781104218218303 45.5 -4.669274847642561
v -4.248463058088049 45.5 -4.248463058085475
v -4.669274847641193 45.5 -3.781104218220083
v -5.038929084858685 45.5 -3.272318809288361
v -5.35337576055542 45.5 -2.727681190710493
v -5.6091697311554665 45.5 -2.153158526199821
v -5.803508464386493 45.5 -1.5550454062991967
v -5.934262744419278 45.5 -0.9398948835137801
v -6.0 45.5 -0.3144466756984108
v -6.0 45.5 0.3144466756985038
v -5.934262744419386 45.5 0.9398948835129892
v -5.803508464386282 45.5 1.5550454062998933
v -5.609169731155142 45.5 2.153158526200792
v -5.353375760555989 45.5 2.727681190709415
v -5.038929084857412 45.5 3.2723188092904762
v -4.669274847641992 45.5 3.781104218219394
v -4.2484630580868785 45.5 4.2484630580869895
v -3.781104218219772 45.5 4.669274847641663
v -3.2723188092908044 45.5 5.038929084857137
v -2.7276811907086715 45.5 5.353375760556329
v -2.1531585262007944 45.5 5.609169731155129
v -1.5550454062995474 45.5 5.803508464386366
v -0.9398948835134453 45.5 5.9342627444193035
v -0.3144466756983362 45.5 6.0
v 0.31444667569830376 45.5 6.0
v 0.9398948835136878 45.5 5.934262744419274
v 1.5550454062993433 45.5 5.803508464386441
v 2.153158526200296 45.5 5.609169731155303
v 2.7276811907082563 45.5 5.353375760556473
v 3.272318809290458 45.5 5.038929084857237
v 3.781104218218303 45.5 4.669274847642561
v 4.248463058088049 45.5 4.248463058085475
v 4.669274847641193 45.5 3.781104218220083
v 5.038929084858685 45.5 3.272318809288361
v 5.35337576055542 45.5 2.727681190710493
v 5.6091697311554665 45.5 2.153158526199821
v 5.803508464386493 45.5 1.5550454062991967
v 5.934262744419278 45.5 0.9398948835137801
v 6.0 45.5 0.3144466756984108
v 7.912350325892335 44.5 1.253193178018364
v 8.0 44.5 0.4192622342641966
v 8.0 44.5 -4.143593539448791
v 7.558393627286955 44.5 -4.90847821393445
v 7.003912271463472 44.5 -5.671656327328223
v 6.3726945871294305 44.5 -6.3726945871311464
v 5.67165632732905 44.5 -7.003912271462854
v 4.908478213936067 44.5 -7.558393627285722
v 4.091521786063112 44.5 -8.030063640834328
v 3.2297377892997896 44.5 -8.413754596733181
v 2.332568109449853 44.5 -8.705262696579402
v 1.4098423252696946 44.5 -8.901394116629007
v 0.47167001354749294 44.5 -9.0
v -0.47167001354757065 44.5 -9.0
v -1.4098423252700631 44.5 -8.901394116628977
v -2.3325681094485207 44.5 -8.705262696579732
v -3.22973778930055 44.5 -8.41375459673284
v -4.091521786065349 44.5 -8.030063640833305
v -4.908478213935933 44.5 -7.558393627286033
v -5.67165632732666 44.5 -7.003912271464778
v -6.372694587131601 44.5 -6.372694587128886
v -7.003912271463164 44.5 -5.671656327328732
v -7.558393627285833 44.5 -4.908478213936064
v -8.030063640833628 44.5 -4.091521786064586
v -8.389298628030573 44.5 -3.2846667943472365
v -7.912350325892438 44.5 1.2531931780177337
v -7.738011285848442 44.5 2.0733938750663263
v -7.478892974873657 44.5 2.8708780349342033
v -7.137834347408438 44.5 3.636908254278481
v -6.718572113143634 44.5 4.363091745720052
v -6.225699796856754 44.5 5.0414722909580885
v -5.664617410782293 44.5 5.6646174107825455
v -5.041472290959343 44.5 6.225699796855577
v -4.36309174571832 44.5 6.71857211314464
v -3.6369082542817415 44.5 7.13783434740662
v -2.87087803493243 44.5 7.4788929748741015
v -2.073393875065306 44.5 7.738011285848664
v -1.2531931780181855 44.5 7.912350325892353
v -0.4192622342641674 44.5 8.0
v 0.4192622342644414 44.5 8.0
v 1.2531931780188224 44.5 7.912350325892314
v 2.0733938750657264 44.5 7.7380112858486765
v 2.8708780349328604 44.5 7.478892974874095
v 3.6369082542788824 44.5 7.137834347408056
v 4.363091745720443 44.5 6.718572113143212
v 5.041472290960559 44.5 6.225699796854804
v 5.664617410780919 44.5 5.664617410784112
v 6.225699796856121 44.5 5.041472290958771
v 6.718572113143651 44.5 4.3630917457198635
v 7.137834347406943 44.5 3.636908254281
v 7.478892974874471 44.5 2.870878034931639
v 7.738011285848464 44.5 2.0733938750663228
v 7.912350325892335 44.5 1.253193178018364
v 7.0 44.5 0.3668544549808907
v 7.0 44.5 -0.36685445498113134
v 6.923306535155806 44.5 -1.096544030765785
v 6.770759875117255 44.5 -1.8142196406833273
v 6.544031353014298 44.5 -2.5120182805676
v 6.24560505398266 44.5 -3.1822947224929656
v 5.878750598999949 44.5 -3.817705277505956
v 5.447487322247448 44.5 -4.411288254591133
v 4.956540234435863 44.5 -4.956540234433641
v 4.411288254589004 44.5 -5.447487322249184
v 3.817705277507214 44.5 -5.878750598999171
v 3.1822947224929488 44.5 -6.245605053982553
v 2.51201828056636 44.5 -6.544031353014819
v 1.8142196406831328 44.5 -6.770759875117414
v 1.096544030766387 44.5 -6.923306535155767
v 0.36685445498125624 44.5 -7.0
v -0.3668544549809458 44.5 -7.0
v -1.096544030766779 44.5 -6.923306535155694
v -1.8142196406823174 44.5 -6.770759875117607
v -2.512018280566819 44.5 -6.544031353014598
v -3.182294722494529 44.5 -6.245605053981838
v -3.8177052775047247 44.5 -5.878750599000773
v -4.411288254589297 44.5 -5.447487322248795
v -4.956540234433955 44.5 -4.956540234435251
v -5.447487322249704 44.5 -4.411288254588129
v -5.878750599001677 44.5 -3.817705277503558
v -6.245605053981055 44.5 -3.1822947224962945
v -6.544031353014578 44.5 -2.5120182805668705
v -6.770759875117369 44.5 -1.814219640683035
v -6.923306535155769 44.5 -1.0965440307660117
v -7.0 44.5 -0.3668544549808907
v -7.0 44.5 0.36685445498113134
v -6.923306535155806 44.5 1.096544030765785
v -6.770759875117255 44.5 1.8142196406833273
v -6.544031353014298 44.5 2.5120182805676
v -6.24560505398266 44.5 3.1822947224929656
v -5.878750598999949 44.5 3.817705277505956
v -5.447487322247448 44.5 4.411288254591133
v -4.956540234435863 44.5 4.956540234433641
v -4.411288254589004 44.5 5.447487322249184
v -3.817705277507214 44.5 5.878750598999171
v -3.1822947224929488 44.5 6.245605053982553
v -2.51201828056636 44.5 6.544031353014819
v -1.8142196406831328 44.5 6.770759875117414
v -1.096544030766387 44.5 6.923306535155767
v -0.36685445498125624 44.5 7.0
v 0.3668544549809458 44.5 7.0
v 1.096544030766779 44.5 6.923306535155694
v 1.8142196406823174 44.5 6.770759875117607
v 2.512018280566819 44.5 6.544031353014598
v 3.182294722494529 44.5 6.245605053981838
v 3.8177052775047247 44.5 5.878750599000773
v 4.411288254589297 44.5 5.447487322248795
v 4.956540234433955 44.5 4.956540234435251
v 5.447487322249704 44.5 4.411288254588129
v 5.878750599001677 44.5 3.817705277503558
v 6.245605053981055 44.5 3.1822947224962945
v 6.544031353014578 44.5 2.5120182805668705
v 6.770759875117369 44.5 1.814219640683035
v 6.923306535155769 44.5 1.0965440307660117
v 7.0 44.5 0.3668544549808907
v 10.879481698102051 43.5 1.7231406197747674
v 11.0 43.5 0.5764855721136596
v 11.0 43.5 -4.79671551394434
v 10.70675152111136 43.5 -5.455362381419723
v 10.077858169715782 43.5 -6.544637618579282
v 9.338549695282884 43.5 -7.562208436439922
v 8.49692611617469 43.5 -8.496926116172869
v 7.562208436438355 43.5 -9.338549695284108
v 6.544637618580941 43.5 -10.077858169714721
v 5.455362381420171 43.5 -10.706751521111046
v 4.306317052397706 43.5 -11.218339462311624
v 3.1100908125997138 43.5 -11.607016928772632
v 1.8797897670274533 43.5 -11.868525488838507
v 0.6288933513962105 43.5 -12.0
v -0.6288933513963233 43.5 -12.0
v -1.879789767027817 43.5 -11.868525488838472
v -3.110090812598886 43.5 -11.607016928772852
v -4.306317052398861 43.5 -11.218339462311217
v -5.455362381419311 43.5 -10.70675152111153
v -6.54463761858226 43.5 -10.07785816971389
v -7.562208436440221 43.5 -9.338549695282891
v -8.496926116172663 43.5 -8.496926116175112
v -9.338549695283659 43.5 -7.562208436439105
v -10.077858169714958 43.5 -6.544637618580737
v -10.706751521110863 43.5 -5.45536238142077
v -11.218339462311222 43.5 -4.3063170523988035
v -11.441134150455746 43.5 -3.6206255085263117
v -10.879481698101914 43.5 1.7231406197756651
v -10.639765518042108 43.5 2.8509165782141896
v -10.283477840451255 43.5 3.947457298033855
v -9.814522227685341 43.5 5.000748849634929
v -9.238036655571433 43.5 5.99925115036663
v -8.56033722067717 43.5 6.932024400068608
v -7.788848939826003 43.5 7.78884893982594
v -6.932024400068241 43.5 8.560337220677477
v -5.999251150367108 43.5 9.238036655571122
v -5.000748849634393 43.5 9.814522227685643
v -3.9474572980335862 43.5 10.283477840451468
v -2.850916578214844 43.5 10.639765518041978
v -1.723140619775406 43.5 10.879481698101984
v -0.576485572113624 43.5 11.0
v 0.5764855721135724 43.5 11.0
v 1.7231406197741217 43.5 10.879481698102111
v 2.8509165782160064 43.5 10.639765518041596
v 3.9474572980329765 43.5 10.283477840451646
v 5.000748849635033 43.5 9.81452222768527
v 5.999251150364815 43.5 9.238036655572476
v 6.932024400068805 43.5 8.56033722067676
v 7.788848939827091 43.5 7.788848939824755
v 8.560337220675745 43.5 6.932024400070176
v 9.238036655572133 43.5 5.999251150365261
v 9.8145222276869 43.5 5.000748849632075
v 10.283477840450592 43.5 3.947457298036049
v 10.63976551804193 43.5 2.850916578214779
v 10.879481698102051 43.5 1.7231406197747674
v 8.0 43.5 0.4192622342641966
v 8.0 43.5 -4.143593539448791
v 7.558393627286955 43.5 -4.90847821393445
v 7.003912271463472 43.5 -5.671656327328223
v 6.3726945871294305 43.5 -6.3726945871311464
v 5.67165632732905 43.5 -7.003912271462854
v 4.908478213936067 43.5 -7.558393627285722
v 4.091521786063112 43.5 -8.030063640834328
v 3.2297377892997896 43.5 -8.413754596733181
v 2.332568109449853 43.5 -8.705262696579402
v 1.4098423252696946 43.5 -8.901394116629007
v 0.47167001354749294 43.5 -9.0
v -0.47167001354757065 43.5 -9.0
v -1.4098423252700631 43.5 -8.901394116628977
v -2.3325681094485207 43.5 -8.705262696579732
v -3.22973778930055 43.5 -8.41375459673284
v -4.091521786065349 43.5 -8.030063640833305
v -4.908478213935933 43.5 -7.558393627286033
v -5.67165632732666 43.5 -7.003912271464778
v -6.372694587131601 43.5 -6.372694587128886
v -7.003912271463164 43.5 -5.671656327328732
v -7.558393627285833 43.5 -4.908478213936064
v -8.030063640833628 43.5 -4.091521786064586
v -8.389298628030573 43.5 -3.2846667943472365
v -7.912350325892438 43.5 1.2531931780177337
v -7.738011285848442 43.5 2.0733938750663263
v -7.478892974873657 43.5 2.8708780349342033
v -7.137834347408438 43.5 3.636908254278481
v -6.718572113143634 43.5 4.363091745720052
v -6.225699796856754 43.5 5.0414722909580885
v -5.664617410782293 43.5 5.6646174107825455
v -5.041472290959343 43.5 6.225699796855577
v -4.36309174571832 43.5 6.71857211314464
v -3.6369082542817415 43.5 7.13783434740662
v -2.87087803493243 43.5 7.4788929748741015
v -2.073393875065306 43.5 7.738011285848664
v -1.2531931780181855 43.5 7.912350325892353
v -0.4192622342641674 43.5 8.0
v 0.4192622342644414 43.5 8.0
v 1.2531931780188224 43.5 7.912350325892314
v 2.0733938750657264 43.5 7.7380112858486765
v 2.8708780349328604 43.5 7.478892974874095
v 3.6369082542788824 43.5 7.137834347408056
v 4.363091745720443 43.5 6.718572113143212
v 5.041472290960559 43.5 6.225699796854804
v 5.664617410780919 43.5 5.664617410784112
v 6.225699796856121 43.5 5.041472290958771
v 6.718572113143651 43.5 4.3630917457198635
v 7.137834347406943 43.5 3.636908254281
v 7.478892974874471 43.5 2.870878034931639
v 7.738011285848464 43.5 2.0733938750663228
v 7.912350325892335 43.5 1.253193178018364
v 8.0 43.5 0.4192622342641966
v 14.8356568610482 42.5 2.3497372087840347
v 15.0 42.5 0.7861166892456859
v 15.0 42.5 -0.7861166892459454
v 14.835656861048353 42.5 -2.349737208783132
v 14.508771160966184 42.5 -3.887613515747964
v 14.022924327888697 42.5 -5.3828963154992175
v 13.383439401388658 42.5 -6.819202976775652
v 12.597322712143436 42.5 -8.18079702322617
v 11.67318711910445 42.5 -9.452760545548987
v 10.621157645219505 42.5 -10.62115764521487
v 9.452760545546852 42.5 -11.67318711910591
v 8.180797023224757 42.5 -12.597322712144381
v 6.819202976776634 42.5 -13.383439401388214
v 5.382896315497607 42.5 -14.02292432788935
v 3.88761351574935 42.5 -14.508771160965862
v 2.349737208784253 42.5 -14.835656861048154
v 0.786116689245465 42.5 -15.0
v -0.7861166892455831 42.5 -15.0
v -2.3497372087842052 42.5 -14.835656861048172
v -3.887613515748246 42.5 -14.508771160966104
v -5.382896315498449 42.5 -14.022924327888967
v -6.8192029767766655 42.5 -13.383439401388166
v -8.180797023224617 42.5 -12.59732271214446
v -9.45276054554877 42.5 -11.673187119104458
v -10.62115764521663 42.5 -10.621157645217657
v -11.673187119105352 42.5 -9.452760545547658
v -12.597322712143619 42.5 -8.180797023225878
v -13.383439401389516 42.5 -6.819202976774154
v -14.022924327888195 42.5 -5.382896315500695
v -14.508771160966187 42.5 -3.887613515747816
v -14.8356568610482 42.5 -2.3497372087840347
v -15.0 42.5 -0.7861166892456859
v -15.0 42.5 0.7861166892459454
v -14.835656861048353 42.5 2.349737208783132
v -14.508771160966184 42.5 3.887613515747964
v -14.022924327888697 42.5 5.3828963154992175
v -13.383439401388658 42.5 6.819202976775652
v -12.597322712143436 42.5 8.18079702322617
v -11.67318711910445 42.5 9.452760545548987
v -10.621157645219505 42.5 10.62115764521487
v -9.452760545546852 42.5 11.67318711910591
v -8.180797023224757 42.5 12.597322712144381
v -6.819202976776634 42.5 13.383439401388214
v -5.382896315497607 42.5 14.02292432788935
v -3.88761351574935 42.5 14.508771160965862
v -2.349737208784253 42.5 14.835656861048154
v -0.786116689245465 42.5 15.0
v 0.7861166892455831 42.5 15.0
v 2.3497372087842052 42.5 14.835656861048172
v 3.887613515748246 42.5 14.508771160966104
v 5.382896315498449 42.5 14.022924327888967
v 6.8192029767766655 42.5 13.383439401388166
v 8.180797023224617 42.5 12.59732271214446
v 9.45276054554877 42.5 11.673187119104458
v 10.62115764521663 42.5 10.621157645217657
v 11.673187119105352 42.5 9.452760545547658
v 12.597322712143619 42.5 8.180797023225878
v 13.383439401389516 42.5 6.819202976774154
v 14.022924327888195 42.5 5.382896315500695
v 14.508771160966187 42.5 3.887613515747816
v 14.8356568610482 42.5 2.3497372087840347
v 11.0 42.5 0.5764855721136596
v 11.0 42.5 -4.79671551394434
v 10.70675152111136 42.5 -5.455362381419723
v 10.077858169715782 42.5 -6.544637618579282
v 9.338549695282884 42.5 -7.562208436439922
v 8.49692611617469 42.5 -8.496926116172869
v 7.562208436438355 42.5 -9.338549695284108
v 6.544637618580941 42.5 -10.077858169714721
v 5.455362381420171 42.5 -10.706751521111046
v 4.306317052397706 42.5 -11.218339462311624
v 3.1100908125997138 42.5 -11.607016928772632
v 1.8797897670274533 42.5 -11.868525488838507
v 0.6288933513962105 42.5 -12.0
v -0.6288933513963233 42.5 -12.0
v -1.879789767027817 42.5 -11.868525488838472
v -3.110090812598886 42.5 -11.607016928772852
v -4.306317052398861 42.5 -11.218339462311217
v -5.455362381419311 42.5 -10.70675152111153
v -6.54463761858226 42.5 -10.07785816971389
v -7.562208436440221 42.5 -9.338549695282891
v -8.496926116172663 42.5 -8.496926116175112
v -9.338549695283659 42.5 -7.562208436439105
v -10.077858169714958 42.5 -6.544637618580737
v -10.706751521110863 42.5 -5.45536238142077
v -11.218339462311222 42.5 -4.3063170523988035
v -11.441134150455746 42.5 -3.6206255085263117
v -10.879481698101914 42.5 1.7231406197756651
v -10.639765518042108 42.5 2.8509165782141896
v -10.283477840451255 42.5 3.947457298033855
v -9.814522227685341 42.5 5.000748849634929
v -9.238036655571433 42.5 5.99925115036663
v -8.56033722067717 42.5 6.932024400068608
v -7.788848939826003 42.5 7.78884893982594
v -6.932024400068241 42.5 8.560337220677477
v -5.999251150367108 42.5 9.238036655571122
v -5.000748849634393 42.5 9.814522227685643
v -3.9474572980335862 42.5 10.283477840451468
v -2.850916578214844 42.5 10.639765518041978
v -1.723140619775406 42.5 10.879481698101984
v -0.576485572113624 42.5 11.0
v 0.5764855721135724 42.5 11.0
v 1.7231406197741217 42.5 10.879481698102111
v 2.8509165782160064 42.5 10.639765518041596
v 3.9474572980329765 42.5 10.283477840451646
v 5.000748849635033 42.5 9.81452222768527
v 5.999251150364815 42.5 9.238036655572476
v 6.932024400068805 42.5 8.56033722067676
v 7.788848939827091 42.5 7.788848939824755
v 8.560337220675745 42.5 6.932024400070176
v 9.238036655572133 42.5 5.999251150365261
v 9.8145222276869 42.5 5.000748849632075
v 10.283477840450592 42.5 3.947457298036049
v 10.63976551804193 42.5 2.850916578214779
v 10.879481698102051 42.5 1.7231406197747674
v 11.0 42.5 0.5764855721136596
v 16.342461966745777 41.5 -13.233864763768823
v 14.869620703305381 41.5 -14.869620703302557
v 13.233864763766753 41.5 -16.3424619667473
v 11.453115832514333 41.5 -17.636251797002227
v 9.546884167485135 41.5 -18.736815161944637
v 8.459245599644575 41.5 -19.22106305159514
v 1.0481555856608473 41.5 -20.0
v -1.0481555856609397 41.5 -20.0
v -3.132982945044718 41.5 -19.780875814731008
v -5.1834846876665175 41.5 -19.34502821462092
v -12.270674505682727 41.5 -17.04226065180616
v -13.233864763765556 41.5 -16.342461966748523
v -14.869620703303653 41.5 -14.869620703304204
v -16.342461966748743 41.5 -13.233864763765233
v -17.636251797001112 41.5 -11.45311583251641
v -18.73681516194476 41.5 -9.546884167485047
v -19.221063051595134 41.5 -8.459245599644786
v -20.0 41.5 -1.0481555856609346
v -20.0 41.5 1.0481555856605822
v -19.780875814730912 41.5 3.1329829450454936
v -19.345028214621276 41.5 5.1834846876650955
v -18.697232437184464 41.5 7.177195087333849
v -17.844585868519626 41.5 9.092270635698448
v -16.796430282858747 41.5 10.90772936430026
v -15.56424949213957 41.5 12.603680727397968
v -14.1615435269564 41.5 14.161543526956054
v -12.603680727397279 41.5 15.564249492140242
v -10.907729364302057 41.5 16.796430282857642
v -9.092270635700611 41.5 17.844585868518354
v -7.177195087331516 41.5 18.697232437185214
v -5.183484687664118 41.5 19.345028214621532
v -3.132982945045887 41.5 19.780875814730862
v -1.04815558566073 41.5 20.0
v 1.0481555856611742 41.5 20.0
v 3.1329829450448665 41.5 19.780875814731022
v 5.183484687665681 41.5 19.345028214621152
v 7.17719508733098 41.5 18.697232437185527
v 9.092270635700666 41.5 17.844585868518358
v 10.907729364299957 41.5 16.796430282858914
v 12.603680727397647 41.5 15.564249492139782
v 14.161543526956716 41.5 14.161543526955644
v 15.564249492141222 41.5 12.603680727396164
v 16.796430282857152 41.5 10.907729364302888
v 17.844585868518077 41.5 9.092270635701041
v 18.69723243718574 41.5 7.177195087330205
v 19.345028214621173 41.5 5.183484687665526
v 19.780875814730972 41.5 3.1329829450450575
v 20.0 41.5 1.0481555856609346
v 20.0 41.5 -1.0481555856604685
v 19.780875814730887 41.5 -3.132982945045539
v 19.345028214621504 41.5 -5.183484687664267
v 17.04226065180646 41.5 -12.27067450568185
v 16.342461966745777 41.5 -13.233864763768823
v 15.0 41.5 0.7861166892456859
v 15.0 41.5 -0.7861166892459454
v 14.835656861048353 41.5 -2.349737208783132
v 14.508771160966184 41.5 -3.887613515747964
v 14.022924327888697 41.5 -5.3828963154992175
v 13.383439401388658 41.5 -6.819202976775652
v 12.597322712143436 41.5 -8.18079702322617
v 11.67318711910445 41.5 -9.452760545548987
v 10.621157645219505 41.5 -10.62115764521487
v 9.452760545546852 41.5 -11.67318711910591
v 8.180797023224757 41.5 -12.597322712144381
v 6.819202976776634 41.5 -13.383439401388214
v 5.382896315497607 41.5 -14.02292432788935
v 3.88761351574935 41.5 -14.508771160965862
v 2.349737208784253 41.5 -14.835656861048154
v 0.786116689245465 41.5 -15.0
v -0.7861166892455831 41.5 -15.0
v -2.3497372087842052 41.5 -14.835656861048172
v -3.887613515748246 41.5 -14.508771160966104
v -5.382896315498449 41.5 -14.022924327888967
v -6.8192029767766655 41.5 -13.383439401388166
v -8.180797023224617 41.5 -12.59732271214446
v -9.45276054554877 41.5 -11.673187119104458
v -10.62115764521663 41.5 -10.621157645217657
v -11.673187119105352 41.5 -9.452760545547658
v -12.597322712143619 41.5 -8.180797023225878
v -13.383439401389516 41.5 -6.819202976774154
v -14.022924327888195 41.5 -5.382896315500695
v -14.508771160966187 41.5 -3.887613515747816
v -14.8356568610482 41.5 -2.3497372087840347
v -15.0 41.5 -0.7861166892456859
v -15.0 41.5 0.7861166892459454
v -14.835656861048353 41.5 2.349737208783132
v -14.508771160966184 41.5 3.887613515747964
v -14.022924327888697 41.5 5.3828963154992175
v -13.383439401388658 41.5 6.819202976775652
v -12.597322712143436 41.5 8.18079702322617
v -11.67318711910445 41.5 9.452760545548987
v -10.621157645219505 41.5 10.62115764521487
v -9.452760545546852 41.5 11.67318711910591
v -8.180797023224757 41.5 12.597322712144381
v -6.819202976776634 41.5 13.383439401388214
v -5.382896315497607 41.5 14.02292432788935
v -3.88761351574935 41.5 14.508771160965862
v -2.349737208784253 41.5 14.835656861048154
v -0.786116689245465 41.5 15.0
v 0.7861166892455831 41.5 15.0
v 2.3497372087842052 41.5 14.835656861048172
v 3.887613515748246 41.5 14.508771160966104
v 5.382896315498449 41.5 14.022924327888967
v 6.8192029767766655 41.5 13.383439401388166
v 8.180797023224617 41.5 12.59732271214446
v 9.45276054554877 41.5 11.673187119104458
v 10.62115764521663 41.5 10.621157645217657
v 11.673187119105352 41.5 9.452760545547658
v 12.597322712143619 41.5 8.180797023225878
v 13.383439401389516 41.5 6.819202976774154
v 14.022924327888195 41.5 5.382896315500695
v 14.508771160966187 41.5 3.887613515747816
v 14.8356568610482 41.5 2.3497372087840347
v 15.0 41.5 0.7861166892456859
v 25.715138559150194 40.5 4.072877828559001
v 26.0 40.5 1.3626022613589326
v 26.0 40.5 -7.354063425937772
v 25.241263790198946 40.5 -9.689213367901122
v 24.090190922501815 40.5 -12.274565358192259
v 22.675180881858655 40.5 -14.725434641806379
v 21.011736814389504 40.5 -17.014968981985984
v 19.118083761390942 40.5 -19.11808376139058
v 17.014968981984506 40.5 -21.011736814390687
v 14.725434641808192 40.5 -22.675180881857536
v 12.274565358193453 40.5 -24.09019092250105
v 9.689213367899356 40.5 -25.24126379019951
v 6.997704328347956 40.5 -26.11578808973869
v 4.22952697581079 40.5 -26.704182349886814
v 1.415010040642258 40.5 -27.0
v -1.4150100406422315 40.5 -27.0
v -4.22952697581051 40.5 -26.704182349886846
v -6.997704328348831 40.5 -26.115788089738476
v -9.689213367899338 40.5 -25.241263790199604
v -12.27456535819239 40.5 -24.09019092250161
v -14.725434641806133 40.5 -22.675180881858626
v -17.014968981988094 40.5 -21.01173681438773
v -19.118083761390103 40.5 -19.11808376139161
v -21.011736814388488 40.5 -17.014968981987106
v -22.67518088185878 40.5 -14.725434641805954
v -24.090190922500266 40.5 -12.274565358194785
v -25.241263790200037 40.5 -9.689213367897707
v -26.115788089738956 40.5 -6.997704328347041
v -26.626278228261263 40.5 -4.5960370520631475
v -25.7151385591502 40.5 4.0728778285591645
v -25.148536679007684 40.5 6.738530093964709
v -24.30640216834015 40.5 9.330353613533292
v -23.19796162907624 40.5 11.819951826406333
v -21.835359367714904 40.5 14.180048173592382
v -20.233524339780207 40.5 16.38478494561905
v -18.410006585043757 40.5 18.410006585042524
v -16.384784945617163 40.5 20.233524339781752
v -14.180048173591524 40.5 21.83535936771564
v -11.819951826409298 40.5 23.19796162907476
v -9.330353613532768 40.5 24.30640216834024
v -6.738530093964032 40.5 25.148536679007815
v -4.072877828559257 40.5 25.715138559150162
v -1.3626022613589246 40.5 26.0
v 1.362602261358747 40.5 26.0
v 4.07287782855863 40.5 25.715138559150205
v 6.738530093965634 40.5 25.148536679007382
v 9.3303536135333 40.5 24.306402168340156
v 11.819951826409511 40.5 23.197961629074804
v 14.180048173591018 40.5 21.835359367716116
v 16.38478494561531 40.5 20.233524339783212
v 18.410006585042854 40.5 18.41000658504314
v 20.233524339781567 40.5 16.384784945617096
v 21.835359367716592 40.5 14.180048173589874
v 23.19796162907457 40.5 11.819951826409621
v 24.30640216834084 40.5 9.330353613531358
v 25.1485366790075 40.5 6.738530093965423
v 25.715138559150194 40.5 4.072877828559001
v 14.869620703305381 40.5 -14.869620703302557
v 13.233864763766753 40.5 -16.3424619667473
v 11.453115832514333 40.5 -17.636251797002227
v 9.546884167485135 40.5 -18.736815161944637
v 8.459245599644575 40.5 -19.22106305159514
v 1.0481555856608473 40.5 -20.0
v -1.0481555856609397 40.5 -20.0
v -3.132982945044718 40.5 -19.780875814731008
v -5.1834846876665175 40.5 -19.34502821462092
v -12.270674505682727 40.5 -17.04226065180616
v -13.233864763765556 40.5 -16.342461966748523
v -14.869620703303653 40.5 -14.869620703304204
v -16.342461966748743 40.5 -13.233864763765233
v -17.636251797001112 40.5 -11.45311583251641
v -18.73681516194476 40.5 -9.546884167485047
v -19.221063051595134 40.5 -8.459245599644786
v -20.0 40.5 -1.0481555856609346
v -20.0 40.5 1.0481555856605822
v -19.780875814730912 40.5 3.1329829450454936
v -19.345028214621276 40.5 5.1834846876650955
v -18.697232437184464 40.5 7.177195087333849
v -17.844585868519626 40.5 9.092270635698448
v -16.796430282858747 40.5 10.90772936430026
v -15.56424949213957 40.5 12.603680727397968
v -14.1615435269564 40.5 14.161543526956054
v -12.603680727397279 40.5 15.564249492140242
v -10.907729364302057 40.5 16.796430282857642
v -9.092270635700611 40.5 17.844585868518354
v -7.177195087331516 40.5 18.697232437185214
v -5.183484687664118 40.5 19.345028214621532
v -3.132982945045887 40.5 19.780875814730862
v -1.04815558566073 40.5 20.0
v 1.0481555856611742 40.5 20.0
v 3.1329829450448665 40.5 19.780875814731022
v 5.183484687665681 40.5 19.345028214621152
v 7.17719508733098 40.5 18.697232437185527
v 9.092270635700666 40.5 17.844585868518358
v 10.907729364299957 40.5 16.796430282858914
v 12.603680727397647 40.5 15.564249492139782
v 14.161543526956716 40.5 14.161543526955644
v 15.564249492141222 40.5 12.603680727396164
v 16.796430282857152 40.5 10.907729364302888
v 17.844585868518077 40.5 9.092270635701041
v 18.69723243718574 40.5 7.177195087330205
v 19.345028214621173 40.5 5.183484687665526
v 19.780875814730972 40.5 3.1329829450450575
v 20.0 40.5 1.0481555856609346
v 20.0 40.5 -1.0481555856604685
v 19.780875814730887 40.5 -3.132982945045539
v 19.345028214621504 40.5 -5.183484687664267
v 17.04226065180646 40.5 -12.27067450568185
v 16.342461966745777 40.5 -13.233864763768823
v 14.869620703305381 40.5 -14.869620703302557
v 20.796073200208493 39.5 -25.681011662028816
v 17.997753451095367 39.5 -27.714109966716826
v 15.00224654890383 39.5 -29.443566683056503
v 11.842371894099077 39.5 -30.850433521354987
v 8.552749734646772 39.5 -31.919296554125257
v 5.1694218593246095 39.5 -32.638445094306064
v 1.729456716340442 39.5 -33.0
v -1.7294567163400938 39.5 -33.0
v -5.169421859324984 39.5 -32.638445094305986
v -8.552749734647522 39.5 -31.919296554125083
v -11.842371894098225 39.5 -30.85043352135532
v -15.00224654890497 39.5 -29.443566683055938
v -17.99775345109586 39.5 -27.714109966716652
v -20.796073200205758 39.5 -25.681011662031025
v -23.366546819477854 39.5 -23.366546819477524
v -25.681011662031636 39.5 -20.7960732002051
v -27.714109966715444 39.5 -17.997753451097715
v -29.44356668305599 39.5 -15.002246548904637
v -30.850433521355544 39.5 -11.842371894097468
v -31.919296554125374 39.5 -8.552749734646568
v -32.63844509430593 39.5 -5.1694218593256664
v -32.67901908581427 39.5 -4.783386116752829
v -31.64940130356951 39.5 5.012772712072498
v -30.952045143394137 39.5 8.293575500263797
v -27.908191034398072 39.5 17.661595181084245
v -27.714109966715935 39.5 17.997753451096912
v -25.681011662030905 39.5 20.79607320020598
v -23.366546819478202 39.5 23.366546819477225
v -20.796073200206088 39.5 25.681011662030738
v -17.997753451096504 39.5 27.71410996671615
v -15.002246548904099 39.5 29.443566683056346
v -11.842371894097731 39.5 30.85043352135554
v -11.473207765882885 39.5 30.970382217755194
v -1.6770489370573376 39.5 32.0
v 1.6770489370572648 39.5 32.0
v 5.012772712073371 39.5 31.649401303569398
v 8.293575500263842 39.5 30.952045143394212
v 17.66159518108393 39.5 27.908191034398268
v 17.99775345109679 39.5 27.71410996671602
v 20.796073200207058 39.5 25.68101166203013
v 23.36654681947755 39.5 23.36654681947809
v 25.681011662029434 39.5 20.79607320020778
v 27.714109966717658 39.5 17.99775345109432
v 29.44356668305578 39.5 15.002246548905461
v 30.850433521354795 39.5 11.842371894099529
v 30.970382217755255 39.5 11.47320776588219
v 32.0 39.5 1.6770489370573014
v 32.0 39.5 -8.173069873246025
v 31.919296554125204 39.5 -8.55274973464736
v 30.850433521354695 39.5 -11.842371894099823
v 29.44356668305604 39.5 -15.002246548904983
v 27.714109966717025 39.5 -17.997753451095473
v 25.681011662029707 39.5 -20.796073200207722
v 23.366546819478742 39.5 -23.36654681947699
v 20.796073200208493 39.5 -25.681011662028816
v 26.0 39.5 1.3626022613589326
v 26.0 39.5 -7.354063425937772
v 25.241263790198946 39.5 -9.689213367901122
v 24.090190922501815 39.5 -12.274565358192259
v 22.675180881858655 39.5 -14.725434641806379
v 21.011736814389504 39.5 -17.014968981985984
v 19.118083761390942 39.5 -19.11808376139058
v 17.014968981984506 39.5 -21.011736814390687
v 14.725434641808192 39.5 -22.675180881857536
v 12.274565358193453 39.5 -24.09019092250105
v 9.689213367899356 39.5 -25.24126379019951
v 6.997704328347956 39.5 -26.11578808973869
v 4.22952697581079 39.5 -26.704182349886814
v 1.415010040642258 39.5 -27.0
v -1.4150100406422315 39.5 -27.0
v -4.22952697581051 39.5 -26.704182349886846
v -6.997704328348831 39.5 -26.115788089738476
v -9.689213367899338 39.5 -25.241263790199604
v -12.27456535819239 39.5 -24.09019092250161
v -14.725434641806133 39.5 -22.675180881858626
v -17.014968981988094 39.5 -21.01173681438773
v -19.118083761390103 39.5 -19.11808376139161
v -21.011736814388488 39.5 -17.014968981987106
v -22.67518088185878 39.5 -14.725434641805954
v -24.090190922500266 39.5 -12.274565358194785
v -25.241263790200037 39.5 -9.689213367897707
v -26.115788089738956 39.5 -6.997704328347041
v -26.626278228261263 39.5 -4.5960370520631475
v -25.7151385591502 39.5 4.0728778285591645
v -25.148536679007684 39.5 6.738530093964709
v -24.30640216834015 39.5 9.330353613533292
v -23.19796162907624 39.5 11.819951826406333
v -21.835359367714904 39.5 14.180048173592382
v -20.233524339780207 39.5 16.38478494561905
v -18.410006585043757 39.5 18.410006585042524
v -16.384784945617163 39.5 20.233524339781752
v -14.180048173591524 39.5 21.83535936771564
v -11.819951826409298 39.5 23.19796162907476
v -9.330353613532768 39.5 24.30640216834024
v -6.738530093964032 39.5 25.148536679007815
v -4.072877828559257 39.5 25.715138559150162
v -1.3626022613589246 39.5 26.0
v 1.362602261358747 39.5 26.0
v 4.07287782855863 39.5 25.715138559150205
v 6.738530093965634 39.5 25.148536679007382
v 9.3303536135333 39.5 24.306402168340156
v 11.819951826409511 39.5 23.197961629074804
v 14.180048173591018 39.5 21.835359367716116
v 16.38478494561531 39.5 20.233524339783212
v 18.410006585042854 39.5 18.41000658504314
v 20.233524339781567 39.5 16.384784945617096
v 21.835359367716592 39.5 14.180048173589874
v 23.19796162907457 39.5 11.819951826409621
v 24.30640216834084 39.5 9.330353613531358
v 25.1485366790075 39.5 6.738530093965423
v 25.715138559150194 39.5 4.072877828559001
v 26.0 39.5 1.3626022613589326
v 37.583664047988755 38.5 5.952667595586206
v 38.0 38.5 1.991495612755485
v 38.0 38.5 -8.80369528483958
v 37.722805018511565 38.5 -10.107795140946461
v 36.459603252509936 38.5 -13.995530420300339
v 34.79694244361227 38.5 -17.72992773961374
v 32.75303905157343 38.5 -21.270072260387458
v 30.350286509673527 38.5 -24.57717741842458
v 27.615009877563057 38.5 -27.615009877566287
v 24.577177418427876 38.5 -30.35028650967086
v 21.270072260385852 38.5 -32.75303905157432
v 17.72992773961453 38.5 -34.79694244361183
v 13.995530420298499 38.5 -36.45960325251063
v 10.10779514094632 38.5 -37.72280501851169
v 6.1093167428390664 38.5 -38.57270783872524
v 2.043903392038578 38.5 -39.0
v -2.043903392038425 38.5 -39.0
v -6.109316742838562 38.5 -38.57270783872528
v -10.107795140946239 38.5 -37.72280501851166
v -13.995530420298241 38.5 -36.45960325251064
v -17.729927739613792 38.5 -34.79694244361205
v -21.270072260387714 38.5 -32.75303905157304
v -24.57717741842673 38.5 -30.35028650967181
v -27.61500987756376 38.5 -27.615009877565576
v -30.350286509671285 38.5 -24.577177418427105
v -32.75303905157563 38.5 -21.27007226038382
v -34.79694244361127 38.5 -17.729927739615718
v -36.459603252510284 38.5 -13.995530420299204
v -37.72280501851172 38.5 -10.107795140945882
v -38.5727078387253 38.5 -6.109316742838416
v -38.71206876319535 38.5 -4.783386116752967
v -37.5836640479888 38.5 5.952667595585979
v -36.755553607780406 38.5 9.848620906563898
v -35.52474163065123 38.5 13.636670665932465
v -33.90471315018667 38.5 17.275314207827982
v -31.913217537430334 38.5 20.724685792172444
v -29.572074035064844 38.5 23.94699338205691
v -26.906932701217304 38.5 26.90693270121657
v -23.946993382056682 38.5 29.572074035065008
v -20.72468579217307 38.5 31.913217537429873
v -17.275314207827993 38.5 33.904713150186524
v -13.63667066593094 38.5 35.52474163065171
v -9.848620906564111 38.5 36.755553607780314
v -5.952667595585714 38.5 37.58366404798882
v -1.9914956127556813 38.5 38.0
v 1.9914956127555534 38.5 38.0
v 5.952667595586547 38.5 37.58366404798873
v 9.848620906562296 38.5 36.75555360778078
v 13.636670665932357 38.5 35.52474163065112
v 17.275314207829744 38.5 33.904713150185756
v 20.72468579217103 38.5 31.91321753743127
v 23.946993382056306 38.5 29.572074035065153
v 26.906932701217166 38.5 26.90693270121652
v 29.572074035066457 38.5 23.94699338205492
v 31.913217537429844 38.5 20.72468579217341
v 33.904713150185884 38.5 17.27531420782944
v 35.524741630651114 38.5 13.636670665932371
v 36.75555360778067 38.5 9.848620906562616
v 37.583664047988755 38.5 5.952667595586206
v 17.997753451095367 38.5 -27.714109966716826
v 15.00224654890383 38.5 -29.443566683056503
v 11.842371894099077 38.5 -30.850433521354987
v 8.552749734646772 38.5 -31.919296554125257
v 5.1694218593246095 38.5 -32.638445094306064
v 1.729456716340442 38.5 -33.0
v -1.7294567163400938 38.5 -33.0
v -5.169421859324984 38.5 -32.638445094305986
v -8.552749734647522 38.5 -31.919296554125083
v -11.842371894098225 38.5 -30.85043352135532
v -15.00224654890497 38.5 -29.443566683055938
v -17.99775345109586 38.5 -27.714109966716652
v -20.796073200205758 38.5 -25.681011662031025
v -23.366546819477854 38.5 -23.366546819477524
v -25.681011662031636 38.5 -20.7960732002051
v -27.714109966715444 38.5 -17.997753451097715
v -29.44356668305599 38.5 -15.002246548904637
v -30.850433521355544 38.5 -11.842371894097468
v -31.919296554125374 38.5 -8.552749734646568
v -32.63844509430593 38.5 -5.1694218593256664
v -32.67901908581427 38.5 -4.783386116752829
v -31.64940130356951 38.5 5.012772712072498
v -30.952045143394137 38.5 8.293575500263797
v -27.908191034398072 38.5 17.661595181084245
v -27.714109966715935 38.5 17.997753451096912
v -25.681011662030905 38.5 20.79607320020598
v -23.366546819478202 38.5 23.366546819477225
v -20.796073200206088 38.5 25.681011662030738
v -17.997753451096504 38.5 27.71410996671615
v -15.002246548904099 38.5 29.443566683056346
v -11.842371894097731 38.5 30.85043352135554
v -11.473207765882885 38.5 30.970382217755194
v -1.6770489370573376 38.5 32.0
v 1.6770489370572648 38.5 32.0
v 5.012772712073371 38.5 31.649401303569398
v 8.293575500263842 38.5 30.952045143394212
v 17.66159518108393 38.5 27.908191034398268
v 17.99775345109679 38.5 27.71410996671602
v 20.796073200207058 38.5 25.68101166203013
v 23.36654681947755 38.5 23.36654681947809
v 25.681011662029434 38.5 20.79607320020778
v 27.714109966717658 38.5 17.99775345109432
v 29.44356668305578 38.5 15.002246548905461
v 30.850433521354795 38.5 11.842371894099529
v 30.970382217755255 38.5 11.47320776588219
v 32.0 38.5 1.6770489370573014
v 32.0 38.5 -8.173069873246025
v 31.919296554125204 38.5 -8.55274973464736
v 30.850433521354695 38.5 -11.842371894099823
v 29.44356668305604 38.5 -15.002246548904983
v 27.714109966717025 38.5 -17.997753451095473
v 25.681011662029707 38.5 -20.796073200207722
v 23.366546819478742 38.5 -23.36654681947699
v 20.796073200208493 38.5 -25.681011662028816
v 17.997753451095367 38.5 -27.714109966716826
v -117.1104893184086 37.5 9.158682401264208
v -117.20491276309522 37.5 9.116642375124115
v -117.38478351465831 37.5 9.316409082861814
v -118.89939076382895 37.5 11.939785791937267
v -118.95859241570032 37.5 12.503051884133525
v -118.78357485635404 37.5 13.041700545249931
v -117.51324405392758 37.5 14.452545832397583
v -117.16860352560082 37.5 14.605989681728552
v -117.0 37.5 13.00183429089551
v -117.0 37.5 9.350055514441475
v -117.1104893184086 37.5 9.158682401264208
v -50.0 37.5 5.255211763283947
v -48.36257053655342 37.5 12.95871171916196
v -44.442586419908835 37.5 25.02318230094739
v -42.83089722128946 37.5 27.814709878966227
v -39.688836204956466 37.5 32.139385854864315
v -36.111935993736196 37.5 36.11193599374068
v -32.13938585486676 37.5 39.68883620495468
v -27.81470987896629 37.5 42.830897221289455
v -23.18529012103511 37.5 45.50369396472283
v -18.301847472698583 37.5 47.67794271482134
v -15.2362324435178 37.5 48.67402141886979
v -2.620388964151985 37.5 50.0
v 5.2552117632833015 37.5 50.0
v 12.95871171916427 37.5 48.36257053655277
v 25.023182300946807 37.5 44.44258641990917
v 27.814709878965928 37.5 42.83089722128956
v 32.13938585486494 37.5 39.688836204955834
v 36.111935993739486 37.5 36.11193599373725
v 39.688836204955265 37.5 32.139385854865814
v 42.83089722128837 37.5 27.814709878967662
v 45.50369396472407 37.5 23.185290121032395
v 47.67794271482194 37.5 18.301847472697318
v 48.67402141886975 37.5 15.236232443518446
v 50.0 37.5 2.620388964152306
v 50.0 37.5 -5.255211763284028
v 46.814760073380626 37.5 -20.24058742797008
v 45.50369396472333 37.5 -23.185290121033727
v 42.83089722128922 37.5 -27.814709878966145
v 39.68883620495447 37.5 -32.139385854866475
v 36.11193599373634 37.5 -36.11193599374048
v 32.13938585486677 37.5 -39.688836204954576
v 27.81470987896646 37.5 -42.83089722128924
v 23.185290121034992 37.5 -45.503693964722764
v 18.301847472697403 37.5 -47.677942714821725
v 13.217885953544837 37.5 -49.32982194728455
v 10.064946108028089 37.5 -50.0
v -5.255211763283709 37.5 -50.0
v -20.24058742796992 37.5 -46.81476007338069
v -23.185290121034313 37.5 -45.503693964723126
v -27.814709878966415 37.5 -42.830897221289256
v -32.13938585486381 37.5 -39.688836204956715
v -36.11193599373952 37.5 -36.11193599373708
v -39.68883620495593 37.5 -32.13938585486494
v -42.83089722128873 37.5 -27.81470987896718
v -45.503693964724405 37.5 -23.18529012103194
v -47.67794271482101 37.5 -18.301847472699706
v -49.32982194728457 37.5 -13.217885953544936
v -50.0 37.5 -10.064946108028266
v -50.0 37.5 5.255211763283947
v 38.0 37.5 1.991495612755485
v 38.0 37.5 -8.80369528483958
v 37.722805018511565 37.5 -10.107795140946461
v 36.459603252509936 37.5 -13.995530420300339
v 34.79694244361227 37.5 -17.72992773961374
v 32.75303905157343 37.5 -21.270072260387458
v 30.350286509673527 37.5 -24.57717741842458
v 27.615009877563057 37.5 -27.615009877566287
v 24.577177418427876 37.5 -30.35028650967086
v 21.270072260385852 37.5 -32.75303905157432
v 17.72992773961453 37.5 -34.79694244361183
v 13.995530420298499 37.5 -36.45960325251063
v 10.10779514094632 37.5 -37.72280501851169
v 6.1093167428390664 37.5 -38.57270783872524
v 2.043903392038578 37.5 -39.0
v -2.043903392038425 37.5 -39.0
v -6.109316742838562 37.5 -38.57270783872528
v -10.107795140946239 37.5 -37.72280501851166
v -13.995530420298241 37.5 -36.45960325251064
v -17.729927739613792 37.5 -34.79694244361205
v -21.270072260387714 37.5 -32.75303905157304
v -24.57717741842673 37.5 -30.35028650967181
v -27.61500987756376 37.5 -27.615009877565576
v -30.350286509671285 37.5 -24.577177418427105
v -32.75303905157563 37.5 -21.27007226038382
v -34.79694244361127 37.5 -17.729927739615718
v -36.459603252510284 37.5 -13.995530420299204
v -37.72280501851172 37.5 -10.107795140945882
v -38.5727078387253 37.5 -6.109316742838416
v -38.71206876319535 37.5 -4.783386116752967
v -37.5836640479888 37.5 5.952667595585979
v -36.755553607780406 37.5 9.848620906563898
v -35.52474163065123 37.5 13.636670665932465
v -33.90471315018667 37.5 17.275314207827982
v -31.913217537430334 37.5 20.724685792172444
v -29.572074035064844 37.5 23.94699338205691
v -26.906932701217304 37.5 26.90693270121657
v -23.946993382056682 37.5 29.572074035065008
v -20.72468579217307 37.5 31.913217537429873
v -17.275314207827993 37.5 33.904713150186524
v -13.63667066593094 37.5 35.52474163065171
v -9.848620906564111 37.5 36.755553607780314
v -5.952667595585714 37.5 37.58366404798882
v -1.9914956127556813 37.5 38.0
v 1.9914956127555534 37.5 38.0
v 5.952667595586547 37.5 37.58366404798873
v 9.848620906562296 37.5 36.75555360778078
v 13.636670665932357 37.5 35.52474163065112
v 17.275314207829744 37.5 33.904713150185756
v 20.72468579217103 37.5 31.91321753743127
v 23.946993382056306 37.5 29.572074035065153
v 26.906932701217166 37.5 26.90693270121652
v 29.572074035066457 37.5 23.94699338205492
v 31.913217537429844 37.5 20.72468579217341
v 33.904713150185884 37.5 17.27531420782944
v 35.524741630651114 37.5 13.636670665932371
v 36.75555360778067 37.5 9.848620906562616
v 37.583664047988755 37.5 5.952667595586206
v 38.0 37.5 1.991495612755485
v -117.1104893184086 36.5 9.158682401264208
v -117.20491276309522 36.5 9.116642375124115
v -117.38478351465831 36.5 9.316409082861814
v -118.89939076382895 36.5 11.939785791937267
v -118.95859241570032 36.5 12.503051884133525
v -118.78357485635404 36.5 13.041700545249931
v -117.51324405392758 36.5 14.452545832397583
v -117.16860352560082 36.5 14.605989681728552
v -117.0 36.5 9.350055514441475
v -117.1104893184086 36.5 9.158682401264208
v -98.17962096921198 36.5 7.77668054240703
v -104.5618658297453 36.5 3.139708227085918
v -106.00000000000017 36.5 2.30940107675849
v -113.44921238711429 36.5 6.610205853709395
v -115.98683534647556 36.5 8.895091829221322
v -116.62943571888214 36.5 10.008108323192204
v -117.0 36.5 14.197381825393107
v -116.70417329029564 36.5 14.604552360222034
v -115.12823862108552 36.5 15.51441866571561
v -105.62187045524765 36.5 19.74692646625043
v -99.03461043968909 36.5 13.815730907400086
v -97.80266972961272 36.5 12.12010998695856
v -97.45149080744488 36.5 8.778865732812713
v -98.17962096921198 36.5 7.77668054240703
v 2.6727967434352777 36.5 -51.0
v -2.672796743434702 36.5 -51.0
v -7.989106509865447 36.5 -50.44123332756385
v -13.217885953546755 36.5 -49.32982194728406
v -18.301847472697332 36.5 -47.67794271482187
v -32.495412393147 36.5 -40.128492364730626
v -44.41058140469714 36.5 -25.640461128869685
v -50.441233327563786 36.5 -7.98910650986619
v -51.0 36.5 -2.6727967434347866
v -51.0 36.5 2.672796743434948
v -50.44123332756373 36.5 7.989106509866568
v -49.329821947284444 36.5 13.217885953545379
v -45.361163941326254 36.5 25.432159363161603
v -43.670718735432224 36.5 28.360096347181205
v -40.467048679562176 36.5 32.769569891235655
v -36.82001317008572 36.5 36.82001317008662
v -32.769569891234156 36.5 40.467048679563575
v -28.360096347183294 36.5 43.67071873543107
v -21.26680723515825 36.5 47.76603111369861
v -15.445289370053885 36.5 49.65755693004276
v -2.672796743435267 36.5 51.0
v 2.6727967434347235 36.5 51.0
v 7.989106509865945 36.5 50.4412333275638
v 13.217885953546554 36.5 49.32982194728416
v 25.432159363161073 36.5 45.36116394132655
v 28.360096347182314 36.5 43.67071873543162
v 32.76956989123538 36.5 40.46704867956254
v 36.820013170086504 36.5 36.820013170085986
v 40.46704867956393 36.5 32.7695698912339
v 43.670718735431066 36.5 28.360096347183514
v 46.395923258150184 36.5 23.63990365281751
v 48.612804336679815 36.5 18.66070722706752
v 49.65755693004279 36.5 15.445289370053189
v 51.0 36.5 2.6727967434347866
v 51.0 36.5 -2.6727967434349313
v 50.4412333275638 36.5 -7.989106509866177
v 49.32982194728436 36.5 -13.217885953545666
v 47.677942714821185 36.5 -18.301847472699325
v 38.10915202154734 36.5 -34.313634604962935
v 25.640461128869916 36.5 -44.41058140469691
v 7.989106509865266 36.5 -50.44123332756393
v 2.6727967434352777 36.5 -51.0
v -48.36257053655342 36.5 12.95871171916196
v -44.442586419908835 36.5 25.02318230094739
v -42.83089722128946 36.5 27.814709878966227
v -39.688836204956466 36.5 32.139385854864315
v -36.111935993736196 36.5 36.11193599374068
v -32.13938585486676 36.5 39.68883620495468
v -27.81470987896629 36.5 42.830897221289455
v -23.18529012103511 36.5 45.50369396472283
v -18.301847472698583 36.5 47.67794271482134
v -15.2362324435178 36.5 48.67402141886979
v -2.620388964151985 36.5 50.0
v 5.2552117632833015 36.5 50.0
v 12.95871171916427 36.5 48.36257053655277
v 25.023182300946807 36.5 44.44258641990917
v 27.814709878965928 36.5 42.83089722128956
v 32.13938585486494 36.5 39.688836204955834
v 36.111935993739486 36.5 36.11193599373725
v 39.688836204955265 36.5 32.139385854865814
v 42.83089722128837 36.5 27.814709878967662
v 45.50369396472407 36.5 23.185290121032395
v 47.67794271482194 36.5 18.301847472697318
v 48.67402141886975 36.5 15.236232443518446
v 50.0 36.5 2.620388964152306
v 50.0 36.5 -5.255211763284028
v 46.814760073380626 36.5 -20.24058742797008
v 45.50369396472355 36.5 -23.185290121033233
v 42.83089722128918 36.5 -27.814709878966205
v 39.68883620495447 36.5 -32.139385854866475
v 36.11193599373665 36.5 -36.11193599374013
v 32.13938585486652 36.5 -39.688836204954725
v 28.729128710692642 36.5 -42.16653305163119
v 27.81470987896646 36.5 -42.83089722128924
v 23.185290121034992 36.5 -45.503693964722764
v 18.301847472697418 36.5 -47.67794271482172
v 17.37304681054516 36.5 -47.97972834382915
v 13.217885953545165 36.5 -49.329821947284444
v 10.064946108027904 36.5 -50.0
v -5.255211763283709 36.5 -50.0
v -20.24058742796992 36.5 -46.81476007338069
v -23.185290121034313 36.5 -45.503693964723126
v -27.814709878966415 36.5 -42.830897221289256
v -32.13938585486381 36.5 -39.688836204956715
v -36.11193599373952 36.5 -36.11193599373708
v -39.68883620495593 36.5 -32.13938585486494
v -42.83089722128873 36.5 -27.81470987896718
v -45.50369396472426 36.5 -23.18529012103219
v -47.67794271482099 36.5 -18.30184747269965
v -49.32982194728456 36.5 -13.21788595354488
v -50.0 36.5 -10.064946108028156
v -50.0 36.5 5.255211763283947
v -48.36257053655342 36.5 12.95871171916196
v -117.0 36.5 13.00183429089551
v -117.0 36.5 11.751476197636563
v -113.44921238711429 35.5 6.610205853709395
v -115.98683534647556 35.5 8.895091829221322
v -116.62943571888214 35.5 10.008108323192204
v -117.0 35.5 11.751476197636563
v -117.0 35.5 14.197381825393107
v -116.70417329029564 35.5 14.604552360222034
v -115.12823862108552 35.5 15.51441866571561
v -98.56087268845936 35.5 5.449682694233214
v -105.64823733692785 35.5 1.3577908065947895
v -108.09835808254722 35.5 3.137907727035458
v -103.62187045524776 35.5 20.63738383686753
v -97.80093688015475 35.5 15.396191704264686
v -95.76542706807864 35.5 11.870585290443854
v -95.49066921296335 35.5 9.256438920216613
v -96.26527329095342 35.5 7.516649675834946
v -98.56087268845936 35.5 5.449682694233214
v 51.43027711830039 35.5 8.145755657118286
v 52.0 35.5 2.7252045227180925
v 52.0 35.5 -2.7252045227182813
v 51.43027711830044 35.5 -8.145755657117865
v 50.29707335801564 35.5 -13.47706018792806
v 48.6128043366805 35.5 -18.660707227065302
v 46.39592325814885 35.5 -23.6399036528198
v 43.67071873543267 35.5 -28.360096347180757
v 40.467048679562815 35.5 -32.7695698912349
v 36.82001317008592 35.5 -36.820013170086376
v 32.76956989123515 35.5 -40.467048679562595
v 28.360096347183386 35.5 -43.6707187354307
v 23.639903652817004 35.5 -46.39592325814998
v 18.660707227062176 35.5 -48.61280433668175
v 13.477060187929613 35.5 -50.297073358015325
v 8.145755657118109 35.5 -51.430277118300424
v 2.725204522718464 35.5 -52.0
v -2.7252045227175543 35.5 -52.0
v -8.145755657118649 35.5 -51.430277118300275
v -13.47706018792956 35.5 -50.2970733580153
v -18.660707227064623 35.5 -48.61280433668093
v -23.639903652820443 35.5 -46.39592325814871
v -30.733192764840073 35.5 -42.30061087988435
v -36.82001317008627 35.5 -36.82001317008605
v -40.467048679565714 35.5 -32.76956989123171
v -43.67071873543017 35.5 -28.360096347185006
v -46.39592325815022 35.5 -23.639903652817395
v -48.61280433668002 35.5 -18.660707227067036
v -50.29707335801565 35.5 -13.477060187928089
v -51.43027711830039 35.5 -8.145755657118286
v -52.0 35.5 -2.7252045227180925
v -52.0 35.5 2.7252045227182813
v -51.43027711830044 35.5 8.14575565711778
v -50.29707335801536 35.5 13.477060187929105
v -48.61280433668085 35.5 18.660707227064563
v -46.39592325814959 35.5 23.639903652818244
v -13.477060187929798 35.5 50.297073358015325
v -8.145755657118812 35.5 51.43027711830032
v -2.7252045227181227 35.5 52.0
v 2.7252045227182364 35.5 52.0
v 8.145755657117164 35.5 51.43027711830051
v 13.477060187929386 35.5 50.29707335801525
v 18.660707227065046 35.5 48.61280433668068
v 23.639903652819 35.5 46.39592325814929
v 50.29707335801565 35.5 13.477060187928089
v 51.43027711830039 35.5 8.145755657118286
v -104.5618658297453 35.5 3.139708227085918
v -106.00000000000017 35.5 2.30940107675849
v -109.28386025911048 35.5 4.205338681336889
v -113.07027547895866 35.5 7.614642258679013
v -114.49192356723185 35.5 9.571372984650633
v -114.76194835322983 35.5 10.841739723162235
v -115.0 35.5 13.10664984946148
v -115.0 35.5 14.09697950186678
v -112.74266285297118 35.5 15.73703093922958
v -106.38855730286733 35.5 19.405575489041382
v -105.62187045524765 35.5 19.74692646625043
v -99.03461043968909 35.5 13.815730907400086
v -97.80266972961272 35.5 12.12010998695856
v -97.45149080744488 35.5 8.778865732812713
v -98.17962096921198 35.5 7.77668054240703
v -104.5618658297453 35.5 3.139708227085918
v -2.672796743434702 35.5 -51.0
v -7.989106509865447 35.5 -50.44123332756385
v -13.217885953546755 35.5 -49.32982194728406
v -18.301847472697332 35.5 -47.67794271482187
v -23.18529012103483 35.5 -45.50369396472292
v -32.495412393147 35.5 -40.128492364730626
v -39.688836204954804 35.5 -32.13938585486659
v -44.41058140469714 35.5 -25.640461128869685
v -47.67794271482099 35.5 -18.30184747269965
v -49.32982194728456 35.5 -13.21788595354488
v -50.441233327563786 35.5 -7.98910650986619
v -51.0 35.5 -2.6727967434347866
v -51.0 35.5 2.672796743434948
v -50.44123332756373 35.5 7.989106509866568
v -49.329821947284444 35.5 13.217885953545379
v -45.36116394132634 35.5 25.432159363161347
v -43.67071873543204 35.5 28.36009634718146
v -40.467048679562275 35.5 32.76956989123551
v -38.03935335548297 35.5 35.465798700350305
v -36.82001317008572 35.5 36.82001317008662
v -32.7695698912345 35.5 40.46704867956327
v -28.36009634718423 35.5 43.67071873543035
v -21.26680723515742 35.5 47.76603111369888
v -15.445289370053885 35.5 49.65755693004276
v -2.672796743435267 35.5 51.0
v 2.6727967434347235 35.5 51.0
v 7.989106509865945 35.5 50.4412333275638
v 13.217885953546554 35.5 49.32982194728416
v 25.432159363161073 35.5 45.36116394132655
v 28.360096347182314 35.5 43.67071873543162
v 32.76956989123469 35.5 40.467048679563035
v 36.82001317008627 35.5 36.82001317008605
v 40.46704867956471 35.5 32.76956989123283
v 43.6707187354309 35.5 28.36009634718374
v 46.39592325815022 35.5 23.639903652817395
v 48.61280433667984 35.5 18.660707227067444
v 49.65755693004279 35.5 15.445289370053189
v 51.0 35.5 2.6727967434347866
v 51.0 35.5 -2.6727967434349313
v 50.4412333275638 35.5 -7.989106509866177
v 49.32982194728436 35.5 -13.217885953545666
v 47.677942714821185 35.5 -18.301847472699325
v 45.50369396472517 35.5 -23.185290121030427
v 42.83089722128773 35.5 -27.814709878968713
v 38.10915202154734 35.5 -34.313634604962935
v 32.13938585486652 35.5 -39.688836204954725
v 25.640461128869916 35.5 -44.41058140469691
v 18.301847472698864 35.5 -47.67794271482125
v 13.217885953545231 35.5 -49.32982194728443
v 7.989106509865266 35.5 -50.44123332756393
v 2.6727967434352777 35.5 -51.0
v -2.672796743434702 35.5 -51.0
v -105.64823733692785 34.5 1.3577908065947895
v -108.09835808254722 34.5 3.137907727035458
v -113.07027547895866 34.5 7.614642258679013
v -114.49192356723185 34.5 9.571372984650633
v -114.76194835322983 34.5 10.841739723162235
v -115.0 34.5 13.10664984946148
v -115.0 34.5 14.09697950186678
v -112.74266285297118 34.5 15.73703093922958
v -106.38855730286683 34.5 19.405575489041667
v -103.62187045524776 34.5 20.63738383686753
v -100.80800420905392 34.5 20.79556152778831
v -98.68232179504979 34.5 18.434752036243037
v -94.58172080276604 34.5 12.790758967397526
v -94.0 34.5 11.000406429492088
v -94.0 34.5 9.87979811497324
v -94.23298756941595 34.5 8.783677780764892
v -95.17423160025488 34.5 7.153395297031045
v -100.35867676432714 34.5 2.4852999038600005
v -102.92874781059678 34.5 0.6180339887498378
v 39.89574370751135 34.5 -34.898544892844036
v 37.52809034643414 34.5 -37.52809034643375
v 33.399753927605474 34.5 -41.2452611541692
v 28.905482815395686 34.5 -44.51054024957551
v 25.841136425375762 34.5 -46.279741462743765
v 10.870960179836299 34.5 -51.143846580997554
v -21.26680723515843 34.5 -47.76603111369842
v -35.93509441891979 34.5 -39.29729155960303
v -41.245261154170194 34.5 -33.39975392760425
v -44.51054024957488 34.5 -28.905482815396766
v -46.27974146274397 34.5 -25.8411364253754
v -51.143846580997504 34.5 -10.870960179836645
v -52.0 34.5 10.275154578559022
v -51.26432476874616 34.5 13.736234422313265
v -49.54766595853966 34.5 19.01956698143252
v -47.288152551576005 34.5 24.094517184602513
v -44.51054024957409 34.5 28.905482815398212
v -41.24526115417036 34.5 33.399753927604365
v -37.528090346434624 34.5 37.528090346433416
v -33.39975392760553 34.5 41.24526115416925
v -24.36142606654379 34.5 47.811990727286314
v -13.736234422311949 34.5 51.26432476874648
v -8.302404804369704 34.5 52.419320909037005
v -2.777612302001131 34.5 53.0
v 2.7776123020013443 34.5 53.0
v 8.302404804370415 34.5 52.419320909036955
v 13.736234422310531 34.5 51.264324768746874
v 19.01956698143429 34.5 49.54766595853895
v 24.094517184602147 34.5 47.288152551576246
v 28.905482815396073 34.5 44.510540249575335
v 33.39975392760716 34.5 41.24526115416803
v 37.52809034643245 34.5 37.528090346435675
v 41.24526115416963 34.5 33.399753927605026
v 44.5105402495747 34.5 28.905482815397036
v 47.28815255157662 34.5 24.094517184601358
v 49.54766595853975 34.5 19.019566981432575
v 51.264324768746235 34.5 13.736234422313203
v 52.41932090903705 34.5 8.302404804369587
v 52.789184677084634 34.5 4.783386116752779
v 47.766031113698546 34.5 -21.2668072351583
v 39.89574370751135 34.5 -34.898544892844036
v -104.7002545118376 34.5 1.9051089458477994
v -107.46817404617698 34.5 3.916120201642178
v -112.00830180685952 34.5 8.004069598989677
v -113.78087935756406 34.5 11.074263977165959
v -113.87489188511485 34.5 11.968733427546809
v -113.59696310103868 34.5 12.824110270804667
v -111.22479131839562 34.5 15.458673939932652
v -105.93394377108038 34.5 18.51334619561632
v -102.80839716909608 34.5 19.904929200088308
v -97.80093688015475 34.5 15.396191704264686
v -95.76542706807864 34.5 11.870585290443854
v -95.49066921296335 34.5 9.256438920216613
v -96.26527329095342 34.5 7.516649675834946
v -98.56087268845936 34.5 5.449682694233214
v -104.7002545118376 34.5 1.9051089458477994
v 52.0 34.5 2.7252045227180925
v 52.0 34.5 -2.7252045227182515
v 51.43027711830041 34.5 -8.14575565711799
v 50.29707335801548 34.5 -13.477060187928533
v 48.6128043366805 34.5 -18.660707227065302
v 46.39592325814919 34.5 -23.63990365281903
v 43.67071873543208 34.5 -28.36009634718157
v 40.467048679562815 34.5 -32.7695698912349
v 36.82001317008592 34.5 -36.820013170086376
v 32.76956989123515 34.5 -40.467048679562595
v 28.360096347183386 34.5 -43.6707187354307
v 23.639903652817004 34.5 -46.39592325814998
v 18.660707227062375 34.5 -48.61280433668166
v 13.477060187929329 34.5 -50.29707335801539
v 8.145755657118237 34.5 -51.430277118300396
v 2.7252045227182364 34.5 -52.0
v -2.7252045227175543 34.5 -52.0
v -8.145755657118055 34.5 -51.43027711830034
v -13.477060187929368 34.5 -50.29707335801527
v -18.66070722706543 34.5 -48.612804336680576
v -23.639903652817424 34.5 -46.395923258150056
v -30.733192764841395 34.5 -42.30061087988316
v -36.82001317008627 34.5 -36.82001317008605
v -40.467048679565714 34.5 -32.76956989123171
v -43.67071873543017 34.5 -28.360096347185006
v -46.39592325815022 34.5 -23.639903652817395
v -48.61280433668002 34.5 -18.660707227067036
v -50.29707335801565 34.5 -13.477060187928089
v -51.43027711830037 34.5 -8.145755657118386
v -52.0 34.5 -2.7252045227180925
v -52.0 34.5 2.7252045227182813
v -51.43027711830044 34.5 8.14575565711778
v -50.29707335801536 34.5 13.477060187929105
v -48.61280433668085 34.5 18.660707227064563
v -46.39592325814959 34.5 23.639903652818244
v -43.67071873543166 34.5 28.36009634718211
v -40.46704867956257 34.5 32.769569891235186
v -36.820013170085524 34.5 36.82001317008685
v -32.769569891234944 34.5 40.46704867956294
v -28.36009634718423 34.5 43.67071873543035
v -21.26680723515731 34.5 47.76603111369894
v -13.477060187929798 34.5 50.297073358015325
v -8.145755657118812 34.5 51.43027711830032
v -2.7252045227181227 34.5 52.0
v 2.7252045227182364 34.5 52.0
v 8.145755657117164 34.5 51.43027711830051
v 13.477060187929386 34.5 50.29707335801525
v 18.660707227065046 34.5 48.61280433668068
v 23.639903652819 34.5 46.39592325814929
v 28.360096347182587 34.5 43.670718735431564
v 32.769569891233864 34.5 40.46704867956378
v 36.82001317008627 34.5 36.82001317008605
v 40.467048679565714 34.5 32.76956989123171
v 43.67071873543017 34.5 28.360096347185006
v 46.39592325815022 34.5 23.639903652817395
v 48.61280433668002 34.5 18.660707227067036
v 50.29707335801565 34.5 13.477060187928089
v 51.43027711830039 34.5 8.145755657118286
v 52.0 34.5 2.7252045227180925
v -113.59696310103868 33.5 12.824110270804667
v -111.22479131839562 33.5 15.458673939932652
v -105.93394377108038 33.5 18.51334619561632
v -100.80800420905392 33.5 20.79556152778831
v -102.92874781059678 33.5 0.6180339887498378
v -107.46817404617698 33.5 3.916120201642178
v -112.00830180685952 33.5 8.004069598989677
v -113.78087935756406 33.5 11.074263977165959
v -113.87489188511485 33.5 11.968733427546809
v -113.59696310103868 33.5 12.824110270804667
v -93.49062970100903 33.5 12.668793823461195
v -93.0 33.5 11.158790869816528
v -93.0 33.5 9.774693879707996
v -93.27153916008376 33.5 8.49720257127547
v -95.51799377957121 33.5 6.00226195687719
v 53.0 33.5 2.777612302001398
v 53.0 33.5 -2.7776123020013697
v 52.41932090903701 33.5 -8.302404804369788
v 51.264324768746015 33.5 -13.736234422314105
v 49.54766595854029 33.5 -19.01956698143107
v 47.288152551576154 33.5 -24.094517184602246
v 44.510540249574255 33.5 -28.905482815397896
v 41.24526115416988 33.5 -33.39975392760496
v 24.094517184603482 33.5 -47.28815255157554
v 19.019566981431446 33.5 -49.54766595854012
v 13.736234422313249 33.5 -51.264324768746235
v 8.302404804370017 33.5 -52.41932090903698
v 2.777612302001174 33.5 -53.0
v -2.7776123020009926 33.5 -53.0
v -8.302404804370031 33.5 -52.419320909036955
v -13.736234422312041 33.5 -51.26432476874647
v -19.019566981431637 33.5 -49.5476659585399
v -24.094517184604765 33.5 -47.288152551574825
v -33.76974229091673 33.5 -41.7021587319754
v -47.28815255157672 33.5 -24.0945171846012
v -49.547665958539554 33.5 -19.019566981433087
v -51.264324768746114 33.5 -13.736234422313458
v -52.41932090903707 33.5 -8.302404804369246
v -53.0 33.5 -2.777612302001398
v -53.0 33.5 2.7776123020013697
v -52.41932090903697 33.5 8.30240480436993
v -98.68232179504979 33.5 18.434752036243037
v -94.58172080276604 33.5 12.790758967397526
v -94.0 33.5 11.000406429492088
v -94.0 33.5 9.87979811497324
v -94.23298756941595 33.5 8.783677780764892
v -95.17423160025488 33.5 7.153395297031045
v -100.35867676432714 33.5 2.4852999038600005
v -102.07809700224487 33.5 1.2360679774997327
v -106.8379900098067 33.5 4.694332676248671
v -111.05490969794971 33.5 8.491264217931857
v -111.07222305884027 33.5 8.530150663171923
v -111.45207611117013 33.5 9.6992181488733
v -111.79481698102005 33.5 11.31168716491807
v -111.8414116728807 33.5 11.755006044912362
v -111.70366400891926 33.5 12.17894976257029
v -110.7817981916911 33.5 14.249494288669867
v -110.39352657148916 33.5 14.783904326947857
v -105.47933023929727 33.5 17.62111690218963
v -100.10443865338624 33.5 20.01417281666078
v -98.68232179504979 33.5 18.434752036243037
v 37.52809034643414 33.5 -37.52809034643375
v 33.399753927605474 33.5 -41.2452611541692
v 28.905482815395686 33.5 -44.51054024957551
v 25.841136425375762 33.5 -46.279741462743765
v 10.870960179836299 33.5 -51.143846580997554
v 2.7252045227182364 33.5 -52.0
v -2.725204522718105 33.5 -52.0
v -8.14575565711748 33.5 -51.43027711830046
v -13.477060187929368 33.5 -50.29707335801527
v -21.26680723515843 33.5 -47.76603111369842
v -35.93509441891979 33.5 -39.29729155960303
v -41.245261154170194 33.5 -33.39975392760425
v -44.51054024957488 33.5 -28.905482815396766
v -46.27974146274397 33.5 -25.8411364253754
v -51.143846580997504 33.5 -10.870960179836645
v -52.0 33.5 -2.7252045227180925
v -52.0 33.5 10.275154578559022
v -51.26432476874616 33.5 13.736234422313265
v -49.54766595853966 33.5 19.01956698143252
v -47.288152551576005 33.5 24.094517184602513
v -44.51054024957409 33.5 28.905482815398212
v -41.24526115417036 33.5 33.399753927604365
v -37.528090346434624 33.5 37.528090346433416
v -33.39975392760553 33.5 41.24526115416925
v -24.36142606654379 33.5 47.811990727286314
v -13.736234422311949 33.5 51.26432476874648
v -8.302404804369704 33.5 52.419320909037005
v -2.777612302001131 33.5 53.0
v 2.7776123020013443 33.5 53.0
v 8.302404804370415 33.5 52.419320909036955
v 13.736234422310531 33.5 51.264324768746874
v 19.01956698143429 33.5 49.54766595853895
v 24.094517184602147 33.5 47.288152551576246
v 28.905482815396073 33.5 44.510540249575335
v 33.39975392760716 33.5 41.24526115416803
v 37.52809034643245 33.5 37.528090346435675
v 41.24526115416963 33.5 33.399753927605026
v 44.5105402495747 33.5 28.905482815397036
v 47.28815255157662 33.5 24.094517184601358
v 49.54766595853975 33.5 19.019566981432575
v 51.264324768746235 33.5 13.736234422313203
v 52.41932090903705 33.5 8.302404804369587
v 52.789184677084634 33.5 4.783386116752779
v 51.43027711830041 33.5 -8.14575565711799
v 50.297073358015226 33.5 -13.47706018792975
v 47.766031113698546 33.5 -21.2668072351583
v 39.89574370751135 33.5 -34.898544892844036
v 37.52809034643414 33.5 -37.52809034643375
v -102.07809700224487 32.5 1.2360679774997327
v -106.8379900098067 32.5 4.694332676248671
v -111.05490969794971 32.5 8.491264217931857
v -111.07222305884027 32.5 8.530150663171923
v -111.45207611117013 32.5 9.6992181488733
v -111.79481698102005 32.5 11.31168716491807
v -111.8414116728807 32.5 11.755006044912362
v -111.70366400891926 32.5 12.17894976257029
v -110.7817981916911 32.5 14.249494288669867
v -110.39352657148916 32.5 14.783904326947857
v -105.47933023929727 32.5 17.62111690218963
v -100.10443865338624 32.5 20.01417281666078
v -102.07809700224487 32.5 1.2360679774997327
v -92.0 32.5 9.669589644442196
v -92.34255232152252 32.5 8.058007678535727
v -92.38042776045472 32.5 7.992405493946177
v -94.84517741476705 32.5 5.255023681945601
v -100.37679538554089 32.5 1.2360679774997918
v -98.4403145588821 32.5 19.660452320940752
v -93.86516358842738 32.5 14.579232395920823
v -92.02340830859937 32.5 11.389218676150536
v -92.0 32.5 11.317175310141131
v -92.0 32.5 9.669589644442196
v 36.776537656127545 32.5 -39.550424157895264
v 34.029937963974675 32.5 -42.0234736287769
v 31.03988037154182 32.5 -44.1958776308647
v -36.57225936780539 32.5 -40.084124743225
v -42.023473628775996 32.5 -34.029937963975684
v -44.1958776308653 32.5 -31.03988037154074
v -53.0 32.5 10.380258813824852
v -52.23157617947757 32.5 13.99540865669505
v -50.48252758039933 32.5 19.378426735797756
v -48.18038184500117 32.5 24.54913071638872
v -45.35036176371732 32.5 29.450869283612533
v -42.0234736287752 32.5 34.02993796397689
v -38.236167522782296 32.5 38.236167522781614
v -34.02993796397564 32.5 42.02347362877627
v -24.821075614969672 32.5 48.71410375987642
v -13.995408656695382 32.5 52.23157617947752
v -8.459053951621875 32.5 53.40836469977359
v -2.8300200812844167 32.5 54.0
v 2.8300200812843777 32.5 54.0
v 8.459053951621804 32.5 53.4083646997736
v 13.995408656695147 32.5 52.23157617947756
v 19.37842673580018 32.5 50.4825275803985
v 24.549130716387943 32.5 48.1803818450018
v 29.45086928361357 32.5 45.35036176371691
v 34.02993796397391 32.5 42.02347362877776
v 38.23616752277976 32.5 38.23616752278386
v 42.02347362877782 32.5 34.0299379639734
v 45.35036176371832 32.5 29.45086928361124
v 48.18038184500139 32.5 24.54913071638876
v 50.48252758039892 32.5 19.37842673579911
v 52.231576179477386 32.5 13.9954086566959
v 53.40836469977358 32.5 8.459053951621797
v 53.79469295664814 32.5 4.783386116752683
v -93.49062970100903 32.5 12.668793823461195
v -93.0 32.5 11.158790869816528
v -93.0 32.5 9.774693879707996
v -93.27153916008376 32.5 8.49720257127547
v -95.51799377957121 32.5 6.00226195687719
v -101.22744619389285 32.5 1.8541019662496268
v -106.20780597343742 32.5 5.47254515085619
v -109.47972401271103 32.5 8.418593386029173
v -110.0 32.5 13.36868874587681
v -110.0 32.5 13.474411167423305
v -109.66918237202535 32.5 14.047404107114863
v -105.02471670751129 32.5 16.728887608763937
v -99.40087309771806 32.5 19.232784105532936
v -93.49062970100903 32.5 12.668793823461195
v 53.0 32.5 2.777612302001398
v 53.0 32.5 -2.7776123020013697
v 52.41932090903707 32.5 -8.302404804369239
v 51.264324768745965 32.5 -13.736234422314071
v 49.547665958540314 32.5 -19.019566981430927
v 47.288152551575855 32.5 -24.09451718460276
v 44.51054024957438 32.5 -28.905482815397672
v 42.1745010302228 32.5 -32.12076496242484
v 41.24526115416988 32.5 -33.39975392760496
v 37.528090346436514 32.5 -37.5280903464314
v 33.399753927603015 32.5 -41.24526115417115
v 28.905482815396752 32.5 -44.51054024957497
v 24.094517184603482 32.5 -47.28815255157554
v 22.299220166952733 32.5 -48.08747028248253
v 19.019566981431584 32.5 -49.54766595854005
v 13.736234422313217 32.5 -51.264324768746214
v 8.302404804369807 32.5 -52.419320909037
v 2.7776123020011667 32.5 -53.0
v -2.7776123020009926 32.5 -53.0
v -8.302404804370031 32.5 -52.419320909036955
v -13.736234422312041 32.5 -51.26432476874647
v -19.01956698143097 32.5 -49.54766595854012
v -24.094517184603973 32.5 -47.28815255157511
v -33.76974229091712 32.5 -41.70215873197496
v -41.245261154169235 32.5 -33.39975392760548
v -44.51054024957509 32.5 -28.905482815396397
v -47.288152551576594 32.5 -24.094517184601422
v -49.54766595853964 32.5 -19.01956698143282
v -51.264324768746114 32.5 -13.736234422313458
v -52.41932090903707 32.5 -8.302404804369246
v -53.0 32.5 -2.777612302001398
v -53.0 32.5 2.7776123020013697
v -52.41932090903697 32.5 8.30240480436993
v -51.26432476874592 32.5 13.736234422314297
v -49.54766595853988 32.5 19.019566981432163
v -47.28815255157661 32.5 24.0945171846015
v -44.510540249575264 32.5 28.905482815396212
v -41.24526115416786 32.5 33.39975392760732
v -37.528090346436684 32.5 37.528090346431355
v -33.399753927603605 32.5 41.24526115417075
v -24.36142606654382 32.5 47.8119907272864
v -13.73623442231331 32.5 51.26432476874621
v -8.302404804369996 32.5 52.41932090903697
v -2.7776123020009926 32.5 53.0
v 2.777612302001348 32.5 53.0
v 8.302404804370287 32.5 52.41932090903697
v 13.736234422311984 32.5 51.264324768746555
v 19.01956698143282 32.5 49.54766595853959
v 24.094517184602473 32.5 47.28815255157608
v 28.905482815396823 32.5 44.51054024957494
v 33.399753927604195 32.5 41.24526115417033
v 37.52809034643428 32.5 37.52809034643364
v 41.245261154169235 32.5 33.39975392760548
v 44.51054024957509 32.5 28.905482815396397
v 47.28815255157672 32.5 24.0945171846012
v 49.547665958539554 32.5 19.019566981433087
v 51.264324768746114 32.5 13.736234422313458
v 52.41932090903707 32.5 8.302404804369246
v 53.0 32.5 2.777612302001398
v -106.20780597343742 31.5 5.47254515085619
v -109.47972401271103 31.5 8.418593386029173
v -110.0 31.5 13.36868874587681
v -110.0 31.5 13.474411167423305
v -109.66918237202535 31.5 14.047404107114863
v -105.02471670751129 31.5 16.728887608763937
v -98.4403145588821 31.5 19.660452320940752
v -91.0 31.5 9.564485409176383
v -91.02286333355255 31.5 9.456921881741973
v -92.30103304311857 31.5 6.58610571076629
v -94.17236104996506 31.5 4.507785407012356
v -99.5261445771887 31.5 0.6180339887499271
v -96.77619046437893 31.5 19.306731825220567
v -93.05169030227495 31.5 15.17025533370442
v -91.10483078718168 31.5 11.798195738363988
v -91.0 31.5 11.47555975046578
v -91.0 31.5 9.564485409176383
v 54.0 31.5 2.8300200812842493
v 54.0 31.5 -2.830020081284104
v 53.408364699773436 31.5 -8.459053951622558
v 52.23157617947739 31.5 -13.99540865669585
v 50.4825275803991 31.5 -19.378426735798413
v 48.180381845001335 31.5 -24.549130716388557
v 45.35036176371691 31.5 -29.450869283613386
v 42.02347362877734 31.5 -34.02993796397432
v 38.23616752278188 31.5 -38.23616752278195
v 29.450869283611887 31.5 -45.3503617637179
v 24.54913071638844 31.5 -48.180381845001556
v 19.378426735799714 31.5 -50.4825275803987
v 13.995408656695986 31.5 -52.23157617947732
v 8.459053951621183 31.5 -53.40836469977366
v 2.830020081284353 31.5 -54.0
v -2.8300200812842284 31.5 -54.0
v -8.45905395162271 31.5 -53.408364699773486
v -13.995408656695218 31.5 -52.23157617947763
v -19.378426735799277 31.5 -50.482527580398894
v -24.54913071638793 31.5 -48.18038184500181
v -34.40690723980188 31.5 -42.488991915597595
v -45.35036176371867 31.5 -29.4508692836106
v -48.18038184500195 31.5 -24.549130716387765
v -50.48252758039878 31.5 -19.378426735799735
v -52.23157617947749 31.5 -13.995408656695759
v -53.40836469977353 31.5 -8.459053951622423
v -54.0 31.5 -2.8300200812842493
v -54.0 31.5 2.830020081284104
v -53.408364699773486 31.5 8.459053951622304
v -92.34255232152252 31.5 8.058007678535727
v -92.38042776045472 31.5 7.992405493946177
v -94.84517741476705 31.5 5.255023681945601
v -100.37679538554079 31.5 1.2360679774998629
v -105.17301515514092 31.5 4.720725613774466
v -106.06726288070162 31.5 5.713888329139733
v -108.10872381542697 31.5 9.249802389751078
v -108.26763819326285 31.5 9.606729926272571
v -108.55032187897669 31.5 10.476740852022061
v -108.7530292323885 31.5 11.430403970295952
v -107.3403880452452 31.5 14.603248024952048
v -97.73674900321409 31.5 18.879063609813116
v -93.86516358842738 31.5 14.579232395920823
v -92.02340830859937 31.5 11.389218676150536
v -92.0 31.5 11.317175310141131
v -92.0 31.5 9.669589644442196
v -92.34255232152252 31.5 8.058007678535727
v 49.547665958540314 31.5 -19.019566981430927
v 47.28815255157566 31.5 -24.094517184603195
v 44.51054024957454 31.5 -28.90548281539746
v 36.776537656127545 31.5 -39.550424157895264
v 34.029937963974675 31.5 -42.0234736287769
v 31.03988037154182 31.5 -44.1958776308647
v 19.019566981431584 31.5 -49.54766595854005
v 13.736234422313217 31.5 -51.264324768746214
v 8.302404804369807 31.5 -52.419320909037
v 2.7776123020011667 31.5 -53.0
v -2.7776123020010886 31.5 -53.0
v -8.302404804370166 31.5 -52.419320909036955
v -13.736234422312126 31.5 -51.264324768746484
v -19.01956698143058 31.5 -49.54766595854029
v -24.094517184603973 31.5 -47.28815255157511
v -36.57225936780517 31.5 -40.084124743225125
v -42.02347362877649 31.5 -34.029937963975
v -44.1958776308653 31.5 -31.03988037154074
v -49.547665958539724 31.5 -19.019566981432632
v -51.26432476874614 31.5 -13.736234422313515
v -52.41932090903704 31.5 -8.30240480436953
v -53.0 31.5 -2.777612302001398
v -53.0 31.5 10.380258813824739
v -52.231576179477514 31.5 13.995408656695224
v -50.48252758039933 31.5 19.378426735797756
v -48.18038184500117 31.5 24.54913071638872
v -45.35036176371732 31.5 29.450869283612533
v -42.02347362877721 31.5 34.02993796397413
v -38.23616752277977 31.5 38.23616752278384
v -34.02993796397579 31.5 42.023473628776074
v -24.821075614969523 31.5 48.71410375987647
v -13.995408656695382 31.5 52.23157617947752
v -8.459053951622234 31.5 53.408364699773514
v -2.830020081284026 31.5 54.0
v 2.830020081284136 31.5 54.0
v 8.459053951622076 31.5 53.40836469977354
v 13.99540865669512 31.5 52.231576179477564
v 17.404653440127827 31.5 51.123845400060986
v 19.378426735798712 31.5 50.48252758039897
v 24.549130716389428 31.5 48.18038184500094
v 29.45086928361102 31.5 45.35036176371838
v 34.02993796397474 31.5 42.02347362877674
v 38.23616752278108 31.5 38.23616752278239
v 42.02347362877719 31.5 34.029937963974106
v 45.35036176371867 31.5 29.4508692836106
v 48.180381845001435 31.5 24.54913071638866
v 50.48252758039892 31.5 19.37842673579911
v 52.231576179477386 31.5 13.9954086566959
v 53.40836469977358 31.5 8.459053951621797
v 53.79469295664814 31.5 4.783386116752683
v 52.41932090903715 31.5 -8.302404804368875
v 51.264324768745965 31.5 -13.736234422314071
v 49.547665958540314 31.5 -19.019566981430927
v -99.5261445771887 30.5 0.6180339887499271
v -105.17301515514092 30.5 4.720725613774466
v -106.06726288070162 30.5 5.713888329139733
v -108.10872381542697 30.5 9.249802389751078
v -108.26763819326285 30.5 9.606729926272571
v -108.55032187897669 30.5 10.476740852022061
v -108.7530292323885 30.5 11.430403970295952
v -107.3403880452452 30.5 14.603248024952048
v -95.89325733122035 30.5 19.69983898331222
v -90.54350211647227 30.5 12.336532626786491
v -90.3167534908137 30.5 11.26976421523032
v -90.50723979630929 30.5 9.457408081206966
v -91.28805990053725 30.5 7.054290900929209
v -91.98198219966386 30.5 6.099188794199635
v -95.89325733122035 30.5 19.69983898331222
v 40.35086684634363 30.5 -36.332083699372966
v 27.148723548214583 30.5 -47.022968546150054
v -47.02296854615071 30.5 -27.14872354821354
v -54.0 30.5 10.485363049090779
v -53.19882759020858 30.5 14.254582891078822
v -51.417389202258825 30.5 19.737286490163942
v -49.072611138427156 30.5 25.00374424817395
v -46.19018327786107 30.5 29.996255751826613
v -42.80168610338409 30.5 34.66012200034441
v -38.944244699129904 30.5 38.94424469912936
v -34.66012200034301 30.5 42.80168610338522
v -25.28072516339581 30.5 49.61621679246644
v -14.254582891077426 30.5 53.19882759020892
v -8.615703098875088 30.5 54.39740849051003
v -2.882427860567436 30.5 55.0
v 2.88242786056756 30.5 55.0
v 8.615703098874203 30.5 54.397408490510145
v 14.254582891078133 30.5 53.19882759020871
v 19.737286490166664 30.5 51.417389202257795
v 25.003744248174222 30.5 49.07261113842715
v 29.99625575182563 30.5 46.190183277861706
v 34.66012200034328 30.5 42.8016861033848
v 38.94424469913042 30.5 38.944244699128696
v 42.80168610338461 30.5 34.660122000343705
v 46.19018327786007 30.5 29.996255751828016
v 49.07261113842765 30.5 25.00374424817288
v 51.41738920225835 30.5 19.737286490165218
v 53.19882759020845 30.5 14.254582891079167
v 54.39740849051007 30.5 8.615703098874405
v 54.800201236211606 30.5 4.7833861167530545
v -91.02286333355255 30.5 9.456921881741973
v -92.30103304311857 30.5 6.58610571076629
v -94.17236104996506 30.5 4.507785407012356
v -98.67549376883673 30.5 1.236067977499754
v -104.5001987903385 30.5 5.467963888707086
v -105.25378959454939 30.5 6.304911266923863
v -106.46076759889257 30.5 8.39545849406435
v -106.75771114229515 30.5 11.22068758832469
v -105.87985836982706 30.5 13.922440614213299
v -104.26460652201214 30.5 15.716359530997572
v -103.35347234040728 30.5 16.37833726265292
v -96.77619046437893 30.5 19.306731825220567
v -93.05169030227495 30.5 15.17025533370442
v -91.10483078718168 30.5 11.798195738363988
v -91.0 30.5 11.47555975046578
v -91.0 30.5 9.564485409176383
v -91.02286333355255 30.5 9.456921881741973
v 54.0 30.5 2.8300200812842493
v 54.0 30.5 -2.8300200812836653
v 53.48362306567313 30.5 -7.743018430223728
v 53.408364699773436 30.5 -8.459053951622558
v 52.23157617947743 30.5 -13.995408656695691
v 50.482527580399214 30.5 -19.378426735798037
v 48.18038184500089 30.5 -24.549130716389314
v 46.832753234866566 30.5 -26.883291938875413
v 45.35036176371818 30.5 -29.450869283611183
v 42.02347362877528 30.5 -34.029937963976614
v 38.236167522782125 30.5 -38.23616752278167
v 34.02993796397604 30.5 -42.02347362877583
v 29.45086928361088 30.5 -45.35036176371848
v 24.549130716388902 30.5 -48.18038184500129
v 19.378426735799177 30.5 -50.48252758039885
v 13.995408656695762 30.5 -52.23157617947737
v 8.459053951621183 30.5 -53.40836469977366
v 2.830020081284353 30.5 -54.0
v -2.8300200812842284 30.5 -54.0
v -8.45905395162271 30.5 -53.408364699773486
v -13.995408656695218 30.5 -52.23157617947763
v -19.378426735799277 30.5 -50.482527580398894
v -24.549130716387236 30.5 -48.180381845002124
v -34.4069072398021 30.5 -42.488991915597346
v -42.02347362877624 30.5 -34.029937963975286
v -45.35036176371906 30.5 -29.450869283609926
v -48.18038184500195 30.5 -24.549130716387765
v -50.48252758039858 30.5 -19.37842673580018
v -52.2315761794776 30.5 -13.995408656695247
v -53.408364699773514 30.5 -8.459053951622487
v -54.0 30.5 -2.8300200812842493
v -54.0 30.5 2.830020081284104
v -53.408364699773486 30.5 8.459053951622304
v -52.231576179477294 30.5 13.995408656696261
v -50.48252758039938 30.5 19.378426735797753
v -48.18038184500128 30.5 24.549130716388625
v -45.350361763716734 30.5 29.450869283613653
v -42.023473628778724 30.5 34.02993796397244
v -38.23616752277977 30.5 38.23616752278384
v -34.02993796397579 30.5 42.023473628776074
v -24.821075614969295 30.5 48.714103759876636
v -13.995408656696227 30.5 52.231576179477344
v -8.459053951622252 30.5 53.408364699773514
v -2.830020081284026 30.5 54.0
v 2.830020081284136 30.5 54.0
v 8.45905395162227 30.5 53.40836469977352
v 13.995408656694941 30.5 52.23157617947762
v 19.378426735798698 30.5 50.48252758039898
v 24.549130716390167 30.5 48.18038184500061
v 29.4508692836103 30.5 45.35036176371891
v 34.02993796397474 30.5 42.02347362877674
v 38.23616752278177 30.5 38.23616752278177
v 42.023473628776735 30.5 34.02993796397473
v 45.35036176371867 30.5 29.4508692836106
v 48.18038184500195 30.5 24.549130716387765
v 50.48252758039878 30.5 19.378426735799735
v 52.23157617947749 30.5 13.995408656695759
v 53.40836469977353 30.5 8.459053951622423
v 54.0 30.5 2.8300200812842493
v -95.89325733122035 29.5 19.69983898331222
v -98.6754937688365 29.5 1.2360679774995844
v -104.5001987903385 29.5 5.467963888707086
v -105.25378959454939 29.5 6.304911266923863
v -106.46076759889257 29.5 8.39545849406435
v -106.75771114229515 29.5 11.22068758832469
v -105.87985836982706 29.5 13.922440614213299
v -104.26460652201214 29.5 15.716359530997572
v -103.35347234040707 29.5 16.378337262653076
v -95.89325733122035 29.5 19.69983898331222
v -89.7819001028714 29.5 12.341762422827491
v -89.65134924727504 29.5 11.099654002873061
v -90.45211707362907 29.5 7.332337576306317
v -90.75348118815178 29.5 6.810359618374928
v -93.49954468516079 29.5 3.760547132081009
v -97.82484296048463 29.5 0.6180339887499708
v -97.83794061884834 29.5 0.6275499945684897
v -95.11206636987527 29.5 18.953011329500917
v -90.39092315208993 29.5 13.709650587527559
v -89.7819001028714 29.5 12.341762422827491
v -8.615703098874501 29.5 -54.397408490510074
v -14.254582891079643 29.5 -53.19882759020838
v -19.737286490163342 29.5 -51.417389202259045
v -25.003744248177398 29.5 -49.072611138425486
v -35.04407218868704 29.5 -43.27582509922015
v -42.80168610338282 29.5 -34.660122000345936
v -46.19018327785975 29.5 -29.996255751828258
v -49.07261113842857 29.5 -25.00374424817099
v -51.417389202257596 29.5 -19.737286490167122
v -53.19882759020872 29.5 -14.254582891077916
v -54.39740849051007 29.5 -8.615703098874405
v -55.0 29.5 -2.882427860567184
v -55.0 29.5 2.8824278605671685
v -54.39740849051004 29.5 8.615703098874484
v 57.4365985396514 29.5 14.516893115387376
v 69.99061419229055 29.5 -7.227299833998586
v 70.18575841362112 29.5 -7.6656009313219275
v 70.2859804947589 29.5 -8.619150337627568
v 53.87131643917788 29.5 -26.849481664472588
v 42.3998033185661 29.5 -37.17847847248738
v 29.99625575182863 29.5 -46.19018327785949
v 25.003744248172588 29.5 -49.0726111384276
v 19.737286490164063 29.5 -51.41738920225865
v 14.254582891077597 29.5 -53.19882759020888
v 8.615703098874974 29.5 -54.39740849051003
v 2.8824278605672795 29.5 -55.0
v -2.882427860567212 29.5 -55.0
v -8.615703098874501 29.5 -54.397408490510074
v -90.54350211647227 29.5 12.336532626786491
v -90.3167534908137 29.5 11.26976421523032
v -90.50723979630929 29.5 9.457408081206966
v -91.28805990053725 29.5 7.054290900929209
v -91.98198219966386 29.5 6.099188794199635
v -98.58598974755418 29.5 1.3010964553886972
v -104.91945512152374 29.5 7.0037742925311886
v -105.4293595143217 29.5 8.149038309930711
v -105.74097103617814 29.5 11.113823897007803
v -104.99448544335432 29.5 13.411270316780293
v -103.59179015720957 29.5 14.969121256064673
v -102.85071820062443 29.5 15.507541548835865
v -95.29234060673886 29.5 18.872748068027132
v -90.54350211647227 29.5 12.336532626786491
v 50.482527580399214 29.5 -19.378426735798037
v 48.18038184500089 29.5 -24.549130716389314
v 45.35036176371824 29.5 -29.450869283611105
v 40.35086684634363 29.5 -36.332083699372966
v 34.02993796397604 29.5 -42.02347362877583
v 27.148723548214583 29.5 -47.022968546150054
v 19.378426735799177 29.5 -50.48252758039885
v 13.995408656695165 29.5 -52.231576179477564
v 8.45905395162183 29.5 -53.4083646997736
v 2.830020081284488 29.5 -54.0
v -2.8300200812844203 29.5 -54.0
v -8.459053951622572 29.5 -53.40836469977352
v -13.995408656695396 29.5 -52.23157617947759
v -19.378426735799167 29.5 -50.48252758039896
v -24.54913071638718 29.5 -48.18038184500215
v -34.406907239803054 29.5 -42.4889919155968
v -42.02347362877425 29.5 -34.02993796397802
v -47.02296854615071 29.5 -27.14872354821354
v -50.4825275803985 29.5 -19.378426735800446
v -52.231576179477685 29.5 -13.995408656694991
v -53.408364699773486 29.5 -8.459053951622764
v -54.0 29.5 -2.8300200812842493
v -54.0 29.5 10.485363049090404
v -53.19882759020857 29.5 14.254582891078583
v -51.41738920225834 29.5 19.73728649016503
v -49.072611138427575 29.5 25.003744248173003
v -46.19018327786041 29.5 29.996255751827466
v -43.56117684938796 29.5 33.61477266877951
v -42.80168610338485 29.5 34.660122000343364
v -38.94424469912933 29.5 38.944244699129875
v -34.66012200034397 29.5 42.80168610338436
v -25.280725163394994 29.5 49.6162167924667
v -14.254582891077828 29.5 53.19882759020879
v -8.615703098874583 29.5 54.397408490510074
v -2.882427860567237 29.5 55.0
v 2.8824278605673186 29.5 55.0
v 8.615703098874008 29.5 54.39740849051014
v 14.254582891078615 29.5 53.19882759020855
v 19.737286490166056 29.5 51.41738920225799
v 25.00374424817478 29.5 49.07261113842683
v 29.99625575182563 29.5 46.190183277861706
v 34.66012200034328 29.5 42.8016861033848
v 38.94424469913042 29.5 38.944244699128696
v 42.80168610338461 29.5 34.660122000343705
v 46.19018327786007 29.5 29.996255751828016
v 49.07261113842765 29.5 25.00374424817288
v 51.41738920225835 29.5 19.737286490165218
v 53.19882759020845 29.5 14.254582891079167
v 54.39740849051007 29.5 8.615703098874405
v 54.800201236211606 29.5 4.7833861167530545
v 53.40836469977344 29.5 -8.459053951622554
v 52.23157617947755 29.5 -13.995408656695314
v 50.482527580399214 29.5 -19.378426735798037
v -97.82484296048463 28.5 0.6180339887499708
v -97.83794061884834 28.5 0.6275499945684897
v -104.91945512152374 28.5 7.0037742925311886
v -105.4293595143217 28.5 8.149038309930711
v -105.74097103617814 28.5 11.113823897007803
v -104.99448544335432 28.5 13.411270316780293
v -103.59179015720957 28.5 14.969121256064673
v -102.85071820062443 28.5 15.507541548835865
v -94.15150783103925 28.5 19.38067954490861
v -91.42474372997334 28.5 16.352301209277833
v -89.76292714271469 28.5 13.473950447285102
v -89.0 28.5 9.884660440331217
v -89.0 28.5 9.354276938645484
v -89.11027293061755 28.5 8.835483589001603
v -89.667997286236 28.5 7.582814176580742
v -91.26606124350384 28.5 5.383267838040588
v -55.0 28.5 5.780732939611902
v -51.596236080718356 28.5 21.794183159820573
v -49.964840431853965 28.5 25.458357779957304
v -47.030004792003716 28.5 30.54164222004182
v -43.57989857799016 28.5 35.290306036715236
v -39.65232187547725 28.5 39.65232187547774
v -35.29030603671602 28.5 43.57989857798964
v -28.15423182777809 28.5 48.76455997378521
v -20.096146244531965 28.5 52.35225082411754
v -14.513757125461904 28.5 54.16607900093966
v -10.590467284356293 28.5 55.0
v 5.7807329396122356 28.5 55.0
v 21.794183159819514 28.5 51.59623608071868
v 25.458357779959215 28.5 49.96484043185298
v 30.541642220040305 28.5 47.03000479200473
v 35.29030603671465 28.5 43.579898577990576
v 60.98081372103083 28.5 20.448061558967495
v 83.39666892670431 28.5 -4.44726776305261
v 85.5816415412683 28.5 -8.23175134462407
v 85.96992105191462 28.5 -10.058462821304376
v 83.61894605514743 28.5 -12.175290216436839
v 63.13652689757065 28.5 -27.056638810848394
v -89.65134924727504 28.5 11.099654002873061
v -90.45211707362907 28.5 7.332337576306317
v -90.75348118815178 28.5 6.810359618374928
v -93.49954468516079 28.5 3.760547132081009
v -96.97419215213252 28.5 1.2360679774999226
v -102.9243892749344 28.5 5.559139237230719
v -104.50496416125986 28.5 7.734613934719899
v -105.0 28.5 9.258177585922141
v -105.0 28.5 11.035944702896495
v -104.7104475598939 28.5 12.398181830892238
v -102.67101227719466 28.5 15.20522368197071
v -101.83105446457306 28.5 15.961525093494798
v -95.11206636987517 28.5 18.95301132950081
v -90.39092315208993 28.5 13.709650587527559
v -89.7819001028714 28.5 12.341762422827491
v -89.65134924727504 28.5 11.099654002873061
v -14.254582891078364 28.5 -53.19882759020865
v -19.73728649016453 28.5 -51.41738920225852
v -25.003744248175824 28.5 -49.07261113842619
v -35.044072188687146 28.5 -43.275825099219844
v -42.80168610338358 28.5 -34.660122000344884
v -46.19018327785975 28.5 -29.996255751828258
v -49.07261113842825 28.5 -25.00374424817154
v -51.41738920225786 28.5 -19.737286490166305
v -53.19882759020872 28.5 -14.254582891077916
v -54.39740849051007 28.5 -8.615703098874405
v -55.0 28.5 -2.882427860567184
v -55.0 28.5 2.8824278605671685
v -54.39740849051005 28.5 8.615703098874361
v -53.19882759020848 28.5 14.254582891078858
v -51.41738920225799 28.5 19.7372864901661
v -49.072611138428 28.5 25.003744248172268
v -46.19018327786041 28.5 29.996255751827466
v -42.8016861033849 28.5 34.66012200034331
v -38.944244699128944 28.5 38.9442446991303
v -34.66012200034466 28.5 42.80168610338386
v -25.28072516339487 28.5 49.616216792466794
v -14.254582891078417 28.5 53.198827590208666
v -8.615703098874583 28.5 54.397408490510074
v -2.882427860567237 28.5 55.0
v 2.8824278605673186 28.5 55.0
v 8.615703098874008 28.5 54.39740849051014
v 14.254582891080553 28.5 53.19882759020814
v 19.737286490164106 28.5 51.41738920225886
v 25.0037442481757 28.5 49.07261113842642
v 29.99625575182495 28.5 46.19018327786224
v 34.66012200034445 28.5 42.80168610338401
v 38.94424469913004 28.5 38.944244699129285
v 42.801686103384114 28.5 34.66012200034441
v 57.4365985396514 28.5 14.516893115387376
v 69.99061419229055 28.5 -7.227299833998586
v 70.18575841362112 28.5 -7.6656009313219275
v 70.2859804947589 28.5 -8.619150337627568
v 53.87131643917788 28.5 -26.849481664472588
v 42.3998033185661 28.5 -37.17847847248738
v 29.99625575182863 28.5 -46.19018327785949
v 25.003744248172588 28.5 -49.0726111384276
v 19.737286490164255 28.5 -51.41738920225856
v 14.254582891077462 28.5 -53.19882759020891
v 8.61570309887509 28.5 -54.39740849051001
v 2.8824278605671267 28.5 -55.0
v -2.882427860567212 28.5 -55.0
v -8.615703098874501 28.5 -54.397408490510074
v -14.254582891078364 28.5 -53.19882759020865
v -102.9243892749344 27.5 5.559139237230719
v -104.50496416125986 27.5 7.734613934719899
v -105.0 27.5 9.258177585922141
v -105.0 27.5 11.035944702896495
v -104.7104475598939 27.5 12.398181830892238
v -102.67101227719466 27.5 15.20522368197071
v -101.83105446457306 27.5 15.961525093494798
v -88.80393388965581 27.5 12.603807679884003
v -88.48472860158945 27.5 9.566772233505542
v -88.54016877396319 27.5 9.039294228136916
v -89.48383383535652 27.5 6.134991804078636
v -90.71519987827828 27.5 4.440161845119244
v -95.4796574634208 27.5 0.15022496657148238
v -89.5417984500202 27.5 14.261078616623077
v -88.80393388965581 27.5 12.603807679884003
v -2.9348356398502844 27.5 -56.0
v -8.772352246127078 27.5 -55.38645228124659
v -14.51375712546188 27.5 -54.166079000939696
v -20.09614624453195 27.5 -52.35225082411756
v -25.45835777995763 27.5 -49.964840431853716
v -30.5416422200401 27.5 -47.03000479200466
v -37.677716428979245 27.5 -41.84534339620815
v -43.579898577991145 27.5 -35.29030603671407
v -47.03000479200281 27.5 -30.541642220043144
v -49.96484043185373 27.5 -25.458357779957424
v -52.35225082411815 27.5 -20.096146244530416
v -54.16607900093949 27.5 -14.513757125462803
v -55.38645228124662 27.5 -8.772352246126843
v -56.0 27.5 -2.934835639850304
v -56.0 27.5 2.934835639850178
v -55.38645228124663 27.5 8.772352246126932
v -54.16607900093915 27.5 14.513757125464045
v -52.35225082411822 27.5 20.096146244530413
v -30.87996962935098 27.5 47.55098331589505
v -8.772352246126346 27.5 55.386452281246655
v -2.9348356398501423 27.5 56.0
v 2.9348356398503483 27.5 56.0
v 8.772352246126804 27.5 55.386452281246626
v 14.513757125462423 27.5 54.166079000939554
v 20.09614624453021 27.5 52.35225082411817
v 88.31162286903677 27.5 -4.160709531829326
v 90.77749473758568 27.5 -7.554690989898521
v 91.53472084426332 27.5 -9.885193312339553
v 91.60960528875103 27.5 -10.597671209147633
v 90.90562124923545 27.5 -12.178845250141915
v 25.45835777995725 27.5 -49.96484043185397
v 20.096146244532264 27.5 -52.35225082411751
v 14.513757125462647 27.5 -54.1660790009395
v 8.772352246126793 27.5 -55.38645228124661
v 2.9348356398501707 27.5 -56.0
v -2.9348356398502844 27.5 -56.0
v -102.21715260726444 27.5 5.045301720803689
v -103.94119150191541 27.5 8.03142468056406
v -104.0 27.5 8.308096911346027
v -104.0 27.5 10.930840467630224
v -103.68516380888293 27.5 12.41202829191302
v -102.43884383003576 27.5 14.570717817764445
v -101.18527625724823 27.5 15.481487971123093
v -95.37580832572134 27.5 18.83558584523872
v -94.1515078310394 27.5 19.380679544908546
v -91.42474372997297 27.5 16.352301209277194
v -89.76292714271469 27.5 13.473950447285102
v -89.0 27.5 9.884660440331217
v -89.0 27.5 9.354276938645484
v -89.11027293061755 27.5 8.835483589001603
v -89.667997286236 27.5 7.582814176580742
v -91.26606124350384 27.5 5.383267838040588
v -96.97419215213249 27.5 1.2360679774999
v -102.21715260726444 27.5 5.045301720803689
v -42.80168610338394 27.5 -34.66012200034449
v -46.190183277859816 27.5 -29.996255751828215
v -49.07261113842808 27.5 -25.003744248171927
v -51.41738920225855 27.5 -19.737286490164763
v -53.198827590208424 27.5 -14.254582891079394
v -54.39740849051009 27.5 -8.615703098874405
v -55.0 27.5 -2.882427860567184
v -55.0 27.5 5.780732939611902
v -51.59623608071847 27.5 21.794183159820037
v -49.96484043185366 27.5 25.458357779957772
v -48.09294205900052 27.5 28.700580868344957
v -47.030004792003716 27.5 30.54164222004182
v -43.57989857799016 27.5 35.290306036715236
v -40.14326896329164 27.5 39.10706989563212
v -39.65232187547764 27.5 39.6523218754773
v -35.29030603671541 27.5 43.57989857799008
v -28.154231827778393 27.5 48.76455997378499
v -20.09614624453124 27.5 52.352250824117775
v -14.513757125462313 27.5 54.166079000939526
v -10.590467284356015 27.5 55.0
v 5.7807329396122356 27.5 55.0
v 21.79418315981894 27.5 51.5962360807188
v 25.458357779958927 27.5 49.96484043185296
v 30.541642220040423 27.5 47.030004792004476
v 35.29030603671568 27.5 43.579898577989646
v 60.98081372103083 27.5 20.448061558967495
v 83.39666892670431 27.5 -4.44726776305261
v 85.5816415412683 27.5 -8.23175134462407
v 85.96992105191462 27.5 -10.058462821304376
v 83.61894605514743 27.5 -12.175290216436839
v 63.13652689757065 27.5 -27.056638810848394
v 25.003744248172904 27.5 -49.0726111384277
v 19.73728649016655 27.5 -51.417389202257816
v 14.254582891077419 27.5 -53.19882759020892
v 8.615703098875194 27.5 -54.397408490509996
v 2.8824278605671267 27.5 -55.0
v -2.8824278605674323 27.5 -55.0
v -8.615703098874462 27.5 -54.3974084905101
v -14.254582891078151 27.5 -53.19882759020872
v -19.737286490165395 27.5 -51.417389202258235
v -25.003744248174872 27.5 -49.07261113842674
v -35.044072188687146 27.5 -43.275825099219844
v -42.80168610338394 27.5 -34.66012200034449
v -102.21715260726415 26.5 5.045301720803193
v -103.94119150191541 26.5 8.03142468056406
v -104.0 26.5 8.308096911346027
v -104.0 26.5 10.930840467630224
v -103.68516380888293 26.5 12.41202829191302
v -102.43884383003576 26.5 14.570717817764445
v -101.18527625724823 26.5 15.481487971123093
v -92.68559798877445 26.5 20.388779507451613
v -92.27120880727415 26.5 19.81842172999577
v -88.34909822293008 26.5 13.025126925008177
v -88.0 26.5 11.950713071439129
v -88.0 26.5 9.249172703379383
v -88.15397772914986 26.5 8.524764442632335
v -89.47563688395721 26.5 5.556269378367893
v -40.09157354493688 26.5 -40.09157354493691
v -49.954051548412856 26.5 27.47704467423434
v -47.86982630614665 26.5 31.087028688256922
v -44.35811105259698 26.5 35.92049007308539
v -40.360399051826036 26.5 40.360399051824416
v -31.431397658445768 26.5 48.400108017965
v -20.45500599889803 26.5 53.287112445976994
v -16.490574002729936 26.5 54.57523448590794
v 27.477044674234747 26.5 49.954051548412565
v 31.087028688256154 26.5 47.86982630614705
v 43.6601713913074 26.5 38.73490342170003
v 90.83495720112268 26.5 -3.741464510341956
v 93.74188130805695 26.5 -6.9699308031618274
v 94.48532737778233 26.5 -9.258022532733245
v 94.67719592681172 26.5 -11.083529835501693
v 93.55185609023486 26.5 -13.61108449159329
v 90.17327612973656 26.5 -16.065766517162
v 51.67740173462029 26.5 -38.29136996187243
v -88.48472860158945 26.5 9.566772233505542
v -88.54016877396319 26.5 9.039294228136916
v -89.48383383535652 26.5 6.134991804078636
v -90.71519987827821 26.5 4.440161845119341
v -95.47965746342082 26.5 0.15022496657150142
v -97.20775658247916 26.5 1.405762469175985
v -101.43818744892975 26.5 5.214859530450597
v -102.68491200230598 26.5 6.930828665525134
v -103.25640008136791 26.5 9.619468689487892
v -102.49840575116404 26.5 13.185551638179392
v -102.49052946795305 26.5 13.203242059912956
v -99.63141534330624 26.5 16.37860998807076
v -97.58569357522057 26.5 17.55970800156212
v -95.37580832572051 26.5 18.83558584523913
v -94.15150783103944 26.5 19.380679544908585
v -89.5417984500202 26.5 14.261078616623077
v -88.80393388965581 26.5 12.603807679884003
v -88.48472860158945 26.5 9.566772233505542
v -8.772352246127078 26.5 -55.38645228124659
v -14.51375712546188 26.5 -54.166079000939696
v -20.09614624453195 26.5 -52.35225082411756
v -25.45835777995763 26.5 -49.964840431853716
v -30.5416422200401 26.5 -47.03000479200466
v -37.677716428979245 26.5 -41.84534339620815
v -43.57989857799094 26.5 -35.2903060367143
v -47.030004792002885 26.5 -30.541642220043016
v -49.96484043185373 26.5 -25.458357779957424
v -52.35225082411815 26.5 -20.096146244530416
v -54.16607900093946 26.5 -14.513757125462897
v -54.84515768111039 26.5 -11.318943120025857
v -55.38645228124662 26.5 -8.772352246126843
v -56.0 26.5 -2.934835639850304
v -56.0 26.5 2.9348356398500703
v -55.38645228124651 26.5 8.772352246127516
v -54.16607900093935 26.5 14.51375712546312
v -52.35225082411796 26.5 20.096146244531013
v -49.96484043185366 26.5 25.458357779957772
v -47.030004792003204 26.5 30.54164222004274
v -43.579898577991166 26.5 35.29030603671416
v -39.65232187547764 26.5 39.6523218754773
v -30.87996962935098 26.5 47.55098331589505
v -20.096146244530445 26.5 52.35225082411813
v -14.513757125463226 26.5 54.166079000939334
v -8.772352246126346 26.5 55.386452281246655
v -2.9348356398501423 26.5 56.0
v 2.934835639850249 26.5 56.0
v 8.772352246126934 26.5 55.3864522812466
v 14.513757125461938 26.5 54.16607900093966
v 20.096146244530757 26.5 52.35225082411793
v 25.458357779958927 26.5 49.96484043185296
v 30.541642220040423 26.5 47.030004792004476
v 35.29030603671663 26.5 43.579898577988956
v 88.31162286903677 26.5 -4.160709531829326
v 90.77749473758568 26.5 -7.554690989898521
v 91.53472084426332 26.5 -9.885193312339553
v 91.60960528875103 26.5 -10.597671209147633
v 90.90562124923545 26.5 -12.178845250141915
v 25.45835777995933 26.5 -49.96484043185277
v 20.09614624452989 26.5 -52.35225082411827
v 14.513757125463243 26.5 -54.16607900093929
v 8.772352246126196 26.5 -55.386452281246655
v 2.9348356398500286 26.5 -56.0
v -2.9348356398502844 26.5 -56.0
v -8.772352246127078 26.5 -55.38645228124659
v -99.63141534330613 25.5 16.378609988070885
v -101.43818744892975 25.5 5.214859530450597
v -102.68491200230598 25.5 6.930828665525134
v -103.25640008136791 25.5 9.619468689487892
v -102.49840575116404 25.5 13.185551638179392
v -102.49052946795305 25.5 13.203242059912956
v -99.63141534330613 25.5 16.378609988070885
v -87.82596767644011 25.5 12.865852936939634
v -87.62919409223323 25.5 10.993677341831624
v -88.56168182573579 25.5 6.60666747407632
v -90.45323249852146 25.5 3.330405603720492
v -94.89926091640301 25.5 -0.6728163648031931
v -88.78522095393053 25.5 15.020371073671281
v -87.82596767644011 25.5 12.865852936939634
v -31.08702868825317 25.5 -47.869826306149186
v -40.80749450109714 25.5 -40.80749450109582
v -47.8698263061455 25.5 -31.087028688258727
v -50.85706972527948 25.5 -25.912971311742893
v -53.28711244597703 25.5 -20.455005998898002
v -55.13333041167069 25.5 -14.772931359845415
v -56.375496071983136 25.5 -8.929001393379167
v -57.0 25.5 -2.987243419133155
v -57.0 25.5 2.9872434191329473
v -56.37549607198312 25.5 8.929001393379517
v -55.133330411670535 25.5 14.772931359845973
v -53.28711244597703 25.5 20.45500599889798
v -50.857069725278784 25.5 25.912971311744414
v -14.772931359846272 25.5 55.13333041167046
v -8.929001393378968 25.5 56.37549607198316
v -2.987243419133126 25.5 57.0
v 2.987243419133236 25.5 57.0
v 8.92900139337889 25.5 56.37549607198318
v 14.772931359846446 25.5 55.13333041167043
v 20.455005998897946 25.5 53.28711244597712
v 25.91297131174491 25.5 50.85706972527868
v 59.139534027746954 25.5 27.488488159909537
v 94.87490515898288 25.5 -4.687784531139597
v 95.5368828906393 25.5 -5.598918712746015
v 96.93545373648776 25.5 -8.740160263431962
v 97.0 25.5 -9.043826558205978
v 97.0 25.5 -10.195110820771035
v 96.39582407645301 25.5 -13.03753506211207
v 95.8845726811988 25.5 -13.923048454132726
v 52.13201526640462 25.5 -39.18359925529881
v 20.45500599889788 25.5 -53.28711244597712
v 14.772931359846325 25.5 -55.13333041167046
v 8.92900139337874 25.5 -56.375496071983214
v 2.987243419133435 25.5 -57.0
v -2.9872434191329873 25.5 -57.0
v -8.929001393378606 25.5 -56.37549607198318
v -14.772931359845451 25.5 -55.13333041167057
v -20.455005998900354 25.5 -53.28711244597615
v -25.912971311744982 25.5 -50.85706972527875
v -31.08702868825317 25.5 -47.869826306149186
v -92.68559798877457 25.5 20.38877950745154
v -92.27120880727344 25.5 19.818421729994544
v -88.34909822293008 25.5 13.025126925008177
v -88.0 25.5 11.950713071439129
v -88.0 25.5 9.249172703379662
v -88.09139750387322 25.5 8.819181254726546
v -88.15397772914986 25.5 8.524764442632335
v -89.47563688395721 25.5 5.556269378367893
v -95.47965746342082 25.5 0.15022496657150142
v -97.20775658247916 25.5 1.405762469175985
v -100.43818237566825 25.5 4.314450918167556
v -102.49546087467466 25.5 8.935174081098404
v -102.56184451547863 25.5 9.566772233505553
v -102.30966593038563 25.5 11.966091199630927
v -102.11341629162105 25.5 12.570085482033209
v -100.57303367357854 25.5 14.690240268115062
v -92.90020847080972 25.5 20.264874087877637
v -92.68559798877457 25.5 20.38877950745154
v -14.513757125461261 25.5 -54.1660790009399
v -20.0961462445322 25.5 -52.35225082411748
v -25.458357779957588 25.5 -49.96484043185377
v -30.541642220042093 25.5 -47.030004792003545
v -40.09157354493688 25.5 -40.09157354493691
v -47.0300047920032 25.5 -30.54164222004259
v -49.96484043185415 25.5 -25.4583577799568
v -52.35225082411789 25.5 -20.096146244531326
v -54.16607900093942 25.5 -14.513757125463087
v -55.386452281246676 25.5 -8.772352246126616
v -56.0 25.5 -2.934835639850304
v -56.0 25.5 2.9348356398500703
v -55.386452281246484 25.5 8.772352246127754
v -54.166079000939796 25.5 14.513757125461735
v -49.954051548412856 25.5 27.47704467423434
v -47.86982630614666 25.5 31.087028688256897
v -47.610157220497136 25.5 31.44443252305018
v -44.35811105259723 25.5 35.92049007308505
v -41.87213888405061 25.5 38.681441874990036
v -40.3603990518264 25.5 40.36039905182401
v -31.43139765844555 25.5 48.4001080179651
v -20.45500599889803 25.5 53.287112445976994
v -16.490574002729936 25.5 54.57523448590794
v -2.9348356398501956 25.5 56.0
v 2.934835639850249 25.5 56.0
v 8.77235224612701 25.5 55.38645228124659
v 14.513757125461861 25.5 54.16607900093968
v 27.477044674234747 25.5 49.954051548412565
v 31.087028688256154 25.5 47.86982630614705
v 43.6601713913074 25.5 38.73490342170003
v 90.83495720112268 25.5 -3.741464510341956
v 93.74188130805695 25.5 -6.9699308031618274
v 94.48532737778233 25.5 -9.258022532733245
v 94.67719592681172 25.5 -11.083529835501693
v 93.55185609023486 25.5 -13.61108449159329
v 90.17327612973656 25.5 -16.065766517162
v 51.67740173462029 25.5 -38.29136996187243
v 20.09614624452989 25.5 -52.35225082411827
v 14.513757125463243 25.5 -54.16607900093929
v 8.772352246126196 25.5 -55.386452281246655
v 2.9348356398500286 25.5 -56.0
v -2.9348356398504905 25.5 -56.0
v -8.772352246127504 25.5 -55.38645228124657
v -14.513757125461261 25.5 -54.1660790009399
v -94.89926091640301 24.5 -0.6728163648031931
v -100.43818237566798 24.5 4.314450918166958
v -102.49546087467466 24.5 8.935174081098404
v -102.56184451547863 24.5 9.566772233505553
v -102.30966593038563 24.5 11.966091199630927
v -102.11341629162105 24.5 12.570085482033209
v -100.57303367357854 24.5 14.690240268115062
v -92.9002084708095 24.5 20.264874087877793
v -92.68559798877459 24.5 20.388779507451567
v -91.2557528611264 24.5 20.059600438419746
v -87.87249189482125 24.5 14.199620549514691
v -87.28352075825104 24.5 11.428729206792754
v -87.75233282656511 24.5 6.968280328314617
v -87.92640585860129 24.5 6.577305897016386
v -89.96796160334507 24.5 3.7673454803172604
v -52.358918720784956 24.5 23.311692546231384
v -43.96311013826926 24.5 37.853659581771375
v -41.068476228173225 24.5 41.06847622817298
v -31.98282568754179 24.5 49.24923272003433
v -29.553547071485 24.5 50.330817244509426
v -11.916244812512504 24.5 56.061524136862715
v 23.311692546232763 24.5 52.35891872078439
v 39.372096474689656 24.5 43.0864401893957
v 59.76971806411824 24.5 28.266700634515495
v 97.95690962981243 24.5 -6.117201091611931
v 98.24533480909444 24.5 -6.765014650799246
v 98.75104744496316 24.5 -11.576548977559849
v 98.67322494529357 24.5 -11.942675052700292
v 98.37595442441169 24.5 -12.610355574398637
v 97.08815375172888 24.5 -14.382861137449842
v 60.87169658462659 24.5 -35.292442431971175
v -87.62919409223323 24.5 10.993677341831624
v -88.56168182573579 24.5 6.60666747407632
v -90.45323249852146 24.5 3.330405603720492
v -94.15202264147047 24.5 1.8984813721090177e-13
v -100.0727011880101 24.5 5.331002908291964
v -101.20918352277216 24.5 7.299448054004337
v -101.37007595599358 24.5 7.7946240469859465
v -101.55633623591518 24.5 9.566772233505501
v -101.32613041921263 24.5 11.75703427309552
v -100.77549004745607 24.5 13.451731080154406
v -100.51516062197113 24.5 13.9026348717996
v -98.99425039442032 24.5 15.591776804449113
v -92.0945750509893 24.5 19.57530622130015
v -88.78522095393053 24.5 15.020371073671281
v -87.82596767644011 24.5 12.865852936939634
v -87.62919409223323 24.5 10.993677341831624
v -40.80749450109714 24.5 -40.80749450109582
v -47.8698263061455 24.5 -31.087028688258727
v -50.85706972527948 24.5 -25.912971311742893
v -53.28711244597703 24.5 -20.455005998898002
v -55.13333041167069 24.5 -14.772931359845415
v -56.375496071983136 24.5 -8.929001393379167
v -57.0 24.5 -2.987243419133155
v -57.0 24.5 2.9872434191329473
v -56.37549607198312 24.5 8.929001393379517
v -55.133330411670535 24.5 14.772931359845973
v -53.28711244597703 24.5 20.45500599889798
v -50.857069725278784 24.5 25.912971311744414
v -47.86982630614724 24.5 31.087028688256105
v -44.35811105259748 24.5 35.92049007308477
v -40.36039905182659 24.5 40.36039905182384
v -31.4313976584454 24.5 48.40010801796524
v -20.455005998898372 24.5 53.287112445976945
v -14.772931359846272 24.5 55.13333041167046
v -8.929001393378968 24.5 56.37549607198316
v -2.987243419133126 24.5 57.0
v 2.987243419133236 24.5 57.0
v 8.92900139337889 24.5 56.37549607198318
v 14.772931359846446 24.5 55.13333041167043
v 20.455005998897946 24.5 53.28711244597712
v 25.91297131174491 24.5 50.85706972527868
v 31.08702868825466 24.5 47.86982630614821
v 59.139534027746954 24.5 27.488488159909537
v 94.87490515898288 24.5 -4.687784531139597
v 95.5368828906393 24.5 -5.598918712746015
v 96.93545373648776 24.5 -8.740160263431962
v 97.0 24.5 -9.043826558205978
v 97.0 24.5 -10.195110820771035
v 96.39582407645301 24.5 -13.03753506211207
v 95.8845726811988 24.5 -13.923048454132726
v 52.13201526640462 24.5 -39.18359925529881
v 20.45500599889788 24.5 -53.28711244597712
v 14.772931359846325 24.5 -55.13333041167046
v 8.92900139337874 24.5 -56.375496071983214
v 2.987243419133435 24.5 -57.0
v -2.9872434191329873 24.5 -57.0
v -8.929001393378606 24.5 -56.37549607198318
v -14.772931359845451 24.5 -55.13333041167057
v -20.455005998900354 24.5 -53.28711244597615
v -25.912971311744982 24.5 -50.85706972527875
v -31.08702868825317 24.5 -47.869826306149186
v -40.80749450109714 24.5 -40.80749450109582
v -100.51516062197113 23.5 13.9026348717996
v -98.99425039442032 23.5 15.591776804449113
v -100.0727011880101 23.5 5.331002908291964
v -101.20918352277216 23.5 7.299448054004337
v -101.37007595599358 23.5 7.7946240469859465
v -101.55633623591518 23.5 9.566772233505501
v -101.32613041921263 23.5 11.75703427309552
v -100.77549004745607 23.5 13.451731080154406
v -100.51516062197113 23.5 13.9026348717996
v -93.43222115854817 23.5 -0.6481121663147897
v -91.22377933717165 23.5 20.078060361081835
v -88.26692957463412 23.5 16.00830580637563
v -86.6190041704468 23.5 10.936512919415433
v -87.61646420178899 23.5 6.243832422961606
v -88.31306132969702 23.5 5.037290805018269
v -93.43222115854817 23.5 -0.6481121663147897
v -3.0396511984160597 23.5 -58.0
v -9.0856505406324 23.5 -57.36453986271957
v -15.032105594227659 23.5 -56.100581822402035
v -20.8138657532649 23.5 -54.22197406783613
v -26.367584843529578 23.5 -51.74929901870466
v -31.632415156470913 23.5 -48.70964782029028
v -41.52341545725638 23.5 -41.52341545725582
v -48.70964782028824 23.5 -31.632415156473925
v -51.749299018706274 23.5 -26.36758484352626
v -54.221974067835944 23.5 -20.813865753265617
v -56.10058182240184 23.5 -15.032105594228426
v -57.36453986271961 23.5 -9.085650540632173
v -58.0 23.5 -3.0396511984160903
v -58.0 23.5 3.039651198416342
v -57.364539862719575 23.5 9.085650540632129
v -56.10058182240184 23.5 15.032105594228291
v -54.22197406783619 23.5 20.81386575326499
v -51.74929901870589 23.5 26.367584843526913
v -48.7096478202883 23.5 31.632415156473748
v -45.13632352720403 23.5 36.55067410945546
v -20.813865753264974 23.5 54.22197406783612
v -15.032105594228494 23.5 56.10058182240179
v -9.085650540631615 23.5 57.364539862719674
v -3.0396511984162764 23.5 58.0
v 3.039651198416159 23.5 58.0
v 9.085650540632237 23.5 57.364539862719596
v 15.032105594228291 23.5 56.1005818224019
v 20.813865753265762 23.5 54.22197406783592
v 26.367584843526963 23.5 51.749299018706026
v 31.632415156472316 23.5 48.70964782028931
v 67.50939938233674 23.5 22.643493003621295
v 99.28586800438802 23.5 -5.968167857177068
v 99.48750464132519 23.5 -6.317412757019548
v 100.0 23.5 -8.728513852409037
v 100.0 23.5 -10.510423526567813
v 99.62952014676114 23.5 -12.253394199070408
v 98.62692793581151 23.5 -14.505253174093264
v 97.68218423947269 23.5 -15.554497346553195
v 92.35482200259365 23.5 -19.42505257373556
v 70.06599143463121 23.5 -32.293514902070726
v 20.813865753264658 23.5 -54.22197406783626
v 15.032105594227986 23.5 -56.10058182240197
v 9.085650540632159 23.5 -57.36453986271963
v 3.039651198416422 23.5 -58.0
v -3.0396511984160597 23.5 -58.0
v -97.26850466001245 23.5 16.588136568762373
v -91.25575286112634 23.5 20.059600438419654
v -87.87249189482125 23.5 14.199620549514691
v -87.28352075825104 23.5 11.428729206792754
v -87.75233282656511 23.5 6.968280328314617
v -87.92640585860129 23.5 6.577305897016386
v -89.96796160334507 23.5 3.7673454803172604
v -94.15202264147047 23.5 1.8984813721090177e-13
v -99.61109146038332 23.5 4.915367642649581
v -100.76063454235826 23.5 7.497283677952457
v -101.0 23.5 8.623409617142883
v -101.0 23.5 10.615527761833414
v -100.5858153482289 23.5 12.564113345439727
v -100.11754585204675 23.5 13.615863853962248
v -98.45631251602332 23.5 15.902355383348926
v -97.26850466001245 23.5 16.588136568762373
v -55.13333041167083 23.5 -14.772931359844563
v -56.37549607198311 23.5 -8.92900139337928
v -57.0 23.5 -2.987243419133155
v -57.0 23.5 2.9872434191329447
v -56.3754960719831 23.5 8.929001393379707
v -55.13333041167061 23.5 14.772931359845899
v -52.358918720784956 23.5 23.311692546231384
v -43.96311013826926 23.5 37.853659581771375
v -41.06847622817444 23.5 41.06847622817163
v -31.982825687541222 23.5 49.249232720034584
v -29.553547071485 23.5 50.330817244509426
v -11.916244812512504 23.5 56.061524136862715
v -2.9872434191332466 23.5 57.0
v 2.9872434191330015 23.5 57.0
v 8.929001393379558 23.5 56.37549607198308
v 14.772931359845458 23.5 55.133330411670684
v 23.311692546232763 23.5 52.35891872078439
v 39.372096474689656 23.5 43.0864401893957
v 59.76971806411824 23.5 28.266700634515495
v 97.95690962981243 23.5 -6.117201091611931
v 98.24533480909444 23.5 -6.765014650799246
v 98.75104744496316 23.5 -11.576548977559849
v 98.67322494529357 23.5 -11.942675052700292
v 98.37595442441169 23.5 -12.610355574398637
v 97.08815375172888 23.5 -14.382861137449842
v 60.87169658462659 23.5 -35.292442431971175
v 20.455005998899047 23.5 -53.28711244597663
v 14.772931359844684 23.5 -55.133330411670876
v 8.929001393379572 23.5 -56.37549607198311
v 2.987243419133229 23.5 -57.0
v -2.9872434191328523 23.5 -57.0
v -8.929001393379473 23.5 -56.37549607198307
v -14.772931359845273 23.5 -55.1333304116707
v -20.455005998898166 23.5 -53.28711244597693
v -25.91297131174432 23.5 -50.85706972527885
v -31.08702868825789 23.5 -47.869826306146166
v -40.80749450109635 23.5 -40.80749450109685
v -47.8698263061455 23.5 -31.087028688258656
v -50.85706972527992 23.5 -25.91297131174204
v -53.28711244597643 23.5 -20.455005998899424
v -55.13333041167083 23.5 -14.772931359844563
v -99.61109146038316 22.5 4.91536764264924
v -100.76063454235826 22.5 7.497283677952457
v -101.0 22.5 8.623409617142883
v -101.0 22.5 10.615527761833414
v -100.5858153482289 22.5 12.564113345439727
v -100.11754585204675 22.5 13.615863853962248
v -98.45631251602329 22.5 15.902355383348969
v -86.80768369006225 22.5 13.99982615332966
v -86.27244318073014 22.5 11.481717537313177
v -86.5730977516172 22.5 8.621180375065954
v -87.67960777017609 22.5 5.215692707227808
v -89.22072332841351 22.5 3.0945291155132537
v -93.40478436653812 22.5 -0.6728163648031358
v -43.339819946074655 22.5 39.023349158583805
v 75.24908070055753 22.5 17.020285372725134
v 99.61109146038312 22.5 -4.915367642649316
v 100.76063454235823 22.5 -7.497283677952565
v 101.0 22.5 -8.623409617143125
v 101.0 22.5 -10.615527761833453
v 100.58581534822892 22.5 -12.564113345439713
v 100.11754585204679 22.5 -13.61586385396236
v 98.4563125160234 22.5 -15.902355383348906
v -91.22377933717165 22.5 20.078060361081835
v -88.26692957463412 22.5 16.00830580637563
v -86.6190041704468 22.5 10.936512919415433
v -87.61646420178899 22.5 6.243832422961606
v -88.31306132969702 22.5 5.037290805018269
v -93.43222115854815 22.5 -0.6481121663147555
v -99.28879624755201 22.5 4.62517172955838
v -100.38654044482054 22.5 8.003680973521403
v -100.55082795635165 22.5 9.566772233505748
v -100.34259490803956 22.5 11.54797734656049
v -99.85691252603907 22.5 13.04275401793946
v -99.06402989686038 22.5 14.416067016115777
v -95.54937487252259 22.5 17.580676614341524
v -92.89435472045605 22.5 19.11355321384103
v -91.22377933717165 22.5 20.078060361081835
v -9.085650540631882 22.5 -57.364539862719624
v -15.03210559422815 22.5 -56.10058182240187
v -20.8138657532649 22.5 -54.22197406783613
v -26.367584843529432 22.5 -51.749299018704725
v -31.632415156470962 22.5 -48.70964782029024
v -41.52341545725638 22.5 -41.52341545725582
v -48.70964782028824 22.5 -31.632415156473925
v -51.749299018706004 22.5 -26.367584843526732
v -54.221974067836115 22.5 -20.81386575326509
v -56.10058182240176 22.5 -15.032105594228698
v -57.364539862719624 22.5 -9.085650540631832
v -58.0 22.5 -3.0396511984160903
v -58.0 22.5 3.039651198416342
v -57.364539862719575 22.5 9.085650540632129
v -56.4007718569773 22.5 13.61982251899922
v -56.100581822401836 22.5 15.032105594228304
v -54.22197406783619 22.5 20.81386575326499
v -51.74929901870589 22.5 26.367584843526913
v -48.7096478202883 22.5 31.632415156473748
v -45.13632352720403 22.5 36.55067410945546
v -41.06847622817579 22.5 41.06847622817042
v -31.98282568754111 22.5 49.24923272003468
v -20.813865753264974 22.5 54.22197406783612
v -15.032105594228494 22.5 56.10058182240179
v -9.085650540631615 22.5 57.364539862719674
v -3.0396511984162764 22.5 58.0
v 3.0396511984159282 22.5 58.0
v 9.085650540631708 22.5 57.364539862719624
v 15.032105594229082 22.5 56.100581822401644
v 20.813865753265386 22.5 54.221974067836044
v 26.367584843526636 22.5 51.749299018706125
v 31.632415156472288 22.5 48.709647820289234
v 67.50939938233759 22.5 22.643493003620527
v 99.28586800438802 22.5 -5.968167857177068
v 99.48750464132519 22.5 -6.317412757019548
v 100.0 22.5 -8.728513852409037
v 100.0 22.5 -10.510423526567813
v 99.62952014676114 22.5 -12.253394199070408
v 98.62692793581151 22.5 -14.505253174093264
v 97.68218423947269 22.5 -15.554497346553195
v 92.354822002594 22.5 -19.425052573735297
v 70.06599143462962 22.5 -32.29351490207143
v 20.813865753265155 22.5 -54.22197406783604
v 15.032105594227978 22.5 -56.10058182240192
v 9.085650540631601 22.5 -57.36453986271969
v 3.039651198416422 22.5 -58.0
v -3.0396511984160597 22.5 -58.0
v -9.085650540631882 22.5 -57.364539862719624
v -99.28879624755201 21.5 4.62517172955838
v -100.38654044482054 21.5 8.003680973521403
v -100.55082795635165 21.5 9.566772233505748
v -100.34259490803956 21.5 11.54797734656049
v -99.85691252603907 21.5 13.04275401793946
v -99.06402989686038 21.5 14.416067016115777
v -95.54937487252259 21.5 17.580676614341524
v -99.28879624755201 21.5 4.62517172955838
v 75.24908070055753 21.5 17.020285372725134
v 70.06599143462942 21.5 -32.29351490207155
v -86.0 21.5 12.267481952088382
v -86.0 21.5 9.038964232847917
v -86.24138732621446 21.5 7.903326149893245
v -88.05540953277145 21.5 3.8289655652876453
v -92.68907633307099 21.5 -1.3172427726736138
v -90.38972745734169 21.5 20.559600438419693
v -86.51194318009567 21.5 13.843081049437961
v -86.0 21.5 12.267481952088382
v -6.096045645409089 21.5 -58.0
v -28.294998798664526 21.5 -51.79120659124701
v -32.17780162468606 21.5 -49.54946933443325
v -42.23933641341526 21.5 -42.239336413416076
v -49.54946933443298 21.5 -32.17780162468617
v -52.64152831213154 21.5 -26.82219837531278
v -55.15683568969481 21.5 -21.172725507633146
v -56.54230550825399 21.5 -16.90868785580038
v -58.0 21.5 10.905779990153189
v -57.0678332331331 21.5 15.291279828610994
v -55.1568356896953 21.5 21.172725507632038
v -52.641528312131186 21.5 26.822198375313526
v -49.549469334432956 21.5 32.17780162468644
v -45.91453600181253 21.5 37.180858145823265
v -41.77655340452013 21.5 41.77655340452167
v -32.53425371663735 21.5 50.09835742210397
v -21.172725507631895 21.5 55.1568356896953
v -15.291279828611401 21.5 57.06783323313298
v -9.242299687884096 21.5 58.35358365345622
v -3.0920589776994767 21.5 59.0
v 3.09205897769964 21.5 59.0
v 9.242299687882678 21.5 58.35358365345638
v 15.291279828612783 21.5 57.06783323313254
v 21.17272550763264 21.5 55.15683568969507
v 26.82219837531207 21.5 52.64152831213192
v 32.17780162468621 21.5 49.549469334432914
v 44.82508025401655 21.5 40.360683546691064
v 35.45408674441333 21.5 -48.798364001826826
v 21.172725507632975 21.5 -55.15683568969488
v 16.90868785580014 21.5 -56.542305508254074
v 90.38562763752026 21.5 4.7369100235865
v 100.43818237566815 21.5 -4.314450918167321
v 101.71692974382579 21.5 -7.186564531582621
v 102.0 21.5 -8.518305381877596
v 102.0 21.5 -10.720631997098764
v 101.54211054969625 21.5 -12.874832491810626
v 100.9883415658652 21.5 -14.118617993742886
v 99.1403918981707 21.5 -16.66210250629809
v 88.29165124598845 21.5 -22.925625842203946
v -86.80768369006225 21.5 13.99982615332966
v -86.27244318073014 21.5 11.481717537313177
v -86.5730977516172 21.5 8.621180375065954
v -87.67960777017609 21.5 5.215692707227808
v -89.22072332841351 21.5 3.0945291155132537
v -93.40478436653812 21.5 -0.6728163648031358
v -97.11661998378031 21.5 2.6693354367305475
v -98.40550237437961 21.5 4.443329856765086
v -99.48750464132524 21.5 6.317412757019597
v -100.0 21.5 8.728513852408824
v -100.0 21.5 10.510423526567735
v -99.62952014676125 21.5 12.253394199070003
v -99.24675013822942 21.5 13.113109714179975
v -97.23907872866884 21.5 15.876432344546005
v -92.35482200259568 21.5 19.425052573734273
v -91.22377933717134 21.5 20.07806036108195
v -86.80768369006225 21.5 13.99982615332966
v -51.7492990187053 21.5 -26.367584843528306
v -54.22197406783635 21.5 -20.813865753264565
v -56.10058182240168 21.5 -15.032105594229051
v -57.364539862719624 21.5 -9.085650540631832
v -58.0 21.5 -3.0396511984160903
v -58.0 21.5 3.039651198416352
v -57.364539862719646 21.5 9.085650540631816
v -56.1005818224018 21.5 15.032105594228485
v -54.221974067836086 21.5 20.813865753265404
v -51.74929901870574 21.5 26.367584843527474
v -48.70964782028883 21.5 31.632415156473215
v -43.339819946074655 21.5 39.023349158583805
v -31.982825687541098 21.5 49.2492327200347
v -20.813865753264974 21.5 54.22197406783613
v -15.032105594228447 21.5 56.100581822401814
v -9.085650540631626 21.5 57.36453986271969
v -3.0396511984163936 21.5 58.0
v 3.0396511984159282 21.5 58.0
v 9.085650540631708 21.5 57.364539862719624
v 15.032105594229144 21.5 56.10058182240163
v 20.813865753265357 21.5 54.22197406783606
v 26.367584843526636 21.5 51.749299018706125
v 31.632415156472288 21.5 48.709647820289234
v 46.05437692180364 21.5 38.23147926050871
v 52.641528312131854 21.5 26.82219837531227
v 55.156835689694574 21.5 21.172725507633828
v 57.06783323313302 21.5 15.291279828610925
v 58.353583653456226 21.5 9.242299687883815
v 59.0 21.5 3.0920589776992102
v 59.0 21.5 -3.0920589776996366
v 58.35358365345624 21.5 -9.24229968788367
v 57.06783323313294 21.5 -15.291279828611364
v 55.15683568969534 21.5 -21.17272550763172
v 52.64152831213137 21.5 -26.822198375313043
v 49.54946933443255 21.5 -32.17780162468699
v 45.91453600181167 21.5 -37.18085814582442
v 37.09920679383579 21.5 -46.97127308654181
v 20.813865753266967 21.5 -54.22197406783545
v 15.032105594227978 21.5 -56.10058182240192
v 9.085650540631576 21.5 -57.364539862719695
v 3.039651198416429 21.5 -58.0
v -3.0396511984161165 21.5 -58.0
v -9.085650540631367 21.5 -57.36453986271968
v -15.032105594229323 21.5 -56.10058182240157
v -20.813865753265784 21.5 -54.22197406783593
v -26.367584843527908 21.5 -51.74929901870561
v -31.632415156472426 21.5 -48.7096478202894
v -41.523415457256576 21.5 -41.52341545725589
v -48.709647820288126 21.5 -31.632415156474437
v -51.7492990187053 21.5 -26.367584843528306
v 99.61109146038312 21.5 -4.915367642649316
v 100.76063454235823 21.5 -7.497283677952565
v 101.0 21.5 -8.623409617143125
v 101.0 21.5 -10.615527761833453
v 100.58581534822892 21.5 -12.564113345439713
v 100.11754585204679 21.5 -13.61586385396236
v 98.4563125160234 21.5 -15.902355383348906
v 87.79165124598855 21.5 -22.059600438419675
v 81.91183465645166 21.5 -11.875459366155287
v 81.00494082345443 21.5 -9.838542467216563
v 80.44548999850142 21.5 -8.116729873399521
v 80.21984485478592 21.5 -7.055152936217937
v 80.44051499944497 21.5 -6.672941033955079
v 81.81269890236041 21.5 -4.784291918420725
v 89.71649703116124 21.5 3.9937651981089384
v 99.61109146038312 21.5 -4.915367642649316
v -97.11661998377981 20.5 2.6693354367298534
v -98.40550237437961 20.5 4.443329856765086
v -99.48750464132524 20.5 6.317412757019597
v -100.0 20.5 8.728513852408824
v -100.0 20.5 10.510423526567735
v -99.62952014676125 20.5 12.253394199070003
v -99.24675013822942 20.5 13.113109714179975
v -97.23907872866884 20.5 15.876432344546005
v 44.82508025401655 20.5 40.360683546691064
v 35.45408674441333 20.5 -48.798364001826826
v 81.00494082345443 20.5 -9.838542467216563
v 80.44548999850142 20.5 -8.116729873399521
v 80.21984485478592 20.5 -7.055152936217937
v 80.44051499944497 20.5 -6.672941033955079
v 81.81269890236041 20.5 -4.784291918420725
v 90.38562763752026 20.5 4.7369100235865
v 88.29165124598845 20.5 -22.925625842203946
v 81.91183465645166 20.5 -11.875459366155287
v 81.00494082345443 20.5 -9.838542467216563
v -87.04362952629579 20.5 16.02587935323576
v -85.87003525000883 20.5 13.389943451051755
v -85.60703893719138 20.5 10.887700680789921
v -86.67124657784224 20.5 5.88099737184716
v -88.87956613127766 20.5 2.056075705949149
v -92.65754609160568 20.5 -1.3456327296063906
v -90.35298362335388 20.5 20.58081450086367
v -87.04362952629579 20.5 16.02587935323576
v 15.291279828612613 20.5 -57.06783323313263
v 9.242299687883289 20.5 -58.3535836534563
v 3.092058977699409 20.5 -59.0
v -3.0920589776991214 20.5 -59.0
v -9.24229968788368 20.5 -58.35358365345622
v -15.291279828612069 20.5 -57.06783323313275
v -21.172725507631952 20.5 -55.15683568969527
v -26.82219837531404 20.5 -52.64152831213093
v -57.067833233133115 20.5 -15.291279828610413
v -58.35358365345625 20.5 -9.242299687883587
v -59.0 20.5 -3.0920589776992102
v -59.0 20.5 3.092058977699635
v -58.35358365345631 20.5 9.242299687883339
v 101.69406756887355 20.5 -13.860708142368551
v 101.32863390812243 20.5 -14.493657809585379
v 99.63141534330612 20.5 -16.378609988070853
v 95.64649919133517 20.5 1.3456327296062938
v 95.79149743555958 20.5 1.2150757240905445
v 100.84123891022234 20.5 -4.393230354321931
v 101.70073809607922 20.5 -5.576229494395032
v 102.35361146716654 20.5 -7.585567120450594
v 102.56184451547864 20.5 -9.566772233505672
v 102.30966593038565 20.5 -11.966091199630943
v 101.69406756887355 20.5 -13.860708142368551
v -86.0 20.5 9.038964232847933
v -86.01235685395115 20.5 8.980829805690911
v -86.24138732621446 20.5 7.903326149893245
v -88.05540953277145 20.5 3.8289655652876453
v -92.68907633307086 20.5 -1.3172427726734641
v -94.37534308286554 20.5 0.20107862860665549
v -98.41506744892192 20.5 4.687647066009347
v -99.22330102231004 20.5 6.50296939374308
v -99.54531967678811 20.5 9.566772233505842
v -99.35905939686656 20.5 11.338920420025014
v -98.93833500462186 20.5 12.63377695572482
v -96.9412620026642 20.5 16.092808861539645
v -92.35482200259499 20.5 19.425052573734675
v -90.38972745734169 20.5 20.559600438419693
v -86.51194318009567 20.5 13.843081049437961
v -86.0 20.5 12.267481952088382
v -86.0 20.5 9.038964232847933
v -6.096045645409089 20.5 -58.0
v -15.032105594229323 20.5 -56.10058182240157
v -28.294998798664214 20.5 -51.79120659124711
v -32.17780162468525 20.5 -49.549469334433624
v -42.23933641341562 20.5 -42.23933641341558
v -49.54946933443298 20.5 -32.17780162468617
v -52.64152831213136 20.5 -26.822198375313086
v -55.15683568969461 20.5 -21.17272550763346
v -56.54230550825404 20.5 -16.90868785579992
v -58.0 20.5 -3.0396511984160903
v -58.0 20.5 10.905779990153189
v -57.75987880163456 20.5 12.035461409907473
v -57.06783323313295 20.5 15.2912798286113
v -55.15683568969535 20.5 21.172725507631664
v -52.64152831213139 20.5 26.822198375312922
v -49.5494693344326 20.5 32.17780162468681
v -45.91453600181186 20.5 37.18085814582401
v -41.77655340452059 20.5 41.77655340452116
v -32.53425371663706 20.5 50.0983574221041
v -21.172725507631895 20.5 55.1568356896953
v -15.291279828612057 20.5 57.06783323313277
v -9.24229968788341 20.5 58.35358365345629
v -3.0920589776994767 20.5 59.0
v 3.092058977699587 20.5 59.0
v 9.242299687882706 20.5 58.353583653456376
v 10.3565855032804 20.5 58.116734891817764
v 15.291279828612783 20.5 57.06783323313254
v 21.172725507632368 20.5 55.156835689695164
v 26.82219837531233 20.5 52.64152831213177
v 32.17780162468621 20.5 49.549469334432914
v 42.23933641341598 20.5 42.239336413415295
v 49.5494693344325 20.5 32.177801624687035
v 52.64152831213131 20.5 26.822198375313217
v 55.15683568969461 20.5 21.17272550763346
v 57.067833233133115 20.5 15.291279828610413
v 58.35358365345625 20.5 9.242299687883587
v 59.0 20.5 3.0920589776992102
v 59.0 20.5 -3.092058977699635
v 58.99711421273865 20.5 -3.119515409441484
v 58.353583653456255 20.5 -9.242299687883548
v 57.06783323313281 20.5 -15.291279828611758
v 55.15683568969534 20.5 -21.17272550763172
v 52.641528312131975 20.5 -26.82219837531169
v 49.5494693344318 20.5 -32.17780162468785
v 45.91453600181172 20.5 -37.180858145824125
v 41.77655340451864 20.5 -41.776553404523206
v 32.534253716638 20.5 -50.09835742210369
v 21.172725507632975 20.5 -55.15683568969488
v 16.90868785580014 20.5 -56.542305508254074
v 3.0396511984166956 20.5 -58.0
v -6.096045645409089 20.5 -58.0
v 100.43818237566815 20.5 -4.314450918167321
v 101.71692974382579 20.5 -7.186564531582621
v 102.0 20.5 -8.518305381877596
v 102.0 20.5 -10.720631997098764
v 101.54211054969625 20.5 -12.874832491810626
v 100.9883415658652 20.5 -14.118617993742886
v 99.1403918981707 20.5 -16.66210250629809
v 93.55639370259217 20.5 -19.88602536766974
v 88.16904260722448 20.5 -12.470972720775123
v 87.0 20.5 -8.873029534263907
v 87.0 20.5 -7.852394171813656
v 89.96796160334443 20.5 -3.76734548031785
v 94.89926091640295 20.5 0.6728163648031849
v 100.43818237566815 20.5 -4.314450918167321
v -98.41506744892192 19.5 4.687647066009347
v -99.22330102231004 19.5 6.50296939374308
v -99.54531967678811 19.5 9.566772233505842
v -99.35905939686656 19.5 11.338920420025014
v -98.93833500462186 19.5 12.63377695572482
v -96.9412620026642 19.5 16.092808861539645
v 93.55639370259225 19.5 -19.886025367669845
v 88.16904260722448 19.5 -12.470972720775123
v 87.0 19.5 -8.873029534263907
v 87.0 19.5 -7.852394171813656
v 89.96796160334443 19.5 -3.76734548031785
v 95.64649919133517 19.5 1.3456327296062938
v 95.79149743555958 19.5 1.2150757240905445
v -88.47348505348072 19.5 2.4217127507104648
v -85.87372908345968 19.5 14.415649534965022
v -85.26136560320923 19.5 11.534705867833706
v -85.58956224044405 19.5 8.412123448531034
v -86.7774947375859 19.5 4.756043158802231
v -88.47348505348072 19.5 2.4217127507104648
v -24.12964667066153 19.5 -54.19607376361901
v -40.46286941112376 19.5 -44.76608321767901
v -42.9552573695747 19.5 -42.95525736957595
v -50.38929084857584 19.5 -32.72318809290137
v -52.70978411266423 19.5 -28.703975860878906
v -58.02859515920879 19.5 -12.334358665582844
v -59.0 19.5 11.010884225418994
v -58.035084643863804 19.5 15.550454062995607
v -56.09169731155491 19.5 21.531585261997616
v -53.53375760555744 19.5 27.276811907097652
v -50.38929084857456 19.5 32.72318809290329
v -46.692748476418515 19.5 37.8110421821945
v -42.48463058087003 19.5 42.48463058086736
v -33.08568174573226 19.5 50.94748212417389
v -21.531585261999876 19.5 56.091697311554064
v -15.5504540629939 19.5 58.03508464386423
v -9.398948835136725 19.5 59.34262744419273
v -3.1444667569825384 19.5 60.0
v 3.1444667569823714 19.5 60.0
v 9.398948835135606 19.5 59.34262744419283
v 15.550454062995378 19.5 58.03508464386378
v 21.53158526200083 19.5 56.091697311553766
v 27.276811907096075 19.5 53.53375760555844
v 32.72318809290253 19.5 50.389290848575115
v 42.95525736957535 19.5 42.955257369575236
v 50.389290848574475 19.5 32.7231880929034
v 53.53375760555772 19.5 27.27681190709707
v 56.09169731155464 19.5 21.53158526199823
v 58.03508464386403 19.5 15.550454062994675
v 59.34262744419266 19.5 9.398948835136821
v 59.8277426340292 19.5 4.783386116752612
v 54.19607376361931 19.5 -24.129646670660698
v 45.59005671057216 19.5 -39.03570545734265
v 42.4846305808697 19.5 -42.484630580867766
v 33.08568174573254 19.5 -50.94748212417376
v 30.271266580219475 19.5 -52.20054048822756
v 12.33435866558315 19.5 -58.028595159208805
v -36.04197694720035 19.5 49.63125469824032
v -36.08321047536589 19.5 49.5941278627194
v -36.05500346889475 19.5 49.62545491711218
v -36.04197694720035 19.5 49.63125469824032
v -45.58482737696578 19.5 -41.04476292883875
v -45.60590473182306 19.5 -41.00825587933677
v -45.57329135832504 19.5 -41.05314433698502
v -45.58482737696578 19.5 -41.04476292883875
v 97.14097574119941 19.5 -6.861178292183467e-14
v 101.26527329095352 19.5 -3.713534193686427
v 102.67322494529348 19.5 -6.875845385213293
v 103.0 19.5 -8.413201146612067
v 103.0 19.5 -10.82573623236445
v 102.49840575116369 19.5 -13.185551638180733
v 101.85913727968251 19.5 -14.621372133525105
v 99.82447128031797 19.5 -17.421849629247724
v 95.01821235419531 19.5 -20.196744514039754
v -85.87003525000883 19.5 13.389943451051755
v -85.60703893719138 19.5 10.887700680789921
v -86.67124657784224 19.5 5.88099737184716
v -88.87956613127751 19.5 2.0560757059494064
v -92.65754609160574 19.5 -1.3456327296063368
v -94.37534308286516 19.5 0.2010786286063161
v -98.16874594042281 19.5 4.414079315998693
v -99.0 19.5 6.972416250369513
v -99.0 19.5 10.405319291302082
v -98.6732249452935 19.5 11.94267505270085
v -96.77009890062806 19.5 16.21716613439412
v -94.57029479255729 19.5 17.815417372188456
v -92.35482200259497 19.5 19.425052573734686
v -90.35298362335388 19.5 20.58081450086367
v -87.04362952629579 19.5 16.02587935323576
v -85.87003525000883 19.5 13.389943451051755
v 49.5494693344318 19.5 -32.17780162468785
v 45.91453600181172 19.5 -37.180858145824125
v 41.77655340451864 19.5 -41.776553404523206
v 32.53425371663792 19.5 -50.09835742210376
v 21.17272550763248 19.5 -55.15683568969514
v 15.291279828612515 19.5 -57.06783323313265
v 9.242299687883289 19.5 -58.3535836534563
v 3.092058977699409 19.5 -59.0
v -3.0920589776991214 19.5 -59.0
v -9.24229968788368 19.5 -58.35358365345622
v -15.291279828611776 19.5 -57.067833233132816
v -21.172725507632244 19.5 -55.15683568969514
v -26.822198375313782 19.5 -52.641528312131044
v -32.17780162468549 19.5 -49.549469334433454
v -42.23933641341594 19.5 -42.239336413415344
v -49.54946933443281 19.5 -32.17780162468661
v -52.641528312131115 19.5 -26.822198375313647
v -55.15683568969461 19.5 -21.17272550763346
v -57.067833233133115 19.5 -15.291279828610413
v -58.35358365345623 19.5 -9.242299687883653
v -59.0 19.5 -3.0920589776992102
v -59.0 19.5 3.092058977699635
v -58.35358365345631 19.5 9.242299687883339
v -57.06783323313295 19.5 15.2912798286113
v -55.15683568969535 19.5 21.172725507631664
v -52.64152831213139 19.5 26.822198375312922
v -49.5494693344326 19.5 32.17780162468681
v -45.91453600181164 19.5 37.18085814582431
v -41.776553404520676 19.5 41.77655340452108
v -32.53425371663697 19.5 50.098357422104186
v -21.17272550763233 19.5 55.156835689695214
v -15.29127982861256 19.5 57.06783323313266
v -9.242299687883314 19.5 58.35358365345631
v -3.0920589776995477 19.5 59.0
v 3.092058977699587 19.5 59.0
v 9.242299687882706 19.5 58.353583653456376
v 15.291279828613373 19.5 57.06783323313242
v 21.172725507631817 19.5 55.156835689695406
v 26.822198375313477 19.5 52.64152831213126
v 32.17780162468583 19.5 49.54946933443329
v 42.23933641341581 19.5 42.23933641341552
v 49.54946933443281 19.5 32.17780162468661
v 52.641528312131115 19.5 26.822198375313647
v 55.15683568969461 19.5 21.17272550763346
v 57.067833233133115 19.5 15.291279828610413
v 58.35358365345625 19.5 9.242299687883587
v 59.0 19.5 3.0920589776992102
v 59.0 19.5 -3.092058977699635
v 58.35358365345633 19.5 -9.242299687883174
v 57.06783323313284 19.5 -15.291279828611618
v 55.156835689695185 19.5 -21.172725507632144
v 52.64152831213221 19.5 -26.82219837531128
v 49.5494693344318 19.5 -32.17780162468785
v 101.32863390812243 19.5 -14.493657809585379
v 99.63141534330612 19.5 -16.378609988070853
v 94.42718941640985 19.5 -19.383271227888073
v 93.95085183555949 19.5 -18.727648793564654
v 92.94082582718566 19.5 -16.978232430095183
v 90.75986631608703 19.5 -12.079717165771552
v 90.29034631433738 19.5 -7.612532750578157
v 90.75348118815147 19.5 -6.810359618375298
v 95.79149743556273 19.5 -1.215075724087546
v 96.999916847698 19.5 -0.12700999819291986
v 100.84123891022234 19.5 -4.393230354321931
v 101.70073809607922 19.5 -5.576229494395032
v 102.35361146716654 19.5 -7.585567120450594
v 102.56184451547864 19.5 -9.566772233505672
v 102.30966593038565 19.5 -11.966091199630943
v 101.69406756887355 19.5 -13.860708142368551
v 101.32863390812243 19.5 -14.493657809585379
v -94.37534308286503 18.5 0.20107862860616654
v -98.16874594042281 18.5 4.414079315998693
v -99.0 18.5 6.972416250369513
v -99.0 18.5 10.405319291302082
v -98.6732249452935 18.5 11.94267505270085
v -96.77009890062806 18.5 16.21716613439412
v -92.3548220025952 18.5 19.42505257373462
v -90.35298362335385 18.5 20.580814500863728
v 95.79149743556273 18.5 -1.215075724087546
v 97.14097574119941 18.5 -6.861178292183467e-14
v 95.01821235419531 18.5 -20.196744514039754
v 93.95085183555949 18.5 -18.727648793564654
v 92.94082582718566 18.5 -16.978232430095183
v 90.75986631608703 18.5 -12.079717165771552
v 90.29034631433738 18.5 -7.612532750578157
v 90.75348118815147 18.5 -6.810359618375298
v 95.79149743556273 18.5 -1.215075724087546
v -87.58745006663035 18.5 19.705913620805706
v -86.76582089049941 18.5 17.86050427670301
v -85.0 18.5 12.425866392412857
v -85.0 18.5 8.933859997582172
v -85.28509212474695 18.5 7.592607003522767
v -87.20628483070121 18.5 3.277537536192822
v -91.94593150759339 18.5 -1.9863733790323996
v -88.1576766497729 18.5 20.693575034634986
v -87.58745006663035 18.5 19.705913620805706
v 21.531585261998924 18.5 -56.091697311554476
v 15.550454062995442 18.5 -58.03508464386385
v 9.398948835136128 18.5 -59.342627444192786
v 3.1444667569825206 18.5 -60.0
v -3.1444667569821263 18.5 -60.0
v -9.398948835135439 18.5 -59.342627444192814
v -15.550454062995964 18.5 -58.03508464386361
v -21.531585262000256 18.5 -56.09169731155397
v -27.276811907097027 18.5 -53.53375760555798
v -32.72318809290162 18.5 -50.389290848575726
v -53.5337576055573 18.5 -27.276811907098264
v -56.09169731155416 18.5 -21.531585261999595
v -58.03508464386402 18.5 -15.550454062994618
v -59.34262744419266 18.5 -9.398948835136707
v -60.0 18.5 -3.1444667569820615
v -60.0 18.5 3.1444667569826654
v -59.34262744419283 18.5 9.398948835135808
v 60.0 18.5 3.1444667569820615
v 60.0 18.5 -3.1444667569826623
v 59.342627444192786 18.5 -9.398948835136014
v 58.03508464386384 18.5 -15.550454062995335
v 56.09169731155503 18.5 -21.531585261997073
v 53.53375760555646 18.5 -27.276811907099518
v 50.38929084857486 18.5 -32.723188092903015
v 46.692748476418906 18.5 -37.81104218219404
v 101.64636755525439 18.5 -4.056673010521219
v 103.04633856560656 18.5 -6.481493929574719
v 103.3371469783396 18.5 -7.376510193915266
v 103.46817411984996 18.5 -8.623150171639756
v 102.08009408927 18.5 -15.153553277871662
v 100.26858029219069 18.5 -17.16544317169355
v -92.65754609160574 18.5 -1.3456327296063388
v -93.54229079356305 18.5 -0.5490050217928768
v -97.56568086023628 18.5 4.988716324979307
v -98.16835215560161 18.5 6.032573628815372
v -98.5398113972246 18.5 9.566772233505635
v -98.37552388569354 18.5 11.129863493489676
v -98.01975748320471 18.5 12.224799893509537
v -95.872329540866 18.5 15.944254195233418
v -94.95835193473647 18.5 16.767203328190096
v -89.76196068556828 18.5 19.767341214711916
v -85.87372908345968 18.5 14.415649534965022
v -85.26136560320923 18.5 11.534705867833706
v -85.58956224044405 18.5 8.412123448531034
v -86.7774947375859 18.5 4.756043158802231
v -88.47348505348072 18.5 2.4217127507104648
v -92.65754609160574 18.5 -1.3456327296063388
v -9.242299687883332 18.5 -58.353583653456305
v -15.29127982861175 18.5 -57.06783323313282
v -24.12964667066153 18.5 -54.19607376361901
v -40.462869411121886 18.5 -44.76608321768009
v -42.95525736957516 18.5 -42.95525736957533
v -50.38929084857584 18.5 -32.72318809290137
v -52.70978411266423 18.5 -28.703975860878906
v -58.02859515920879 18.5 -12.334358665582844
v -59.0 18.5 -3.0920589776992102
v -59.0 18.5 11.010884225418994
v -58.69453615255618 18.5 12.447978639460343
v -58.03508464386376 18.5 15.550454062995712
v -57.58421878276812 18.5 16.938076501164133
v -56.09169731155491 18.5 21.531585261997616
v -53.53375760555744 18.5 27.276811907097652
v -50.389290848574674 18.5 32.7231880929031
v -46.692748476418004 18.5 37.81104218219502
v -42.48463058086962 18.5 42.48463058086774
v -33.08568174573226 18.5 50.94748212417389
v -25.29993401986005 18.5 54.41392034830792
v -21.53158526199976 18.5 56.0916973115541
v -15.550454062994516 18.5 58.03508464386403
v -9.398948835136107 18.5 59.34262744419278
v -3.1444667569823608 18.5 60.0
v 3.1444667569823714 18.5 60.0
v 9.398948835135606 18.5 59.34262744419283
v 15.550454062995362 18.5 58.03508464386378
v 19.849392112279713 18.5 56.63827499876623
v 21.531585261998494 18.5 56.091697311554526
v 21.5315852619985 18.5 56.091697311554526
v 27.2768119070983 18.5 53.533757605557156
v 32.72318809290144 18.5 50.38929084857575
v 42.95525736957556 18.5 42.955257369574944
v 50.389290848574475 18.5 32.7231880929034
v 53.53375760555772 18.5 27.27681190709707
v 56.09169731155449 18.5 21.53158526199856
v 58.03508464386402 18.5 15.550454062994618
v 59.34262744419266 18.5 9.398948835136707
v 59.8277426340292 18.5 4.78338611675261
v 58.35358365345633 18.5 -9.24229968788344
v 57.06783323313293 18.5 -15.291279828611337
v 54.19607376361931 18.5 -24.129646670660698
v 45.59005671057233 18.5 -39.03570545734237
v 42.4846305808697 18.5 -42.48463058086772
v 33.0856817457323 18.5 -50.94748212417387
v 30.271266580219475 18.5 -52.20054048822756
v 12.33435866558315 18.5 -58.028595159208805
v 3.0920589776996046 18.5 -59.0
v -3.0920589776995655 18.5 -59.0
v -9.242299687883332 18.5 -58.353583653456305
v -36.0832104753658 18.5 49.594127862719475
v -36.05500346889462 18.5 49.62545491711224
v -36.04197694720035 18.5 49.63125469824032
v -36.0832104753658 18.5 49.594127862719475
v -45.60590473182306 18.5 -41.00825587933677
v -45.57329135832504 18.5 -41.05314433698502
v -45.574016190507216 18.5 -41.052617715579004
v -45.58482737696586 18.5 -41.04476292883861
v -45.60590473182306 18.5 -41.00825587933677
v 101.26527329095352 18.5 -3.713534193686427
v 102.67322494529348 18.5 -6.875845385213293
v 103.0 18.5 -8.413201146612067
v 103.0 18.5 -10.825736232364351
v 102.64296643168721 18.5 -12.505447107943134
v 102.49840575116369 18.5 -13.185551638180733
v 101.85913727968251 18.5 -14.621372133525105
v 99.82447128031797 18.5 -17.421849629247724
v 95.88900806801298 18.5 -19.693990374257933
v 94.79067334970229 18.5 -18.182262325349278
v 93.83305512061172 18.5 -16.52361889831026
v 93.30985224351436 18.5 -15.348485996137086
v 92.0 18.5 -11.317175310140879
v 92.0 18.5 -9.66958964444258
v 92.56903767406027 18.5 -6.992477869630708
v 95.21803127932533 18.5 -3.34645096390021
v 96.49957461190823 18.5 -1.923152900437771
v 97.88821401613193 18.5 -0.6728163648034554
v 101.26527329095352 18.5 -3.713534193686427
v -91.94593150759339 17.5 -1.9863733790323996
v -93.54229079356305 17.5 -0.5490050217928768
v -97.56568086023628 17.5 4.988716324979307
v -98.16835215560161 17.5 6.032573628815372
v -98.5398113972246 17.5 9.566772233505635
v -98.37552388569354 17.5 11.129863493489676
v -98.01975748320471 17.5 12.224799893509537
v -95.872329540866 17.5 15.944254195233418
v 94.79067334970229 17.5 -18.182262325349278
v 93.83305512061172 17.5 -16.52361889831026
v 93.30985224351436 17.5 -15.348485996137086
v 92.0 17.5 -11.317175310140879
v 92.0 17.5 -9.66958964444258
v 92.56903767406027 17.5 -6.992477869630708
v 95.21803127932533 17.5 -3.34645096390021
v 96.49957461190823 17.5 -1.923152900437771
v 97.88821401613208 17.5 -0.6728163648033086
v 95.88900806801304 17.5 -19.693990374258007
v 94.79067334970229 17.5 -18.182262325349278
v -90.53365607575718 17.5 -1.9123591599139171
v -85.07008653726467 17.5 15.345712086823506
v -84.59596135967048 17.5 10.834712350269356
v -86.03135542784213 17.5 4.08171419818243
v -89.7705439570778 17.5 -1.0648372906907806
v -90.53365607575718 17.5 -1.9123591599139171
v -47.57387116770245 17.5 -39.59963802480352
v -49.64260078222975 17.5 -36.01649322531986
v -60.0 17.5 6.306254115940633
v -56.377712088056576 17.5 23.34777889166956
v -54.425986898984824 17.5 27.73142543887995
v -51.22911236271805 17.5 33.26857456111724
v -47.47096095102338 17.5 38.441226218567074
v -36.701709753996795 17.5 50.401691373324034
v -36.471106757102284 17.5 50.53483007565702
v -21.890445016366705 17.5 57.02655893341323
v -15.809628297377756 17.5 59.002336054595084
v -11.115988460684694 17.5 60.0
v 6.306254115940252 17.5 60.0
v 23.347778891668895 17.5 56.377712088056605
v 27.731425438883722 17.5 54.42598689898284
v 33.268574561117596 17.5 51.22911236271801
v 43.67117832573494 17.5 43.67117832573485
v 51.22911236271758 17.5 33.26857456111823
v 54.42598689898405 17.5 27.7314254388815
v 57.026558933413526 17.5 21.890445016365987
v 59.00233605459489 17.5 15.809628297378595
v 60.0 17.5 11.115988460684662
v 44.83429649593912 17.5 -40.368981888190284
v 102.60285112866937 17.5 -5.116579945969366
v 103.68502717083675 17.5 -8.447175335273403
v 103.2932014415587 17.5 -12.175148126166384
v 102.6126450902912 17.5 -14.269685204582466
v 101.42452944772654 17.5 -16.32756186277173
v 100.8967728760956 17.5 -16.80275601427303
v 102.18542572386308 17.5 -4.54204316564861
v 102.60285112866937 17.5 -5.116579945969366
v -86.76582089049941 17.5 17.86050427670301
v -85.0 17.5 12.425866392412857
v -85.0 17.5 8.933859997582422
v -85.27066942587514 17.5 7.660460466894988
v -85.28509212474695 17.5 7.592607003522767
v -87.20628483070121 17.5 3.277537536192822
v -91.27680090123458 17.5 -1.2432285535550442
v -96.36938170884781 17.5 3.3421518015334986
v -97.09228596571778 17.5 4.3371441509209845
v -98.0 17.5 7.130800690694308
v -98.0 17.5 10.30021505603608
v -97.71692974382586 17.5 11.631955906330727
v -95.74654603680929 17.5 16.05751017099203
v -94.95835193473647 17.5 16.767203328190096
v -88.1576766497729 17.5 20.693575034634986
v -87.58745006663035 17.5 19.705913620805706
v -86.76582089049941 17.5 17.86050427670301
v 21.531585261998924 17.5 -56.091697311554476
v 15.550454062995497 17.5 -58.035084643863826
v 9.398948835136167 17.5 -59.342627444192765
v 3.144466756982297 17.5 -60.0
v -3.1444667569821263 17.5 -60.0
v -9.398948835135439 17.5 -59.342627444192814
v -15.550454062995964 17.5 -58.03508464386361
v -21.531585262000014 17.5 -56.09169731155405
v -27.27681190709694 17.5 -53.53375760555798
v -32.72318809290203 17.5 -50.389290848575435
v -45.584827376965954 17.5 -41.04476292883854
v -53.53375760555654 17.5 -27.276811907099585
v -56.09169731155465 17.5 -21.531585261998075
v -58.03508464386402 17.5 -15.550454062994618
v -59.34262744419266 17.5 -9.398948835136707
v -60.0 17.5 -3.1444667569820615
v -60.0 17.5 3.1444667569826654
v -59.34262744419283 17.5 9.398948835135808
v -58.03508464386376 17.5 15.550454062995712
v -56.091697311554896 17.5 21.531585261997748
v -53.53375760555752 17.5 27.27681190709773
v -50.38929084857551 17.5 32.72318809290194
v -46.692748476418004 17.5 37.81104218219502
v -36.055003468894576 17.5 49.625454917112286
v -21.531585261998966 17.5 56.091697311554455
v -15.550454062995513 17.5 58.03508464386382
v -9.398948835136107 17.5 59.34262744419278
v -3.1444667569823608 17.5 60.0
v 3.144466756982446 17.5 60.0
v 9.398948835135267 17.5 59.34262744419287
v 15.550454062995646 17.5 58.03508464386369
v 21.531585261998494 17.5 56.091697311554526
v 27.276811907098974 17.5 53.53375760555686
v 32.72318809290084 17.5 50.38929084857618
v 42.955257369575726 17.5 42.955257369574824
v 50.389290848575264 17.5 32.72318809290246
v 53.5337576055573 17.5 27.276811907098264
v 56.09169731155416 17.5 21.531585261999595
v 58.03508464386402 17.5 15.550454062994618
v 59.34262744419266 17.5 9.398948835136707
v 60.0 17.5 3.1444667569820615
v 60.0 17.5 -3.1444667569826623
v 59.3426274441928 17.5 -9.398948835135878
v 58.035084643863776 17.5 -15.550454062995529
v 56.09169731155503 17.5 -21.531585261997073
v 53.5337576055573 17.5 -27.27681190709763
v 50.38929084857346 17.5 -32.72318809290485
v 46.6927484764189 17.5 -37.81104218219405
v 42.484630580870295 17.5 -42.48463058086706
v 33.085681745732224 17.5 -50.94748212417393
v 21.531585261998924 17.5 -56.091697311554476
v 103.04633856560633 17.5 -6.481493929574336
v 103.33714697833965 17.5 -7.376510193915725
v 103.46817411984996 17.5 -8.623150171639756
v 102.08009408927 17.5 -15.153553277871662
v 100.26858029219088 17.5 -17.16544317169334
v 96.75980378183027 17.5 -19.191236234476257
v 93.0 17.5 -14.016310284645806
v 93.0 17.5 -9.774693879708167
v 93.50299228066272 17.5 -7.408301251266732
v 95.99624375393374 17.5 -3.976635000268484
v 97.20765178825532 17.5 -2.631230076786355
v 98.63545229106433 17.5 -1.3456327296067148
v 101.6463675552548 17.5 -4.056673010521921
v 103.04633856560633 17.5 -6.481493929574336
v -97.09228596571778 16.5 4.3371441509209845
v -98.0 16.5 7.130800690694308
v -98.0 16.5 10.30021505603608
v -97.71692974382586 16.5 11.631955906330727
v -95.74654603680915 16.5 16.057510170992362
v 93.0 16.5 -14.016310284645806
v 93.0 16.5 -9.774693879708167
v 93.50299228066272 16.5 -7.408301251266732
v -85.03683902298111 16.5 15.288125702858993
v -84.25028802568832 16.5 11.587694198355004
v -84.81843418691814 16.5 6.1821445571464695
v -86.35716012863217 16.5 2.726109507096383
v 33.63710977482761 16.5 -51.7966068262435
v 21.890445016365184 16.5 -57.02655893341388
v 15.809628297379287 16.5 -59.00233605459476
v 9.555597982387997 16.5 -60.331671234929395
v 3.1968745362658098 16.5 -61.0
v -3.196874536265515 16.5 -61.0
v -9.555597982388498 16.5 -60.33167123492932
v -15.809628297377557 16.5 -59.00233605459516
v -21.890445016366797 16.5 -57.026558933413185
v -27.73142543888352 16.5 -54.42598689898317
v -33.26857456111556 16.5 -51.229112362719405
v -46.18090753678587 16.5 -41.8477533201289
v -46.37879021220207 16.5 -41.66957895888768
v -54.42598689898406 16.5 -27.731425438881345
v -57.026558933413995 16.5 -21.890445016364822
v -59.00233605459486 16.5 -15.809628297378936
v -60.331671234929296 16.5 -9.555597982388576
v -61.0 16.5 -3.1968745362653674
v -61.0 16.5 3.1968745362656144
v -60.33167123492933 16.5 9.55559798238831
v -59.002336054594956 16.5 15.809628297378465
v -57.02655893341402 16.5 21.89044501636456
v -9.555597982388026 16.5 60.33167123492941
v -3.196874536265934 16.5 61.0
v 3.1968745362652555 16.5 61.0
v 9.555597982387873 16.5 60.33167123492935
v 15.80962829737975 16.5 59.002336054594586
v 21.890445016366023 16.5 57.02655893341359
v 60.331671234929296 16.5 9.555597982388576
v 61.0 16.5 3.1968745362653674
v 61.0 16.5 -3.19687453626564
v 60.33167123492932 16.5 -9.555597982388395
v 59.00233605459495 16.5 -15.809628297378454
v 57.026558933413554 16.5 -21.890445016365852
v 54.42598689898425 16.5 -27.731425438881047
v 51.229112362717096 16.5 -33.26857456111879
v 47.47096095102455 16.5 -38.44122621856558
v 43.19270775721879 16.5 -43.19270775721424
v 33.63710977482761 16.5 -51.7966068262435
v 103.45470095263147 16.5 -13.49627078455022
v 102.72993299350043 16.5 -15.12412627330624
v 102.67101227719486 16.5 -15.20522368197044
v 103.58874808883031 16.5 -6.473550697382725
v 103.62952014676101 16.5 -6.56512623884281
v 104.0 16.5 -8.308096911346155
v 104.0 16.5 -10.93084046763014
v 103.45470095263147 16.5 -13.49627078455022
v -96.36938170884694 16.5 3.3421518015327187
v -96.99279837442806 16.5 4.2002112289590325
v -97.73255774617778 16.5 7.6805054430616
v -97.39198837452042 16.5 10.920806566954939
v -95.7132233466678 16.5 16.087514055962465
v -94.95835193473688 16.5 16.767203328189943
v -92.93134289918314 16.5 17.937497540516752
v -88.15767664977292 16.5 20.693575034635078
v -85.74156215127226 16.5 16.508741966328163
v -85.07008653726467 16.5 15.345712086823486
v -84.59596135967048 16.5 10.834712350269356
v -86.03135542784213 16.5 4.08171419818243
v -89.7705439570778 16.5 -1.0648372906907806
v -90.53365607575718 16.5 -1.9123591599139171
v -96.36938170884694 16.5 3.3421518015327187
v -27.27681190709694 16.5 -53.53375760555798
v -32.723188092902085 16.5 -50.3892908485754
v -47.573871167701995 16.5 -39.599638024803845
v -49.642600782230645 16.5 -36.016493225317845
v -56.09169731155468 16.5 -21.531585261998003
v -58.03508464386402 16.5 -15.550454062994618
v -59.34262744419266 16.5 -9.398948835136707
v -60.0 16.5 -3.1444667569820615
v -60.0 16.5 6.306254115940633
v -56.37771208805675 16.5 23.34777889166875
v -54.425986898983986 16.5 27.73142543888136
v -51.229112362717736 16.5 33.268574561117674
v -47.47096095102338 16.5 38.441226218567074
v -36.7017097539968 16.5 50.40169137332402
v -36.47110675710338 16.5 50.53483007565637
v -21.89044501636505 16.5 57.02655893341377
v -15.809628297377756 16.5 59.002336054595084
v -11.115988460684694 16.5 60.0
v 6.306254115940252 16.5 60.0
v 23.347778891668895 16.5 56.377712088056605
v 27.731425438883722 16.5 54.42598689898284
v 33.268574561117596 16.5 51.22911236271801
v 43.67117832573494 16.5 43.67117832573485
v 51.229112362717196 16.5 33.268574561118754
v 54.42598689898406 16.5 27.731425438881345
v 57.02655893341366 16.5 21.89044501636557
v 59.00233605459489 16.5 15.809628297378595
v 60.0 16.5 11.115988460684662
v 60.0 16.5 -3.144466756982713
v 59.342627444192814 16.5 -9.398948835135812
v 58.035084643863776 16.5 -15.550454062995534
v 56.091697311554924 16.5 -21.53158526199759
v 53.533757605558165 16.5 -27.276811907096132
v 50.38929084857346 16.5 -32.72318809290485
v 44.83429649593912 16.5 -40.368981888190284
v 33.085681745732195 16.5 -50.94748212417396
v 21.531585261998817 16.5 -56.091697311554526
v 15.55045406299568 16.5 -58.03508464386379
v 9.398948835136167 16.5 -59.342627444192765
v 3.144466756982297 16.5 -60.0
v -3.144466756982574 16.5 -60.0
v -9.39894883513568 16.5 -59.34262744419284
v -15.550454062995527 16.5 -58.03508464386378
v -21.53158526199968 16.5 -56.0916973115542
v -27.27681190709694 16.5 -53.53375760555798
v 103.68502717083675 16.5 -8.447175335273403
v 103.2932014415587 16.5 -12.175148126166384
v 102.6126450902912 16.5 -14.269685204582466
v 101.4245294477268 16.5 -16.32756186277129
v 100.89677287609483 16.5 -16.802756014273474
v 96.75980378183027 16.5 -19.191236234476257
v 95.63049486384558 16.5 -17.63687585713523
v 94.72528441403801 16.5 -16.069005366526227
v 94.24471386537375 16.5 -14.989626241770948
v 94.04155071801104 16.5 -14.364354367771995
v 93.99202874776212 16.5 -14.131371815458266
v 93.6956595573586 16.5 -11.311607324956324
v 94.89174893795544 16.5 -5.68444921137283
v 94.97303440821779 16.5 -5.501879055979537
v 95.30175928591122 16.5 -4.932510866102703
v 95.99624375393326 16.5 -3.9766350002691393
v 97.20765178825566 16.5 -2.6312300767860495
v 98.6354522910643 16.5 -1.3456327296067352
v 102.18542572386264 16.5 -4.54204316564828
v 102.60285112866954 16.5 -5.116579945969891
v 103.68502717083675 16.5 -8.447175335273403
v -95.7132233466678 15.5 16.087514055962465
v -94.95835193473661 15.5 16.767203328190188
v -96.99279837442806 15.5 4.2002112289590325
v -97.73255774617778 15.5 7.6805054430616
v -97.39198837452042 15.5 10.920806566954939
v -95.7132233466678 15.5 16.087514055962465
v 93.99202874776212 15.5 -14.131371815458266
v 93.6956595573586 15.5 -11.311607324956324
v -89.79051125027986 15.5 -2.5814897662726612
v -87.29165124598858 15.5 21.193575034635185
v -86.69522077320403 15.5 20.160527152590028
v -84.0 15.5 14.106962182183205
v -84.0 15.5 8.828755762316735
v -84.7808113299489 15.5 5.155327269617429
v -87.74336565862653 15.5 0.024032652164796886
v -88.99233148246938 15.5 -1.6950213270589056
v -89.79051125027986 15.5 -2.5814897662726612
v -56.03322880645384 15.5 24.94760079509007
v -47.217003282875545 15.5 40.21775133291308
v -39.50422683088402 15.5 48.78365738457469
v -29.52192998530763 15.5 54.54693915549897
v -12.752472518653127 15.5 59.99566618155494
v 24.947600795090416 15.5 56.03322880645368
v 41.55364234755167 15.5 46.445726245966064
v 44.38709928189451 15.5 44.3870992818943
v 52.06893387686122 15.5 33.81396102933215
v 54.54693915549894 15.5 29.52192998530773
v 59.99566618155486 15.5 12.752472518653503
v 99.08132288589357 15.5 -0.9441690427889329
v 103.12779368313323 15.5 -5.438230151094139
v -88.1576766497729 15.5 20.693575034635092
v -85.03683902298111 15.5 15.288125702858993
v -84.25028802568832 15.5 11.587694198355004
v -84.81843418691814 15.5 6.1821445571464695
v -86.35716012863217 15.5 2.726109507096383
v -90.53365607575704 15.5 -1.9123591599140095
v -96.36938170884673 15.5 3.3421518015324216
v -96.96644202347157 15.5 4.16393482401292
v -97.40170865472457 15.5 8.305220188515662
v -95.83890077440576 15.5 15.657653197593772
v -91.80943553438208 15.5 18.585231059590445
v -88.1576766497729 15.5 20.693575034635092
v 21.890445016365184 15.5 -57.02655893341388
v 15.809628297379287 15.5 -59.00233605459476
v 9.555597982387997 15.5 -60.331671234929395
v 3.1968745362658098 15.5 -61.0
v -3.196874536265515 15.5 -61.0
v -9.555597982388498 15.5 -60.33167123492932
v -15.809628297377557 15.5 -59.00233605459516
v -21.890445016366797 15.5 -57.026558933413185
v -27.73142543888352 15.5 -54.42598689898317
v -33.26857456111556 15.5 -51.229112362719405
v -46.18090753678587 15.5 -41.8477533201289
v -46.37879021220207 15.5 -41.66957895888768
v -54.42598689898406 15.5 -27.731425438881345
v -57.026558933413995 15.5 -21.890445016364822
v -59.00233605459486 15.5 -15.809628297378936
v -60.331671234929296 15.5 -9.555597982388576
v -61.0 15.5 -3.1968745362653674
v -61.0 15.5 3.1968745362655917
v -60.33167123492931 15.5 9.5555979823884
v -59.00233605459499 15.5 15.809628297378278
v -57.02655893341395 15.5 21.890445016364723
v -54.425986898983986 15.5 27.73142543888136
v -51.229112362716876 15.5 33.26857456111916
v -47.47096095102406 15.5 38.44122621856633
v -36.70170975399691 15.5 50.40169137332396
v -36.47110675710338 15.5 50.53483007565637
v -21.89044501636511 15.5 57.02655893341374
v -15.809628297377456 15.5 59.00233605459516
v -9.555597982388136 15.5 60.33167123492939
v -3.1968745362658417 15.5 61.0
v 3.1968745362652555 15.5 61.0
v 9.555597982387873 15.5 60.33167123492935
v 15.809628297378833 15.5 59.00233605459478
v 21.890445016366908 15.5 57.0265589334132
v 27.731425438881573 15.5 54.4259868989841
v 33.26857456111816 15.5 51.2291123627177
v 43.671178325734836 15.5 43.671178325735056
v 51.229112362716975 15.5 33.26857456111914
v 54.42598689898406 15.5 27.731425438881345
v 57.026558933413476 15.5 21.890445016365994
v 59.00233605459513 15.5 15.809628297377666
v 60.331671234929296 15.5 9.555597982388576
v 61.0 15.5 3.1968745362653674
v 61.0 15.5 -3.19687453626564
v 60.33167123492932 15.5 -9.555597982388395
v 59.00233605459495 15.5 -15.809628297378454
v 57.026558933413554 15.5 -21.890445016365852
v 54.42598689898425 15.5 -27.731425438881047
v 51.229112362717096 15.5 -33.26857456111879
v 47.47096095102455 15.5 -38.44122621856558
v 43.19270775721879 15.5 -43.19270775721424
v 33.63710977482761 15.5 -51.7966068262435
v 21.890445016365184 15.5 -57.02655893341388
v 102.72993299350043 15.5 -15.12412627330624
v 102.67101227719486 15.5 -15.20522368197044
v 102.06111748306665 15.5 -15.754375421199677
v 100.89677287609467 15.5 -16.802756014273612
v 97.84847985926831 15.5 -18.562688808107257
v 96.75980378183034 15.5 -19.191236234476406
v 95.63049486384601 15.5 -17.636875857135912
v 94.72528441403793 15.5 -16.069005366526042
v 94.24471386537375 15.5 -14.989626241770948
v 94.04155071801104 15.5 -14.364354367771995
v 94.0 15.5 -14.16887360874684
v 94.0 15.5 -9.879798114973537
v 94.89174893795543 15.5 -5.684449211372912
v 94.94650126890713 15.5 -5.56147346259838
v 94.97303440821746 15.5 -5.501879055980276
v 95.30175928591254 15.5 -4.932510866100616
v 95.99624375393212 15.5 -3.9766350002704933
v 97.20765178825631 15.5 -2.6312300767854007
v 98.63545229106427 15.5 -1.345632729606701
v 102.18542572386264 15.5 -4.54204316564828
v 103.58874808883007 15.5 -6.473550697382395
v 103.6295201467611 15.5 -6.565126238843219
v 104.0 15.5 -8.308096911346155
v 104.0 15.5 -10.93084046763014
v 103.45470095263147 15.5 -13.49627078455022
v 102.72993299350043 15.5 -15.12412627330624
v -96.36938170884777 14.5 3.3421518015333573
v -96.9664420234715 14.5 4.163934824012274
v -97.40170865472457 14.5 8.305220188515662
v -95.83890077440576 14.5 15.657653197593772
v 94.0 14.5 -14.16887360874697
v 94.0 14.5 -9.879798114973362
v 94.8917489379554 14.5 -5.684449211372969
v 94.97303440821742 14.5 -5.501879055980346
v 95.30175928591254 14.5 -4.932510866100616
v 95.99624375393212 14.5 -3.9766350002704933
v 97.20765178825631 14.5 -2.6312300767854007
v 99.08132288589357 14.5 -0.9441690427889329
v -84.09162139903428 14.5 15.650960753973457
v -83.32075848149984 14.5 12.024335861860486
v -85.09740082123969 14.5 3.6658908165464332
v -55.31821619240933 14.5 -28.18603897066768
v -57.96142055527315 14.5 -22.2493047707315
v -59.96958746532574 14.5 -16.06880253176257
v -61.0 14.5 -11.221092695950006
v -61.0 14.5 11.221092695950293
v -59.96958746532587 14.5 16.068802531762255
v -57.96142055527259 14.5 22.249304770733225
v -55.318216192410496 14.5 28.18603897066561
v -52.06893387686 14.5 33.81396102933406
v -48.249173425632605 14.5 39.071410254934264
v -28.186038970666075 14.5 55.31821619241015
v -22.249304770732078 14.5 57.961420555272994
v -16.068802531762653 14.5 59.96958746532573
v -9.71224712963976 14.5 61.320715025665976
v -3.249282315548598 14.5 62.0
v 3.249282315548694 14.5 62.0
v 9.712247129640367 14.5 61.32071502566592
v 16.068802531761193 14.5 59.96958746532611
v 22.249304770732746 14.5 57.96142055527267
v 28.18603897066871 14.5 55.31821619240896
v 33.81396102933029 14.5 52.06893387686246
v 55.31821619240862 14.5 28.186038970669046
v 57.961420555273136 14.5 22.24930477073127
v 59.96958746532602 14.5 16.068802531761378
v 61.32071502566596 14.5 9.71224712963999
v 62.0 14.5 3.2492823155486734
v 62.0 14.5 -1.7067282417278313
v 57.33400728952434 14.5 -23.65849803803888
v 55.3182161924098 14.5 -28.186038970666736
v 52.06893387685983 14.5 -33.81396102933421
v 48.24917342563181 14.5 -39.071410254935174
v 43.900784933565994 14.5 -43.900784933562804
v 34.1885378039235 14.5 -52.64573152831293
v 22.249304770733133 14.5 -57.96142055527253
v 16.06880253176133 14.5 -59.96958746532603
v 11.221092695950137 14.5 -61.0
v -6.4113583512063705 14.5 -61.0
v -23.658498038039866 14.5 -57.33400728952408
v -28.186038970667582 14.5 -55.318216192409665
v -33.813961029330514 14.5 -52.06893387686239
v -39.07141025493476 14.5 -48.249173425632044
v -48.783657384574475 14.5 -39.504226830884356
v -55.31821619240933 14.5 -28.18603897066768
v 100.1299288409285 14.5 -1.3456327296061301
v 102.09236420623868 14.5 -3.1126174692045803
v 102.00487558589778 14.5 -16.12208218043412
v 97.11246204047181 14.5 -19.676628685775373
v 100.1299288409285 14.5 -1.3456327296061301
v -93.66726590651807 14.5 0.9091558049546311
v -97.0 14.5 4.61053199777357
v -97.0 14.5 10.195110820770974
v -96.680235535912 14.5 11.699484346460634
v -96.39582407645294 14.5 13.037535062112271
v -94.85640030499336 14.5 15.703895248659972
v -93.11821105134246 14.5 17.63434998690634
v -91.80943553438014 14.5 18.585231059591667
v -87.29165124598858 14.5 21.193575034635185
v -86.69522077320403 14.5 20.160527152590028
v -84.0 14.5 14.106962182183205
v -84.0 14.5 8.828755762316867
v -84.78081132994892 14.5 5.155327269617404
v -87.74336565862653 14.5 0.024032652164796886
v -88.99233148246938 14.5 -1.6950213270589056
v -89.79051125027986 14.5 -2.5814897662726612
v -93.66726590651807 14.5 0.9091558049546311
v -33.26857456111556 14.5 -51.229112362719405
v -46.18090753678532 14.5 -41.8477533201293
v -46.37879021220219 14.5 -41.66957895888747
v -54.42598689898406 14.5 -27.731425438881345
v -57.026558933413995 14.5 -21.890445016364822
v -59.00233605459486 14.5 -15.809628297378936
v -60.331671234929296 14.5 -9.555597982388576
v -61.0 14.5 -3.1968745362653674
v -61.0 14.5 3.1968745362655917
v -60.33167123492931 14.5 9.5555979823884
v -59.00233605459499 14.5 15.809628297378278
v -56.03322880645384 14.5 24.94760079509007
v -47.217003282875545 14.5 40.21775133291308
v -39.504226830884186 14.5 48.783657384574504
v -29.521929985307157 14.5 54.546939155499125
v -12.752472518653127 14.5 59.99566618155494
v -3.1968745362658417 14.5 61.0
v 3.196874536265458 14.5 61.0
v 9.555597982388178 14.5 60.331671234929345
v 15.809628297378186 14.5 59.00233605459499
v 24.947600795090416 14.5 56.03322880645368
v 41.55364234755137 14.5 46.44572624596624
v 44.38709928189414 14.5 44.38709928189452
v 52.068933876862175 14.5 33.8139610293305
v 54.54693915549894 14.5 29.52192998530773
v 59.99566618155486 14.5 12.752472518653503
v 61.0 14.5 3.1968745362653674
v 61.0 14.5 -3.19687453626564
v 60.33167123492932 14.5 -9.555597982388395
v 59.00233605459495 14.5 -15.809628297378454
v 57.026558933413554 14.5 -21.890445016365852
v 54.42598689898425 14.5 -27.731425438881047
v 51.229112362717096 14.5 -33.26857456111879
v 47.47096095102455 14.5 -38.44122621856558
v 43.19270775721879 14.5 -43.19270775721424
v 33.63710977482761 14.5 -51.7966068262435
v 21.890445016365184 14.5 -57.02655893341388
v 15.809628297379287 14.5 -59.00233605459476
v 9.555597982387997 14.5 -60.331671234929395
v 3.1968745362658098 14.5 -61.0
v -3.196874536265515 14.5 -61.0
v -9.555597982388404 14.5 -60.331671234929324
v -15.809628297377719 14.5 -59.00233605459511
v -21.890445016366797 14.5 -57.026558933413185
v -27.73142543888352 14.5 -54.42598689898317
v -33.26857456111556 14.5 -51.229112362719405
v 94.24471386537361 14.5 -14.989626241770704
v 94.04155071801107 14.5 -14.364354367772297
v 94.02280258817962 14.5 -14.276151351670837
v 94.88554598278468 14.5 -6.0676962649252895
v 99.75045349225198 14.5 -1.6873138682658202
v 103.12779368313323 14.5 -5.438230151094139
v 103.6295201467611 14.5 -6.565126238843219
v 104.0 14.5 -8.308096911346155
v 104.0 14.5 -10.93084046763014
v 103.65454239122015 14.5 -12.556090735444444
v 103.45470095263144 14.5 -13.496270784550282
v 103.21987711794353 14.5 -14.023693752648626
v 102.72993299350033 14.5 -15.124126273306208
v 102.67101227719449 14.5 -15.205223681970768
v 100.89677287609467 14.5 -16.802756014273612
v 96.75980378183034 14.5 -19.191236234476406
v 95.63049486384601 14.5 -17.636875857135912
v 94.72528441403784 14.5 -16.06900536652589
v 94.24471386537361 14.5 -14.989626241770704
v -97.0 13.5 4.61053199777357
v -97.0 13.5 10.195110820771157
v -96.39582407645294 13.5 13.037535062112271
v -94.85640030499336 13.5 15.703895248659972
v 100.1299288409285 13.5 -1.3456327296061301
v 102.09236420623868 13.5 -3.1126174692045803
v 97.11246204047181 13.5 -19.676628685775373
v 95.63049486384601 13.5 -17.636875857135912
v 94.72528441403784 13.5 -16.06900536652589
v 94.24471386537361 13.5 -14.989626241770704
v 94.04155071801107 13.5 -14.364354367772297
v 94.02280258817962 13.5 -14.276151351670842
v 100.1299288409285 13.5 -1.3456327296061301
v -86.75232595864378 13.5 22.259436235147277
v -85.80299147977821 13.5 20.61514068437517
v -84.89609764678112 13.5 18.578223785436734
v -83.09323206532714 13.5 13.029574065655941
v -83.84046797370253 13.5 5.920099300090252
v -85.50803542656202 13.5 2.1746814780019372
v -86.75232595864378 13.5 22.259436235147277
v 9.7122471296396 13.5 -61.320715025666004
v 3.249282315548676 13.5 -62.0
v -3.2492823155486406 13.5 -62.0
v -9.712247129640279 13.5 -61.320715025665926
v -16.068802531762863 13.5 -59.969587465325745
v -22.24930477073082 13.5 -57.961420555273484
v -61.32071502566599 13.5 -9.712247129639763
v -62.0 13.5 -3.2492823155486734
v -62.0 13.5 3.2492823155489354
v -61.320715025665955 13.5 9.712247129639792
v -37.3388747028809 13.5 51.188524556946916
v -36.92572028888834 13.5 51.4270593690824
v 62.0 13.5 -3.2492823155489363
v 61.320715025665955 13.5 -9.712247129639785
v 59.9695874653258 13.5 -16.06880253176215
v 57.96142055527247 13.5 -22.249304770733232
v 100.50855066246538 13.5 -18.18159675219709
v 98.22162243343328 13.5 -19.50195538084611
v -84.09162139903428 13.5 15.650960753973457
v -83.32075848149984 13.5 12.024335861860486
v -85.09740082123969 13.5 3.6658908165464332
v -88.99233148246886 13.5 -1.6950213270582202
v -89.79051125027995 13.5 -2.5814897662726732
v -93.66726590651668 13.5 0.9091558049533649
v -94.74974224674537 13.5 2.1113675754178725
v -96.04858378614747 13.5 4.36102711264325
v -96.82483941118471 13.5 6.750096270460055
v -96.2157675327882 13.5 12.545028100342494
v -94.76332640366911 13.5 15.807264288274482
v -93.11821105134182 13.5 17.634349986906802
v -91.8094355343801 13.5 18.585231059591692
v -87.29165124598862 13.5 21.193575034635295
v -84.09162139903428 13.5 15.650960753973457
v -59.96958746532574 13.5 -16.06880253176257
v -61.0 13.5 -11.221092695950006
v -61.0 13.5 11.221092695949984
v -59.9695874653258 13.5 16.06880253176219
v -57.96142055527247 13.5 22.24930477073332
v -55.31821619240979 13.5 28.186038970666832
v -52.06893387686 13.5 33.81396102933406
v -48.249173425633785 13.5 39.07141025493264
v -39.50422683088408 13.5 48.78365738457457
v -28.186038970666797 13.5 55.31821619240973
v -22.249304770731094 13.5 57.961420555273314
v -16.068802531762653 13.5 59.96958746532573
v -9.712247129639845 13.5 61.320715025665955
v -3.249282315548456 13.5 62.0
v 3.249282315548328 13.5 62.0
v 9.712247129640723 13.5 61.32071502566584
v 16.068802531761193 13.5 59.96958746532611
v 22.249304770731605 13.5 57.96142055527304
v 28.186038970669845 13.5 55.31821619240831
v 33.81396102933029 13.5 52.06893387686246
v 44.38709928189414 13.5 44.38709928189452
v 52.06893387686184 13.5 33.81396102933096
v 55.31821619240892 13.5 28.186038970668374
v 57.961420555273136 13.5 22.24930477073127
v 59.969587465325986 13.5 16.068802531761484
v 61.32071502566598 13.5 9.712247129639806
v 62.0 13.5 3.2492823155486734
v 62.0 13.5 -1.7067282417278313
v 57.33400728952436 13.5 -23.658498038038793
v 55.31821619240968 13.5 -28.186038970666942
v 52.06893387685988 13.5 -33.81396102933412
v 48.24917342563248 13.5 -39.07141025493423
v 43.90078493356485 13.5 -43.90078493356379
v 34.1885378039234 13.5 -52.64573152831296
v 22.249304770732934 13.5 -57.961420555272596
v 16.06880253176147 13.5 -59.969587465325986
v 11.22109269595005 13.5 -61.0
v -6.4113583512063705 13.5 -61.0
v -23.658498038038804 13.5 -57.33400728952431
v -28.18603897066935 13.5 -55.31821619240861
v -33.81396102933037 13.5 -52.068933876862445
v -39.07141025493465 13.5 -48.24917342563208
v -48.783657384574525 13.5 -39.50422683088425
v -55.31821619240935 13.5 -28.186038970667624
v -57.961420555273165 13.5 -22.249304770731445
v -59.96958746532574 13.5 -16.06880253176257
v 104.0 13.5 -8.308096911346155
v 104.0 13.5 -10.93084046763036
v 103.92069569142836 13.5 -11.303937905547818
v 103.45470095263144 13.5 -13.496270784550298
v 102.72993299350003 13.5 -15.124126273306612
v 102.00487558589778 13.5 -16.12208218043412
v 97.9214790348468 13.5 -19.088843433482907
v 94.07361413718725 13.5 -13.792711755928808
v 94.69497959969632 13.5 -7.880814286350895
v 94.88554598278466 13.5 -6.067696264925372
v 94.88554598278466 13.5 -6.067696264925367
v 99.75045349225203 13.5 -1.6873138682659428
v 103.12779368313323 13.5 -5.438230151094139
v 103.6295201467611 13.5 -6.565126238843219
v 104.0 13.5 -8.308096911346155
v -96.04858378614747 12.5 4.36102711264325
v -96.82483941118471 12.5 6.750096270460055
v -96.2157675327882 12.5 12.545028100342494
v -94.76332640366911 12.5 15.807264288274482
v 100.50855066246538 12.5 -18.18159675219709
v 98.22162243343328 12.5 -19.50195538084611
v -83.14640377508755 12.5 16.013795805087963
v -83.11254704966039 12.5 15.854512435235044
v -82.57380620462872 12.5 10.728735689228014
v -84.16344621463689 12.5 3.250067434911445
v -88.21411900786397 12.5 -2.325205363430808
v -89.48457651882381 12.5 -3.7361913746615816
v -83.14640377508755 12.5 16.013795805087963
v -84.91076218635266 12.5 21.06975421616108
v -85.93885267249227 12.5 22.85045917293308
v -85.76108648752978 12.5 22.979613866349307
v -84.91076218635266 12.5 21.06975421616108
v -40.80877427069801 12.5 -48.03047656902767
v -49.57049056819663 12.5 -40.1413917797696
v -55.46551667691649 12.5 -29.93090704752176
v -60.97920169272788 12.5 -12.961529445189173
v -62.0 12.5 11.326196931215815
v -60.93683887605708 12.5 16.327976766144978
v -58.896282177131795 12.5 22.608164525099728
v -56.21044548583524 12.5 28.64065250245277
v -52.90875539100398 12.5 34.35934749754736
v -49.02738590023962 12.5 39.701594291303735
v -40.141391779769016 12.5 49.57049056819696
v -28.64065250245175 12.5 56.21044548583575
v -22.60816452509857 12.5 58.89628217713226
v -16.3279767661448 12.5 60.936838876057145
v -9.86889627689332 12.5 62.30975881640238
v -3.3016900948316135 12.5 63.0
v 3.3016900948318906 12.5 63.0
v 9.86889627689294 12.5 62.30975881640245
v 16.327976766144676 12.5 60.93683887605717
v 22.608164525098424 12.5 58.896282177132306
v 28.640652502452266 12.5 56.2104454858355
v 34.359347497546956 12.5 52.908755391004206
v 45.103020238054086 12.5 45.10302023805386
v 52.90875539100347 12.5 34.359347497548015
v 56.210445485835265 12.5 28.64065250245244
v 58.896282177132456 12.5 22.608164525097692
v 60.93683887605704 12.5 16.327976766144843
v 62.30975881640256 12.5 9.868896276891974
v 62.84426747271983 12.5 4.783386116752707
v 56.951806327871594 12.5 -25.35657785730345
v 48.03047656902701 12.5 -40.80877427069854
v 44.608862109909865 12.5 -44.60886210991457
v 34.73996583302023 12.5 -53.49485623038199
v 31.347845843318233 12.5 -55.005125353805816
v 12.96152944518987 12.5 -60.97920169272781
v -25.356577857305744 12.5 -56.951806327870656
v -40.80877427069801 12.5 -48.03047656902767
v -43.09700107528055 12.5 47.86406874581401
v -42.943908856657146 12.5 47.95245657944707
v -43.40417826934448 12.5 47.44127560952344
v -43.09700107528055 12.5 47.86406874581401
v -52.319288662508946 12.5 -37.38033382067219
v -51.97535774056877 12.5 -37.976039651766584
v -52.106727662967806 12.5 -37.85775364233943
v -52.319288662508946 12.5 -37.38033382067219
v 95.99624375393205 12.5 -3.976635000270524
v 97.20765178825647 12.5 -2.6312300767852705
v 99.08132288589348 12.5 -0.9441690427889018
v 94.0 12.5 -13.691390588413189
v 94.0 12.5 -9.879798114973354
v 94.89174893795555 12.5 -5.68444921137241
v 94.97303440821749 12.5 -5.501879055979983
v 95.30175928591133 12.5 -4.9325108661022945
v 95.99624375393205 12.5 -3.976635000270524
v -85.80299147977821 12.5 20.61514068437517
v -84.89609764678112 12.5 18.578223785436734
v -83.09323206532714 12.5 13.029574065655941
v -83.84046797370253 12.5 5.920099300090252
v -85.50803542656202 12.5 2.1746814780019372
v -89.79051125028 12.5 -2.5814897662727385
v -93.66726590651568 12.5 0.9091558049522614
v -94.74974224674537 12.5 2.1113675754178725
v -95.97903540468195 12.5 4.240565782361276
v -96.72148016865688 12.5 7.733493773582321
v -96.61847397738875 12.5 8.71353221834872
v -96.4084528633475 12.5 10.711749640418745
v -94.74688773624695 12.5 15.82552127804082
v -93.11821105134169 12.5 17.634349986906948
v -86.75232595864378 12.5 22.259436235147277
v -85.80299147977821 12.5 20.61514068437517
v 22.24930477073201 12.5 -57.96142055527301
v 16.068802531762696 12.5 -59.96958746532572
v 9.7122471296396 12.5 -61.320715025666004
v 3.249282315548676 12.5 -62.0
v -3.2492823155486406 12.5 -62.0
v -9.712247129640279 12.5 -61.320715025665926
v -16.068802531762863 12.5 -59.969587465325745
v -22.24930477073082 12.5 -57.961420555273484
v -28.18603897066935 12.5 -55.31821619240861
v -33.81396102933037 12.5 -52.068933876862445
v -39.07141025493465 12.5 -48.24917342563208
v -48.783657384574525 12.5 -39.50422683088425
v -55.31821619240935 12.5 -28.186038970667624
v -57.96142055527321 12.5 -22.249304770731356
v -59.96958746532578 12.5 -16.068802531762458
v -61.32071502566599 12.5 -9.712247129639763
v -62.0 12.5 -3.2492823155486734
v -62.0 12.5 3.2492823155489354
v -61.320715025665955 12.5 9.712247129639792
v -59.9695874653258 12.5 16.06880253176219
v -57.96142055527247 12.5 22.24930477073332
v -55.318216192409544 12.5 28.186038970667386
v -52.06893387686027 12.5 33.813961029333754
v -48.24917342563388 12.5 39.07141025493254
v -37.3388747028809 12.5 51.188524556946916
v -36.92572028888834 12.5 51.4270593690824
v -22.2493047707309 12.5 57.9614205552734
v -16.06880253176222 12.5 59.96958746532591
v -9.712247129640687 12.5 61.32071502566587
v -3.249282315548456 12.5 62.0
v 3.249282315548328 12.5 62.0
v 9.712247129641085 12.5 61.320715025665805
v 16.068802531761335 12.5 59.96958746532612
v 22.24930477073113 12.5 57.96142055527325
v 28.186038970669987 12.5 55.318216192408244
v 33.81396102933085 12.5 52.06893387686217
v 44.387099281894834 12.5 44.38709928189416
v 52.06893387686007 12.5 33.813961029334024
v 55.31821619240935 12.5 28.186038970667624
v 57.96142055527321 12.5 22.249304770731356
v 59.96958746532578 12.5 16.068802531762458
v 61.32071502566599 12.5 9.712247129639763
v 62.0 12.5 3.2492823155486734
v 62.0 12.5 -3.2492823155489363
v 61.320715025665955 12.5 -9.712247129639785
v 59.9695874653258 12.5 -16.06880253176215
v 57.96142055527247 12.5 -22.249304770733232
v 55.31821619240955 12.5 -28.186038970667234
v 52.06893387686018 12.5 -33.81396102933371
v 48.24917342563248 12.5 -39.07141025493423
v 43.90078493356485 12.5 -43.90078493356379
v 34.1885378039234 12.5 -52.64573152831296
v 22.24930477073201 12.5 -57.96142055527301
v 104.0 12.5 -8.308096911346155
v 104.0 12.5 -10.93084046763036
v 103.45470095263147 12.5 -13.496270784550232
v 102.72993299350001 12.5 -15.124126273306656
v 102.00487558589786 12.5 -16.122082180434035
v 97.92147903484678 12.5 -19.088843433482896
v 96.3485889218474 12.5 -16.923945919062742
v 94.07361413718725 12.5 -13.792711755928808
v 94.88554598278466 12.5 -6.067696264925372
v 99.75045349225203 12.5 -1.6873138682659428
v 103.12779368313323 12.5 -5.438230151094139
v 103.6295201467611 12.5 -6.565126238843219
v 104.0 12.5 -8.308096911346155
v -95.97903540468195 11.5 4.240565782361276
v -96.72148016865688 11.5 7.733493773582321
v -96.4084528633475 11.5 10.711749640418745
v -94.74688773624695 11.5 15.82552127804082
v -93.11821105134293 11.5 17.634349986905995
v 99.08132288589348 11.5 -0.9441690427889018
v 103.12779368313323 11.5 -5.438230151094139
v -85.15851218053209 11.5 0.5011302063454512
v -86.06372263034157 11.5 -1.0667402842668532
v -88.66473135739324 11.5 -4.646721671168575
v -83.96123602492199 11.5 18.937083539803858
v -82.07649195920999 11.5 13.13643775697335
v -82.86250176048688 11.5 5.658054043034372
v -85.15851218053209 11.5 0.5011302063454512
v 3.3016900948312404 11.5 -63.0
v -3.30169009483161 11.5 -63.0
v -9.868896276893992 11.5 -62.30975881640231
v -16.327976766143852 11.5 -60.936838876057436
v -22.60816452509828 11.5 -58.89628217713235
v -28.640652502454216 11.5 -56.210445485834626
v -34.359347497547546 11.5 -52.908755391004135
v -39.70159429130349 11.5 -49.02738590024017
v -58.8962821771322 11.5 -22.608164525098715
v -60.936838876056925 11.5 -16.32797676614541
v -62.30975881640254 11.5 -9.868896276892087
v -63.0 11.5 -3.3016900948319794
v -63.0 11.5 3.301690094831861
v -62.30975881640249 11.5 9.868896276892333
v 63.0 11.5 3.3016900948319794
v 63.0 11.5 -3.301690094831862
v 62.309758816402514 11.5 -9.868896276892304
v 60.936838876056946 11.5 -16.327976766145298
v 58.89628217713219 11.5 -22.6081645250988
v 56.2104454858361 11.5 -28.64065250245098
v 52.90875539100266 11.5 -34.35934749754937
v 49.02738590023988 11.5 -39.70159429130365
v 22.608164525099003 11.5 -58.896282177132136
v 16.327976766145223 11.5 -60.93683887605702
v 9.868896276893075 11.5 -62.30975881640237
v 3.3016900948312404 11.5 -63.0
v 94.24471386537361 11.5 -14.989626241770704
v 94.04155071801107 11.5 -14.364354367772297
v 94.0 11.5 -14.16887360874697
v 97.11246204047184 11.5 -19.676628685775412
v 95.63049486384601 11.5 -17.636875857135912
v 94.72528441403784 11.5 -16.06900536652589
v 94.24471386537361 11.5 -14.989626241770704
v -83.11254704966039 11.5 15.854512435235044
v -82.57380620462872 11.5 10.728735689228014
v -84.16344621463689 11.5 3.250067434911445
v -88.21411900786397 11.5 -2.325205363430808
v -89.48457651882381 11.5 -3.7361913746615816
v -94.74974224674457 11.5 2.111367575416959
v -95.96675180319507 11.5 4.2192899604860745
v -96.0 11.5 4.5356254223339025
v -96.0 11.5 10.090006585504918
v -94.84517922091887 11.5 15.523011193821475
v -94.84496768446272 11.5 15.523662236090097
v -89.92078641884679 11.5 19.957414962506324
v -86.75232595864381 11.5 22.2594362351472
v -83.14640377508755 11.5 16.013795805087963
v -83.11254704966039 11.5 15.854512435235044
v -85.93885267249213 11.5 22.850459172932833
v -85.76108648752977 11.5 22.979613866349265
v -84.91076218635266 11.5 21.06975421616108
v -85.93885267249213 11.5 22.850459172932833
v -49.57049056819663 11.5 -40.1413917797696
v -55.46551667691649 11.5 -29.93090704752176
v -60.97920169272788 11.5 -12.961529445189173
v -62.0 11.5 -3.2492823155486734
v -62.0 11.5 11.326196931215815
v -61.938545599772084 11.5 11.615317152888021
v -60.93683887605692 11.5 16.32797676614522
v -58.89628217713177 11.5 22.60816452509977
v -56.21044548583529 11.5 28.640652502452653
v -55.7325692878997 11.5 29.468358357004952
v -52.90875539100417 11.5 34.359347497547034
v -49.027385900239395 11.5 39.70159429130399
v -40.141391779769016 11.5 49.57049056819696
v -28.64065250245175 11.5 56.21044548583575
v -22.60816452509857 11.5 58.89628217713226
v -16.95599554204036 11.5 60.7327832061646
v -16.327976766145213 11.5 60.93683887605701
v -9.868896276893064 11.5 62.309758816402365
v -3.3016900948311623 11.5 63.0
v 3.30169009483177 11.5 63.0
v 9.868896276893055 11.5 62.30975881640243
v 16.327976766143887 11.5 60.936838876057344
v 22.608164525098015 11.5 58.89628217713235
v 28.640652502453296 11.5 56.2104454858349
v 34.359347497546956 11.5 52.908755391004206
v 45.103020238054086 11.5 45.10302023805386
v 52.90875539100347 11.5 34.359347497548015
v 56.210445485835265 11.5 28.64065250245244
v 58.896282177132456 11.5 22.608164525097692
v 60.93683887605704 11.5 16.327976766144843
v 62.30975881640255 11.5 9.868896276891995
v 62.84426747271983 11.5 4.783386116752695
v 61.3207150256659 11.5 -9.712247129640463
v 59.96958746532601 11.5 -16.068802531761794
v 56.951806327871594 11.5 -25.35657785730345
v 48.03047656902701 11.5 -40.80877427069854
v 44.60886210991074 11.5 -44.608862109913595
v 34.739965833019866 11.5 -53.4948562303821
v 31.3478458433179 11.5 -55.00512535380592
v 12.96152944518987 11.5 -60.97920169272781
v 3.249282315548868 11.5 -62.0
v -3.249282315548708 11.5 -62.0
v -9.712247129640595 11.5 -61.3207150256659
v -16.068802531760642 11.5 -59.969587465326256
v -25.356577857305744 11.5 -56.951806327870656
v -40.80877427069801 11.5 -48.03047656902767
v -49.57049056819663 11.5 -40.1413917797696
v -42.943908856657146 11.5 47.95245657944707
v -43.40417826934346 11.5 47.44127560952457
v -43.0970010752803 11.5 47.86406874581415
v -42.943908856657146 11.5 47.95245657944707
v -51.97535774056877 11.5 -37.976039651766584
v -52.10672766296771 11.5 -37.85775364233952
v -52.3192886625087 11.5 -37.38033382067262
v -51.97535774056877 11.5 -37.976039651766584
v 97.20765178825647 11.5 -2.6312300767852705
v 97.44203326957545 11.5 -2.420192043097136
v 98.6354522910643 11.5 -1.345632729606636
v 102.18542572386302 11.5 -4.542043165648561
v 103.58874808882972 11.5 -6.473550697381599
v 103.6295201467611 11.5 -6.565126238843219
v 104.0 11.5 -8.308096911346155
v 104.0 11.5 -10.93084046763037
v 103.45470095263141 11.5 -13.496270784550527
v 102.72993299350038 11.5 -15.124126273306155
v 102.00487558589786 11.5 -16.122082180434035
v 97.92147903484678 11.5 -19.088843433482896
v 94.0 11.5 -13.691390588413189
v 94.0 11.5 -9.879798114973363
v 94.02931211786797 11.5 -9.741895442679091
v 94.89174893795534 11.5 -5.684449211373383
v 94.97303440821857 11.5 -5.501879055978122
v 95.30175928591133 11.5 -4.9325108661022945
v 95.99624375393182 11.5 -3.9766350002708433
v 96.64583237743302 11.5 -3.2551937455197137
v 97.20765178825647 11.5 -2.6312300767852705
v -94.7497422467447 10.5 2.111367575416992
v -95.96675180319505 10.5 4.219289960485875
v -96.0 10.5 10.090006585504918
v -94.84517922091887 10.5 15.523011193821475
v -94.84496768446272 10.5 15.523662236090097
v 102.00487558589785 10.5 -16.122082180434067
v 97.11246204047184 10.5 -19.676628685775412
v -84.93399557224458 10.5 23.58053059083099
v -83.0263744030626 10.5 19.29594329417016
v -82.43453378923826 10.5 17.474445180371294
v -82.12350325892373 10.5 16.01116158248651
v -81.56272862710782 10.5 10.675747358707385
v -83.22949160803445 10.5 2.8342440532755004
v -56.3840941983339 10.5 30.339884109736026
v -53.748576905146294 10.5 34.90473396576337
v -43.78108045742824 10.5 48.623815868763195
v -29.095266034236865 10.5 57.102674779261605
v -22.967024279465683 10.5 59.83114379899126
v -17.95397248847683 10.5 61.459983064119186
v 30.33988410973765 10.5 56.38409419833324
v 34.904733965760755 10.5 53.74857690514807
v 45.81894119421423 10.5 45.818941194213075
v 53.748576905145455 10.5 34.90473396576476
v 57.10267477926161 10.5 29.0952660342368
v 59.83114379899121 10.5 22.96702427946576
v 61.45998306411925 10.5 17.953972488476545
v -86.06372263034072 10.5 -1.066740284265375
v -88.66473135739339 10.5 -4.646721671168406
v -92.10518138089917 10.5 -0.825714818418549
v -95.99992844542182 10.5 4.534944625998661
v -95.99992844542182 10.5 4.534944625998665
v -96.0 10.5 4.5356254223339025
v -96.0 10.5 5.031146811171844
v -95.23780131957255 10.5 12.28298284328612
v -93.75856546516759 10.5 15.605400969557126
v -92.68062918487188 10.5 17.472441374351146
v -89.92078641884521 10.5 19.95741496250757
v -85.7610864875297 10.5 22.979613866349315
v -83.96123602492199 10.5 18.937083539803858
v -82.07649195920999 10.5 13.13643775697335
v -82.86250176048688 10.5 5.658054043034372
v -85.15851218053209 10.5 0.5011302063454512
v -86.06372263034072 10.5 -1.066740284265375
v -3.30169009483161 10.5 -63.0
v -9.868896276893953 10.5 -62.309758816402315
v -16.327976766143713 10.5 -60.936838876057465
v -22.608164525097436 10.5 -58.896282177132605
v -28.640652502453708 10.5 -56.21044548583471
v -34.35934749754691 10.5 -52.908755391004284
v -39.7015942913054 10.5 -49.02738590023845
v -52.10672766296762 10.5 -37.857753642339716
v -58.8962821771322 10.5 -22.608164525098715
v -60.936838876056925 10.5 -16.32797676614541
v -62.30975881640254 10.5 -9.868896276892087
v -63.0 10.5 -3.3016900948319794
v -63.0 10.5 3.301690094831861
v -62.30975881640249 10.5 9.868896276892333
v -60.93683887605692 10.5 16.32797676614522
v -58.896282177131454 10.5 22.60816452510076
v -56.21044548583653 10.5 28.640652502450504
v -52.90875539100461 10.5 34.35934749754642
v -43.09700107528008 10.5 47.86406874581446
v -28.64065250245305 10.5 56.21044548583521
v -22.608164525099056 10.5 58.89628217713211
v -16.327976766145213 10.5 60.93683887605701
v -9.868896276893064 10.5 62.309758816402365
v -3.3016900948311623 10.5 63.0
v 3.30169009483177 10.5 63.0
v 9.86889627689333 10.5 62.30975881640239
v 16.327976766143617 10.5 60.93683887605743
v 22.608164525098015 10.5 58.89628217713235
v 28.640652502453683 10.5 56.21044548583473
v 34.35934749754698 10.5 52.90875539100425
v 45.103020238054505 10.5 45.10302023805362
v 52.90875539100309 10.5 34.35934749754891
v 56.21044548583558 10.5 28.640652502452127
v 58.8962821771322 10.5 22.608164525098715
v 60.936838876056925 10.5 16.32797676614541
v 62.30975881640254 10.5 9.868896276892087
v 63.0 10.5 3.3016900948319794
v 63.0 10.5 -3.3016900948318577
v 62.986304738420685 10.5 -3.4319918047933626
v 62.309758816402514 10.5 -9.868896276892304
v 60.936838876056974 10.5 -16.327976766145174
v 58.896282177132136 10.5 -22.608164525098925
v 56.2104454858361 10.5 -28.64065250245098
v 52.90875539100347 10.5 -34.35934749754797
v 49.02738590023867 10.5 -39.70159429130499
v 44.60886210991086 10.5 -44.60886210991349
v 37.69454280480513 10.5 -50.83454317579736
v 34.73996583301979 10.5 -53.49485623038213
v 22.608164525099003 10.5 -58.896282177132136
v 16.327976766145223 10.5 -60.93683887605702
v 9.868896276893075 10.5 -62.30975881640237
v 3.3016900948312404 10.5 -63.0
v -3.30169009483161 10.5 -63.0
v 94.04155071801107 10.5 -14.364354367772297
v 94.0 10.5 -14.16887360874697
v 94.0 10.5 -9.879798114973363
v 94.89174893795524 10.5 -5.684449211373621
v 94.97303440821871 10.5 -5.50187905597779
v 95.30175928591179 10.5 -4.932510866101487
v 95.99624375393113 10.5 -3.9766350002716115
v 97.20765178825626 10.5 -2.631230076785454
v 98.6354522910643 10.5 -1.345632729606636
v 102.18542572386302 10.5 -4.542043165648561
v 103.58874808882972 10.5 -6.473550697381599
v 103.6295201467611 10.5 -6.565126238843219
v 104.0 10.5 -8.308096911346155
v 104.0 10.5 -10.93084046763014
v 103.46351916275061 10.5 -13.45478436771204
v 103.45470095263148 10.5 -13.496270784550196
v 103.45470095263148 10.5 -13.4962707845502
v 103.10802546316727 10.5 -14.274916682498157
v 102.72993299350038 10.5 -15.12412627330617
v 102.6710122771946 10.5 -15.205223681970658
v 100.89677287609459 10.5 -16.802756014273648
v 96.75980378183031 10.5 -19.19123623447637
v 95.63049486384601 10.5 -17.636875857135912
v 94.72528441403784 10.5 -16.06900536652589
v 94.24471386537361 10.5 -14.989626241770704
v 94.04155071801107 10.5 -14.364354367772297
v -95.99992844542182 9.5 4.534944625998665
v -96.0 9.5 4.5356254223339025
v -96.0 9.5 5.031146811171844
v -95.23780131957255 9.5 12.28298284328612
v -93.75856546516759 9.5 15.605400969557126
v -92.68062918487188 9.5 17.472441374351146
v -95.99992844542182 9.5 4.534944625998665
v 103.58874808882972 9.5 -6.473550697381599
v 103.6295201467611 9.5 -6.565126238843219
v 104.0 9.5 -8.308096911346155
v 104.0 9.5 -10.93084046763014
v -81.0 9.5 13.059404153711245
v -81.0 9.5 8.513443056519899
v -81.45991131887679 9.5 6.349730418042624
v -84.26628288710512 9.5 0.0465166745622676
v -85.22390111619853 9.5 -1.6121267524816043
v -87.98065197524602 9.5 -5.406468794117923
v 3.35409787411443 9.5 -64.0
v -3.354097874114828 9.5 -64.0
v -10.025545424145484 9.5 -63.29880260713896
v -16.587151000526887 9.5 -61.90409028678849
v -22.967024279465917 9.5 -59.83114379899118
v -29.09526603423819 9.5 -57.10267477926104
v -34.9047339657623 9.5 -53.7485769051471
v -40.33177832767316 9.5 -49.805598374847136
v -52.93381857825283 9.5 -38.458670366820996
v -59.83114379899186 9.5 -22.967024279464113
v -61.90409028678823 9.5 -16.587151000527967
v -63.298802607138924 9.5 -10.025545424145548
v -64.0 9.5 -3.354097874114645
v -64.0 9.5 3.354097874114237
v -63.29880260713891 9.5 10.025545424145307
v -61.90409028678804 9.5 16.587151000528305
v -59.8311437989907 9.5 22.967024279467235
v -57.102674779261996 9.5 29.095266034236378
v -16.587151000528188 9.5 61.90409028678808
v -10.02554542414466 9.5 63.29880260713901
v -3.354097874114448 9.5 64.0
v 3.354097874114796 9.5 64.0
v 10.025545424144628 9.5 63.298802607139045
v 16.587151000529353 9.5 61.904090286787856
v 22.967024279465516 9.5 59.83114379899149
v 29.095266034236694 9.5 57.10267477926185
v 61.90409028678823 9.5 16.587151000527967
v 63.298802607138924 9.5 10.025545424145548
v 64.0 9.5 3.354097874114645
v 64.0 9.5 -3.3540978741142404
v 63.29880260713889 9.5 -10.02554542414544
v 61.90409028678807 9.5 -16.587151000528237
v 59.83114379899074 9.5 -22.967024279467157
v 57.10267477926205 9.5 -29.095266034236225
v 53.74857690514682 9.5 -34.90473396576253
v 49.80559837484546 9.5 -40.331778327675224
v 45.316939286261054 9.5 -45.316939286258894
v 35.29139386211452 9.5 -54.343980932452034
v 22.96702427946513 9.5 -59.83114379899147
v 16.587151000528248 9.5 -61.90409028678807
v 10.02554542414466 9.5 -63.298802607139
v 3.35409787411443 9.5 -64.0
v 94.0 9.5 -8.416001435506956
v 94.87615481545355 9.5 -5.719474183968883
v -89.92078641884449 9.5 19.957414962508228
v -84.9339955722446 9.5 23.58053059083084
v -83.0263744030623 9.5 19.295943294169245
v -82.43453378923826 9.5 17.474445180371294
v -82.12350325892373 9.5 16.01116158248651
v -81.56272862710782 9.5 10.675747358707385
v -83.22949160803445 9.5 2.8342440532755004
v -88.6647313573934 9.5 -4.64672167116843
v -92.10518138089756 9.5 -0.825714818420404
v -93.58058768917165 9.5 1.2050077496372102
v -94.97915853502012 9.5 4.346249300323185
v -95.71040259113595 9.5 7.786482104102852
v -95.42491735217439 9.5 10.50269271388379
v -93.7986250634887 9.5 15.507905717406697
v -91.78616252209824 9.5 18.277822775002072
v -90.8423843882751 9.5 19.127604423616273
v -89.92078641884449 9.5 19.957414962508228
v -39.70159429130567 9.5 -49.02738590023826
v -52.10672766296761 9.5 -37.85775364233976
v -58.8962821771322 9.5 -22.608164525098715
v -60.936838876056925 9.5 -16.32797676614541
v -62.30975881640254 9.5 -9.868896276892087
v -63.0 9.5 -3.3016900948319794
v -63.0 9.5 3.301690094831884
v -62.309758816402486 9.5 9.86889627689242
v -60.93683887605684 9.5 16.327976766145667
v -56.3840941983339 9.5 30.339884109736026
v -53.748576905146294 9.5 34.90473396576337
v -51.67201514520528 9.5 37.76287602888799
v -43.78108045742834 9.5 48.62381586876302
v -29.095266034235433 9.5 57.102674779262244
v -28.623862822330675 9.5 57.31255701154882
v -22.96702427946534 9.5 59.83114379899138
v -17.95397248847683 9.5 61.459983064119186
v -3.3016900948316277 9.5 63.0
v 3.301690094831951 9.5 63.0
v 9.868896276893146 9.5 62.309758816402436
v 16.32797676614375 9.5 60.9368388760574
v 30.33988410973708 9.5 56.38409419833342
v 34.90473396576174 9.5 53.74857690514735
v 45.81894119421411 9.5 45.81894119421316
v 53.74857690514564 9.5 34.90473396576445
v 57.1026747792613 9.5 29.09526603423734
v 59.83114379899142 9.5 22.967024279465093
v 61.45998306411925 9.5 17.953972488476545
v 63.0 9.5 3.3016900948319794
v 63.0 9.5 -3.3016900948318577
v 62.309758816402535 9.5 -9.86889627689234
v 60.936838876057216 9.5 -16.327976766144424
v 58.89628217713205 9.5 -22.60816452509919
v 56.21044548583582 9.5 -28.64065250245173
v 52.908755391004725 9.5 -34.35934749754624
v 49.02738590023857 9.5 -39.70159429130513
v 44.60886210991111 9.5 -44.608862109913346
v 34.73996583301979 9.5 -53.49485623038213
v 22.608164525098932 9.5 -58.89628217713217
v 16.327976766145113 9.5 -60.93683887605707
v 9.868896276893107 9.5 -62.30975881640239
v 3.301690094831528 9.5 -63.0
v -3.3016900948321535 9.5 -63.0
v -9.86889627689337 9.5 -62.309758816402436
v -16.327976766143713 9.5 -60.936838876057465
v -22.608164525097436 9.5 -58.896282177132605
v -28.640652502453708 9.5 -56.21044548583471
v -34.35934749754691 9.5 -52.908755391004284
v -39.70159429130567 9.5 -49.02738590023826
v 94.0 9.5 -9.879798114973363
v 94.89174893795524 9.5 -5.684449211373621
v 94.97303440821803 9.5 -5.501879055979314
v 95.30175928591245 9.5 -4.932510866100791
v 95.99624375393164 9.5 -3.976635000271046
v 97.20765178825626 9.5 -2.631230076785454
v 98.6354522910643 9.5 -1.345632729606636
v 102.18542572386274 9.5 -4.542043165648312
v 102.60285112866964 9.5 -5.116579945969901
v 103.3371469783396 9.5 -7.376510193915266
v 103.80643533256767 9.5 -11.84149063016352
v 103.45470095263148 9.5 -13.496270784550196
v 102.72993299350046 9.5 -15.124126273306196
v 102.67101227719485 9.5 -15.205223681970441
v 100.89677287609497 9.5 -16.802756014273307
v 96.75980378183021 9.5 -19.19123623447623
v 95.63049486384601 9.5 -17.636875857135912
v 94.72528441403792 9.5 -16.069005366526007
v 94.24471386537368 9.5 -14.989626241770816
v 94.04155071801115 9.5 -14.36435436777246
v 94.0 9.5 -14.168873608746729
v 94.0 9.5 -9.879798114973363
v -94.97915853502012 8.5 4.346249300323185
v -95.71040259113595 8.5 7.786482104102852
v -95.42491735217439 8.5 10.50269271388379
v 102.18542572386255 8.5 -4.542043165648048
v 102.60285112866964 8.5 -5.116579945969901
v 103.80643533256769 8.5 -11.841490630163648
v 103.45470095263148 8.5 -13.496270784550637
v 102.72993299350013 8.5 -15.124126273306967
v 102.67101227719537 8.5 -15.20522368197005
v 100.89677287609558 8.5 -16.80275601427295
v -84.10690465695927 8.5 24.181447315312337
v -82.09151278120365 8.5 19.654803048537435
v -81.4672823785071 8.5 17.733619414753978
v -80.0 8.5 10.830598557722276
v -80.0 8.5 8.408338821253881
v -80.50361611740881 8.5 6.039011271673853
v -81.83083586187809 8.5 3.058026918544224
v 93.99202874776212 8.5 -14.131371815458266
v 93.51226999940698 8.5 -9.566772233505905
v 93.70948320273729 8.5 -7.690413941836502
v -94.97317495672976 8.5 4.332809963443369
v -95.0 8.5 4.588033201616751
v -95.0 8.5 9.984902350239198
v -93.87792781018754 8.5 15.263836959439264
v -93.7986250634887 8.5 15.507905717406697
v -91.78616252209824 8.5 18.277822775002072
v -89.92078641884456 8.5 19.957414962508178
v -84.9339955722446 8.5 23.58053059083084
v -83.02637440306206 8.5 19.2959432941687
v -81.0 8.5 13.059404153711245
v -81.0 8.5 8.513443056519899
v -81.45991131887679 8.5 6.349730418042624
v -84.26628288710512 8.5 0.0465166745622676
v -85.22390111619853 8.5 -1.6121267524816043
v -87.98065197524602 8.5 -5.406468794117923
v -92.10518138089756 8.5 -0.825714818420404
v -93.58058768917165 8.5 1.2050077496372102
v -94.97317495672976 8.5 4.332809963443369
v -3.354097874114828 8.5 -64.0
v -10.025545424145484 8.5 -63.29880260713896
v -16.587151000526887 8.5 -61.90409028678849
v -22.967024279465917 8.5 -59.83114379899118
v -29.09526603423819 8.5 -57.10267477926104
v -34.9047339657623 8.5 -53.7485769051471
v -40.33177832767316 8.5 -49.805598374847136
v -52.93381857825283 8.5 -38.458670366820996
v -59.83114379899186 8.5 -22.967024279464113
v -61.90409028678823 8.5 -16.587151000527967
v -63.298802607138924 8.5 -10.025545424145548
v -64.0 8.5 -3.354097874114645
v -64.0 8.5 3.354097874114237
v -63.29880260713891 8.5 10.025545424145307
v -61.90409028678804 8.5 16.587151000528305
v -59.8311437989907 8.5 22.967024279467235
v -57.102674779261996 8.5 29.095266034236378
v -53.74857690514681 8.5 34.90473396576267
v -43.78108045742834 8.5 48.62381586876302
v -29.095266034235404 8.5 57.10267477926226
v -22.967024279465175 8.5 59.83114379899145
v -16.587151000528188 8.5 61.90409028678808
v -10.02554542414466 8.5 63.29880260713901
v -3.354097874114448 8.5 64.0
v 3.354097874114796 8.5 64.0
v 10.025545424144628 8.5 63.298802607139045
v 16.587151000529353 8.5 61.904090286787856
v 22.967024279465516 8.5 59.83114379899149
v 29.095266034236694 8.5 57.10267477926185
v 34.904733965763626 8.5 53.748576905146265
v 45.818941194213615 8.5 45.81894119421385
v 53.74857690514638 8.5 34.90473396576343
v 57.10267477926073 8.5 29.09526603423862
v 59.83114379899186 8.5 22.967024279464113
v 61.90409028678823 8.5 16.587151000527967
v 63.298802607138924 8.5 10.025545424145548
v 64.0 8.5 3.354097874114645
v 64.0 8.5 -3.3540978741142404
v 63.29880260713889 8.5 -10.02554542414544
v 61.90409028678807 8.5 -16.587151000528237
v 59.83114379899074 8.5 -22.967024279467157
v 57.10267477926205 8.5 -29.095266034236225
v 53.74857690514682 8.5 -34.90473396576253
v 49.80559837484546 8.5 -40.331778327675224
v 45.316939286261054 8.5 -45.316939286258894
v 35.29139386211452 8.5 -54.343980932452034
v 22.96702427946513 8.5 -59.83114379899147
v 16.587151000528248 8.5 -61.90409028678807
v 10.02554542414466 8.5 -63.298802607139
v 3.35409787411443 8.5 -64.0
v -3.354097874114828 8.5 -64.0
v 94.0 8.5 -14.168873608746729
v 94.0 8.5 -8.416001435506956
v 94.87615481545355 8.5 -5.719474183968883
v 94.97303440821739 8.5 -5.501879055980428
v 95.30175928591245 8.5 -4.932510866100791
v 95.99624375393226 8.5 -3.976635000270182
v 97.20765178825648 8.5 -2.6312300767850103
v 98.63545229106417 8.5 -1.3456327296064
v 101.64636755525473 8.5 -4.05667301052184
v 103.04633856560649 8.5 -6.48149392957465
v 103.3371469783396 8.5 -7.376510193915266
v 103.5673527950422 8.5 -9.566772233505663
v 103.29320144155871 8.5 -12.175148126166206
v 102.61264509029158 8.5 -14.269685204581496
v 102.14210719427373 8.5 -15.08468074737089
v 100.26858029219079 8.5 -17.16544317169336
v 96.7598037818302 8.5 -19.191236234476236
v 95.63049486384591 8.5 -17.636875857135816
v 94.72528441403806 8.5 -16.069005366526333
v 94.24471386537368 8.5 -14.989626241770816
v 94.04155071801115 8.5 -14.36435436777246
v 94.0 8.5 -14.168873608746729
v -93.79862506348896 7.5 15.507905717406308
v -91.78616252209844 7.5 18.27782277500198
v -89.92078641884578 7.5 19.957414962507173
v 103.04633856560649 7.5 -6.48149392957465
v 103.33714697833963 7.5 -7.376510193915495
v 103.5673527950422 7.5 -9.566772233505663
v 103.29320144155871 7.5 -12.175148126166206
v 103.04633856560649 7.5 -6.48149392957465
v -81.36481654204387 7.5 1.9981458682504465
v -87.29657259309876 7.5 -6.166215917067266
v -79.7221401100707 7.5 14.333104898088688
v -79.1949001380838 7.5 11.852635850958562
v -79.68834917340601 7.5 7.157781889318592
v -81.36481654204387 7.5 1.9981458682504465
v -41.99082014626841 7.5 -49.657423141330966
v -53.76090949353817 7.5 -39.05958709130233
v -56.87484859752395 7.5 -32.06556535205192
v -64.0 7.5 11.536405401747547
v -62.871341697519185 7.5 16.84632523491164
v -60.766005420850796 7.5 23.32588403383175
v -57.99490407268732 7.5 29.54987956602247
v -54.588398419289746 7.5 35.45012043397765
v -44.46515983957554 7.5 49.383562991712544
v -29.549879566021303 7.5 57.99490407268778
v -23.32588403383174 7.5 60.766005420850725
v -16.846325234911657 7.5 62.87134169751909
v -10.182194571396487 7.5 64.28784639787563
v -3.406505653397815 7.5 65.0
v 3.406505653397943 7.5 65.0
v 10.182194571396668 7.5 64.28784639787563
v 16.846325234911426 7.5 62.87134169751917
v 23.325884033833493 7.5 60.76600542085016
v 29.549879566022064 7.5 57.99490407268764
v 35.450120433976096 7.5 54.58839841929075
v 40.96196236404393 7.5 50.583810849453315
v 48.570487870599734 7.5 43.73306371220718
v 54.58839841929133 7.5 35.4501204339753
v 57.994904072685614 7.5 29.549879566025766
v 60.76600542085103 7.5 23.325884033830647
v 62.871341697519505 7.5 16.84632523491024
v 64.2878463978755 7.5 10.182194571397645
v 64.8552840318468 7.5 4.783386116752979
v 49.65742314133043 7.5 -41.990820146269
v 46.025016462606914 7.5 -46.02501646260851
v 38.41649095605151 7.5 -52.87576359985432
v 30.748861171952022 7.5 -57.3026717197506
v 93.0 7.5 -12.193953127153526
v 93.0 7.5 -9.774693879707812
v 93.88188163855094 7.5 -5.625766969985115
v -95.0 7.5 9.984902350239189
v -93.8779278101874 7.5 15.26383695943962
v -93.86151480977374 7.5 15.314350980608413
v -89.22705422801613 7.5 20.46144090219123
v -84.10690465695939 7.5 24.181447315312255
v -82.09151278120315 7.5 19.6548030485359
v -81.4672823785071 7.5 17.733619414753978
v -80.0 7.5 10.830598557722276
v -80.0 7.5 8.408338821253881
v -80.50361611740881 7.5 6.039011271673853
v -81.83083586187809 7.5 3.058026918544224
v -87.98065197524622 7.5 -5.406468794117529
v -92.10518138089996 7.5 -0.8257148184173975
v -93.58058768917137 7.5 1.2050077496364753
v -94.97317495672975 7.5 4.332809963443337
v -95.0 7.5 4.588033201616751
v -95.0 7.5 9.984902350239189
v -3.354097874114828 7.5 -64.0
v -10.02554542414443 7.5 -63.29880260713907
v -16.587151000527953 7.5 -61.90409028678814
v -22.96702427946582 7.5 -59.83114379899121
v -29.095266034238126 7.5 -57.10267477926105
v -34.9047339657625 7.5 -53.74857690514695
v -40.33177832767316 7.5 -49.805598374847136
v -52.93381857825283 7.5 -38.458670366820996
v -59.831143798991654 7.5 -22.967024279464574
v -61.90409028678821 7.5 -16.587151000527854
v -63.29880260713898 7.5 -10.025545424144992
v -64.0 7.5 -3.354097874114645
v -64.0 7.5 3.354097874114237
v -63.29880260713891 7.5 10.025545424145307
v -61.90409028678804 7.5 16.587151000528305
v -59.8311437989907 7.5 22.967024279467235
v -57.102674779261996 7.5 29.095266034236378
v -53.74857690514681 7.5 34.90473396576267
v -43.78108045742834 7.5 48.62381586876302
v -29.095266034235404 7.5 57.10267477926226
v -22.967024279465175 7.5 59.83114379899145
v -16.587151000528188 7.5 61.90409028678808
v -10.02554542414466 7.5 63.29880260713901
v -3.354097874114448 7.5 64.0
v 3.354097874114796 7.5 64.0
v 10.025545424144628 7.5 63.298802607139045
v 16.587151000529353 7.5 61.904090286787856
v 22.967024279465516 7.5 59.83114379899149
v 29.095266034236694 7.5 57.10267477926185
v 34.904733965763626 7.5 53.748576905146265
v 45.818941194213615 7.5 45.81894119421385
v 53.74857690514638 7.5 34.90473396576343
v 57.10267477926073 7.5 29.09526603423862
v 59.83114379899186 7.5 22.967024279464113
v 61.90409028678823 7.5 16.587151000527967
v 63.298802607138924 7.5 10.025545424145548
v 64.0 7.5 3.354097874114645
v 64.0 7.5 -3.3540978741142404
v 63.29880260713889 7.5 -10.02554542414544
v 61.90409028678807 7.5 -16.587151000528237
v 59.83114379899074 7.5 -22.967024279467157
v 59.072582368936885 7.5 -24.670781146633498
v 57.10267477926187 7.5 -29.09526603423653
v 53.74857690514666 7.5 -34.90473396576275
v 49.80559837484546 7.5 -40.331778327675224
v 45.316939286261054 7.5 -45.316939286258894
v 35.29139386211452 7.5 -54.343980932452034
v 22.967024279465264 7.5 -59.83114379899141
v 16.58715100052809 7.5 -61.904090286788104
v 10.02554542414466 7.5 -63.298802607139
v 6.46744006412772 7.5 -63.67277454999829
v 3.3540978741144123 7.5 -64.0
v -3.354097874114828 7.5 -64.0
v 102.14210719427373 7.5 -15.08468074737089
v 101.57865475315339 7.5 -15.710458079990198
v 100.26858029219056 7.5 -17.165443171693493
v 96.75980378183026 7.5 -19.191236234476303
v 95.63049486384615 7.5 -17.636875857136147
v 94.725284414038 7.5 -16.069005366526124
v 94.24471386537365 7.5 -14.989626241770662
v 94.04155071801105 7.5 -14.364354367772066
v 93.99202874776212 7.5 -14.131371815458266
v 93.51226999940698 7.5 -9.566772233505905
v 93.70948320273729 7.5 -7.690413941836502
v 95.3017592859117 7.5 -4.932510866101911
v 95.99624375393279 7.5 -3.9766350002696753
v 97.20765178825596 7.5 -2.631230076785716
v 98.63545229106433 7.5 -1.3456327296065964
v 101.64636755525466 7.5 -4.056673010521773
v 102.3231575131655 7.5 -5.228907603675736
v 103.0 7.5 -8.413201146611598
v 103.0 7.5 -13.077529375927467
v 102.61264509029137 7.5 -14.269685204581867
v 102.14210719427373 7.5 -15.08468074737089
v -92.10518138089887 6.5 -0.8257148184188949
v -93.58058768917154 6.5 1.2050077496367106
v -94.97317495672974 6.5 4.332809963443201
v -95.0 6.5 9.984902350239189
v -93.8779278101874 6.5 15.26383695943962
v -93.86151480977374 6.5 15.314350980608413
v 101.6463675552542 6.5 -4.056673010520992
v 102.3231575131655 6.5 -5.228907603675736
v 103.0 6.5 -13.077529375927467
v 102.61264509029105 6.5 -14.269685204582826
v 102.14210719427489 6.5 -15.084680747369664
v 101.6463675552542 6.5 -4.056673010520992
v -80.22178953748562 6.5 20.372522557271807
v -82.45272282638895 6.5 25.38328076427577
v -81.9650156247135 6.5 25.737620787507517
v -80.22178953748562 6.5 20.372522557271807
v -83.27981374167408 6.5 24.782364039793936
v -79.02427175749929 6.5 15.224260250444011
v -78.42964580595427 6.5 9.56677223350576
v -78.7048136622329 6.5 6.948724962783782
v -80.85323048756464 6.5 0.3365778684698113
v -81.58959500682809 6.5 -1.3173239207942222
v -85.52503563297923 6.5 -8.133707035458604
v 23.32588403383154 6.5 -60.76600542085083
v 16.846325234911713 6.5 -62.87134169751913
v 10.182194571397005 6.5 -64.28784639787557
v 3.4065056533977582 6.5 -65.0
v -3.4065056533977724 6.5 -65.0
v -10.182194571396472 6.5 -64.28784639787563
v -16.846325234912054 6.5 -62.871341697518986
v -23.325884033832715 6.5 -60.76600542085043
v -29.549879566021357 6.5 -57.99490407268787
v -35.45012043397909 6.5 -54.588398419288836
v -40.96196236404347 6.5 -50.58381084945391
v -60.766005420850774 6.5 -23.325884033831755
v -62.87134169751932 6.5 -16.84632523491115
v -64.28784639787551 6.5 -10.182194571397645
v -65.0 6.5 -3.406505653397765
v -65.0 6.5 3.406505653397736
v -64.28784639787543 6.5 10.182194571398036
v -47.58330249197719 6.5 47.583302491976944
v 65.0 6.5 3.406505653397765
v 65.0 6.5 -3.4065056533977387
v 64.28784639787551 6.5 -10.182194571397513
v 62.871341697519206 6.5 -16.846325234911408
v 60.76600542084999 6.5 -23.325884033833937
v 57.994904072688215 6.5 -29.549879566020902
v 54.58839841928989 6.5 -35.45012043397736
v 50.58381084945362 6.5 -40.96196236404368
v 29.549879566022668 6.5 -57.99490407268719
v 23.32588403383154 6.5 -60.76600542085083
v -55.58800040882372 6.5 -37.41446704187929
v -56.43661804331813 6.5 -36.650368291718344
v -57.809710219382936 6.5 -32.424425106419534
v -55.58800040882372 6.5 -37.41446704187929
v 93.0 6.5 -14.016310284645705
v 93.0 6.5 -8.257616995182246
v 93.94129319359384 6.5 -5.360614429603489
v 94.08080511479254 6.5 -5.047265524193217
v 94.46193777176781 6.5 -4.387124397888277
v 95.21803127932664 6.5 -3.3464509638986946
v 96.4995746119093 6.5 -1.9231529004364392
v 97.88821401613178 6.5 -0.6728163648030634
v -87.29657259309876 6.5 -6.166215917067266
v -91.53140178822076 6.5 -1.4629616148007927
v -94.99444811857565 6.5 4.535210578338858
v -95.0 6.5 4.588033201616751
v -95.0 6.5 4.978739031888644
v -94.25983510635689 6.5 12.020937586230293
v -91.74884957359686 6.5 17.660703431551074
v -89.22705422801585 6.5 20.461440902191413
v -84.1069046569594 6.5 24.18144731531228
v -79.7221401100707 6.5 14.333104898088688
v -79.1949001380838 6.5 11.852635850958562
v -79.68834917340601 6.5 7.157781889318592
v -81.36481654204387 6.5 1.9981458682504465
v -87.29657259309876 6.5 -6.166215917067266
v 3.3540978741144123 6.5 -64.0
v -3.3540978741149523 6.5 -64.0
v -10.025545424144283 6.5 -63.2988026071391
v -16.587151000528564 6.5 -61.90409028678801
v -22.96702427946522 6.5 -59.83114379899148
v -29.095266034238126 6.5 -57.10267477926105
v -41.99082014626841 6.5 -49.657423141330966
v -53.76090949353817 6.5 -39.05958709130233
v -56.87484859752395 6.5 -32.06556535205192
v -61.90409028678821 6.5 -16.587151000527854
v -63.29880260713901 6.5 -10.025545424144866
v -64.0 6.5 -3.354097874114645
v -64.0 6.5 11.536405401747547
v -62.871341697519256 6.5 16.84632523491131
v -60.766005420850576 6.5 23.325884033832246
v -57.99490407268732 6.5 29.54987956602247
v -54.588398419289746 6.5 35.45012043397765
v -44.46515983957554 6.5 49.383562991712544
v -29.549879566021303 6.5 57.99490407268778
v -23.32588403383174 6.5 60.766005420850725
v -16.846325234911657 6.5 62.87134169751909
v -10.182194571396746 6.5 64.28784639787557
v -3.4065056533975238 6.5 65.0
v 3.4065056533975024 6.5 65.0
v 10.182194571397156 6.5 64.28784639787553
v 16.846325234910914 6.5 62.87134169751928
v 23.32588403383416 6.5 60.766005420849865
v 29.549879566022064 6.5 57.99490407268764
v 35.450120433976096 6.5 54.58839841929075
v 40.96196236404393 6.5 50.583810849453315
v 48.57048787059896 6.5 43.73306371220789
v 54.58839841929074 6.5 35.45012043397573
v 57.994904072686715 6.5 29.5498795660233
v 60.76600542085103 6.5 23.325884033830647
v 62.871341697519505 6.5 16.84632523491024
v 64.2878463978755 6.5 10.182194571397645
v 64.8552840318468 6.5 4.783386116752979
v 63.29880260713898 6.5 -10.025545424145093
v 61.90409028678826 6.5 -16.587151000527783
v 59.83114379899127 6.5 -22.967024279466003
v 57.10267477926187 6.5 -29.09526603423653
v 49.65742314133043 6.5 -41.990820146269
v 46.025016462606914 6.5 -46.02501646260851
v 38.41649095605182 6.5 -52.87576359985404
v 30.748861171951496 6.5 -57.30267171975077
v 16.587151000527232 6.5 -61.90409028678838
v 10.025545424145559 6.5 -63.29880260713891
v 3.3540978741144123 6.5 -64.0
v 103.0 6.5 -10.825736232364251
v 102.49840575116369 6.5 -13.185551638180776
v 101.17430204202057 6.5 -16.15953726137934
v 100.26858029219031 6.5 -17.165443171693724
v 96.75980378183039 6.5 -19.191236234476314
v 95.6304948638455 6.5 -17.636875857135024
v 94.72528441403709 6.5 -16.069005366524557
v 93.0 6.5 -12.193953127153526
v 93.0 6.5 -9.774693879707812
v 93.88188163855094 6.5 -5.625766969985115
v 98.63545229106441 6.5 -1.345632729606519
v 101.26527329095346 6.5 -3.713534193685912
v 102.67322494529347 6.5 -6.875845385212765
v 102.67322494529347 6.5 -6.875845385212777
v 103.0 6.5 -8.413201146611598
v 103.0 6.5 -10.825736232364251
v -95.0 5.5 4.588033201616751
v -95.0 5.5 4.978739031888644
v -94.25983510635689 5.5 12.020937586230293
v -91.74884957359686 5.5 17.660703431551074
v -94.99444811857565 5.5 4.535210578338858
v -95.0 5.5 4.588033201616751
v 101.17430204202057 5.5 -16.15953726137934
v 100.26858029219031 5.5 -17.165443171693724
v -77.7652236878408 5.5 12.811990283833415
v -77.2722480648993 5.5 8.121640540120643
v -79.91836886570547 5.5 -0.022281885896973552
v -80.69736571340167 5.5 -1.7719374525781553
v -84.82147007731123 5.5 -8.915095746585997
v -46.58330249197705 5.5 49.31535329954593
v -38.289560884242796 5.5 54.10374724936053
v 46.534862150373 5.5 46.53486215037331
v 56.601721398143624 5.5 32.67901908581379
v 49.31772614553154 5.5 44.40588007701103
v 51.93099011906291 5.5 42.05288662642561
v 54.10374724936078 5.5 38.28956088424215
v 54.64542619667602 5.5 37.0729300489224
v 49.31772614553154 5.5 44.40588007701103
v 95.88900806801293 5.5 -19.693990374257933
v 94.7906733497017 5.5 -18.182262325348532
v 93.83305512061199 5.5 -16.523618898310996
v 93.30985224351467 5.5 -15.348485996137944
v 93.07429930727976 5.5 -14.623528602154472
v 93.0029849570258 5.5 -14.288020962711798
v 92.50676171984352 5.5 -9.566772233505509
v 92.73717951811783 5.5 -7.37449332398425
v 98.41219227953464 5.5 -0.2010242173114175
v 100.96244155513052 5.5 -3.0333629787222387
v -82.4527228263889 5.5 25.383280764275636
v -81.96501562471344 5.5 25.737620787507336
v -80.22178953748562 5.5 20.372522557271807
v -82.4527228263889 5.5 25.383280764275636
v -89.22705422801585 5.5 20.461440902191413
v -83.27981374167408 5.5 24.782364039793936
v -79.02427175749929 5.5 15.224260250444011
v -78.42964580595427 5.5 9.56677223350576
v -78.7048136622329 5.5 6.948724962783782
v -80.85323048756464 5.5 0.3365778684698113
v -81.58959500682809 5.5 -1.3173239207942222
v -85.52503563297914 5.5 -8.133707035458446
v -91.53140178822126 5.5 -1.4629616147998359
v -93.41578379198548 5.5 1.8008837565882483
v -94.56650502501522 5.5 7.2146015171161055
v -92.91067639945635 5.5 15.004662725056399
v -92.85915774658064 5.5 15.163220834869415
v -90.82458656031734 5.5 18.687201501093064
v -89.22705422801585 5.5 20.461440902191413
v 16.846325234911713 5.5 -62.87134169751913
v 10.182194571397098 5.5 -64.28784639787555
v 3.406505653397584 5.5 -65.0
v -3.4065056533977724 5.5 -65.0
v -10.182194571396472 5.5 -64.28784639787563
v -16.846325234911493 5.5 -62.87134169751911
v -23.3258840338332 5.5 -60.76600542085019
v -29.54987956602151 5.5 -57.99490407268779
v -35.45012043397753 5.5 -54.58839841928974
v -40.961962364044794 5.5 -50.583810849452725
v -53.760909493538065 5.5 -39.059587091302745
v -60.766005420850774 5.5 -23.325884033831755
v -62.87134169751932 5.5 -16.84632523491115
v -64.28784639787551 5.5 -10.182194571397645
v -65.0 5.5 -3.406505653397765
v -65.0 5.5 3.406505653397712
v -64.95768840481206 5.5 3.8090735906553497
v -64.28784639787544 5.5 10.18219457139784
v -62.87134169751923 5.5 16.84632523491139
v -60.766005420850625 5.5 23.325884033832086
v -57.994904072687476 5.5 29.549879566021982
v -47.583302491977065 5.5 47.58330249197702
v -29.549879566022497 5.5 57.9949040726873
v -23.3258840338314 5.5 60.76600542085093
v -16.846325234911962 5.5 62.871341697519114
v -10.182194571397709 5.5 64.28784639787547
v -3.4065056533975238 5.5 65.0
v 3.4065056533975024 5.5 65.0
v 10.182194571396447 5.5 64.2878463978756
v 16.84632523491169 5.5 62.87134169751903
v 23.325884033833844 5.5 60.76600542084997
v 29.549879566021325 5.5 57.99490407268793
v 35.450120433977375 5.5 54.588398419289874
v 40.96196236404466 5.5 50.58381084945284
v 48.57048787059856 5.5 43.73306371220843
v 54.58839841929074 5.5 35.45012043397573
v 57.99490407268766 5.5 29.54987956602165
v 60.766005420850774 5.5 23.325884033831755
v 62.87134169751932 5.5 16.84632523491115
v 64.28784639787551 5.5 10.182194571397645
v 65.0 5.5 3.406505653397765
v 65.0 5.5 -3.4065056533977387
v 64.28784639787551 5.5 -10.182194571397513
v 62.871341697519206 5.5 -16.846325234911408
v 60.76600542085033 5.5 -23.32588403383291
v 57.994904072687426 5.5 -29.549879566022224
v 54.58839841928971 5.5 -35.450120433977595
v 50.58381084945495 5.5 -40.96196236404183
v 46.025016462605954 5.5 -46.02501646260939
v 38.41649095605185 5.5 -52.87576359985402
v 29.549879566022668 5.5 -57.99490407268719
v 23.32588403383154 5.5 -60.76600542085083
v 16.846325234911713 5.5 -62.87134169751913
v -56.43661804331813 5.5 -36.650368291718344
v -57.809710219382936 5.5 -32.424425106419534
v -55.58800040882372 5.5 -37.41446704187929
v -56.43661804331813 5.5 -36.650368291718344
v 103.0 5.5 -10.825736232364251
v 102.49840575116367 5.5 -13.18555163818073
v 101.85913727968247 5.5 -14.621372133525034
v 99.82447128031785 5.5 -17.421849629247784
v 96.75980378183034 5.5 -19.191236234476264
v 93.0 5.5 -14.016310284645705
v 93.0 5.5 -8.257616995182246
v 93.94129319359384 5.5 -5.360614429603489
v 94.08080511479173 5.5 -5.047265524195041
v 94.46193777176865 5.5 -4.387124397887307
v 95.21803127932692 5.5 -3.3464509638986213
v 96.4995746119092 5.5 -1.923152900436935
v 97.88821401613204 5.5 -0.6728163648032938
v 101.26527329095339 5.5 -3.713534193685743
v 102.67322494529346 5.5 -6.875845385212748
v 103.0 5.5 -8.413201146611598
v 103.0 5.5 -10.825736232364251
v -93.41578379198548 4.5 1.8008837565882483
v -94.56650502501522 4.5 7.2146015171161055
v -92.85915774658064 4.5 15.163220834869415
v -90.82458656031697 4.5 18.687201501093703
v -89.2270542280163 4.5 20.461440902191168
v 99.82447128031785 4.5 -17.421849629247784
v 95.88900806801293 4.5 -19.693990374257933
v 98.41219227953464 4.5 -0.2010242173114175
v 100.96244155513052 4.5 -3.0333629787222387
v 102.67322494529343 4.5 -6.8758453852126085
v 103.0 4.5 -8.413201146611598
v 103.0 4.5 -10.825736232364251
v 102.49840575116367 4.5 -13.18555163818073
v 101.85913727968247 4.5 -14.621372133525034
v 99.82447128031785 4.5 -17.421849629247784
v -77.59827673558266 4.5 18.770316352286343
v -76.0 4.5 11.25101549878525
v -76.0 4.5 5.565081509665227
v -76.89247449060738 4.5 2.818327462574147
v -84.11790452164311 4.5 -9.696484457713701
v -80.26371400800939 4.5 26.973688765007374
v -77.59827673558266 4.5 18.770316352286343
v -65.0 4.5 11.641509637013176
v -63.83859310825041 4.5 17.1054994692942
v -61.700867042710385 4.5 23.684743788197373
v -58.88713336611352 4.5 30.00449309780666
v -48.31535329954555 4.5 48.31535329954619
v -30.004493097807643 4.5 58.887133366113176
v -23.68474378819809 4.5 61.70086704271017
v -17.105499469296007 4.5 63.838593108249924
v -10.338843718648963 4.5 65.27689018861213
v -3.4589134326805677 4.5 66.0
v 3.458913432680923 4.5 66.0
v 10.338843718649429 4.5 65.27689018861211
v 17.10549946929532 4.5 63.83859310825014
v 23.684743788198396 4.5 61.70086704271008
v 30.004493097807853 4.5 58.88713336611313
v 35.995506902192915 4.5 55.42821993343266
v 41.5921464004127 4.5 51.362023324061404
v 58.88713336611253 4.5 30.004493097808904
v 61.70086704271006 4.5 23.68474378819812
v 63.83859310825053 4.5 17.10549946929376
v 65.27689018861206 4.5 10.338843718649855
v 65.86079231141034 4.5 4.783386116752832
v 59.707538892122834 4.5 -26.583509043948656
v 50.47089642748287 4.5 -42.58184308405333
v 42.05288662642428 4.5 -51.93099011906369
v 31.15783823416536 4.5 -58.2212492411683
v 13.58870022479487 4.5 -63.92980822624698
v -26.583509043948744 4.5 -59.707538892122834
v -42.58184308405453 4.5 -50.470896427482224
v -55.81858405456826 4.5 -38.55248132430873
v -63.929808226246934 4.5 -13.588700224795346
v 92.0 4.5 -9.669589644442436
v 92.7649247106372 4.5 -6.070901819294726
v 97.55837289646213 4.5 -0.747238274932222
v 95.58184795335349 4.5 -19.552616936531688
v 92.0 4.5 -11.317175310140781
v 92.0 4.5 -9.669589644442436
v -77.7652236878408 4.5 12.811990283833415
v -77.2722480648993 4.5 8.121640540120643
v -79.91836886570547 4.5 -0.022281885896973552
v -80.69736571340167 4.5 -1.7719374525781553
v -84.8214700773112 4.5 -8.915095746585953
v -88.04256305120506 4.5 -5.33770957835101
v -91.53140178822122 4.5 -1.4629616147998827
v -92.72513909235869 4.5 0.6046520468565175
v -93.98257323800058 4.5 4.474636415980596
v -94.0 4.5 4.64044098090006
v -94.0 4.5 9.879798114973195
v -93.07486145477304 4.5 14.232232770287125
v -92.91067639945643 4.5 15.004662725055992
v -92.8965120308984 4.5 15.04825616898153
v -88.66905580625978 4.5 20.86685048615715
v -81.96501562471336 4.5 25.737620787507396
v -77.7652236878408 4.5 12.811990283833415
v -29.549879566022078 4.5 -57.99490407268753
v -35.45012043397695 4.5 -54.58839841929016
v -40.961962364044936 4.5 -50.58381084945262
v -56.43661804331804 4.5 -36.650368291718614
v -62.87134169751932 4.5 -16.84632523491115
v -64.2878463978755 4.5 -10.18219457139773
v -65.0 4.5 -3.406505653397765
v -65.0 4.5 3.406505653397712
v -64.28784639787553 4.5 10.182194571397469
v -62.8713416975192 4.5 16.84632523491153
v -60.76600542085088 4.5 23.325884033831514
v -57.994904072687476 4.5 29.549879566021982
v -46.58330249197705 4.5 49.31535329954593
v -38.289560884242796 4.5 54.10374724936053
v -23.325884033831404 4.5 60.76600542085094
v -16.846325234911852 4.5 62.871341697519156
v -10.182194571397726 4.5 64.28784639787548
v -3.406505653397705 4.5 65.0
v 3.406505653397872 4.5 65.0
v 10.182194571396042 4.5 64.28784639787568
v 16.84632523491252 4.5 62.87134169751885
v 23.32588403383296 4.5 60.76600542085036
v 29.549879566021325 4.5 57.99490407268793
v 35.450120433977375 4.5 54.588398419289874
v 46.534862150373 4.5 46.53486215037331
v 56.601721398143624 4.5 32.67901908581379
v 60.766005420850774 4.5 23.325884033831755
v 62.87134169751932 4.5 16.84632523491115
v 64.28784639787551 4.5 10.182194571397645
v 65.0 4.5 3.406505653397765
v 65.0 4.5 -3.4065056533975984
v 64.28784639787544 4.5 -10.182194571397897
v 62.871341697519256 4.5 -16.846325234911358
v 60.76600542085051 4.5 -23.32588403383249
v 57.994904072687426 4.5 -29.549879566022224
v 54.58839841928971 4.5 -35.450120433977595
v 50.58381084945495 4.5 -40.96196236404183
v 46.025016462605954 4.5 -46.02501646260939
v 38.416490956051824 4.5 -52.87576359985405
v 29.54987956602247 4.5 -57.99490407268732
v 23.325884033832114 4.5 -60.76600542085062
v 16.846325234910914 4.5 -62.871341697519355
v 10.182194571397723 4.5 -64.28784639787548
v 3.406505653397584 4.5 -65.0
v -3.406505653397936 4.5 -65.0
v -10.18219457139628 4.5 -64.28784639787567
v -16.846325234911507 4.5 -62.8713416975191
v -23.3258840338332 4.5 -60.76600542085019
v -29.549879566022078 4.5 -57.99490407268753
v 54.10374724936078 4.5 38.28956088424215
v 54.64542619667602 4.5 37.0729300489224
v 49.31772614553179 4.5 44.40588007701067
v 51.93099011906316 4.5 42.05288662642518
v 54.10374724936078 4.5 38.28956088424215
v 94.7906733497017 4.5 -18.182262325348532
v 93.83305512061199 4.5 -16.523618898310996
v 93.72284340344541 4.5 -16.27607932863972
v 93.30985224351464 4.5 -15.348485996137878
v 93.07429930727976 4.5 -14.623528602154472
v 93.0029849570258 4.5 -14.288020962711798
v 92.50676171984352 4.5 -9.566772233505509
v 92.73717951811783 4.5 -7.37449332398425
v 94.46193777176865 4.5 -4.387124397887307
v 95.21803127932692 4.5 -3.3464509638986213
v 96.4995746119092 4.5 -1.923152900436935
v 97.66904745405712 4.5 -0.8701548236704073
v 100.40850256372308 4.5 -3.9126279522782
v 102.1277610441892 4.5 -6.890470991789142
v 102.35361146716654 4.5 -7.585567120450597
v 102.56184451547864 4.5 -9.566772233505656
v 102.3096659303856 4.5 -11.966091199631242
v 101.69406756887385 4.5 -13.86070814236821
v 100.63769626410502 4.5 -15.690396913885813
v 99.55101984617396 4.5 -16.668844755434105
v 95.71565979380487 4.5 -19.45539694369309
v 94.7906733497017 4.5 -18.182262325348532
v -91.53140178822109 3.5 -1.462961614800105
v -92.72513909235869 3.5 0.6046520468565175
v -93.98257323800058 3.5 4.474636415980596
v -94.0 3.5 9.879798114973195
v 100.40850256372308 3.5 -3.9126279522782
v 102.1277610441892 3.5 -6.890470991789142
v 102.35361146716654 3.5 -7.585567120450597
v 102.56184451547864 3.5 -9.566772233505656
v 102.3096659303856 3.5 -11.966091199631242
v 101.69406756887385 3.5 -13.86070814236821
v 100.63769626410502 3.5 -15.690396913885813
v 99.55101984617396 3.5 -16.668844755434105
v -79.41306319965715 3.5 27.591722753757185
v -74.81461715432182 3.5 13.439161063440057
v -74.22202774654804 3.5 7.801049466168235
v -77.11378400012721 3.5 -1.098861148995546
v -81.9926038608298 3.5 -12.056869969387792
v -77.69410452308283 3.5 28.840619336172306
v -75.66377391412111 3.5 19.288664821055285
v -78.56241239130513 3.5 28.209756742507263
v -77.69410452308283 3.5 28.840619336172306
v -17.10549946929492 3.5 -63.83859310825016
v -23.684743788198002 3.5 -61.7008670427101
v -30.004493097808044 3.5 -58.88713336611288
v -35.995506902191494 3.5 -55.42821993343332
v -41.59214640041479 3.5 -51.3620233240595
v -57.30487370552296 3.5 -37.214220111590976
v -63.83859310825031 3.5 -17.1054994692945
v -65.27689018861213 3.5 -10.338843718649287
v -66.0 3.5 -3.458913432680885
v -66.0 3.5 3.4589134326811948
v -65.27689018861201 3.5 10.338843718649956
v -51.57165493442302 3.5 46.4353266740869
v 66.0 3.5 3.458913432680885
v 66.0 3.5 -3.458913432681201
v 65.2768901886121 3.5 -10.338843718649379
v 63.83859310825017 3.5 -17.105499469295015
v 61.70086704270959 3.5 -23.68474378819962
v 58.88713336611443 3.5 -30.004493097805078
v 55.42821993343175 3.5 -35.995506902193966
v 51.36202332406167 3.5 -41.592146400412155
v 30.004493097805558 3.5 -58.88713336611416
v 23.68474378819862 3.5 -61.70086704270998
v 17.10549946929526 3.5 -63.83859310825014
v 10.338843718649546 3.5 -65.27689018861207
v 3.458913432680543 3.5 -66.0
v -3.4589134326806814 3.5 -66.0
v -10.338843718649056 3.5 -65.27689018861213
v -17.10549946929492 3.5 -63.83859310825016
v -61.8495493175137 3.5 -26.46321477626509
v -58.79116335647767 3.5 -35.87595889887358
v -60.09913782246199 3.5 -34.69825339986256
v -61.8495493175137 3.5 -26.46321477626509
v 92.94082582718637 3.5 -16.978232430096483
v 92.37499062165479 3.5 -15.707345750502887
v 92.10704789654861 3.5 -14.8827028365377
v 92.0139411662893 3.5 -14.444670109964697
v 92.0 3.5 -14.312028772971363
v 92.0 3.5 -7.262236995770649
v 93.18857582136506 3.5 -4.5926519924110245
v 93.62211625762605 3.5 -3.841737929671444
v 94.43981880471833 3.5 -2.7162669275304054
v 96.88555653165892 3.5 -6.272760089132134e-14
v 94.76837466720187 3.5 -20.143639874316914
v 92.94082582718637 3.5 -16.978232430096483
v -76.0 3.5 11.25101549878525
v -76.0 3.5 5.565081509665227
v -76.89247449060738 3.5 2.818327462574147
v -84.11790452164311 3.5 -9.696484457713701
v -91.0698863628436 3.5 -1.9755264220110647
v -93.99520874351416 3.5 4.594855220500027
v -93.99520874351416 3.5 4.594855220500037
v -94.0 3.5 4.64044098090006
v -94.0 3.5 4.926331252606246
v -92.97011632923548 3.5 14.72501984171218
v -92.91067639945658 3.5 15.004662725055315
v -92.89651203089825 3.5 15.048256168981743
v -90.1222438834792 3.5 18.866708689628176
v -88.6690558062597 3.5 20.866850486157237
v -80.26371400800933 3.5 26.97368876500719
v -77.59827673558266 3.5 18.770316352286343
v -76.0 3.5 11.25101549878525
v -65.0 3.5 11.641509637013176
v -63.838593108250414 3.5 17.105499469294177
v -61.70086704270994 3.5 23.68474378819838
v -58.88713336611352 3.5 30.00449309780666
v -48.31535329954569 3.5 48.31535329954594
v -30.004493097806066 3.5 58.88713336611388
v -23.684743788198258 3.5 61.7008670427101
v -17.10549946929571 3.5 63.83859310824999
v -10.338843718649072 3.5 65.2768901886121
v -3.4589134326804256 3.5 66.0
v 3.4589134326809123 3.5 66.0
v 6.038887289919086 3.5 65.72883382072955
v 10.338843718649311 3.5 65.27689018861213
v 10.33884371864933 3.5 65.27689018861213
v 17.10549946929421 3.5 63.838593108250365
v 23.684743788199473 3.5 61.700867042709596
v 30.004493097807398 3.5 58.88713336611333
v 35.995506902192915 3.5 55.42821993343259
v 41.592146400413135 3.5 51.36202332406101
v 51.93099011906349 3.5 42.052886626424886
v 58.8871333661127 3.5 30.004493097808524
v 61.70086704271006 3.5 23.68474378819812
v 63.83859310825034 3.5 17.105499469294323
v 65.2768901886121 3.5 10.338843718649391
v 65.86079231141034 3.5 4.783386116752832
v 64.28784639787543 3.5 -10.182194571398073
v 62.871341697519256 3.5 -16.846325234911358
v 59.707538892122834 3.5 -26.583509043948656
v 50.47089642748287 3.5 -42.58184308405333
v 42.05288662642439 3.5 -51.930990119063566
v 31.157838234165308 3.5 -58.221249241168316
v 13.58870022479487 3.5 -63.92980822624698
v 3.4065056533977263 3.5 -65.0
v -3.406505653397936 3.5 -65.0
v -10.18219457139628 3.5 -64.28784639787567
v -16.846325234912246 3.5 -62.87134169751894
v -26.583509043948744 3.5 -59.707538892122834
v -42.58184308405419 3.5 -50.47089642748242
v -55.81858405456832 3.5 -38.552481324308566
v -63.929808226246934 3.5 -13.588700224795346
v -65.0 3.5 -3.406505653397765
v -65.0 3.5 11.641509637013176
v 92.7649247106372 3.5 -6.070901819294726
v 97.55837289646206 3.5 -0.7472382749323014
v 100.11331685306118 3.5 -3.5847910078184526
v 101.71692974382574 3.5 -7.186564531582517
v 102.0 3.5 -8.518305381877724
v 102.0 3.5 -10.720631997098934
v 101.15765625818804 3.5 -14.683547727358516
v 99.02781696907837 3.5 -17.04897389641851
v 95.5818479533534 3.5 -19.552616936531535
v 93.8330551206123 3.5 -16.523618898311703
v 93.30985224351461 3.5 -15.348485996137798
v 92.0 3.5 -11.317175310140781
v 92.0 3.5 -9.669589644442436
v 92.7649247106372 3.5 -6.070901819294726
v -92.97011632923548 2.5 14.72501984171218
v -92.91067639945658 2.5 15.004662725055315
v -92.89651203089824 2.5 15.04825616898179
v -88.6690558062597 2.5 20.866850486157237
v 100.11331685306118 2.5 -3.5847910078184526
v 101.71692974382574 2.5 -7.186564531582517
v 102.0 2.5 -8.518305381877724
v 102.0 2.5 -10.720631997098934
v 101.15765625818804 2.5 -14.683547727358516
v 99.02781696907837 2.5 -17.04897389641851
v -75.92294581914126 2.5 30.127441458432433
v -71.23306535155822 2.5 8.063288600786422
v -71.11369163918101 2.5 6.927523594976025
v -71.89695930420052 2.5 3.242538954344343
v -79.79523995049225 2.5 -14.49728982784279
v -77.93326172153712 2.5 -16.565226151259814
v -79.06278531371319 2.5 -15.310763113994257
v -73.37433751269022 2.5 -2.5343001664622213
v -77.93326172153712 2.5 -16.565226151259814
v -73.72030115135706 2.5 31.72775648366231
v -73.23306535155822 2.5 27.09201750923158
v -74.15178711519982 2.5 31.414263580692975
v -73.72030115135706 2.5 31.72775648366231
v -63.27689018861213 2.5 -29.367572627094432
v -62.62776480852185 2.5 -32.421467435093795
v -62.99021372703186 2.5 -32.09511696301606
v -63.27689018861213 2.5 -29.367572627094432
v -50.87967322598524 2.5 47.98954303810695
v -38.74417441602521 2.5 54.99597654278767
v 49.331827718632866 2.5 45.738815693165904
v 52.71782330268562 2.5 42.69005157531017
v 54.99597654278651 2.5 38.74417441602779
v -58.74457184124263 2.5 32.783284860784505
v -54.56576001487722 2.5 45.64434522374273
v -53.11102894327931 2.5 46.70126921406943
v -52.35304364555028 2.5 47.13889222975506
v -58.74457184124263 2.5 32.783284860784505
v 91.0 2.5 -11.475559750465855
v 91.0 2.5 -9.564485409176516
v 91.63508306745771 2.5 -6.57665448799547
v -94.0 2.5 4.926331252606246
v -93.96219796183543 2.5 5.285993620816395
v -93.28186889314125 2.5 11.758892329174103
v -90.43818237566767 2.5 18.145916820874998
v -82.18110510062616 2.5 25.580622593402307
v -79.4130631996571 2.5 27.591722753757068
v -74.81461715432182 2.5 13.439161063440057
v -74.22202774654804 2.5 7.801049466168235
v -77.11378400012721 2.5 -1.098861148995546
v -81.9926038608298 2.5 -12.056869969387792
v -91.06988636284353 2.5 -1.9755264220111741
v -93.99520874351416 2.5 4.594855220500093
v -94.0 2.5 4.64044098090006
v -94.0 2.5 4.926331252606246
v -75.66377391412111 2.5 19.288664821055285
v -78.56241239130503 2.5 28.209756742506972
v -77.69410452308279 2.5 28.840619336172097
v -75.66377391412111 2.5 19.288664821055285
v -23.684743788198002 2.5 -61.7008670427101
v -30.004493097808044 2.5 -58.88713336611288
v -35.995506902191494 2.5 -55.42821993343332
v -41.59214640041479 2.5 -51.3620233240595
v -57.30487370552296 2.5 -37.214220111590976
v -63.838593108250286 2.5 -17.105499469294575
v -65.27689018861213 2.5 -10.338843718649287
v -66.0 2.5 -3.458913432680885
v -66.0 2.5 3.4589134326811832
v -65.96638811178222 2.5 3.77870918717973
v -65.27689018861203 2.5 10.338843718649878
v -63.83859310825046 2.5 17.105499469294024
v -62.71195369533026 2.5 20.572939042771246
v -61.70086704270969 2.5 23.684743788199153
v -51.571654934422874 2.5 46.43532667408699
v -30.004493097805586 2.5 58.887133366114156
v -23.68474378819864 2.5 61.70086704270997
v -17.105499469295314 2.5 63.838593108250116
v -10.338843718649528 2.5 65.27689018861206
v -3.4589134326804256 2.5 66.0
v 3.458913432680454 2.5 66.0
v 10.338843718649606 2.5 65.27689018861204
v 17.10549946929386 2.5 63.838593108250414
v 23.68474378820001 2.5 61.70086704270935
v 30.004493097807423 2.5 58.887133366113325
v 35.995506902192915 2.5 55.42821993343259
v 41.59214640041321 2.5 51.36202332406096
v 51.93099011906346 2.5 42.052886626424936
v 58.88713336611333 2.5 30.004493097807426
v 61.700867042709646 2.5 23.6847437881994
v 63.83859310825031 2.5 17.1054994692945
v 65.27689018861213 2.5 10.338843718649287
v 66.0 2.5 3.458913432680885
v 66.0 2.5 -3.458913432681201
v 65.2768901886121 2.5 -10.338843718649379
v 63.83859310825027 2.5 -17.105499469294536
v 61.70086704270922 2.5 -23.684743788200443
v 58.88713336611443 2.5 -30.004493097805078
v 55.42821993343191 2.5 -35.99550690219369
v 51.36202332406141 2.5 -41.59214640041244
v 42.052886626424986 2.5 -51.93099011906317
v 30.004493097804904 2.5 -58.887133366114455
v 23.68474378819862 2.5 -61.70086704270998
v 17.10549946929526 2.5 -63.83859310825014
v 10.338843718649546 2.5 -65.27689018861207
v 3.458913432680543 2.5 -66.0
v -3.458913432680493 2.5 -66.0
v -10.338843718649247 2.5 -65.27689018861209
v -17.10549946929492 2.5 -63.83859310825016
v -23.684743788198002 2.5 -61.7008670427101
v -58.79116335647774 2.5 -35.87595889887337
v -59.24422425681927 2.5 -35.46802103189263
v -60.099137822461984 2.5 -34.698253399862566
v -61.84954931751369 2.5 -26.463214776265115
v -58.79116335647774 2.5 -35.87595889887337
v 92.37499062165479 2.5 -15.707345750502887
v 92.10704789654861 2.5 -14.8827028365377
v 92.0139411662893 2.5 -14.444670109964697
v 92.0 2.5 -14.312028772971363
v 92.0 2.5 -7.262236995770649
v 93.18857582136506 2.5 -4.5926519924110245
v 93.62211625762517 2.5 -3.8417379296729703
v 94.43981880471965 2.5 -2.7162669275289515
v 96.88555653165903 2.5 -2.9043434324194095e-13
v 99.93949179336943 2.5 -3.391738721134036
v 101.37007595599358 2.5 -7.794624046985969
v 101.7842801775259 2.5 -11.735513969121978
v 101.7276232225903 2.5 -12.002063985223408
v 101.5421105496964 2.5 -12.874832491809965
v 100.98834156586483 2.5 -14.118617993743058
v 98.67092064098799 2.5 -17.308274256865104
v 94.76837466720174 2.5 -20.143639874316683
v 92.94082582718637 2.5 -16.978232430096483
v 92.37499062165479 2.5 -15.707345750502887
v -91.0698863628432 1.5 -1.9755264220119053
v -93.99520874351416 1.5 4.594855220500093
v -94.0 1.5 4.64044098090006
v -94.0 1.5 4.926331252606266
v -93.28186889314125 1.5 11.758892329174103
v -90.43818237566767 1.5 18.145916820874998
v -82.18110510062616 1.5 25.580622593402307
v -75.92294581914126 1.5 30.127441458432433
v -91.0698863628432 1.5 -1.9755264220119053
v -73.72030115135706 1.5 31.72775648366231
v -74.15178711519982 1.5 31.414263580692975
v -73.72030115135706 1.5 31.72775648366231
v -50.87967322598524 1.5 47.98954303810695
v -54.56576001487722 1.5 45.64434522374273
v -53.11102894327931 1.5 46.70126921406943
v -52.35304364555028 1.5 47.13889222975506
v 96.88555653165903 1.5 -2.9043434324194095e-13
v 99.93949179336943 1.5 -3.391738721134036
v 101.37007595599358 1.5 -7.794624046985969
v 101.7842801775259 1.5 -11.735513969121978
v 101.54211054969643 1.5 -12.874832491809887
v 100.98834156586483 1.5 -14.118617993743058
v 98.67092064098799 1.5 -17.308274256865104
v 96.88555653165903 1.5 -2.9043434324194095e-13
v -68.0 1.5 3.5637289912464882
v -70.93280258529356 1.5 -24.340023677522392
v -68.0 1.5 34.64773056562112
v -68.0 1.5 3.5637289912464882
v -68.0 1.5 -27.597230932272907
v -70.03239854099569 1.5 -25.340023677522453
v -68.0 1.5 -6.003043242258929
v -68.0 1.5 -27.597230932272907
v 62.63572866456954 1.5 24.043603542564142
v 64.80584451898156 1.5 17.364673703677283
v 66.26593397934856 1.5 10.495492865902406
v 66.86630059097385 1.5 4.783386116752588
v 60.626116413540224 1.5 -26.992486106162687
v 51.28436971363314 1.5 -43.17286602184064
v 42.69005157531105 1.5 -52.71782330268488
v 31.566815296379357 1.5 -59.13982676258582
v 13.79775715133035 1.5 -64.91334373741996
v -26.99248610616295 1.5 -60.626116413540245
v -43.17286602183938 1.5 -51.28436971363405
v -61.66016537900522 1.5 -34.63833060429708
v -67.0 1.5 -28.70784344710208
v -67.0 1.5 3.5113212119639092
v -63.374192359701254 1.5 38.00857654267042
v -30.459106629593723 1.5 59.7793626595386
v -24.04360354256504 1.5 62.63572866456923
v -17.364673703677994 1.5 64.8058445189813
v -10.495492865901653 1.5 66.26593397934863
v -3.5113212119636437 1.5 67.0
v 3.511321211963331 1.5 67.0
v 10.495492865901571 1.5 66.2659339793486
v 17.36467370367952 1.5 64.80584451898092
v 24.043603542564966 1.5 62.63572866456937
v 30.459106629592615 1.5 59.779362659539196
v 36.54089337040552 1.5 56.26804144757696
v 42.22233043678378 1.5 52.14023579866714
v 59.77936265953804 1.5 30.4591066295948
v 62.63572866456954 1.5 24.043603542564142
v -67.0 1.5 35.374273093626584
v -64.46283210613998 1.5 37.217633469205694
v -67.0 1.5 13.078093445469325
v -67.0 1.5 35.374273093626584
v 92.29634652794036 1.5 -4.138038460623774
v 92.78229474348205 1.5 -3.2963514614581375
v 93.66160633011268 1.5 -2.0860828911589295
v 95.5399238020527 1.5 1.20570220474292e-13
v 91.0 1.5 -13.61662348876766
v 91.0 1.5 -7.9408481145331615
v 92.07156994987558 1.5 -4.642894920869498
v 92.29634652794036 1.5 -4.138038460623774
v -71.23306535155822 1.5 8.063288600786422
v -71.11369163918101 1.5 6.927523594976025
v -71.89695930420052 1.5 3.242538954344343
v -79.7952399504922 1.5 -14.497289827842707
v -85.70376127539689 1.5 -7.935212100268268
v -92.23463935315257 1.5 1.0537704107561428
v -92.99202874776218 1.5 4.617007361236148
v -93.3573983446409 1.5 8.09326686643269
v -91.94342498872534 1.5 14.745488490673232
v -91.94058022516361 1.5 14.754243772654316
v -90.01111327416552 1.5 18.096178563307824
v -88.55423786321268 1.5 19.714202627259006
v -75.69535813964661 1.5 29.056725608935608
v -71.23306535155822 1.5 8.063288600786422
v -73.37433751269022 1.5 -2.5343001664622213
v -77.93326172153711 1.5 -16.56522615125978
v -79.06278531371316 1.5 -15.310763113994197
v -73.37433751269022 1.5 -2.5343001664622213
v -73.23306535155822 1.5 27.09201750923158
v -73.92419943570513 1.5 30.343547731195954
v -73.59960207854591 1.5 30.57938151565028
v -73.23306535155822 1.5 27.09201750923158
v -62.62776480852185 1.5 -32.421467435093795
v -62.99021372703186 1.5 -32.09511696301606
v -63.27689018861213 1.5 -29.367572627094432
v -62.62776480852185 1.5 -32.421467435093795
v -41.59214640041265 1.5 -51.36202332406152
v -60.09913782246191 1.5 -34.69825339986291
v -65.27689018861213 1.5 -10.338843718649287
v -66.0 1.5 -3.458913432680885
v -66.0 1.5 3.4589134326811832
v -65.27689018861207 1.5 10.338843718649649
v -63.83859310825046 1.5 17.105499469294024
v -61.7008670427097 1.5 23.684743788199114
v -51.474059799184005 1.5 46.65452893678763
v -44.825961156846084 1.5 51.484655330820885
v -38.74417441602521 1.5 54.99597654278767
v -23.684743788198546 1.5 61.700867042710016
v -17.105499469295275 1.5 63.838593108250144
v -10.338843718649564 1.5 65.27689018861207
v -3.45891343268066 1.5 66.0
v 3.458913432680454 1.5 66.0
v 10.338843718649606 1.5 65.27689018861204
v 17.10549946929386 1.5 63.838593108250414
v 23.68474378820001 1.5 61.70086704270935
v 30.00449309780917 1.5 58.88713336611254
v 35.99550690219193 1.5 55.428219933433404
v 49.331827718631864 1.5 45.738815693166636
v 52.71782330268583 1.5 42.690051575309816
v 54.99597654278651 1.5 38.74417441602779
v 61.700867042709646 1.5 23.6847437881994
v 63.83859310825031 1.5 17.1054994692945
v 65.27689018861213 1.5 10.338843718649287
v 66.0 1.5 3.458913432680885
v 66.0 1.5 -3.4589134326809314
v 65.27689018861209 1.5 -10.338843718649581
v 65.19093617982556 1.5 -10.743225536417071
v 63.83859310825036 1.5 -17.10549946929422
v 63.03251907401275 1.5 -19.586340254211727
v 61.700867042709085 1.5 -23.684743788200866
v 58.88713336611474 1.5 -30.004493097804584
v 55.42821993343199 1.5 -35.99550690219358
v 51.362023324060864 1.5 -41.59214640041319
v 42.05288662642543 1.5 -51.930990119062905
v 30.00449309780488 1.5 -58.88713336611447
v 23.684743788198993 1.5 -61.70086704270982
v 17.105499469294703 1.5 -63.838593108250265
v 10.33884371864975 1.5 -65.27689018861203
v 3.45891343268044 1.5 -66.0
v -3.458913432680493 1.5 -66.0
v -10.338843718649805 1.5 -65.27689018861203
v -17.105499469294518 1.5 -63.8385931082503
v -23.684743788198453 1.5 -61.700867042709966
v -30.004493097807806 1.5 -58.887133366113055
v -35.99550690219402 1.5 -55.42821993343191
v -41.59214640041265 1.5 -51.36202332406152
v -55.09149112699627 1.5 44.02631123499309
v -53.09209378793366 1.5 45.478958432202845
v -58.74457184124263 1.5 32.783284860784505
v -55.09149112699627 1.5 44.02631123499309
v 94.7683746672018 1.5 -20.143639874316637
v 92.94082582718553 1.5 -16.9782324300949
v 92.37499062165487 1.5 -15.707345750503393
v 91.0 1.5 -11.475559750465855
v 91.0 1.5 -9.564485409176516
v 91.63508306745771 1.5 -6.57665448799547
v 94.43981880471965 1.5 -2.7162669275289515
v 96.21274016685602 1.5 -0.747238274932369
v 99.59502927757116 1.5 -4.503650890063292
v 100.43272226527212 1.5 -5.95457770590556
v 101.0 1.5 -8.623409617143082
v 101.0 1.5 -12.760760495278474
v 100.7754900474562 1.5 -13.451731080154229
v 98.46075624856262 1.5 -17.46096762583453
v 94.7683746672018 1.5 -20.143639874316637
v -70.93280258529356 0.5 -24.340023677522392
v -85.70376127539689 0.5 -7.935212100268268
v -92.23463935315257 0.5 1.0537704107561428
v -92.99202874776218 0.5 4.617007361236148
v -93.3573983446409 0.5 8.09326686643269
v -68.0 0.5 -27.597230932272907
v -70.03239854099569 0.5 -25.340023677522453
v -68.0 0.5 -27.597230932272907
v -61.66016537900522 0.5 -34.63833060429708
v -67.0 0.5 -28.70784344710208
v 99.59502927757116 0.5 -4.503650890063292
v 100.43272226527212 0.5 -5.95457770590556
v 101.0 0.5 -12.760760495278474
v 100.7754900474562 0.5 -13.451731080154229
v 98.46075624856257 0.5 -17.460967625834602
v 94.76837466720185 0.5 -20.143639874316733
v 3.511321211963697 0.5 -67.0
v -3.511321211963601 0.5 -67.0
v -10.495492865900836 0.5 -66.26593397934872
v -17.364673703678793 0.5 -64.80584451898103
v -24.04360354256513 0.5 -62.635728664569186
v -30.45910662959569 0.5 -59.77936265953771
v -36.54089337040386 0.5 -56.268041447578234
v -42.22233043678396 0.5 -52.140235798667085
v 67.0 0.5 3.5113212119635504
v 67.0 0.5 -3.511321211963941
v 66.26593397934857 0.5 -10.495492865902094
v 64.80584451898136 0.5 -17.364673703677802
v 62.63572866456984 0.5 -24.04360354256324
v 59.779362659538116 0.5 -30.45910662959415
v 56.268041447575165 0.5 -36.54089337040836
v 52.140235798669075 0.5 -42.22233043678156
v 30.459106629590835 0.5 -59.77936265953991
v 24.04360354256514 0.5 -62.63572866456922
v 17.364673703678072 0.5 -64.8058445189813
v 10.495492865901706 0.5 -66.26593397934863
v 3.511321211963697 0.5 -67.0
v 93.45214724126855 0.5 -19.8638670982846
v 92.0485965337595 0.5 -17.432845961879593
v 91.44012899979609 0.5 -16.066205504870958
v 90.0 0.5 -11.633944190789885
v 90.0 0.5 -9.459381173910941
v 90.7011284608551 0.5 -6.160831106359961
v -70.79214566394512 0.5 -23.001762464804496
v -90.71792850206968 0.5 -0.8719386770146264
v -91.80656157094134 0.5 1.0136291090707175
v -92.9990377268275 0.5 4.683693342515545
v -92.9990377268275 0.5 4.683693342515564
v -92.99958939010565 0.5 4.688942067999968
v -93.0 0.5 4.692848760183363
v -93.0 0.5 4.873923473323105
v -91.98107253849886 0.5 14.568370694460643
v -91.94342498872538 0.5 14.745488490673008
v -91.94058022516361 0.5 14.754243772654219
v -90.54598251398313 0.5 17.169757864538045
v -90.01111327416575 0.5 18.096178563307436
v -88.55423786321214 0.5 19.714202627259397
v -77.46790385919388 0.5 27.768895760850654
v -68.0 0.5 34.64773056562108
v -68.0 0.5 3.5637289912464882
v -70.79214566394512 0.5 -23.001762464804496
v -68.0 0.5 -6.003043242258929
v -68.0 0.5 -26.102754382408015
v -69.89174161964725 0.5 -24.001762464804532
v -68.0 0.5 -6.003043242258929
v 65.27689018861209 0.5 -10.338843718649619
v 63.83859310825036 0.5 -17.10549946929422
v 60.626116413540224 0.5 -26.992486106162687
v 51.28436971363362 0.5 -43.1728660218398
v 42.69005157531018 0.5 -52.71782330268538
v 31.566815296379357 0.5 -59.13982676258582
v 13.79775715133035 0.5 -64.91334373741996
v 3.45891343268044 0.5 -66.0
v -3.4589134326809834 0.5 -66.0
v -10.338843718649763 0.5 -65.27689018861209
v -17.105499469294283 0.5 -63.838593108250414
v -26.99248610616295 0.5 -60.626116413540245
v -43.17286602183938 0.5 -51.28436971363405
v -54.550668097153434 0.5 -41.03975070980093
v -67.0 0.5 -27.213366897237208
v -67.0 0.5 3.5113212119639092
v -63.374192359701276 0.5 38.00857654267023
v -44.825961156841984 0.5 51.484655330823514
v -30.459106629593112 0.5 59.77936265953887
v -24.04360354256516 0.5 62.63572866456917
v -17.364673703677852 0.5 64.80584451898133
v -10.495492865901689 0.5 66.26593397934862
v -3.5113212119635335 0.5 67.0
v 3.511321211963331 0.5 67.0
v 10.495492865901571 0.5 66.2659339793486
v 17.364673703678942 0.5 64.80584451898105
v 24.04360354256557 0.5 62.6357286645691
v 30.459106629592615 0.5 59.779362659539196
v 36.54089337040552 0.5 56.26804144757696
v 42.22233043678378 0.5 52.14023579866714
v 52.71782330268529 0.5 42.6900515753103
v 59.77936265953948 0.5 30.459106629591567
v 62.63572866456947 0.5 24.0436035425643
v 64.80584451898133 0.5 17.36467370367791
v 66.26593397934859 0.5 10.495492865902065
v 66.86630059097385 0.5 4.7833861167525615
v 65.27689018861209 0.5 -10.338843718649619
v -67.0 0.5 13.078093445469325
v -67.0 0.5 35.37427309362644
v -64.46283210614 0.5 37.217633469205516
v -67.0 0.5 13.078093445469325
v 92.78229474348205 0.5 -3.2963514614581375
v 93.66160633011252 0.5 -2.0860828911591525
v 95.53992380205273 0.5 -6.59472476627343e-14
v 97.99644298099493 0.5 -2.728240943051186
v 99.2641921509912 0.5 -4.13621903691345
v 100.76063454235842 0.5 -7.497283677953408
v 101.0 0.5 -8.623409617143082
v 101.0 0.5 -10.615527761833397
v 100.58581534822876 0.5 -12.564113345440141
v 99.47605263788105 0.5 -15.056681203188882
v 98.35500060427496 0.5 -16.301735621486472
v 94.26562052742014 0.5 -19.27284416049922
v 91.0 0.5 -13.61662348876766
v 91.0 0.5 -7.9408481145331615
v 92.07156994987558 0.5 -4.642894920869498
v 92.29634652794036 0.5 -4.138038460623774
v 92.78229474348205 0.5 -3.2963514614581375
v -90.71792850206968 -0.5 -0.8719386770146264
v -91.80656157094134 -0.5 1.0136291090707175
v -92.9990377268275 -0.5 4.683693342515564
v -93.0 -0.5 4.692848760183363
v -91.94342498872555 -0.5 14.745488490672498
v -91.94058022516361 -0.5 14.754243772654219
v -90.01111327416581 -0.5 18.09617856330737
v -88.55423786321202 -0.5 19.714202627259525
v 99.26419215099114 -0.5 -4.136219036913292
v 100.76063454235846 -0.5 -7.497283677953501
v 101.0 -0.5 -8.62340961714299
v 101.0 -0.5 -10.615527761833397
v 100.58581534822876 -0.5 -12.564113345440141
v 99.47605263788105 -0.5 -15.056681203188882
v 98.35500060427496 -0.5 -16.301735621486472
v 95.53992380205273 -0.5 -6.59472476627343e-14
v 99.26419215099114 -0.5 -4.136219036913292
v 89.49023688115295 -0.5 -9.566772233505514
v 89.70826525299638 -0.5 -7.492370842426606
v 90.60278363897966 -0.5 -5.483249652574766
v 89.93160496036197 -0.5 -13.766108997560274
v 89.49023688115295 -0.5 -9.566772233505514
v -3.511321211963601 -0.5 -67.0
v -10.495492865900836 -0.5 -66.26593397934872
v -17.364673703678793 -0.5 -64.80584451898103
v -24.04360354256513 -0.5 -62.635728664569186
v -30.45910662959569 -0.5 -59.77936265953771
v -36.54089337040386 -0.5 -56.268041447578234
v -42.22233043678396 -0.5 -52.140235798667085
v -54.55066809715273 -0.5 -41.03975070980171
v -90.22076166077389 -0.5 -1.424098392915624
v -93.0 -0.5 4.818173120430686
v -93.0 -0.5 4.873923473323105
v -91.98107253849881 -0.5 14.568370694461144
v -91.96948138836545 -0.5 14.622902768381998
v -87.95313485009994 -0.5 20.15092952999754
v -44.825961156841984 -0.5 51.484655330823514
v -30.459106629592586 -0.5 59.779362659539174
v -24.043603542565805 -0.5 62.635728664568965
v -17.36467370367707 -0.5 64.80584451898159
v -10.495492865902698 -0.5 66.26593397934852
v -3.5113212119635335 -0.5 67.0
v 3.511321211963377 -0.5 67.0
v 10.495492865901909 -0.5 66.26593397934857
v 17.364673703678534 -0.5 64.80584451898117
v 24.043603542565574 -0.5 62.6357286645691
v 30.4591066295934 -0.5 59.77936265953885
v 36.540893370405485 -0.5 56.2680414475771
v 42.222330436783885 -0.5 52.14023579866717
v 52.71782330268513 -0.5 42.69005157531058
v 59.77936265954048 -0.5 30.459106629589826
v 62.6357286645688 -0.5 24.04360354256636
v 64.80584451898133 -0.5 17.36467370367791
v 66.26593397934859 -0.5 10.495492865902065
v 67.0 -0.5 3.5113212119635504
v 67.0 -0.5 -3.511321211963941
v 66.26593397934857 -0.5 -10.495492865902094
v 64.80584451898136 -0.5 -17.364673703677802
v 62.63572866456984 -0.5 -24.04360354256324
v 59.779362659538116 -0.5 -30.45910662959415
v 56.268041447575165 -0.5 -36.54089337040836
v 52.140235798669075 -0.5 -42.22233043678156
v 42.690051575310065 -0.5 -52.71782330268551
v 30.459106629590835 -0.5 -59.77936265953991
v 24.04360354256514 -0.5 -62.63572866456922
v 17.364673703678072 -0.5 -64.8058445189813
v 10.495492865901706 -0.5 -66.26593397934863
v 3.511321211963697 -0.5 -67.0
v -3.511321211963601 -0.5 -67.0
v 93.45214724126855 -0.5 -19.8638670982846
v 92.0485965337595 -0.5 -17.432845961879593
v 91.44012899979609 -0.5 -16.066205504870958
v 90.0 -0.5 -11.633944190789885
v 90.0 -0.5 -9.459381173910941
v 90.7011284608551 -0.5 -6.160831106359961
v 93.66160633011089 -0.5 -2.0860828911609612
v 95.33919986353514 -0.5 -0.22292651814347053
v 99.89651203089858 -0.5 -6.495528591245874
v 100.0 -0.5 -6.814031810045023
v 100.0 -0.5 -12.602376054953755
v 99.85691252603924 -0.5 -13.042754017939076
v 97.70100912561347 -0.5 -16.77688824368704
v 93.45214724126855 -0.5 -19.8638670982846
v -93.0 -1.5 4.818173120430686
v -93.0 -1.5 4.8739234733228685
v -91.98107253849885 -1.5 14.568370694460937
v -91.96948138836545 -1.5 14.622902768381998
v 95.33919986353514 -1.5 -0.22292651814347053
v 99.89651203089858 -1.5 -6.495528591245874
v 100.0 -1.5 -6.814031810045023
v 100.0 -1.5 -12.602376054953755
v 99.85691252603924 -1.5 -13.042754017939076
v 97.70100912561347 -1.5 -16.77688824368704
v 93.45214724126835 -1.5 -19.863867098284615
v -37.08627983862306 -1.5 57.10786296171823
v -30.913720161377146 -1.5 60.67159195296519
v -24.402463296931007 -1.5 63.57059028642871
v -18.790200194618404 -1.5 65.39412510881128
v 7.04198376280021 -1.5 67.0
v 31.97579235859518 -1.5 60.05840428400268
v 37.08627983862172 -1.5 57.107862961719135
v 42.852514473153825 -1.5 52.91844827327411
v 53.504656486307525 -1.5 43.32721652419557
v 60.67159195296601 -1.5 30.913720161375693
v 63.570590286428605 -1.5 24.40246329693167
v 65.3941251088112 -1.5 18.79020019461899
v 46.51702816777258 -1.5 -49.96201175500306
v 43.327216524195364 -1.5 -53.504656486307766
v 39.198787947812676 -1.5 -55.88820583621242
v -48.96985326514118 -1.5 -47.2378735051783
v 92.54241150876368 -1.5 -20.288158588125512
v 91.15636724033406 -1.5 -17.887459493665794
v 90.50526737793659 -1.5 -16.425065259237094
v 89.0 -1.5 -11.792328631114634
v 89.0 -1.5 -9.354276938645366
v 89.7671738542525 -1.5 -5.745007724724291
v 92.8833938555051 -1.5 -1.455898854789736
v 94.1942910724463 -1.5 -7.849276784099857e-14
v -42.22233043678456 -1.5 -52.14023579866635
v -54.550668097153455 -1.5 -41.039750709800806
v -90.22076166077389 -1.5 -1.424098392915624
v -91.11027293061761 -1.5 0.5737766299556046
v -92.0029849570258 -1.5 4.773656508489125
v -92.34632076712005 -1.5 8.040278535911556
v -90.97915853502019 -1.5 14.472271137590143
v -89.23858973857139 -1.5 18.381652661924186
v -87.95313485009994 -1.5 20.15092952999754
v -44.82596115684107 -1.5 51.48465533082402
v -30.459106629593126 -1.5 59.77936265953882
v -24.04360354256453 -1.5 62.6357286645694
v -17.364673703677767 -1.5 64.80584451898139
v -10.495492865901916 -1.5 66.26593397934862
v -3.511321211963697 -1.5 67.0
v 3.5113212119637893 -1.5 67.0
v 10.495492865900488 -1.5 66.26593397934877
v 17.36467370367933 -1.5 64.80584451898089
v 24.043603542566796 -1.5 62.63572866456868
v 30.459106629592828 -1.5 59.779362659539224
v 36.54089337040501 -1.5 56.26804144757742
v 42.22233043678453 -1.5 52.14023579866667
v 52.71782330268503 -1.5 42.69005157531074
v 59.77936265954048 -1.5 30.459106629589826
v 62.6357286645688 -1.5 24.04360354256636
v 64.80584451898133 -1.5 17.36467370367791
v 66.26593397934857 -1.5 10.495492865902113
v 67.0 -1.5 3.5113212119635504
v 67.0 -1.5 -3.511321211963941
v 66.96925377923972 -1.5 -3.803851961867161
v 66.26593397934857 -1.5 -10.49549286590207
v 65.68417958498345 -1.5 -13.232432105953595
v 64.80584451898133 -1.5 -17.364673703677873
v 62.635728664569655 -1.5 -24.043603542563655
v 59.77936265953818 -1.5 -30.459106629594007
v 56.268041447574774 -1.5 -36.54089337040891
v 52.14023579866908 -1.5 -42.22233043678157
v 42.69005157531009 -1.5 -52.717823302685495
v 30.45910662959089 -1.5 -59.779362659539885
v 25.55293907853485 -1.5 -61.96372918819998
v 24.043603542565172 -1.5 -62.63572866456921
v 17.364673703678015 -1.5 -64.80584451898132
v 10.495492865901728 -1.5 -66.26593397934865
v 3.511321211963846 -1.5 -67.0
v -3.5113212119636437 -1.5 -67.0
v -10.49549286590096 -1.5 -66.2659339793487
v -17.36467370367912 -1.5 -64.80584451898098
v -24.043603542563766 -1.5 -62.63572866456969
v -30.45910662959469 -1.5 -59.77936265953805
v -36.540893370403744 -1.5 -56.26804144757804
v -42.22233043678456 -1.5 -52.14023579866635
v 89.70826525299638 -1.5 -7.492370842426606
v 90.60278363897966 -1.5 -5.483249652574766
v 94.8671074372495 -1.5 -0.7472382749323818
v 98.41506744892197 -1.5 -4.687647066009337
v 99.22330102231003 -1.5 -6.502969393742907
v 99.76212502248406 -1.5 -11.629537308080781
v 99.6295201467612 -1.5 -12.253394199070124
v 98.62692793581117 -1.5 -14.505253174093594
v 97.17892626988268 -1.5 -16.113421945767158
v 93.30215863171306 -1.5 -19.604079205978223
v 89.93160496036197 -1.5 -13.766108997560274
v 89.49023688115295 -1.5 -9.566772233505514
v 89.70826525299638 -1.5 -7.492370842426606
v -92.0029849570258 -2.5 4.773656508489125
v -92.34632076712005 -2.5 8.040278535911556
v -90.97915853502019 -2.5 14.472271137590143
v -89.23858973857119 -2.5 18.38165266192462
v -87.95313485010004 -2.5 20.150929529997693
v 99.22330102231003 -2.5 -6.502969393742907
v 99.76212502248406 -2.5 -11.629537308080781
v 99.6295201467612 -2.5 -12.253394199070124
v 98.62692793581117 -2.5 -14.505253174093594
v 97.17892626988268 -2.5 -16.113421945767158
v 92.54241150876368 -2.5 -20.288158588125512
v 98.41506744892197 -2.5 -4.687647066009337
v 99.22330102231003 -2.5 -6.502969393742907
v -17.62384793806008 -2.5 65.77309592971264
v -10.652142013154133 -2.5 67.25497777008518
v -3.563728991246819 -2.5 68.0
v 3.5637289912469683 -2.5 68.0
v 10.652142013154098 -2.5 67.25497777008519
v 17.623847938060855 -2.5 65.77309592971248
v 24.40246329693229 -2.5 63.57059028642826
v 30.913720161377373 -2.5 60.6715919529652
v 65.77309592971218 -2.5 17.623847938062227
v 67.25497777008516 -2.5 10.652142013154162
v 68.0 -2.5 3.5637289912468564
v 68.0 -2.5 -3.56372899124635
v 67.25497777008509 -2.5 -10.652142013154577
v 65.77309592971231 -2.5 -17.623847938061676
v 63.57059028642877 -2.5 -24.40246329693101
v 60.67159195296566 -2.5 -30.913720161376283
v 57.10786296171784 -2.5 -37.08627983862362
v 52.918448273274684 -2.5 -42.85251447315324
v 30.91372016137686 -2.5 -60.67159195296541
v 24.402463296932943 -2.5 -63.57059028642797
v 17.62384793805986 -2.5 -65.77309592971271
v 10.652142013154435 -2.5 -67.25497777008513
v 3.5637289912467836 -2.5 -68.0
v -3.5637289912466557 -2.5 -68.0
v -10.652142013154304 -2.5 -67.25497777008513
v -17.62384793806091 -2.5 -65.77309592971247
v -24.40246329693212 -2.5 -63.570590286428306
v -30.913720161377395 -2.5 -60.67159195296516
v -37.086279838622524 -2.5 -57.10786296171866
v -42.85251447315447 -2.5 -52.918448273273754
v -48.1492479916488 -2.5 -48.14924799165353
v 46.517397986017166 -2.5 -51.66280436056119
v 46.12973360108299 -2.5 -51.886622497558164
v 47.29524064238085 -2.5 -50.59219579137123
v 46.517397986017166 -2.5 -51.66280436056119
v 88.81770951876803 -2.5 -13.836785498399937
v 88.0 -2.5 -9.989764675596682
v 88.0 -2.5 -9.249172703379905
v 88.15397772914964 -2.5 -8.524764442633106
v 90.51188794108856 -2.5 -3.228811397053906
v 91.10265171519823 -2.5 -2.2055785250248943
v 92.10518138089809 -2.5 -0.8257148184195686
v 93.52147470764311 -2.5 0.7472382749324966
v -91.11027293061747 -2.5 0.5737766299551315
v -92.0 -2.5 4.759613389790161
v -92.0 -2.5 4.821515694039208
v -90.9938968839954 -2.5 14.393947418236436
v -87.46559259381888 -2.5 20.505149713385496
v -37.086279838623256 -2.5 57.107862961718034
v -30.91372016137646 -2.5 60.67159195296548
v -24.402463296931817 -2.5 63.57059028642833
v -18.790200194617785 -2.5 65.39412510881135
v -3.511321211963889 -2.5 67.0
v 7.04198376280021 -2.5 67.0
v 17.364673703678296 -2.5 64.80584451898123
v 31.97579235859518 -2.5 60.05840428400268
v 37.0862798386209 -2.5 57.10786296171961
v 42.852514473154564 -2.5 52.91844827327345
v 53.504656486307525 -2.5 43.32721652419557
v 60.67159195296545 -2.5 30.91372016137666
v 63.57059028642898 -2.5 24.402463296930502
v 65.25906142704717 -2.5 19.2058834644544
v 65.3941251088112 -2.5 18.79020019461899
v 67.0 -2.5 3.5113212119635504
v 67.0 -2.5 -3.511321211963951
v 66.26593397934857 -2.5 -10.49549286590207
v 64.80584451898135 -2.5 -17.364673703677827
v 62.63572866456933 -2.5 -24.043603542564668
v 59.779362659539 -2.5 -30.459106629592593
v 56.26804144757453 -2.5 -36.54089337040933
v 46.51702816777276 -2.5 -49.96201175500282
v 43.32721652419529 -2.5 -53.50465648630779
v 39.198787947812676 -2.5 -55.88820583621242
v 24.043603542565066 -2.5 -62.63572866456926
v 17.364673703678008 -2.5 -64.80584451898133
v 10.495492865901731 -2.5 -66.26593397934865
v 3.5113212119638604 -2.5 -67.0
v -3.5113212119636437 -2.5 -67.0
v -10.49549286590101 -2.5 -66.2659339793487
v -17.364673703679095 -2.5 -64.80584451898099
v -24.043603542564668 -2.5 -62.6357286645694
v -30.459106629594885 -2.5 -59.77936265953808
v -36.54089337040308 -2.5 -56.26804144757858
v -48.96985326514056 -2.5 -47.237873505178754
v -90.22076166077395 -2.5 -1.4240983929156974
v -91.11027293061747 -2.5 0.5737766299551315
v 90.50526737793659 -2.5 -16.425065259237094
v 89.0 -2.5 -11.792328631114634
v 89.0 -2.5 -9.354276938645366
v 89.7671738542525 -2.5 -5.745007724724291
v 92.8833938555051 -2.5 -1.455898854789736
v 94.1942910724463 -2.5 -7.849276784099857e-14
v 98.0271784936967 -2.5 -4.256852737972131
v 99.0 -2.5 -8.833618087674864
v 99.0 -2.5 -10.405319291302197
v 98.28625932434633 -2.5 -13.763205164341796
v 96.94126200266386 -2.5 -16.0928088615399
v 92.13591981533523 -2.5 -19.584094322252483
v 91.1563672403336 -2.5 -17.887459493664743
v 90.50526737793659 -2.5 -16.425065259237094
v -90.22076166077406 -3.5 -1.4240983929155742
v -91.11027293061741 -3.5 0.5737766299548381
v -92.0 -3.5 4.759613389790161
v -92.0 -3.5 4.821515694039208
v -87.46559259381888 -3.5 20.505149713385496
v 92.13591981533523 -3.5 -19.584094322252483
v 93.52147470764311 -3.5 0.7472382749324966
v 98.02717849369664 -3.5 -4.256852737971837
v 99.0 -3.5 -8.833618087674864
v 99.0 -3.5 -10.405319291302197
v 98.28625932434633 -3.5 -13.763205164341796
v 96.94126200266386 -3.5 -16.0928088615399
v 92.13591981533523 -3.5 -19.584094322252483
v 56.42425231479677 -3.5 40.453401179964544
v 56.78043512963792 -3.5 39.653401479598585
v 56.129656744461336 -3.5 40.78058270719206
v 56.42425231479677 -3.5 40.453401179964544
v 91.27149408838174 -3.5 -20.086865043799502
v 90.26413794690801 -3.5 -18.342073025450457
v 87.8259676764401 -3.5 -12.865852936939454
v 87.47922032202594 -3.5 -9.566772233505642
v 87.75233282656511 -3.5 -6.968280328314533
v 89.61965864766243 -3.5 -2.774197865269291
v 90.26283020105538 -3.5 -1.660192056809671
v 92.08512826812994 -3.5 0.8479860564214384
v -30.91372016137646 -3.5 60.67159195296548
v -24.402463296931817 -3.5 63.57059028642833
v -17.62384793806008 -3.5 65.77309592971264
v -10.652142013154133 -3.5 67.25497777008518
v -3.563728991246819 -3.5 68.0
v 3.5637289912467267 -3.5 68.0
v 10.652142013154105 -3.5 67.25497777008516
v 17.62384793806077 -3.5 65.77309592971247
v 24.402463296931703 -3.5 63.57059028642841
v 30.913720161378073 -3.5 60.67159195296477
v 37.08627983862107 -3.5 57.10786296171949
v 42.85251447315393 -3.5 52.9184482732739
v 53.50465648630782 -3.5 43.3272165241952
v 60.67159195296506 -3.5 30.913720161377512
v 63.570590286428995 -3.5 24.402463296930478
v 65.77309592971218 -3.5 17.623847938062227
v 67.25497777008516 -3.5 10.652142013154162
v 68.0 -3.5 3.5637289912468564
v 68.0 -3.5 -3.56372899124635
v 67.25497777008509 -3.5 -10.652142013154577
v 66.83158295855002 -3.5 -12.644057991699462
v 65.77309592971231 -3.5 -17.623847938061658
v 63.570590286428995 -3.5 -24.402463296930247
v 60.6715919529648 -3.5 -30.913720161377768
v 57.25635166968665 -3.5 -36.829089852071384
v 57.10786296171814 -3.5 -37.0862798386231
v 52.918448273273846 -3.5 -42.85251447315417
v 43.32721652419529 -3.5 -53.50465648630779
v 30.91372016137686 -3.5 -60.67159195296541
v 24.402463296932943 -3.5 -63.57059028642797
v 17.62384793805986 -3.5 -65.77309592971271
v 15.706628808710834 -3.5 -66.18061343581513
v 10.652142013154418 -3.5 -67.25497777008513
v 3.5637289912467516 -3.5 -68.0
v -3.5637289912466557 -3.5 -68.0
v -10.65214201315428 -3.5 -67.25497777008513
v -17.623847938060948 -3.5 -65.77309592971245
v -24.40246329693212 -3.5 -63.570590286428306
v -30.913720161377157 -3.5 -60.671591952965265
v -37.08627983862277 -3.5 -57.10786296171848
v -37.08627983862278 -3.5 -57.107862961718475
v -37.49815374108952 -3.5 -56.808619055400854
v -42.85251447315258 -3.5 -52.91844827327511
v -48.1492479916506 -3.5 -48.149247991651535
v -89.81751988978586 -3.5 -1.871943750276966
v -91.99813186376684 -3.5 4.839289823011594
v -90.9938968839954 -3.5 14.393947418236436
v -89.19763998801419 -3.5 17.505155625521912
v -87.23712028264318 -3.5 19.682533345876436
v -81.55092106425775 -3.5 24.802410118794107
v -59.5307150290309 -3.5 40.80102627882679
v -37.086279838623256 -3.5 57.107862961718034
v -30.91372016137646 -3.5 60.67159195296548
v 46.12973360108299 -3.5 -51.886622497558164
v 47.29524064237923 -3.5 -50.59219579137303
v 46.51739798601698 -3.5 -51.662804360561296
v 46.12973360108299 -3.5 -51.886622497558164
v 88.81770951876803 -3.5 -13.836785498399937
v 88.0 -3.5 -9.989764675596682
v 88.0 -3.5 -9.249172703379905
v 88.15397772914964 -3.5 -8.524764442633106
v 90.51188794108856 -3.5 -3.228811397053906
v 91.10265171519823 -3.5 -2.2055785250248943
v 92.10518138089809 -3.5 -0.8257148184195686
v 92.84865834283984 -3.5 1.221037160270555e-13
v 97.28337301394961 -3.5 -4.925249613431135
v 98.41946942247446 -3.5 -8.421794826591967
v 98.5398113972246 -3.5 -9.566772233505604
v 98.37552388569345 -3.5 -11.12986349349009
v 97.50496416125968 -3.5 -13.80917082550765
v 96.1077299872478 -3.5 -15.73229868128206
v 92.0312412113312 -3.5 -19.402785661652146
v 88.81770951876803 -3.5 -13.836785498399937
v 46.517397986016974 -4.5 -51.6628043605613
v -89.81751988978574 -4.5 -1.871943750277297
v -91.99813186376687 -4.5 4.839289823011681
v -90.99389688399539 -4.5 14.393947418236634
v -89.19763998801487 -4.5 17.50515562552115
v -87.23712028264318 -4.5 19.682533345876436
v 97.50496416125968 -4.5 -13.80917082550765
v 96.1077299872478 -4.5 -15.73229868128206
v 91.27149408838174 -4.5 -20.086865043799502
v 97.28337301394961 -4.5 -4.925249613431135
v 98.41946942247446 -4.5 -8.421794826591967
v 98.5398113972246 -4.5 -9.566772233505604
v 98.37552388569345 -4.5 -11.12986349349009
v 97.50496416125968 -4.5 -13.80917082550765
v -34.187281505159305 -4.5 59.214108539596225
v 49.64266962994415 -4.5 47.985111780110905
v 89.89654106395571 -4.5 -19.975030243941497
v 88.63554413421826 -4.5 -17.142784767970866
v 87.0 -4.5 -12.10909751176375
v 87.0 -4.5 -7.30731035323525
v 87.67960777017603 -4.5 -5.215692707227943
v 3.5637289912467267 -4.5 68.0
v 10.652142013154105 -4.5 67.25497777008516
v 17.62384793806077 -4.5 65.77309592971247
v 24.402463296931703 -4.5 63.57059028642841
v 30.913720161378073 -4.5 60.67159195296477
v 37.08627983862304 -4.5 57.10786296171835
v 42.85251447315208 -4.5 52.91844827327557
v 53.50465648630782 -4.5 43.3272165241952
v 60.67159195296506 -4.5 30.913720161377512
v 63.570590286428995 -4.5 24.402463296930478
v 65.77309592971218 -4.5 17.623847938062227
v 67.25497777008516 -4.5 10.652142013154162
v 68.0 -4.5 3.5637289912468564
v 68.0 -4.5 -3.5637289912463563
v 67.25497777008509 -4.5 -10.652142013154585
v 65.77309592971231 -4.5 -17.623847938061658
v 63.570590286428995 -4.5 -24.402463296930247
v 60.67159195296474 -4.5 -30.913720161377917
v 57.10786296171814 -4.5 -37.0862798386231
v 46.780511986261146 -4.5 -51.300659007602505
v 45.37134762506001 -4.5 -52.324476844964664
v 30.91372016137685 -4.5 -60.671591952965414
v 24.40246329693293 -4.5 -63.57059028642798
v 17.623847938059868 -4.5 -65.77309592971271
v 10.652142013154418 -4.5 -67.25497777008513
v 3.5637289912467516 -4.5 -68.0
v -3.563728991246716 -4.5 -68.0
v -10.652142013154226 -4.5 -67.25497777008515
v -17.623847938062024 -4.5 -65.77309592971223
v -24.402463296931934 -4.5 -63.570590286428505
v -30.91372016137616 -4.5 -60.67159195296584
v -37.08627983862278 -4.5 -57.107862961718475
v -42.85251447315258 -4.5 -52.91844827327511
v -48.149247991651315 -4.5 -48.14924799165089
v -84.92554880079035 -4.5 -7.305028063897666
v -89.01190534625066 -4.5 -1.6806407941270631
v -90.72304889114957 -4.5 2.1626505331446912
v -91.0 -4.5 4.7976643187487795
v -91.0 -4.5 9.56448540917677
v -90.02286333355265 -4.5 14.161551991219962
v -88.36779402475291 -4.5 17.87889852214409
v -86.71735678201576 -4.5 20.15053050391975
v -81.55092106425775 -4.5 24.802410118794107
v -37.08627983862199 -4.5 57.10786296171902
v -30.91372016137748 -4.5 60.67159195296516
v -24.402463296933014 -4.5 63.57059028642796
v -17.623847938060237 -4.5 65.77309592971261
v -10.652142013154133 -4.5 67.25497777008518
v -3.5637289912469257 -4.5 68.0
v 3.5637289912467267 -4.5 68.0
v 56.78043512963792 -4.5 39.653401479598585
v 56.129656744461336 -4.5 40.78058270719206
v 56.42425231479677 -4.5 40.453401179964544
v 56.78043512963792 -4.5 39.653401479598585
v 90.26413794690801 -4.5 -18.342073025450457
v 87.8259676764401 -4.5 -12.865852936939454
v 87.47922032202594 -4.5 -9.566772233505642
v 87.75233282656511 -4.5 -6.968280328314533
v 89.61965864766243 -4.5 -2.774197865269291
v 90.26283020105538 -4.5 -1.660192056809671
v 92.08512826812994 -4.5 0.8479860564214384
v 92.10518138089718 -4.5 0.8257148184210341
v 96.72585934609306 -4.5 -5.5341027931939895
v 97.59706939343175 -4.5 -7.043082859249101
v 98.0 -4.5 -8.938722322940464
v 98.0 -4.5 -10.300215056036485
v 97.71692974382579 -4.5 -11.631955906331148
v 95.9655381980296 -4.5 -15.565645723694033
v 90.81969238940182 -4.5 -19.304321546220354
v 90.26413794690801 -4.5 -18.342073025450457
v -89.01190534625066 -5.5 -1.6806407941270631
v -90.72304889114957 -5.5 2.1626505331446912
v -91.0 -5.5 4.7976643187487795
v -91.0 -5.5 9.56448540917677
v -90.02286333355265 -5.5 14.161551991219962
v -88.36779402475291 -5.5 17.87889852214409
v -86.71735678201576 -5.5 20.15053050391975
v 97.59706939343175 -5.5 -7.043082859249101
v 98.0 -5.5 -8.938722322940464
v 98.0 -5.5 -10.300215056036485
v 97.71692974382579 -5.5 -11.631955906331148
v 95.9655381980296 -5.5 -15.565645723694033
v 96.72585934609306 -5.5 -5.5341027931939895
v 97.59706939343175 -5.5 -7.043082859249101
v 38.58119246826858 -5.5 -57.257813338128386
v -45.75151280661667 -5.5 -50.812202695396635
v -74.44142378240377 -5.5 31.203830224299498
v -37.63166630683901 -5.5 57.94768447586047
v -31.36833369316013 -5.5 61.5638212463921
v -24.761323051298547 -5.5 64.50545190828765
v -18.99925712115373 -5.5 66.37766061998428
v 32.38476942081027 -5.5 60.97698180541975
v 37.63166630683797 -5.5 57.94768447586144
v 43.482698509522464 -5.5 53.696660747882284
v 48.85732516799896 -5.5 48.857325167999065
v 58.58960444279934 -5.5 38.04853400759298
v 64.50545190828817 -5.5 24.761323051297012
v 66.37766061998433 -5.5 18.999257121153644
v 89.06945014867061 -5.5 -20.57594696842301
v 87.70068251235851 -5.5 -17.501644522336072
v 86.0 -5.5 -12.267481952088454
v 86.0 -5.5 -9.03896423284799
v 86.67124657784228 -5.5 -5.8809973718468855
v 89.42300868691119 -5.5 -1.1148055885967283
v 91.40104888598286 -5.5 1.6077331793707863
v 89.06945014867061 -5.5 -20.57594696842301
v -10.652142013153842 -5.5 -67.25497777008519
v -17.62384793806168 -5.5 -65.77309592971224
v -24.402463296930634 -5.5 -63.57059028642884
v -30.913720161377746 -5.5 -60.67159195296485
v -37.086279838622076 -5.5 -57.107862961718816
v -42.85251447315445 -5.5 -52.918448273273604
v -48.14924799164885 -5.5 -48.14924799165331
v -84.92554880078877 -5.5 -7.30502806389942
v -88.67960777017625 -5.5 -2.138009170051876
v -90.9813917576498 -5.5 4.9461535143290565
v -90.02159319937597 -5.5 14.078026800383748
v -86.29722847288346 -5.5 20.52881573258626
v -81.55092106425522 -5.5 24.80241011879594
v -34.187281505159305 -5.5 59.214108539596225
v -24.40246329693233 -5.5 63.57059028642816
v -17.623847938060116 -5.5 65.77309592971262
v -10.652142013154162 -5.5 67.25497777008515
v -3.56372899124667 -5.5 68.0
v 3.5637289912465064 -5.5 68.0
v 10.652142013153803 -5.5 67.25497777008516
v 17.62384793806155 -5.5 65.77309592971226
v 24.40246329693224 -5.5 63.57059028642827
v 30.913720161378137 -5.5 60.67159195296485
v 37.08627983862027 -5.5 57.10786296172008
v 49.64266962994415 -5.5 47.985111780110905
v 56.42425231479654 -5.5 40.45340117996488
v 63.570590286429265 -5.5 24.40246329692971
v 65.77309592971224 -5.5 17.623847938062113
v 67.25497777008518 -5.5 10.652142013154162
v 68.0 -5.5 3.5637289912468564
v 68.0 -5.5 -3.563728991246334
v 67.96338565964093 -5.5 -3.912091169673469
v 67.25497777008513 -5.5 -10.65214201315429
v 65.7730959297123 -5.5 -17.623847938061626
v 63.57059028642901 -5.5 -24.402463296930065
v 62.40293817989466 -5.5 -27.025052867332892
v 60.67159195296469 -5.5 -30.913720161377846
v 57.10786296171803 -5.5 -37.08627983862313
v 46.78051198626125 -5.5 -51.300659007602235
v 45.371347625058604 -5.5 -52.324476844965474
v 30.91372016137685 -5.5 -60.671591952965414
v 24.40246329693293 -5.5 -63.57059028642798
v 17.623847938059868 -5.5 -65.77309592971271
v 10.652142013154418 -5.5 -67.25497777008513
v 3.5637289912466414 -5.5 -68.0
v -3.5637289912467374 -5.5 -68.0
v -10.652142013153842 -5.5 -67.25497777008519
v 89.89654106395571 -5.5 -19.975030243941497
v 88.63554413421826 -5.5 -17.142784767970866
v 87.0 -5.5 -12.10909751176375
v 87.0 -5.5 -7.30731035323525
v 87.67960777017603 -5.5 -5.215692707227943
v 92.08512826813023 -5.5 0.8479860564212851
v 92.10518138089718 -5.5 0.8257148184210341
v 96.05884376782542 -5.5 -4.6160346105937995
v 97.0 -5.5 -9.04382655820558
v 97.0 -5.5 -10.195110820770838
v 96.39582407645308 -5.5 -13.037535062112035
v 95.08549635724366 -5.5 -15.307089246348525
v 89.92078641884537 -5.5 -19.957414962507578
v 89.89654106395571 -5.5 -19.975030243941497
v -84.92554880078731 -6.5 -7.305028063901432
v -88.67960777017625 -6.5 -2.138009170051876
v -90.9813917576498 -6.5 4.9461535143290565
v -90.02159319937597 -6.5 14.078026800383748
v -86.29722847288346 -6.5 20.52881573258626
v -74.44142378240377 -6.5 31.203830224299498
v 91.40104888598286 -6.5 1.6077331793707863
v 92.1051813808973 -6.5 0.8257148184209466
v 96.0588437678254 -6.5 -4.616034610593686
v 97.0 -6.5 -9.04382655820558
v 97.0 -6.5 -10.195110820770838
v 96.39582407645308 -6.5 -13.037535062112035
v 95.08549635724366 -6.5 -15.307089246348525
v 89.92078641884534 -6.5 -19.957414962507602
v -17.883022172445195 -6.5 66.74034734044334
v -10.808791160406514 -6.5 68.24402156082172
v -3.616136770529984 -6.5 69.0
v 3.6161367705300336 -6.5 69.0
v 10.808791160405853 -6.5 68.24402156082179
v 17.88302217244413 -6.5 66.74034734044349
v 24.761323051299335 -6.5 64.50545190828731
v 31.368333693163123 -6.5 61.5638212463908
v 66.74034734044378 -6.5 17.883022172442907
v 68.2440215608218 -6.5 10.808791160405917
v 69.0 -6.5 3.6161367705301624
v 69.0 -6.5 -2.4424578885876302
v 64.02807369979763 -6.5 -25.833532062627636
v 61.56382124639135 -6.5 -31.36833369316184
v 57.94768447586167 -6.5 -37.63166630683732
v 49.39854597501177 -6.5 -49.398545975011324
v 37.631666306836934 -6.5 -57.947684475861855
v 31.368333693162295 -6.5 -61.563821246391086
v 24.761323051296355 -6.5 -64.50545190828853
v 17.883022172446456 -6.5 -66.740347340443
v 11.956822342809938 -6.5 -68.0
v -7.1470879980660165 -6.5 -68.0
v -25.833532062626272 -6.5 -64.02807369979789
v -31.368333693165823 -6.5 -61.56382124638921
v -37.63166630683783 -6.5 -57.947684475861514
v -43.48269850952214 -6.5 -53.69666074788248
v -48.85732516799763 -6.5 -48.85732516800017
v -79.30234116989314 -6.5 -15.044709382119919
v -83.7998010560173 -6.5 -8.854486906814287
v 86.76582089049947 -6.5 -17.860504276702805
v 86.30353943216238 -6.5 -16.43774824283737
v 85.0 -6.5 -10.30507738139378
v 85.0 -6.5 -8.933859997582246
v 85.28509212474675 -6.5 -7.5926070035237005
v 87.8352000608112 -6.5 -1.8649708016980104
v 88.58318717276939 -6.5 -0.5694191203797814
v 90.23296235748452 -6.5 1.7013016167042587
v 88.24235923338544 -6.5 -21.176863692904348
v 86.76582089049947 -6.5 -17.860504276702805
v 67.25497777008513 -6.5 -10.65214201315429
v 65.7730959297123 -6.5 -17.623847938061626
v 63.570590286428974 -6.5 -24.402463296930165
v 60.67159195296469 -6.5 -30.913720161377846
v 57.10786296171803 -6.5 -37.08627983862313
v 46.780511986261516 -6.5 -51.30065900760187
v 38.58119246826752 -6.5 -57.25781333812886
v 24.40246329693293 -6.5 -63.57059028642798
v 17.623847938059868 -6.5 -65.77309592971271
v 10.652142013154418 -6.5 -67.25497777008513
v 3.5637289912466414 -6.5 -68.0
v -3.5637289912469257 -6.5 -68.0
v -10.652142013153963 -6.5 -67.2549777700852
v -17.623847938061218 -6.5 -65.7730959297124
v -24.402463296930634 -6.5 -63.57059028642884
v -30.91372016137879 -6.5 -60.67159195296439
v -37.08627983862125 -6.5 -57.10786296171941
v -45.75151280661667 -6.5 -50.812202695396635
v -84.28124758502267 -6.5 -8.020597057449304
v -89.96940652810633 -6.5 1.8315832334988587
v -90.9680464265096 -6.5 4.905080808380951
v -89.06656813208511 -6.5 13.850832844850043
v -87.49699831093568 -6.5 17.376144382361836
v -85.97011850708402 -6.5 19.477714139115875
v -66.70174246418273 -6.5 36.827037855195655
v -37.63166630683901 -6.5 57.94768447586047
v -31.368333693161635 -6.5 61.563821246391235
v -24.761323051296557 -6.5 64.5054519082883
v -18.99925712115373 -6.5 66.37766061998428
v -3.56372899124667 -6.5 68.0
v 3.5637289912467907 -6.5 68.0
v 10.652142013153501 -6.5 67.25497777008523
v 17.62384793806155 -6.5 65.77309592971226
v 32.38476942081027 -6.5 60.97698180541975
v 37.63166630683698 -6.5 57.94768447586201
v 43.48269850952143 -6.5 53.69666074788289
v 48.857325167999655 -6.5 48.8573251679981
v 58.58960444279949 -6.5 38.048534007592636
v 64.50545190828747 -6.5 24.761323051298586
v 66.37766061998443 -6.5 18.99925712115276
v 68.0 -6.5 3.5637289912468564
v 68.0 -6.5 -3.5637289912463475
v 67.25497777008513 -6.5 -10.65214201315429
v 87.70068251235851 -6.5 -17.501644522336072
v 86.0 -6.5 -12.267481952088454
v 86.0 -6.5 -9.03896423284799
v 86.67124657784228 -6.5 -5.8809973718468855
v 89.42300868691119 -6.5 -1.1148055885967283
v 90.8509963462346 -6.5 0.8506508083520101
v 95.28805990053704 -6.5 -5.256443247771149
v 96.0 -6.5 -7.447569571343237
v 96.0 -6.5 -10.0900065855048
v 95.28251550560563 -6.5 -13.46550574091686
v 94.26409849607025 -6.5 -14.86723650034153
v 89.22705422801539 -6.5 -20.461440902191708
v 89.06945014867054 -6.5 -20.575946968422866
v 87.70068251235851 -6.5 -17.501644522336072
v -79.30234116989314 -7.5 -15.044709382119919
v -83.7998010560173 -7.5 -8.854486906814287
v -89.96940652810633 -7.5 1.8315832334988587
v -90.9680464265096 -7.5 4.905080808380951
v -89.06656813208511 -7.5 13.850832844850043
v -87.49699831093568 -7.5 17.376144382361836
v -85.97011850708402 -7.5 19.477714139115875
v 95.28805990053704 -7.5 -5.256443247771149
v 96.0 -7.5 -7.447569571343237
v 96.0 -7.5 -10.0900065855048
v 95.28251550560563 -7.5 -13.46550574091686
v 94.26409849607025 -7.5 -14.86723650034153
v 89.22705422801539 -7.5 -20.461440902191708
v 88.24235923338544 -7.5 -21.176863692904348
v 69.0 -7.5 -3.616136770529932
v 68.24402156082172 -7.5 -10.808791160406516
v 66.74034734044358 -7.5 -17.883022172443848
v 64.50545190828778 -7.5 -24.76132305129794
v 10.808791160406681 -7.5 -68.2440215608217
v 3.6161367705299696 -7.5 -69.0
v -3.6161367705298773 -7.5 -69.0
v -10.808791160406212 -7.5 -68.24402156082174
v -17.883022172445386 -7.5 -66.74034734044325
v -24.761323051296255 -7.5 -64.5054519082885
v 84.0 -7.5 -8.828755762316899
v 84.32879692327944 -7.5 -7.2818878571527295
v 85.3140187171483 -7.5 -5.069043477671497
v 84.50361611740874 -7.5 -12.779509166239528
v 84.0 -7.5 -10.410181616659763
v 84.0 -7.5 -8.828755762316899
v -37.631666306837445 -7.5 57.9476844758617
v -31.368333693164505 -7.5 61.563821246389956
v -24.761323051295552 -7.5 64.50545190828875
v -17.883022172445195 -7.5 66.74034734044334
v -10.808791160406514 -7.5 68.24402156082172
v -3.616136770529984 -7.5 69.0
v 3.6161367705300336 -7.5 69.0
v 10.808791160405853 -7.5 68.24402156082179
v 17.88302217244413 -7.5 66.74034734044349
v 24.761323051299335 -7.5 64.50545190828731
v 31.368333693163123 -7.5 61.5638212463908
v 37.63166630683685 -7.5 57.94768447586211
v 43.48269850952143 -7.5 53.69666074788289
v 48.857325167999655 -7.5 48.8573251679981
v 58.58960444279977 -7.5 38.04853400759233
v 64.50545190828707 -7.5 24.761323051299797
v 66.74034734044378 -7.5 17.883022172442907
v 68.2440215608218 -7.5 10.808791160405917
v 69.0 -7.5 3.6161367705301624
v 69.0 -7.5 -2.4424578885876302
v 64.02807369979763 -7.5 -25.833532062627636
v 61.56382124639135 -7.5 -31.36833369316184
v 57.94768447586167 -7.5 -37.63166630683732
v 49.39854597501177 -7.5 -49.398545975011324
v 37.631666306836934 -7.5 -57.947684475861855
v 31.368333693162295 -7.5 -61.563821246391086
v 24.761323051296355 -7.5 -64.50545190828853
v 17.883022172446456 -7.5 -66.740347340443
v 11.956822342809938 -7.5 -68.0
v -7.1470879980660165 -7.5 -68.0
v -25.833532062626272 -7.5 -64.02807369979789
v -31.368333693165823 -7.5 -61.56382124638921
v -37.63166630683783 -7.5 -57.947684475861514
v -43.48269850952214 -7.5 -53.69666074788248
v -48.85732516799763 -7.5 -48.85732516800017
v -72.90092106438848 -7.5 -22.15420666397314
v -88.14110963243368 -7.5 -1.1778866543441884
v -89.19768252768206 -7.5 1.195214922694115
v -89.98219833872821 -7.5 4.886071628703785
v -89.04928951475644 -7.5 13.762106182531376
v -85.51039528926127 -7.5 19.891650783701067
v -66.70174246418271 -7.5 36.82703785519568
v -37.631666306837445 -7.5 57.9476844758617
v 86.30353943216238 -7.5 -16.43774824283737
v 85.0 -7.5 -10.30507738139378
v 85.0 -7.5 -8.933859997582246
v 85.28509212474675 -7.5 -7.5926070035237005
v 87.8352000608112 -7.5 -1.8649708016980104
v 88.58318717276939 -7.5 -0.5694191203797814
v 90.23296235748452 -7.5 1.7013016167042587
v 95.03341486737222 -7.5 -4.9059544279854235
v 95.52328655853404 -7.5 -9.566772233505388
v 95.42491735217442 -7.5 -10.502692713884002
v 93.97671202225779 -7.5 -14.959810416217683
v 87.90743514135765 -7.5 -20.424611865743625
v 86.76582089049947 -7.5 -17.860504276702805
v 86.30353943216238 -7.5 -16.43774824283737
v -85.51039528926127 -8.5 19.891650783701067
v -88.14110963243368 -8.5 -1.1778866543441884
v -89.19768252768206 -8.5 1.195214922694115
v -89.98219833872821 -8.5 4.886071628703785
v -89.04928951475644 -8.5 13.762106182531376
v -85.51039528926127 -8.5 19.891650783701067
v 90.2329623574847 -8.5 1.7013016167042108
v 95.03341486737222 -8.5 -4.9059544279854235
v 95.52328655853404 -8.5 -9.566772233505388
v 95.42491735217442 -8.5 -10.502692713884002
v 93.97671202225779 -8.5 -14.959810416217683
v 87.90743514135765 -8.5 -20.424611865743625
v 86.69837821482218 -8.5 -20.167618882575614
v 83.54732091594119 -8.5 -13.090228312609582
v 83.0 -8.5 -10.515285851925391
v 83.0 -8.5 -8.723651527051107
v 83.3725017218116 -8.5 -6.971168710783488
v 84.44322300333071 -8.5 -4.566289337889729
v 88.99689437998472 -8.5 1.7013016167039379
v 86.69837821482218 -8.5 -20.167618882575614
v -66.70174246418173 -8.5 36.827037855196636
v -37.631666306841 -8.5 57.94768447585946
v -31.368333693163052 -8.5 61.563821246390596
v -24.761323051296106 -8.5 64.5054519082885
v -17.883022172445273 -8.5 66.74034734044324
v -10.808791160405853 -8.5 68.24402156082176
v -3.6161367705297565 -8.5 69.0
v 3.6161367705300194 -8.5 69.0
v 10.808791160405967 -8.5 68.24402156082178
v 17.883022172443958 -8.5 66.74034734044355
v 24.76132305129692 -8.5 64.50545190828811
v 31.36833369316504 -8.5 61.56382124638965
v 37.63166630683615 -8.5 57.94768447586247
v 43.48269850952217 -8.5 53.69666074788218
v 48.857325167999576 -8.5 48.85732516799813
v 58.5896044427998 -8.5 38.048534007592224
v 64.50545190828798 -8.5 24.761323051297722
v 66.74034734044338 -8.5 17.883022172444896
v 68.24402156082176 -8.5 10.808791160406145
v 69.0 -8.5 3.6161367705301624
v 69.0 -8.5 -3.616136770529932
v 68.24402156082172 -8.5 -10.808791160406516
v 66.74034734044358 -8.5 -17.883022172443848
v 64.50545190828778 -8.5 -24.76132305129794
v 61.56382124639052 -8.5 -31.36833369316323
v 57.94768447586145 -8.5 -37.63166630683761
v 49.398545975011345 -8.5 -49.398545975011885
v 37.63166630684029 -8.5 -57.94768447585982
v 31.368333693160764 -8.5 -61.56382124639185
v 24.761323051297925 -8.5 -64.50545190828794
v 17.88302217244479 -8.5 -66.74034734044344
v 10.808791160406681 -8.5 -68.2440215608217
v 3.6161367705299696 -8.5 -69.0
v -3.6161367705298773 -8.5 -69.0
v -10.808791160406212 -8.5 -68.24402156082174
v -17.883022172445386 -8.5 -66.74034734044325
v -24.761323051296255 -8.5 -64.5054519082885
v -31.368333693163983 -8.5 -61.56382124639022
v -37.63166630683753 -8.5 -57.94768447586163
v -43.482698509523914 -8.5 -53.69666074788108
v -48.857325167998965 -8.5 -48.857325167999164
v -72.90092106438848 -8.5 -22.15420666397314
v -87.77749473758588 -8.5 -1.6783596216270786
v -88.56214154235366 -8.5 0.7365349319038647
v -89.0 -8.5 4.902479877314937
v -89.0 -8.5 9.354276938645427
v -88.11027293061738 -8.5 13.540113698480523
v -86.18699863731555 -8.5 17.85985848754123
v -79.41954582444636 -8.5 25.375876275029704
v -66.70174246418173 -8.5 36.827037855196636
v 84.32879692327944 -8.5 -7.2818878571527295
v 85.3140187171483 -8.5 -5.069043477671497
v 89.61492836873461 -8.5 0.8506508083518964
v 94.06690128932262 -8.5 -5.276964229972843
v 94.51777827897052 -8.5 -9.56677223350575
v 94.44138184100142 -8.5 -10.293635787348132
v 93.10845636005291 -8.5 -14.395958596344963
v 87.47976692594983 -8.5 -19.464053326907646
v 84.50361611740874 -8.5 -12.779509166239528
v 84.0 -8.5 -10.410181616659763
v 84.0 -8.5 -8.828755762316899
v 84.32879692327944 -8.5 -7.2818878571527295
v -87.77749473758588 -9.5 -1.6783596216270786
v -88.56214154235366 -9.5 0.7365349319038647
v -89.0 -9.5 4.902479877314937
v -89.0 -9.5 9.354276938645427
v -88.11027293061738 -9.5 13.540113698480523
v -86.18699863731555 -9.5 17.85985848754123
v -79.41954582444636 -9.5 25.375876275029704
v -66.70174246418298 -9.5 36.82703785519553
v 86.69837821482218 -9.5 -20.167618882575614
v 88.99689437998472 -9.5 1.7013016167039379
v 94.06690128932262 -9.5 -5.276964229972843
v 94.51777827897052 -9.5 -9.56677223350575
v 94.44138184100142 -9.5 -10.293635787348132
v 93.10845636005291 -9.5 -14.395958596344963
v 86.69837821482218 -9.5 -20.167618882575614
v 61.090731926651586 -9.5 35.27075052284313
v 52.422551483510006 -9.5 -47.20147736816512
v 82.0 -9.5 -10.620390087190955
v 82.0 -9.5 -8.618547291785807
v 82.41620652034419 -9.5 -6.660449564413199
v 85.15851218053238 -9.5 -0.5011302063444412
v 87.01932454985021 -9.5 2.721891360666731
v 84.55183049089388 -9.5 -20.754746404872314
v 83.40178519996925 -9.5 -17.215270945987623
v 82.0 -9.5 -10.620390087190955
v -3.6161367705299696 -9.5 -69.0
v -10.80879116040536 -9.5 -68.24402156082184
v -17.883022172443937 -9.5 -66.74034734044346
v -24.76132305129757 -9.5 -64.5054519082878
v -31.36833369316454 -9.5 -61.563821246389836
v -37.631666306836706 -9.5 -57.94768447586204
v -43.48269850952288 -9.5 -53.69666074788164
v -48.857325167999726 -9.5 -48.857325167998084
v -72.90092106439076 -9.5 -22.15420666397032
v -82.95997954187283 -9.5 -8.309100438601686
v -86.94297076738367 -9.5 -1.4103572699158917
v -88.24138732621455 -9.5 1.5059340690644198
v -88.97112076120732 -9.5 4.939059959224579
v -88.07698583013699 -9.5 13.446185564678933
v -84.72356210563915 -9.5 19.254485834815963
v -58.96206114596346 -9.5 42.450245486090644
v -55.66535957824877 -9.5 44.84543937717733
v -37.63166630683904 -9.5 57.94768447586064
v -36.06583315341986 -9.5 58.85171866849325
v -31.36833369316199 -9.5 61.56382124639125
v -24.761323051297783 -9.5 64.50545190828795
v -17.883022172444985 -9.5 66.74034734044332
v -10.808791160406088 -9.5 68.24402156082175
v -3.61613677052992 -9.5 69.0
v 3.616136770529913 -9.5 69.0
v 10.808791160405972 -9.5 68.24402156082176
v 11.545690224160209 -9.5 68.0873888295323
v 17.883022172443724 -9.5 66.74034734044358
v 24.761323051297765 -9.5 64.50545190828778
v 31.36833369316348 -9.5 61.563821246390404
v 37.63166630683743 -9.5 57.94768447586157
v 43.48269850952286 -9.5 53.69666074788173
v 48.857325167998596 -9.5 48.85732516799918
v 58.58960444279966 -9.5 38.04853400759233
v 64.50545190828788 -9.5 24.76132305129775
v 66.74034734044358 -9.5 17.883022172443987
v 68.24402156082176 -9.5 10.808791160406258
v 69.0 -9.5 3.6161367705301624
v 69.0 -9.5 -3.616136770529932
v 68.60101137932269 -9.5 -7.412259920741552
v 68.24402156082174 -9.5 -10.808791160406344
v 66.74034734044342 -9.5 -17.88302217244434
v 64.50545190828787 -9.5 -24.76132305129765
v 61.56382124639023 -9.5 -31.368333693163652
v 57.94768447586107 -9.5 -37.63166630683814
v 49.39854597501133 -9.5 -49.3985459750119
v 37.63166630684026 -9.5 -57.947684475859845
v 34.86134611232822 -9.5 -59.54712958590282
v 31.36833369316076 -9.5 -61.56382124639186
v 31.36833369316075 -9.5 -61.56382124639187
v 24.761323051298003 -9.5 -64.50545190828791
v 17.88302217244484 -9.5 -66.7403473404434
v 10.808791160406653 -9.5 -68.24402156082168
v 3.61613677052976 -9.5 -69.0
v -3.6161367705299696 -9.5 -69.0
v 83.54732091594119 -9.5 -13.090228312609582
v 83.0 -9.5 -10.515285851925391
v 83.0 -9.5 -8.723651527051107
v 83.3725017218116 -9.5 -6.971168710783488
v 84.44322300333071 -9.5 -4.566289337889729
v 88.37886039123502 -9.5 0.8506508083521536
v 93.10038771127284 -9.5 -5.647974031958513
v 93.51226999940698 -9.5 -9.566772233505814
v 93.45784632982836 -9.5 -10.084578860813117
v 92.24020069784807 -9.5 -13.832106776472191
v 86.27070999941444 -9.5 -19.20706034373982
v 83.54732091594119 -9.5 -13.090228312609582
v -88.24138732621455 -10.5 1.5059340690644198
v -88.97112076120732 -10.5 4.939059959224579
v -88.07698583013699 -10.5 13.446185564678933
v -84.72356210563915 -10.5 19.254485834815963
v -72.90092106439087 -10.5 -22.1542066639702
v -82.95997954187271 -10.5 -8.309100438601888
v -86.94297076738367 -10.5 -1.4103572699158917
v -88.24138732621455 -10.5 1.5059340690644198
v 93.10038771127284 -10.5 -5.647974031958513
v 93.51226999940698 -10.5 -9.566772233505814
v 93.45784632982836 -10.5 -10.084578860813117
v 92.24020069784807 -10.5 -13.832106776472191
v -46.42432917141904 -10.5 -51.55944097032984
v -51.85256386411375 -10.5 48.85166559159265
v -39.08394660804966 -10.5 58.12860905194633
v 50.315485994746595 -10.5 48.732350055044186
v 60.330984803702115 -10.5 37.60901173556134
v 34.69003564494081 -10.5 -60.084904253414024
v 81.0 -10.5 -8.513443056519826
v 81.45991131887641 -10.5 -6.34973041804396
v 84.26628288710637 -10.5 -0.046516674559875515
v 86.37591348872016 -10.5 3.607470712637215
v 83.73835720474227 -10.5 -21.487201041651748
v 82.43453378923826 -10.5 -17.474445180371422
v 81.0 -10.5 -10.725494322456854
v 81.0 -10.5 -8.513443056519826
v -58.96206114596339 -10.5 42.45024548609071
v -37.63166630683904 -10.5 57.94768447586064
v -31.368333693162068 -10.5 61.56382124639122
v -24.761323051297758 -10.5 64.50545190828797
v -17.883022172445138 -10.5 66.7403473404433
v -10.808791160406088 -10.5 68.24402156082175
v -3.61613677052992 -10.5 69.0
v 3.6161367705298915 -10.5 69.0
v 10.808791160405825 -10.5 68.24402156082178
v 17.883022172444267 -10.5 66.74034734044345
v 24.761323051297083 -10.5 64.50545190828805
v 31.368333693164036 -10.5 61.56382124639013
v 37.63166630683713 -10.5 57.94768447586179
v 43.48269850952286 -10.5 53.69666074788173
v 48.857325167998596 -10.5 48.85732516799918
v 61.090731926651586 -10.5 35.27075052284313
v 66.74034734044358 -10.5 17.883022172443987
v 67.10910554210768 -10.5 16.148151233777913
v 68.24402156082178 -10.5 10.808791160406074
v 69.0 -10.5 3.6161367705301624
v 69.0 -10.5 -3.6161367705299376
v 68.24402156082174 -10.5 -10.808791160406344
v 66.7403473404434 -10.5 -17.883022172444416
v 66.62606291493567 -10.5 -18.2347534673851
v 64.5054519082879 -10.5 -24.761323051297563
v 61.56382124639023 -10.5 -31.368333693163652
v 52.42255148351015 -10.5 -47.20147736816487
v 37.63166630683815 -10.5 -57.94768447586107
v 31.36833369316087 -10.5 -61.5638212463918
v 24.761323051297975 -10.5 -64.50545190828791
v 17.8830221724448 -10.5 -66.74034734044342
v 12.413593565915319 -10.5 -67.902910279347
v 10.808791160406663 -10.5 -68.2440215608217
v 3.6161367705299163 -10.5 -69.0
v -3.616136770529806 -10.5 -69.0
v -10.808791160405539 -10.5 -68.24402156082179
v -17.883022172443937 -10.5 -66.74034734044346
v -24.76132305129757 -10.5 -64.5054519082878
v -31.368333693164978 -10.5 -61.563821246389644
v -37.63166630683703 -10.5 -57.94768447586192
v -43.482698509522194 -10.5 -53.696660747882255
v -48.85732516799933 -10.5 -48.85732516799844
v -66.4995009588873 -10.5 -29.263703945821632
v -86.8753817049956 -10.5 -1.2187100732014122
v -87.57860603118068 -10.5 0.9455918584395618
v -88.0 -10.5 4.954887656597872
v -88.0 -10.5 9.24917270337973
v -87.15397772915011 -10.5 13.229394552109689
v -84.30272779924215 -10.5 19.633406746275057
v -63.50211865056826 -10.5 38.36235934759972
v -58.96206114596339 -10.5 42.45024548609071
v 82.0 -10.5 -8.618547291785807
v 82.41620652034419 -10.5 -6.660449564413199
v 85.15851218053238 -10.5 -0.5011302063444412
v 87.01932454985017 -10.5 2.7218913606666586
v 88.58318717276866 -10.5 0.5694191203809305
v 92.07753706471738 -10.5 -5.482972431897114
v 92.50676171984351 -10.5 -9.566772233505255
v 92.30390267992556 -10.5 -11.496847072118541
v 91.3668275953912 -10.5 -13.601552171891907
v 86.52904310629773 -10.5 -18.97445616952609
v 84.55183049089388 -10.5 -20.754746404872314
v 83.40178519996925 -10.5 -17.215270945987623
v 82.0 -10.5 -10.620390087190955
v 82.0 -10.5 -8.618547291785807
v -66.4995009588873 -11.5 -29.263703945821632
v -86.8753817049956 -11.5 -1.2187100732014122
v -87.57860603118068 -11.5 0.9455918584395618
v -88.0 -11.5 4.954887656597872
v -88.0 -11.5 9.24917270337973
v -87.15397772915011 -11.5 13.229394552109689
v -84.30272779924215 -11.5 19.633406746275057
v -51.85256386411375 -11.5 48.85166559159265
v 86.37591348872016 -11.5 3.607470712637215
v 88.58318717276866 -11.5 0.5694191203809305
v 92.07753706471738 -11.5 -5.482972431897114
v 92.50676171984351 -11.5 -9.566772233505255
v 92.30390267992556 -11.5 -11.496847072118541
v 91.3668275953912 -11.5 -13.601552171891907
v 86.52904310629656 -11.5 -18.974456169527397
v 83.73835720474227 -11.5 -21.487201041651748
v 38.17705277505201 -11.5 58.78750599000483
v 44.11288254589246 -11.5 54.47487322248893
v 49.56540234434805 -11.5 49.56540234434547
v 60.87629332799189 -11.5 37.00338526404197
v 62.14791228132136 -11.5 35.2531519269508
v 67.36119613115739 -11.5 19.20831404768883
v 63.3818489777922 -11.5 -28.219417292806536
v 51.193254815723975 -11.5 -49.33068165434627
v 38.177052775050505 -11.5 -58.78750599000563
v 32.79374648302339 -11.5 -61.89555932683766
v 14.42492793093669 -11.5 -67.86395027093906
v -28.21941729280701 -11.5 -63.38184897779193
v -44.94593483519562 -11.5 -53.724789572088824
v -49.56540234434982 -11.5 -49.5654023443439
v -54.47487322248726 -11.5 -44.11288254589501
v -38.17705277505256 -11.5 58.78750599000448
v -31.822947224947914 -11.5 62.456050539816694
v -25.1201828056633 -11.5 65.44031353014762
v -19.2083140476896 -11.5 67.36119613115726
v 32.79374648302407 -11.5 61.89555932683737
v 38.17705277505201 -11.5 58.78750599000483
v 80.0 -11.5 -10.830598557722631
v 80.0 -11.5 -8.408338821254027
v 80.50361611740891 -11.5 -6.039011271673582
v 83.37405359368157 -11.5 0.40809685722716815
v 85.18518428833676 -11.5 3.545067239517696
v 82.58662270587311 -11.5 -21.178594712784452
v 81.46728237850675 -11.5 -17.73361941475263
v 80.0 -11.5 -10.830598557722631
v -24.761323051297353 -11.5 -64.50545190828791
v -31.368333693164733 -11.5 -61.563821246389764
v -37.63166630683851 -11.5 -57.94768447586103
v -46.42432917141904 -11.5 -51.55944097032984
v -60.09808085338552 -11.5 -36.373201227671125
v -86.39951820479843 -11.5 -0.17237837478124807
v -87.2850921247466 -11.5 1.8166532154328339
v -87.96004318368641 -11.5 4.992048289745425
v -87.10468214551763 -11.5 13.130264946825996
v -83.9367289220169 -11.5 18.617320885930834
v -44.11288254589492 -11.5 54.4748732224872
v -39.08394660804956 -11.5 58.12860905194637
v -24.761323051297563 -11.5 64.50545190828814
v -17.883022172445962 -11.5 66.74034734044314
v -10.808791160406441 -11.5 68.2440215608217
v -3.6161367705296783 -11.5 69.0
v 3.6161367705298915 -11.5 69.0
v 10.808791160405825 -11.5 68.24402156082178
v 17.88302217244528 -11.5 66.74034734044322
v 24.76132305129606 -11.5 64.5054519082885
v 31.368333693166605 -11.5 61.56382124638898
v 37.63166630683668 -11.5 57.94768447586241
v 50.31548599474633 -11.5 48.73235005504438
v 60.33098480370217 -11.5 37.60901173556116
v 66.74034734044338 -11.5 17.883022172444953
v 68.24402156082178 -11.5 10.808791160406074
v 69.0 -11.5 3.6161367705301624
v 69.0 -11.5 -3.6161367705297116
v 68.24402156082184 -11.5 -10.808791160405612
v 66.7403473404434 -11.5 -17.883022172444416
v 64.50545190828754 -11.5 -24.761323051298675
v 61.56382124639065 -11.5 -31.368333693163194
v 52.422551483510716 -11.5 -47.20147736816446
v 34.69003564494081 -11.5 -60.084904253414024
v 24.761323051297975 -11.5 -64.50545190828791
v 17.8830221724448 -11.5 -66.74034734044342
v 10.808791160406678 -11.5 -68.2440215608217
v 5.142484940474767 -11.5 -68.83957434284879
v 3.6161367705299803 -11.5 -69.0
v -3.616136770529806 -11.5 -69.0
v -10.808791160406825 -11.5 -68.24402156082166
v -17.883022172442978 -11.5 -66.74034734044382
v -24.761323051297353 -11.5 -64.50545190828791
v 81.45991131887641 -11.5 -6.34973041804396
v 84.26628288710637 -11.5 -0.046516674559875515
v 85.82859534946705 -11.5 2.6594878875467916
v 87.74336565862629 -11.5 0.024032652165015378
v 91.2529472849484 -11.5 -6.054741037935161
v 91.66609228105231 -11.5 -7.9984354261859565
v 91.32593646670989 -11.5 -11.234801815062369
v 90.32408922622113 -11.5 -13.48498755903453
v 88.79720942236862 -11.5 -15.58655731578961
v 83.40009599202455 -11.5 -20.446140076005467
v 82.43453378923826 -11.5 -17.474445180371422
v 81.0 -11.5 -10.725494322456854
v 81.0 -11.5 -8.513443056519826
v 81.45991131887641 -11.5 -6.34973041804396
v 60.87629332799189 -12.5 37.00338526404197
v 62.14791228132136 -12.5 35.2531519269508
v 51.193254815723975 -12.5 -49.33068165434627
v -86.39951820479843 -12.5 -0.17237837478124807
v -87.2850921247466 -12.5 1.8166532154328339
v -87.96004318368641 -12.5 4.992048289745425
v -87.10468214551763 -12.5 13.130264946825996
v -83.9367289220169 -12.5 18.617320885930834
v 85.18518428833676 -12.5 3.545067239517696
v 87.74336565862629 -12.5 0.024032652165015378
v 91.2529472849484 -12.5 -6.054741037935161
v 91.66609228105231 -12.5 -7.9984354261859565
v 91.32593646670989 -12.5 -11.234801815062369
v 90.32408922622113 -12.5 -13.48498755903453
v 88.79720942236862 -12.5 -15.58655731578961
v 82.58662270587311 -12.5 -21.178594712784452
v 31.822947224947114 -12.5 -62.45605053981718
v 25.120182805665305 -12.5 -65.4403135301469
v 18.142196406827843 -12.5 -67.70759875117452
v 12.061926578075935 -12.5 -69.0
v -7.252192233331619 -12.5 -69.0
v -26.144251208996923 -12.5 -64.98436890126531
v -31.82294722494961 -12.5 -62.45605053981588
v -38.1770527750501 -12.5 -58.787505990006075
v -44.11288254589313 -12.5 -54.474873222488306
v -18.14219640682839 -12.5 67.7075987511744
v -10.96544030765849 -12.5 69.23306535155832
v -3.668544549813298 -12.5 70.0
v 3.668544549812907 -12.5 70.0
v 10.965440307658369 -12.5 69.2330653515583
v 18.14219640682788 -12.5 67.70759875117446
v 25.12018280566473 -12.5 65.44031353014704
v 31.822947224946383 -12.5 62.45605053981744
v 67.70759875117442 -12.5 18.142196406827907
v 69.23306535155822 -12.5 10.965440307658582
v 70.0 -12.5 3.6685445498126428
v 70.0 -12.5 -2.547562123853368
v 64.98436890126514 -12.5 -26.144251208997662
v 62.45605053981736 -12.5 -31.822947224946635
v 55.078322853552 -12.5 -44.60154642196588
v 31.822947224947114 -12.5 -62.45605053981718
v 57.48319002592406 -12.5 -42.43619429396298
v 58.56489371649045 -12.5 -40.562628543167214
v 57.89636406996408 -12.5 -42.06417071371045
v 57.48319002592406 -12.5 -42.43619429396298
v 65.3768224621808 -12.5 29.107636714485775
v 65.71855496043788 -12.5 27.499911713798156
v 65.05002531391172 -12.5 29.557434401025347
v 65.3768224621808 -12.5 29.107636714485775
v 78.4296458059543 -12.5 -9.566772233506018
v 78.6123756949066 -12.5 -7.828213473333794
v 82.48182430025443 -12.5 0.8627103890099763
v 83.9944550879537 -12.5 3.482663766398088
v 81.43488820700377 -12.5 -20.8699883839179
v 78.74875919901388 -12.5 -12.602933357298484
v 78.4296458059543 -12.5 -9.566772233506018
v 80.62141492085227 -12.5 -21.602443020696693
v 80.30542191794768 -12.5 -21.886964398481773
v 79.53277955704485 -12.5 -18.25196788351973
v 80.62141492085227 -12.5 -21.602443020696693
v 44.11288254589246 -12.5 54.47487322248893
v 49.56540234434718 -12.5 49.56540234434626
v 54.47487322248895 -12.5 44.11288254589253
v 63.147912281321425 -12.5 32.17546838977522
v 67.3611961311574 -12.5 19.208314047688635
v 69.0 -12.5 3.6161367705301624
v 69.0 -12.5 -3.6161367705297116
v 68.24402156082184 -12.5 -10.808791160405612
v 66.74034734044322 -12.5 -17.88302217244529
v 63.3818489777922 -12.5 -28.219417292806536
v 52.673455681180315 -12.5 -46.766898549968445
v 44.11288254589459 -12.5 -54.47487322248712
v 38.177052775050505 -12.5 -58.78750599000563
v 32.79374648302339 -12.5 -61.89555932683766
v 14.42492793093669 -12.5 -67.86395027093906
v 3.6161367705299803 -12.5 -69.0
v -3.616136770529849 -12.5 -69.0
v -10.808791160406228 -12.5 -68.24402156082174
v -17.8830221724443 -12.5 -66.74034734044348
v -28.21941729280701 -12.5 -63.38184897779193
v -44.945934835195445 -12.5 -53.72478957208892
v -49.5654023443484 -12.5 -49.56540234434514
v -54.47487322248673 -12.5 -44.112882545895246
v -81.28033651358815 -12.5 -7.218327502169473
v -85.15851218053263 -12.5 -0.5011302063443566
v -86.81118403828694 -12.5 3.2108315613684555
v -86.97646618224417 -12.5 4.783386116752733
v -86.09784418791392 -12.5 13.14291598830642
v -84.88461116948368 -12.5 15.867881963015448
v -83.19340354292703 -12.5 18.19562956397094
v -78.00339147174849 -12.5 23.959721922336378
v -67.05415683119843 -12.5 33.818457074653736
v -44.11288254589381 -12.5 54.47487322248793
v -38.177052775052 -12.5 58.7875059900048
v -31.822947224947914 -12.5 62.456050539816694
v -25.12018280566339 -12.5 65.44031353014758
v -19.208314047689495 -12.5 67.36119613115727
v -3.6161367705296783 -12.5 69.0
v 3.6161367705303604 -12.5 69.0
v 10.80879116040645 -12.5 68.24402156082176
v 17.88302217244416 -12.5 66.74034734044359
v 32.79374648302338 -12.5 61.8955593268376
v 38.17705277505321 -12.5 58.78750599000396
v 44.11288254589246 -12.5 54.47487322248893
v 80.0 -12.5 -8.408338821254027
v 80.50361611740891 -12.5 -6.039011271673582
v 83.37405359368157 -12.5 0.40809685722716815
v 84.63786614908379 -12.5 2.5970844144274463
v 89.22660912008332 -12.5 -3.718778448545456
v 90.19768252768208 -12.5 -5.899845032172725
v 90.65501470353142 -12.5 -8.051423756706852
v 90.50723979630926 -12.5 -9.457408081207424
v 89.28805990053762 -12.5 -13.209657975279125
v 88.04997114743568 -12.5 -14.91374095098727
v 82.24836149315553 -12.5 -20.13753374713859
v 81.46728237850675 -12.5 -17.73361941475263
v 80.0 -12.5 -10.830598557722631
v 80.0 -12.5 -8.408338821254027
v -85.15851218053263 -13.5 -0.5011302063443566
v -86.81118403828694 -13.5 3.2108315613684555
v -86.97646618224417 -13.5 4.783386116752733
v -86.09784418791392 -13.5 13.14291598830642
v -84.88461116948368 -13.5 15.867881963015448
v -83.19340354292703 -13.5 18.19562956397094
v 89.22660912008332 -13.5 -3.718778448545456
v 90.19768252768208 -13.5 -5.899845032172725
v 90.65501470353142 -13.5 -8.051423756706852
v 90.50723979630926 -13.5 -9.457408081207424
v 89.28805990053762 -13.5 -13.209657975279125
v 88.04997114743568 -13.5 -14.91374095098727
v -25.1201828056631 -13.5 -65.44031353014758
v 70.0 -13.5 -3.6685445498126485
v 69.2330653515582 -13.5 -10.965440307659044
v 67.70759875117454 -13.5 -18.14219640682767
v 65.44031353014742 -13.5 -25.120182805663614
v 10.965440307658028 -13.5 -69.23306535155837
v 3.66854454981328 -13.5 -70.0
v -3.6685445498132125 -13.5 -70.0
v -10.965440307658824 -13.5 -69.23306535155828
v -18.142196406827058 -13.5 -67.70759875117473
v -25.1201828056631 -13.5 -65.44031353014758
v 77.0 -13.5 -11.145911263519267
v 77.0 -13.5 -8.959533927489689
v 79.91836886570557 -13.5 0.02228188589723823
v 82.4223956026393 -13.5 5.646418019889699
v 79.44731218787517 -13.5 -22.659609869890375
v 77.0 -13.5 -11.145911263519267
v -7.252192233331619 -13.5 -69.0
v -26.144251208996636 -13.5 -64.98436890126537
v -31.822947224948493 -13.5 -62.4560505398163
v -38.17705277505165 -13.5 -58.78750599000495
v -44.11288254589217 -13.5 -54.474873222489
v -49.56540234434928 -13.5 -49.56540234434416
v -54.47487322248673 -13.5 -44.112882545895246
v -81.28033651358815 -13.5 -7.218327502169473
v -84.80880679148301 -13.5 -1.1068377078589264
v -85.61153500883462 -13.5 1.3637057115101232
v -86.0 -13.5 5.059703215163843
v -86.0 -13.5 9.03896423284812
v -85.17266511360792 -13.5 12.93126884999009
v -84.0242479242876 -13.5 16.465733527370137
v -82.72540638488421 -13.5 18.715393064597787
v -78.00339147174822 -13.5 23.959721922336684
v -69.93422267987816 -13.5 31.225234136658422
v -44.11288254589381 -13.5 54.47487322248793
v -38.17705277505217 -13.5 58.78750599000468
v -31.82294722494739 -13.5 62.45605053981697
v -25.12018280566523 -13.5 65.44031353014682
v -18.14219640682711 -13.5 67.70759875117464
v -10.965440307658326 -13.5 69.23306535155832
v -3.6685445498131557 -13.5 70.0
v 3.6685445498127436 -13.5 70.0
v 10.965440307658524 -13.5 69.23306535155827
v 18.142196406827505 -13.5 67.70759875117454
v 25.1201828056647 -13.5 65.440313530147
v 31.822947224946855 -13.5 62.45605053981717
v 38.17705277505201 -13.5 58.787505990004654
v 44.112882545894685 -13.5 54.474873222487126
v 49.5654023443462 -13.5 49.56540234434735
v 54.47487322248842 -13.5 44.11288254589313
v 63.14791228132152 -13.5 32.17546838977493
v 67.70759875117442 -13.5 18.142196406827907
v 69.23306535155822 -13.5 10.965440307658582
v 70.0 -13.5 3.6685445498126428
v 70.0 -13.5 -2.547562123853368
v 64.98436890126528 -13.5 -26.14425120899698
v 62.45605053981648 -13.5 -31.82294722494816
v 55.07832285355205 -13.5 -44.6015464219658
v 44.11288254589299 -13.5 -54.47487322248849
v 38.17705277505229 -13.5 -58.78750599000458
v 31.822947224948827 -13.5 -62.45605053981606
v 25.1201828056625 -13.5 -65.44031353014773
v 18.14219640682734 -13.5 -67.70759875117459
v 12.061926578075706 -13.5 -69.0
v -7.252192233331619 -13.5 -69.0
v 58.564893716489244 -13.5 -40.56262854316931
v 57.89636406996376 -13.5 -42.06417071371071
v 57.483190025924095 -13.5 -42.43619429396291
v 58.564893716489244 -13.5 -40.56262854316931
v 65.71855496043788 -13.5 27.499911713798156
v 65.05002531391182 -13.5 29.557434401025052
v 65.1623206542393 -13.5 29.402873124845144
v 65.3768224621808 -13.5 29.107636714485775
v 65.71855496043788 -13.5 27.499911713798156
v 78.6123756949066 -13.5 -7.828213473333794
v 82.48182430025443 -13.5 0.8627103890099763
v 83.99445508795355 -13.5 3.482663766397843
v 86.39951820479885 -13.5 0.17237837477977935
v 89.10537767743595 -13.5 -5.9050815057802
v 89.47312933830453 -13.5 -9.404004835929591
v 88.38594686794703 -13.5 -12.750008426854246
v 84.47564195721883 -13.5 -18.13208140951027
v 81.4348882070037 -13.5 -20.8699883839177
v 78.74875919901388 -13.5 -12.602933357298484
v 78.4296458059543 -13.5 -9.566772233506018
v 78.6123756949066 -13.5 -7.828213473333794
v 80.30542191794768 -13.5 -21.886964398481773
v 79.53277955704485 -13.5 -18.25196788351973
v 80.62141492085227 -13.5 -21.602443020696683
v 80.41614470131675 -13.5 -21.78726915654036
v 80.30542191794768 -13.5 -21.886964398481773
v -81.28033651358817 -14.5 -7.218327502169458
v -84.80880679148301 -14.5 -1.1068377078589378
v -85.61153500883462 -14.5 1.3637057115101232
v -86.0 -14.5 5.059703215163843
v -86.0 -14.5 9.03896423284812
v -85.17266511360792 -14.5 12.93126884999009
v -84.0242479242876 -14.5 16.465733527370137
v -82.72540638488411 -14.5 18.71539306459796
v -78.00339147174832 -14.5 23.959721922336595
v 82.4223956026393 -14.5 5.646418019889699
v 86.39951820479885 -14.5 0.17237837477977935
v 89.10537767743595 -14.5 -5.9050815057802
v 89.47312933830453 -14.5 -9.404004835929591
v 88.38594686794703 -14.5 -12.750008426854246
v 84.47564195721883 -14.5 -18.13208140951027
v 79.44731218787517 -14.5 -22.659609869890375
v 76.67843531153848 -14.5 -4.796134686193866
v 81.70225353384248 -14.5 6.487545786510832
v 78.56802665494207 -14.5 -23.33263102156865
v 75.65320402001221 -14.5 -9.619468689488242
v 76.67843531153848 -14.5 -4.796134686193866
v -31.822947224948493 -14.5 -62.4560505398163
v -38.17705277505189 -14.5 -58.78750599000481
v -44.11288254589195 -14.5 -54.4748732224892
v -49.56540234434933 -14.5 -49.565402344344115
v -54.47487322248669 -14.5 -44.1128825458953
v -75.65712888269096 -14.5 -14.958008820392365
v -83.89022927006596 -14.5 -0.6978606456438159
v -84.62799949766155 -14.5 1.5727626380451618
v -85.0 -14.5 5.11211099444715
v -85.0 -14.5 8.933859997582328
v -84.2054137028771 -14.5 12.672094615605845
v -83.10567040287042 -14.5 16.05675646515536
v -81.91193309873259 -14.5 18.124370126812494
v -70.89389418989686 -14.5 30.361142027840152
v -44.11288254589495 -14.5 54.47487322248712
v -38.17705277505242 -14.5 58.78750599000454
v -31.82294722494739 -14.5 62.45605053981697
v -25.12018280566523 -14.5 65.44031353014682
v -18.14219640682711 -14.5 67.70759875117464
v -10.965440307658326 -14.5 69.23306535155832
v -3.6685445498131557 -14.5 70.0
v 3.6685445498127436 -14.5 70.0
v 10.965440307659023 -14.5 69.23306535155821
v 18.14219640682696 -14.5 67.70759875117471
v 25.1201828056647 -14.5 65.440313530147
v 31.8229472249483 -14.5 62.45605053981652
v 38.17705277505067 -14.5 58.78750599000563
v 44.1128825458956 -14.5 54.47487322248646
v 49.565402344345515 -14.5 49.56540234434814
v 54.47487322248829 -14.5 44.1128825458933
v 65.37682246218078 -14.5 29.107636714486105
v 69.23306535155822 -14.5 10.96544030765881
v 70.0 -14.5 3.6685445498126428
v 70.0 -14.5 -3.6685445498126485
v 69.2330653515582 -14.5 -10.965440307659044
v 67.70759875117454 -14.5 -18.14219640682767
v 65.44031353014742 -14.5 -25.120182805663614
v 57.89636406996376 -14.5 -42.06417071371071
v 44.11288254589299 -14.5 -54.47487322248849
v 38.17705277505229 -14.5 -58.78750599000458
v 31.822947224948827 -14.5 -62.45605053981606
v 25.1201828056625 -14.5 -65.44031353014773
v 18.14219640682734 -14.5 -67.70759875117459
v 10.965440307658028 -14.5 -69.23306535155837
v 3.66854454981328 -14.5 -70.0
v -3.6685445498132125 -14.5 -70.0
v -10.965440307658824 -14.5 -69.23306535155828
v -18.142196406827058 -14.5 -67.70759875117473
v -25.1201828056631 -14.5 -65.44031353014758
v -31.822947224948493 -14.5 -62.4560505398163
v 77.0 -14.5 -8.959533927489689
v 79.91836886570557 -14.5 0.02228188589723823
v 82.32028752259237 -14.5 5.417079517191552
v 85.15851218053254 -14.5 0.501130206344321
v 88.0 -14.5 -5.880955928780526
v 88.0 -14.5 -9.249172703379513
v 87.29970835535246 -14.5 -12.543785860204546
v 83.19340354292747 -14.5 -18.195629563970442
v 79.39511757022727 -14.5 -22.414053500151383
v 77.0 -14.5 -11.145911263519267
v 77.0 -14.5 -8.959533927489689
v -75.65712888269096 -15.5 -14.958008820392365
v -83.89022927006596 -15.5 -0.6978606456438159
v -84.62799949766155 -15.5 1.5727626380451618
v -85.0 -15.5 5.11211099444715
v -85.0 -15.5 8.933859997582328
v -84.2054137028771 -15.5 12.672094615605845
v -83.10567040287042 -15.5 16.05675646515536
v -81.91193309873259 -15.5 18.124370126812494
v -70.89389418989686 -15.5 30.361142027840152
v 81.70225353384248 -15.5 6.487545786510832
v 85.15851218053254 -15.5 0.501130206344321
v 88.0 -15.5 -5.880955928780526
v 88.0 -15.5 -9.249172703379513
v 87.29970835535246 -15.5 -12.543785860204546
v 83.19340354292747 -15.5 -18.195629563970442
v 78.56802665494207 -15.5 -23.33263102156865
v 67.65595046347477 -15.5 25.970686139065236
v 60.77789635434252 -15.5 -39.4696273910814
v 75.09704644787864 -15.5 -25.69306852839359
v 74.0 -15.5 -15.255368800065913
v 74.0 -15.5 -8.484380606515739
v 79.47070149002556 -15.5 8.352707306136006
v -31.82294722494631 -15.5 -62.45605053981747
v -38.177052775053525 -15.5 -58.78750599000375
v -44.11288254589318 -15.5 -54.47487322248844
v -49.56540234434796 -15.5 -49.56540234434571
v -54.474873222487965 -15.5 -44.11288254589395
v -70.03392125179722 -15.5 -22.697690138609545
v -82.9716517486485 -15.5 -0.28888358342981124
v -83.64446398648847 -15.5 1.781819564580274
v -84.0 -15.5 5.16451877373027
v -84.0 -15.5 8.828755762317023
v -83.23816229214611 -15.5 12.412920381222571
v -82.18709288145337 -15.5 15.647779402940351
v -81.09845981258086 -15.5 17.533347189027225
v -63.78439690804901 -15.5 36.76256213334033
v -44.11288254589623 -15.5 54.47487322248615
v -38.17705277505183 -15.5 58.78750599000489
v -31.822947224948443 -15.5 62.45605053981637
v -25.120182805663422 -15.5 65.44031353014746
v -18.142196406827818 -15.5 67.70759875117447
v -10.965440307658127 -15.5 69.23306535155834
v -3.668544549813028 -15.5 70.0
v 3.6685445498125233 -15.5 70.0
v 10.965440307658504 -15.5 69.23306535155824
v 18.14219640682825 -15.5 67.70759875117434
v 25.120182805663397 -15.5 65.44031353014748
v 31.82294722494865 -15.5 62.456050539816275
v 38.17705277505287 -15.5 58.7875059900043
v 44.11288254589351 -15.5 54.47487322248827
v 49.565402344346964 -15.5 49.56540234434674
v 54.474873222486416 -15.5 44.1128825458956
v 65.37682246218084 -15.5 29.107636714485743
v 69.23306535155822 -15.5 10.965440307658696
v 70.0 -15.5 3.6685445498126428
v 70.0 -15.5 -3.6685445498126485
v 69.23306535155818 -15.5 -10.96544030765908
v 67.70759875117456 -15.5 -18.142196406827622
v 65.4403135301474 -15.5 -25.120182805663653
v 57.89636406996375 -15.5 -42.064170713710716
v 44.11288254589299 -15.5 -54.4748732224885
v 38.177052775052346 -15.5 -58.787505990004554
v 31.8229472249489 -15.5 -62.45605053981602
v 25.120182805662566 -15.5 -65.44031353014769
v 18.14219640682739 -15.5 -67.70759875117456
v 10.965440307658007 -15.5 -69.23306535155835
v 3.668544549813099 -15.5 -70.0
v -3.668544549812463 -15.5 -70.0
v -10.965440307659357 -15.5 -69.23306535155814
v -18.14219640682846 -15.5 -67.7075987511744
v -25.1201828056635 -15.5 -65.44031353014758
v -31.82294722494631 -15.5 -62.45605053981747
v 81.19949939406074 -15.5 5.35834150032848
v 84.26628288710623 -15.5 0.04651667456011488
v 87.0 -15.5 -6.09351249045055
v 87.0 -15.5 -9.144068468113815
v 86.36575374874982 -15.5 -12.127962478569405
v 82.41519106831957 -15.5 -17.56544552760156
v 78.31103367177445 -15.5 -22.123574095033586
v 75.65320402001221 -15.5 -9.619468689488242
v 76.67843531153848 -15.5 -4.796134686193866
v 81.19949939406074 -15.5 5.35834150032848
v -84.0 -16.5 8.828755762317023
v -83.23816229214611 -16.5 12.412920381222571
v -82.18709288145337 -16.5 15.647779402940351
v -81.09845981258086 -16.5 17.533347189027225
v -63.78439690804901 -16.5 36.76256213334033
v -82.9716517486485 -16.5 -0.28888358342981124
v -83.64446398648847 -16.5 1.781819564580274
v -84.0 -16.5 5.16451877373027
v -84.0 -16.5 8.828755762317023
v 86.36575374874982 -16.5 -12.127962478569405
v 82.41519106831957 -16.5 -17.56544552760156
v 75.09704644787864 -16.5 -25.69306852839359
v 79.47070149002556 -16.5 8.352707306136006
v 84.26628288710623 -16.5 0.04651667456011488
v 87.0 -16.5 -6.09351249045055
v 87.0 -16.5 -9.144068468113815
v 86.36575374874982 -16.5 -12.127962478569405
v 70.0 -16.5 22.744378736303375
v 67.23306535155822 -16.5 -29.994169216103927
v 66.88342883139813 -16.5 -33.32073849541361
v 66.41552383791817 -16.5 -33.840399636923536
v 67.23306535155822 -16.5 -29.994169216103927
v 65.71855496043811 -16.5 -27.499911713797374
v 63.741509811702095 -16.5 -36.80117784833935
v 62.26418600529727 -16.5 -38.13136617836374
v 65.71855496043811 -16.5 -27.499911713797374
v 72.0 -16.5 -13.340132341884232
v 72.8036005951947 -16.5 -5.694383403571939
v 77.70924537878363 -16.5 9.403638786109655
v 72.0 -16.5 -27.63821052254988
v 72.0 -16.5 -13.340132341884232
v 72.0 -16.5 19.292341855040974
v 72.34963652016015 -16.5 18.686753637942008
v 72.0 -16.5 15.360184358632697
v 72.0 -16.5 19.292341855040974
v 73.62018915410972 -16.5 0.054885738346094115
v 76.17293433375457 -16.5 12.064607572329319
v 77.03642901398051 -16.5 10.5689909141125
v 73.62018915410972 -16.5 0.054885738346094115
v -44.11288254589273 -16.5 54.47487322248876
v -38.919031496407065 -16.5 58.24842689406538
v -38.177052775052005 -16.5 58.787505990004874
v -31.822947224949367 -16.5 62.45605053981594
v -25.120182805663422 -16.5 65.44031353014744
v -18.142196406827686 -16.5 67.70759875117449
v -10.965440307658007 -16.5 69.23306535155835
v -3.6685445498131344 -16.5 70.0
v 3.6685445498125873 -16.5 70.0
v 10.965440307658419 -16.5 69.23306535155825
v 18.142196406828607 -16.5 67.70759875117427
v 25.120182805663692 -16.5 65.44031353014744
v 31.822947224947022 -16.5 62.456050539817085
v 38.17705277505247 -16.5 58.7875059900044
v 44.112882545893235 -16.5 54.47487322248826
v 49.565402344347035 -16.5 49.56540234434641
v 54.47487322248755 -16.5 44.112882545894095
v 67.65595046347477 -16.5 25.970686139065236
v 70.0 -16.5 3.6685445498126428
v 70.0 -16.5 -3.6685445498125935
v 69.9662078603177 -16.5 -3.990055282438085
v 69.23306535155824 -16.5 -10.965440307658758
v 68.91613050992606 -16.5 -12.456501506344331
v 67.70759875117464 -16.5 -18.142196406827242
v 60.77789635434252 -16.5 -39.4696273910814
v 44.11288254589503 -16.5 -54.47487322248696
v 39.91484504348922 -16.5 -57.52492600214619
v 38.17705277505131 -16.5 -58.78750599000523
v 31.822947224947402 -16.5 -62.45605053981698
v 25.120182805665443 -16.5 -65.44031353014675
v 18.142196406827434 -16.5 -67.70759875117453
v 10.965440307657971 -16.5 -69.23306535155834
v 3.668544549812953 -16.5 -70.0
v -3.6685445498123563 -16.5 -70.0
v -10.965440307658653 -16.5 -69.2330653515582
v -18.142196406827715 -16.5 -67.70759875117446
v -25.120182805664758 -16.5 -65.44031353014697
v -31.822947224946468 -16.5 -62.456050539817355
v -38.1770527750524 -16.5 -58.78750599000439
v -44.112882545892944 -16.5 -54.47487322248841
v -49.565402344346836 -16.5 -49.56540234434649
v -54.47487322248769 -16.5 -44.11288254589378
v -70.03392125179701 -16.5 -22.697690138609786
v -78.59066747692702 -16.5 -7.87697092921141
v -81.78809210942391 -16.5 -0.6954376228362094
v -83.86421101483012 -16.5 5.694199353550779
v -83.21546740703981 -16.5 11.86658247541502
v -80.28498652642932 -16.5 16.942324251241605
v -56.67489962619643 -16.5 43.163982238844824
v -50.74201976179254 -16.5 48.50597126308729
v -44.11288254589273 -16.5 54.47487322248876
v 74.0 -16.5 -15.255368800065913
v 74.0 -16.5 -8.484380606515739
v 79.05487810839001 -16.5 7.072934530103753
v 83.37405359368087 -16.5 -0.40809685722613764
v 85.84702902572093 -16.5 -5.962490618549745
v 85.21073697762203 -16.5 -12.01640506348674
v 81.63697859371261 -16.5 -16.93526149123167
v 74.95638952653019 -16.5 -24.354807315675515
v 74.0 -16.5 -15.255368800065913
v -70.03392125179701 -17.5 -22.697690138609786
v -78.59066747692702 -17.5 -7.87697092921141
v -81.78809210942391 -17.5 -0.6954376228362094
v -83.86421101483012 -17.5 5.694199353550779
v -83.21546740703981 -17.5 11.86658247541502
v -80.28498652642932 -17.5 16.942324251241605
v 70.0 -17.5 22.744378736303375
v 60.77789635434259 -17.5 -39.469627391081374
v 67.23306535155822 -17.5 -29.994169216103927
v 66.88342883139813 -17.5 -33.32073849541361
v 66.41552383791817 -17.5 -33.840399636923536
v 67.23306535155822 -17.5 -29.994169216103927
v 63.741509811702095 -17.5 -36.80117784833935
v 62.26418600529727 -17.5 -38.13136617836374
v 77.70924537878363 -17.5 9.403638786109655
v 83.37405359368087 -17.5 -0.40809685722613764
v 85.84702902572093 -17.5 -5.962490618549745
v 85.21073697762203 -17.5 -12.01640506348674
v 81.63697859371261 -17.5 -16.93526149123167
v 72.0 -17.5 -27.63821052254988
v 72.0 -17.5 19.292341855040974
v 72.34963652016015 -17.5 18.686753637942008
v 72.0 -17.5 15.360184358632697
v 72.0 -17.5 19.292341855040974
v 76.17293433375457 -17.5 12.064607572329319
v 77.03642901398051 -17.5 10.5689909141125
v 71.99396763306241 -17.5 15.302790221066491
v 67.23909771849578 -17.5 -29.936775078538105
v 68.37749070088033 -17.5 -28.67246158550809
v 72.84461844141444 -17.5 13.829419801501222
v -54.474873222487155 -17.5 -44.11288254589452
v -58.78750599000503 -17.5 -38.177052775051706
v -81.13449670581377 -17.5 0.5290705409990508
v -82.84747090871302 -17.5 5.801063044867959
v -82.2431637224203 -17.5 11.550661857562712
v -79.01641493926323 -17.5 17.139554693251572
v -74.45734601360299 -17.5 23.414574736712073
v -56.67489962619643 -17.5 43.163982238844824
v -44.112882545892845 -17.5 54.47487322248869
v -38.177052775052005 -17.5 58.787505990004874
v -31.822947224949367 -17.5 62.45605053981594
v -25.120182805663422 -17.5 65.44031353014744
v -18.142196406827686 -17.5 67.70759875117449
v -10.965440307658007 -17.5 69.23306535155835
v -3.6685445498131344 -17.5 70.0
v 3.6685445498125873 -17.5 70.0
v 10.96544030765859 -17.5 69.23306535155824
v 18.142196406828326 -17.5 67.70759875117436
v 25.120182805663692 -17.5 65.44031353014744
v 31.822947224947022 -17.5 62.456050539817085
v 38.17705277505247 -17.5 58.7875059900044
v 44.112882545893235 -17.5 54.47487322248826
v 49.565402344347035 -17.5 49.56540234434641
v 54.474873222488675 -17.5 44.112882545892845
v 58.78750599000469 -17.5 38.17705277505202
v 70.0 -17.5 18.756443470178443
v 70.0 -17.5 -3.6685445498125935
v 69.91808139152303 -17.5 -4.44794804644522
v 69.2330653515583 -17.5 -10.965440307658476
v 67.70759875117473 -17.5 -18.142196406827043
v 61.97610485312479 -17.5 -35.7819208202759
v 49.565402344345294 -17.5 -49.565402344348485
v 44.112882545895175 -17.5 -54.47487322248689
v 38.17705277505082 -17.5 -58.787505990005585
v 31.822947224947512 -17.5 -62.456050539817035
v 25.120182805665088 -17.5 -65.440313530147
v 18.142196406828077 -17.5 -67.70759875117447
v 10.965440307658621 -17.5 -69.2330653515583
v 3.6685445498131557 -17.5 -70.0
v -3.6685445498123563 -17.5 -70.0
v -10.965440307658987 -17.5 -69.23306535155817
v -18.14219640682836 -17.5 -67.70759875117436
v -25.120182805664825 -17.5 -65.44031353014707
v -31.822947224948553 -17.5 -62.45605053981653
v -38.17705277504975 -17.5 -58.787505990006316
v -44.112882545892944 -17.5 -54.47487322248841
v -49.56540234434742 -17.5 -49.56540234434596
v -54.474873222487155 -17.5 -44.11288254589452
v 64.57064817575389 -17.5 -32.9003885358975
v 63.62122490254729 -17.5 -33.95482990499084
v 65.71855496043811 -17.5 -27.499911713797374
v 64.57064817575389 -17.5 -32.9003885358975
v 72.8036005951947 -17.5 -5.694383403571939
v 76.8775986155126 -17.5 6.8440932340452445
v 83.53936387818614 -17.5 -4.694422669002753
v 84.14721812627026 -17.5 -6.565205681333277
v 84.25770014695281 -17.5 -7.6163718917460335
v 83.43517860034257 -17.5 -11.486031525623067
v 82.68985369880146 -17.5 -12.77697212323859
v 72.0 -17.5 -24.649257422820646
v 72.0 -17.5 -13.340132341884232
v 72.8036005951947 -17.5 -5.694383403571939
v 75.55149604101487 -17.5 9.140970269123201
v 76.20478225070946 -17.5 8.009445362048066
v 73.62018915410972 -17.5 0.054885738346094115
v 75.55149604101487 -17.5 9.140970269123201
v -81.13449670581377 -18.5 0.5290705409990508
v -82.84747090871302 -18.5 5.801063044867959
v -82.2431637224203 -18.5 11.550661857562712
v -79.01641493926323 -18.5 17.139554693251572
v -74.45734601360299 -18.5 23.414574736712073
v -56.67489962619763 -18.5 43.16398223884378
v 83.53936387818614 -18.5 -4.694422669002753
v 84.14721812627026 -18.5 -6.565205681333277
v 84.25770014695281 -18.5 -7.6163718917460335
v 83.43517860034257 -18.5 -11.486031525623067
v 82.68985369880146 -18.5 -12.77697212323859
v 83.53936387818614 -18.5 -4.694422669002753
v 31.822947224948855 -18.5 62.45605053981618
v 38.17705277505004 -18.5 58.78750599000597
v 44.11288254589486 -18.5 54.47487322248688
v 49.56540234434691 -18.5 49.56540234434661
v 54.4748732224877 -18.5 44.11288254589397
v 58.78750599000469 -18.5 38.17705277505202
v 71.99396763306241 -18.5 15.302790221066491
v 67.23909771849583 -18.5 -29.936775078537693
v 49.5654023443436 -18.5 -49.56540234434986
v 44.112882545894806 -18.5 -54.474873222487204
v 38.17705277505226 -18.5 -58.78750599000462
v 31.822947224947526 -18.5 -62.45605053981688
v 25.12018280566475 -18.5 -65.440313530147
v 18.14219640682745 -18.5 -67.70759875117456
v 10.96544030765817 -18.5 -69.23306535155834
v 6.7253522321536225 -18.5 -69.67871656619336
v 3.668544549813099 -18.5 -70.0
v -3.6685445498123173 -18.5 -70.0
v -10.965440307659351 -18.5 -69.23306535155812
v -18.14219640682773 -18.5 -67.70759875117453
v -25.120182805662818 -18.5 -65.44031353014769
v -31.82294722495009 -18.5 -62.45605053981557
v -38.17705277505132 -18.5 -58.78750599000532
v -44.11288254589222 -18.5 -54.47487322248911
v -49.56540234434748 -18.5 -49.565402344345934
v -54.474873222488384 -18.5 -44.11288254589316
v -58.78750599000455 -18.5 -38.177052775052374
v -76.80620889007625 -18.5 -6.967743865639449
v -81.54732091594111 -18.5 3.6809680936525284
v -81.89357771856102 -18.5 5.309978272869882
v -81.2708600378009 -18.5 11.234741239709933
v -78.17659342512012 -18.5 16.594168225037166
v -73.67913353899817 -18.5 22.784390700339856
v -49.56540234434697 -18.5 49.565402344346616
v -44.11288254589298 -18.5 54.47487322248863
v -38.17705277505262 -18.5 58.787505990004476
v -31.82294722494808 -18.5 62.456050539816644
v -25.120182805664808 -18.5 65.44031353014698
v -18.14219640682793 -18.5 67.70759875117442
v -10.965440307657865 -18.5 69.23306535155835
v -3.668544549812985 -18.5 70.0
v 3.6685445498126157 -18.5 70.0
v 10.965440307658845 -18.5 69.23306535155821
v 18.14219640682815 -18.5 67.70759875117442
v 25.120182805663212 -18.5 65.44031353014756
v 31.822947224948855 -18.5 62.45605053981618
v 72.84461844141444 -18.5 13.829419801501222
v 76.80620889007692 -18.5 6.967743865638226
v 82.77943838766025 -18.5 -6.448349244903371
v 82.3111962434731 -18.5 -10.903375657526883
v 73.67913353899766 -18.5 -22.784390700340104
v 68.37749070088037 -18.5 -28.672461585507698
v 72.84461844141444 -18.5 13.829419801501222
v 73.67913353899766 -19.5 -22.784390700340104
v -76.80620889007625 -19.5 -6.967743865639449
v -81.54732091594111 -19.5 3.6809680936525284
v -81.89357771856102 -19.5 5.309978272869882
v -81.2708600378009 -19.5 11.234741239709933
v -78.17659342512012 -19.5 16.594168225037166
v -73.67913353899817 -19.5 22.784390700339856
v 76.80620889007648 -19.5 6.967743865639221
v 82.77943838766025 -19.5 -6.448349244903371
v 82.3111962434731 -19.5 -10.903375657526883
v 73.67913353899766 -19.5 -22.784390700340104
v 49.5654023443436 -19.5 -49.56540234434986
v 44.11288254589436 -19.5 -54.47487322248761
v 38.17705277505266 -19.5 -58.78750599000439
v 31.822947224947182 -19.5 -62.45605053981708
v 25.120182805665216 -19.5 -65.44031353014684
v 18.14219640682712 -19.5 -67.70759875117466
v 10.96544030765849 -19.5 -69.23306535155831
v 3.668544549813099 -19.5 -70.0
v -3.668544549812566 -19.5 -70.0
v -10.965440307659087 -19.5 -69.23306535155818
v -18.142196406828397 -19.5 -67.70759875117439
v -25.120182805663006 -19.5 -65.4403135301477
v -31.822947224949704 -19.5 -62.45605053981586
v -38.177052775050804 -19.5 -58.7875059900057
v -44.11288254589222 -19.5 -54.47487322248911
v -49.56540234434839 -19.5 -49.56540234434512
v -54.474873222487844 -19.5 -44.11288254589397
v -58.787505990004455 -19.5 -38.17705277505253
v -72.02282277332304 -19.5 -15.252811652075593
v -78.63473051300606 -19.5 -0.4022237230856125
v -80.0 -19.5 6.0208642129782675
v -80.0 -19.5 9.43468724846295
v -78.51278279578405 -19.5 14.01187115408236
v -77.33677191097742 -19.5 16.04878175682153
v -67.27771343349427 -19.5 29.89388798219155
v -49.56540234434548 -19.5 49.56540234434827
v -44.11288254589471 -19.5 54.474873222487375
v -38.17705277505262 -19.5 58.787505990004476
v -31.822947224947942 -19.5 62.45605053981672
v -25.120182805664918 -19.5 65.44031353014694
v -18.142196406827708 -19.5 67.70759875117449
v -10.96544030765796 -19.5 69.23306535155837
v -3.6685445498132054 -19.5 70.0
v 3.6685445498126157 -19.5 70.0
v 10.965440307658845 -19.5 69.23306535155821
v 18.14219640682815 -19.5 67.70759875117442
v 25.120182805663703 -19.5 65.4403135301474
v 31.822947224949644 -19.5 62.45605053981589
v 38.17705277505094 -19.5 58.78750599000561
v 44.112882545893044 -19.5 54.47487322248851
v 49.56540234434691 -19.5 49.56540234434661
v 54.4748732224885 -19.5 44.112882545893086
v 58.787505990004696 -19.5 38.177052775052246
v 72.02282277332316 -19.5 15.252811652075707
v 80.59102571447349 -19.5 -3.9916872400222028
v 81.1235032589237 -19.5 -6.496797128263893
v 81.22446741439008 -19.5 -7.457406900183697
v 80.45991131887651 -19.5 -11.054360527522187
v 79.65983688657865 -19.5 -12.851357124323819
v 67.27771343349406 -19.5 -29.893887982191774
v 49.5654023443436 -19.5 -49.56540234434986
v -72.02282277332304 -20.5 -15.252811652075593
v -78.63473051300606 -20.5 -0.4022237230856125
v -80.0 -20.5 6.0208642129782675
v -80.0 -20.5 9.43468724846295
v -78.51278279578405 -20.5 14.01187115408236
v -77.33677191097742 -20.5 16.04878175682153
v -67.27771343349427 -20.5 29.89388798219155
v -18.142196406828365 -20.5 67.70759875117434
v -10.965440307657921 -20.5 69.23306535155838
v -3.6685445498132836 -20.5 70.0
v 3.668544549813035 -20.5 70.0
v 10.965440307658525 -20.5 69.2330653515583
v 18.142196406827168 -20.5 67.70759875117464
v 25.12018280566407 -20.5 65.44031353014721
v 31.82294722494843 -20.5 62.456050539816395
v 72.02282277332316 -20.5 15.252811652075707
v 80.59102571447349 -20.5 -3.9916872400222028
v 81.1235032589237 -20.5 -6.496797128263893
v 81.22446741439008 -20.5 -7.457406900183697
v 80.45991131887651 -20.5 -11.054360527522187
v 79.65983688657865 -20.5 -12.851357124323819
v 67.27771343349406 -20.5 -29.893887982191774
v -58.787505990005585 -20.5 -38.17705277505053
v -62.45605053981717 -20.5 -31.822947224946958
v -77.11378400012741 -20.5 1.09886114899615
v -77.74325091945039 -20.5 3.0361611237929127
v -78.42964580595427 -20.5 9.566772233505635
v -78.27411448218888 -20.5 11.04655393185734
v -75.96195025747517 -20.5 16.239759807870136
v -60.87629332799081 -20.5 37.00338526404295
v -49.565402344346346 -20.5 49.56540234434725
v -44.112882545894706 -20.5 54.47487322248713
v -38.17705277505144 -20.5 58.78750599000509
v -37.62717825629275 -20.5 59.104976191430936
v -31.82294722494935 -20.5 62.45605053981581
v -25.12018280566174 -20.5 65.44031353014805
v -19.20831404768903 -20.5 67.36119613115736
v -3.6161367705299696 -20.5 69.0
v 7.25219223333165 -20.5 69.0
v 17.883022172443397 -20.5 66.74034734044368
v 32.79374648302445 -20.5 61.895559326837066
v 38.177052775052225 -20.5 58.78750599000461
v 44.112882545893406 -20.5 54.47487322248818
v 49.56540234434705 -20.5 49.565402344346495
v 54.47487322248701 -20.5 44.112882545894784
v 58.78750599000543 -20.5 38.17705277505087
v 67.23943665657 -20.5 23.53787943851151
v 78.048645621987 -20.5 -0.7400013946302693
v 79.79725059036176 -20.5 -6.121654118820082
v 79.32625266856199 -20.5 -10.602900004004526
v 76.49695039683456 -20.5 -15.5033952886063
v 60.87629332799217 -20.5 -37.00338526404132
v 49.565402344345024 -20.5 -49.565402344348456
v 44.11288254589336 -20.5 -54.47487322248834
v 38.177052775053255 -20.5 -58.787505990004014
v 31.822947224947697 -20.5 -62.45605053981672
v 25.12018280566376 -20.5 -65.44031353014735
v 18.14219640682782 -20.5 -67.70759875117447
v 10.965440307657968 -20.5 -69.23306535155837
v 3.668544549813163 -20.5 -70.0
v -3.668544549812701 -20.5 -70.0
v -10.965440307657893 -20.5 -69.23306535155832
v -18.14219640682788 -20.5 -67.70759875117439
v -25.1201828056633 -20.5 -65.44031353014744
v -31.822947224949267 -20.5 -62.456050539815905
v -38.17705277505188 -20.5 -58.78750599000487
v -44.11288254589237 -20.5 -54.47487322248894
v -49.56540234434707 -20.5 -49.56540234434628
v -54.474873222487275 -20.5 -44.11288254589431
v -58.787505990005585 -20.5 -38.17705277505053
v -77.11378400012741 -21.5 1.09886114899615
v -77.74325091945039 -21.5 3.0361611237929127
v -78.42964580595427 -21.5 9.566772233505635
v -78.27411448218888 -21.5 11.04655393185734
v -75.96195025747517 -21.5 16.239759807870136
v -60.87629332799039 -21.5 37.00338526404353
v -31.822947224947487 -21.5 62.456050539816914
v -25.120182805664232 -21.5 65.44031353014725
v -19.208314047689143 -21.5 67.36119613115734
v 7.25219223333165 -21.5 69.0
v 32.79374648302445 -21.5 61.895559326837066
v 38.177052775052225 -21.5 58.78750599000461
v 44.11288254589438 -21.5 54.474873222487474
v 67.23943665657 -21.5 23.53787943851151
v 78.048645621987 -21.5 -0.7400013946302693
v 79.79725059036176 -21.5 -6.121654118820082
v 79.32625266856199 -21.5 -10.602900004004526
v 76.49695039683456 -21.5 -15.5033952886063
v 60.87629332799217 -21.5 -37.00338526404132
v 18.142196406827896 -21.5 -67.70759875117446
v 10.965440307657907 -21.5 -69.23306535155838
v 3.6685445498132196 -21.5 -70.0
v -3.6685445498131557 -21.5 -70.0
v -10.965440307658668 -21.5 -69.2330653515583
v -18.142196406827026 -21.5 -67.70759875117471
v -25.12018280566397 -21.5 -65.44031353014725
v -31.822947224949083 -21.5 -62.45605053981611
v -49.56540234434679 -21.5 -49.565402344346595
v -54.47487322248856 -21.5 -44.11288254589287
v -58.78750599000499 -21.5 -38.17705277505169
v -62.45605053981673 -21.5 -31.822947224947836
v -73.22262717680144 -21.5 -7.640820169222195
v -75.55469197557187 -21.5 -0.463462730420531
v -77.0 -21.5 6.336176918774868
v -77.0 -21.5 8.093026115457137
v -76.63473051300599 -21.5 9.811483942042567
v -73.8072813601744 -21.5 16.16203871564662
v -70.03392125179548 -21.5 22.697690138612554
v -54.47487322248901 -21.5 44.11288254589254
v -49.56540234434647 -21.5 49.56540234434714
v -44.1128825458945 -21.5 54.474873222487325
v -38.17705277505148 -21.5 58.787505990005066
v -32.79374648302368 -21.5 61.895559326837535
v -14.42492793093669 -21.5 67.86395027093903
v -3.6161367705298204 -21.5 69.0
v 3.616136770530183 -21.5 69.0
v 10.808791160405947 -21.5 68.24402156082179
v 14.642885572127533 -21.5 67.42905963554801
v 17.883022172443436 -21.5 66.74034734044366
v 28.219417292807663 -21.5 63.38184897779162
v 44.945934835195196 -21.5 53.72478957208918
v 49.565402344348136 -21.5 49.5654023443454
v 54.47487322248663 -21.5 44.1128825458953
v 58.78750599000543 -21.5 38.17705277505087
v 62.456050539817134 -21.5 31.822947224947093
v 76.72214011007094 -21.5 -0.21921456965439567
v 77.84926740847743 -21.5 -5.521931594952702
v 77.38164529932308 -21.5 -9.971058768299061
v 70.0339212517956 -21.5 -22.697690138612348
v 54.4748732224903 -21.5 -44.11288254589087
v 49.56540234434555 -21.5 -49.56540234434787
v 44.1128825458935 -21.5 -54.474873222488085
v 38.17705277505206 -21.5 -58.78750599000465
v 31.822947224947555 -21.5 -62.456050539816765
v 25.120182805663436 -21.5 -65.44031353014746
v 19.208314047688976 -21.5 -67.36119613115733
v 3.6161367705297636 -21.5 -69.0
v -3.6161367705300194 -21.5 -69.0
v -10.808791160406507 -21.5 -68.24402156082172
v -17.88302217244392 -21.5 -66.7403473404436
v -32.79374648302403 -21.5 -61.895559326837315
v -38.177052775051926 -21.5 -58.7875059900048
v -44.112882545892965 -21.5 -54.474873222488476
v -49.56540234434679 -21.5 -49.565402344346595
v -77.0 -22.5 8.093026115457137
v -76.63473051300599 -22.5 9.811483942042567
v -73.8072813601744 -22.5 16.16203871564662
v -70.03392125179548 -22.5 22.697690138612554
v -54.47487322248901 -22.5 44.11288254589254
v -49.56540234434614 -22.5 49.565402344347504
v -44.11288254589443 -22.5 54.47487322248749
v -38.17705277505127 -22.5 58.78750599000535
v -32.79374648302431 -22.5 61.89555932683733
v -14.42492793093669 -22.5 67.86395027093903
v 28.21941729280748 -22.5 63.381848977791726
v 44.945934835195196 -22.5 53.72478957208918
v 49.565402344348136 -22.5 49.5654023443454
v 54.474873222488156 -22.5 44.11288254589361
v 58.78750599000429 -22.5 38.17705277505286
v 62.456050539817085 -22.5 31.8229472249472
v 76.72214011007094 -22.5 -0.21921456965439567
v 77.84926740847743 -22.5 -5.521931594952702
v 77.38164529932308 -22.5 -9.971058768299061
v 70.0339212517956 -22.5 -22.697690138612348
v 54.47487322248991 -22.5 -44.11288254589141
v 49.56540234434607 -22.5 -49.565402344347405
v 38.17705277505206 -22.5 -58.78750599000465
v 31.822947224947555 -22.5 -62.456050539816765
v 25.120182805662417 -22.5 -65.44031353014792
v 19.20831404768957 -22.5 -67.36119613115727
v -32.79374648302403 -22.5 -61.895559326837315
v -38.177052775051926 -22.5 -58.7875059900048
v -44.11288254589506 -22.5 -54.474873222486956
v -49.56540234434575 -22.5 -49.565402344347916
v -58.787505990004995 -22.5 -38.177052775051706
v -62.456050539816644 -22.5 -31.822947224948024
v -73.22262717680144 -22.5 -7.640820169222195
v -75.55469197557187 -22.5 -0.463462730420531
v -77.0 -22.5 6.336176918774868
v -77.0 -22.5 8.093026115457137
v -17.88302217244529 -22.5 66.7403473404433
v -10.808791160406553 -22.5 68.2440215608217
v -3.6161367705298204 -22.5 69.0
v 3.6161367705299483 -22.5 69.0
v 10.808791160406024 -22.5 68.24402156082176
v 17.88302217244365 -22.5 66.7403473404436
v 24.761323051297644 -22.5 64.50545190828782
v 31.36833369316461 -22.5 61.56382124638989
v 37.63166630683735 -22.5 57.947684475861756
v 43.48269850952329 -22.5 53.696660747881545
v 48.85732516799751 -22.5 48.85732516800036
v 53.69666074788343 -22.5 43.48269850952086
v 57.94768447586221 -22.5 37.63166630683689
v 61.56382124639033 -22.5 31.368333693164146
v 72.28776555494105 -22.5 7.281960414858418
v 76.49404324111377 -22.5 -5.663631172663028
v 75.6784353115385 -22.5 -9.500764795672353
v 72.91505206674826 -22.5 -15.707425183862107
v 69.19409973765373 -22.5 -22.15230367039561
v 48.73235005504357 -22.5 -50.31548599474694
v 44.1128825458935 -22.5 -54.474873222488085
v 39.083946608048905 -22.5 -58.12860905194666
v 24.761323051298422 -22.5 -64.50545190828775
v 17.883022172445106 -22.5 -66.74034734044331
v 10.808791160406312 -22.5 -68.24402156082172
v 3.6161367705297636 -22.5 -69.0
v -3.6161367705296854 -22.5 -69.0
v -10.808791160406141 -22.5 -68.24402156082172
v -17.883022172444463 -22.5 -66.7403473404434
v -24.761323051297 -22.5 -64.50545190828811
v -31.36833369316559 -22.5 -61.563821246389445
v -37.63166630683463 -22.5 -57.947684475863454
v -50.31548599474726 -22.5 -48.73235005504323
v -54.474873222488085 -22.5 -44.112882545893555
v -58.12860905194627 -22.5 -39.08394660804955
v -68.39660873161486 -22.5 -16.02164173307719
v -73.62018915410943 -22.5 0.054885738345319623
v -75.0 -22.5 6.546385389307034
v -75.0 -22.5 7.88281764492571
v -74.53289959556628 -22.5 10.080352271773979
v -73.91989518869758 -22.5 11.966985843009711
v -63.57089210675765 -22.5 29.891984988616553
v -53.69666074788095 -22.5 43.48269850952391
v -48.85732516799979 -22.5 48.857325167998184
v -43.4826985095233 -22.5 53.69666074788141
v -37.63166630683726 -22.5 57.94768447586168
v -31.368333693161375 -22.5 61.563821246391626
v -24.7613230512986 -22.5 64.50545190828774
v -17.88302217244529 -22.5 66.7403473404433
v 72.28776555494105 -23.5 7.281960414858418
v 76.49404324111377 -23.5 -5.663631172663028
v 75.6784353115385 -23.5 -9.500764795672353
v 72.91505206674826 -23.5 -15.707425183862107
v 69.19409973765373 -23.5 -22.15230367039561
v 48.7323500550429 -23.5 -50.31548599474786
v 44.112882545894536 -23.5 -54.47487322248755
v 39.083946608049935 -23.5 -58.1286090519462
v -50.31548599474789 -23.5 -48.73235005504277
v -54.47487322248726 -23.5 -44.11288254589475
v -58.12860905194618 -23.5 -39.08394660804976
v -68.39660873161486 -23.5 -16.02164173307719
v -73.62018915410943 -23.5 0.054885738345319623
v -75.0 -23.5 6.546385389307034
v -75.0 -23.5 7.88281764492571
v -74.53289959556628 -23.5 10.080352271773979
v -73.91989518869758 -23.5 11.966985843009711
v -63.57089210675765 -23.5 29.891984988616553
v 37.63166630683735 -23.5 57.947684475861756
v 43.48269850952207 -23.5 53.696660747882426
v 48.857325167998475 -23.5 48.857325167999285
v 53.69666074788343 -23.5 43.48269850952086
v 57.94768447586049 -23.5 37.63166630683926
v 61.563821246390994 -23.5 31.368333693162384
v 68.3966087316149 -23.5 16.02164173307702
v 73.62018915410943 -23.5 -0.054885738345319623
v 74.81603467591466 -23.5 -5.680896586515167
v 74.77067161754081 -23.5 -6.11249725664225
v 73.00131766728046 -23.5 -11.558008780794855
v 57.947684475862175 -23.5 -37.63166630683655
v 53.69666074788076 -23.5 -43.48269850952412
v 48.85732516799978 -23.5 -48.8573251679982
v 43.48269850952328 -23.5 -53.69666074788144
v 37.63166630683724 -23.5 -57.947684475861706
v 31.368333693161684 -23.5 -61.56382124639146
v 24.761323051298422 -23.5 -64.50545190828775
v 17.883022172445106 -23.5 -66.74034734044331
v 10.808791160406281 -23.5 -68.24402156082172
v 3.6161367705298986 -23.5 -69.0
v -3.6161367705296854 -23.5 -69.0
v -10.808791160406141 -23.5 -68.24402156082172
v -17.883022172444463 -23.5 -66.7403473404434
v -24.761323051297 -23.5 -64.50545190828811
v -31.368333693165113 -23.5 -61.56382124638966
v -37.63166630683509 -23.5 -57.94768447586312
v -43.48269850952297 -23.5 -53.69666074788149
v -48.85732516799959 -23.5 -48.85732516799814
v -53.69666074788304 -23.5 -43.482698509521384
v -57.947684475861394 -23.5 -37.631666306838
v -61.56382124639065 -23.5 -31.368333693163276
v -64.50545190828777 -23.5 -24.761323051298163
v -72.32281922380349 -23.5 -0.7019403602835217
v -73.0 -23.5 5.7410043458433275
v -73.0 -23.5 8.325996166191507
v -70.59645049490825 -23.5 15.723360908798153
v -57.947684475861465 -23.5 37.63166630683757
v -53.69666074788095 -23.5 43.48269850952391
v -48.85732516800047 -23.5 48.85732516799743
v -43.482698509522436 -23.5 53.69666074788201
v -37.63166630683702 -23.5 57.9476844758618
v -31.3683336931623 -23.5 61.56382124639105
v -24.761323051297055 -23.5 64.50545190828821
v -17.883022172445145 -23.5 66.7403473404433
v -10.808791160406042 -23.5 68.24402156082176
v -3.616136770529991 -23.5 69.0
v 3.6161367705298417 -23.5 69.0
v 10.808791160405633 -23.5 68.24402156082179
v 17.883022172444214 -23.5 66.74034734044342
v 24.76132305129683 -23.5 64.5054519082881
v 31.36833369316546 -23.5 61.5638212463894
v 37.63166630683735 -23.5 57.947684475861756
v -72.32281922380349 -24.5 -0.7019403602835217
v -73.0 -24.5 5.7410043458433275
v -73.0 -24.5 8.325996166191507
v -70.59645049490825 -24.5 15.723360908798153
v -17.883022172445145 -24.5 66.7403473404433
v -10.808791160406042 -24.5 68.24402156082176
v -3.616136770529991 -24.5 69.0
v 3.6161367705298417 -24.5 69.0
v 10.808791160405633 -24.5 68.24402156082179
v 17.883022172445223 -24.5 66.74034734044321
v 24.761323051295765 -24.5 64.50545190828856
v 31.36833369316637 -24.5 61.563821246389
v 68.3966087316149 -24.5 16.02164173307702
v 73.62018915410943 -24.5 -0.054885738345319623
v 74.81603467591466 -24.5 -5.680896586515167
v 74.77067161754081 -24.5 -6.11249725664225
v 73.00131766728046 -24.5 -11.558008780794855
v 3.6161367705298986 -24.5 -69.0
v -3.616136770529934 -24.5 -69.0
v -10.808791160405887 -24.5 -68.24402156082178
v -17.88302217244515 -24.5 -66.74034734044326
v -24.76132305129632 -24.5 -64.5054519082884
v -31.36833369316506 -24.5 -61.563821246389686
v -37.631666306835854 -24.5 -57.94768447586268
v -43.482698509522336 -24.5 -53.696660747882056
v -48.85732516799959 -24.5 -48.85732516799814
v -53.6966607478828 -24.5 -43.48269850952165
v -57.94768447586116 -24.5 -37.631666306838255
v -61.56382124639096 -24.5 -31.368333693162608
v -64.50545190828763 -24.5 -24.761323051298476
v -66.74034734044355 -24.5 -17.883022172444043
v -70.23306535155822 -24.5 -1.4510758534362367
v -71.0 -24.5 5.8458199044099395
v -71.0 -24.5 10.174329207422995
v -61.56382124639013 -24.5 31.368333693163976
v -59.75575286112593 -24.5 34.500000000000554
v -57.947684475861685 -24.5 37.63166630683719
v -53.69666074788199 -24.5 43.48269850952235
v -48.85732516799768 -24.5 48.857325167999946
v -43.482698509522436 -24.5 53.69666074788201
v -37.63166630683759 -24.5 57.94768447586139
v -31.36833369316176 -24.5 61.56382124639129
v -24.761323051297133 -24.5 64.50545190828818
v -18.999257121153903 -24.5 66.37766061998428
v -3.56372899124678 -24.5 68.0
v 3.5637289912465704 -24.5 68.0
v 10.652142013154204 -24.5 67.25497777008513
v 17.623847938061335 -24.5 65.77309592971235
v 32.38476942081028 -24.5 60.97698180541977
v 37.63166630683749 -24.5 57.94768447586175
v 43.482698509521555 -24.5 53.696660747882895
v 48.85732516799848 -24.5 48.85732516799928
v 53.69666074788338 -24.5 43.482698509520944
v 57.94768447586039 -24.5 37.63166630683942
v 60.90634183356733 -24.5 32.507121441103514
v 61.563821246390994 -24.5 31.368333693162384
v 64.50545190828791 -24.5 24.76132305129773
v 69.69664254191105 -24.5 8.78448109985743
v 72.79387952087286 -24.5 -5.786873247556403
v 72.40631720289495 -24.5 -9.47428238952142
v 66.34720736314395 -24.5 -23.08326590672688
v 64.6105279165349 -24.5 -26.09128294471435
v 57.94768447586221 -24.5 -37.63166630683632
v 53.69666074788012 -24.5 -43.48269850952477
v 48.857325168000024 -24.5 -48.857325167997814
v 43.482698509521754 -24.5 -53.696660747882554
v 37.63166630683724 -24.5 -57.947684475861706
v 31.368333693161684 -24.5 -61.56382124639146
v 24.761323051298305 -24.5 -64.5054519082878
v 17.88302217244514 -24.5 -66.7403473404433
v 10.808791160406171 -24.5 -68.24402156082174
v 3.6161367705298986 -24.5 -69.0
v 37.6316663068388 -25.5 -57.94768447586084
v 31.368333693162114 -25.5 -61.56382124639127
v 24.761323051298305 -25.5 -64.5054519082878
v 17.88302217244514 -25.5 -66.7403473404433
v 10.808791160406045 -25.5 -68.24402156082176
v 3.6161367705299448 -25.5 -69.0
v -3.616136770529934 -25.5 -69.0
v -10.808791160406141 -25.5 -68.24402156082175
v -17.88302217244526 -25.5 -66.74034734044326
v -24.76132305129605 -25.5 -64.50545190828853
v -31.368333693165717 -25.5 -61.563821246389395
v -37.63166630683635 -25.5 -57.947684475862495
v -43.48269850952279 -25.5 -53.696660747881914
v -48.857325167999534 -25.5 -48.85732516799847
v -57.94768447586116 -25.5 -37.631666306838255
v -61.56382124639141 -25.5 -31.368333693161816
v -64.50545190828731 -25.5 -24.761323051299456
v -66.74034734044355 -25.5 -17.883022172444043
v -70.23306535155822 -25.5 -1.4510758534362367
v -71.0 -25.5 5.8458199044099395
v -71.0 -25.5 10.174329207422995
v -61.56382124639013 -25.5 31.368333693163976
v -57.94768447586173 -25.5 37.63166630683713
v -53.69666074788199 -25.5 43.48269850952235
v -48.85732516799692 -25.5 48.857325168000784
v -43.48269850952227 -25.5 53.69666074788231
v -37.63166630683905 -25.5 57.94768447586054
v -31.3683336931614 -25.5 61.5638212463915
v -24.761323051297595 -25.5 64.50545190828802
v -18.999257121153903 -25.5 66.37766061998428
v 32.38476942081028 -25.5 60.97698180541977
v 37.63166630683913 -25.5 57.947684475860804
v 43.48269850952019 -25.5 53.69666074788414
v 48.85732516799936 -25.5 48.85732516799852
v 53.696660747882575 -25.5 43.48269850952205
v 57.94768447586039 -25.5 37.63166630683942
v 61.563821246391356 -25.5 31.36833369316176
v 64.50545190828768 -25.5 24.761323051298433
v 69.69664254191105 -25.5 8.78448109985743
v 72.79387952087286 -25.5 -5.786873247556403
v 72.40631720289495 -25.5 -9.47428238952142
v 66.34720736314387 -25.5 -23.083265906727075
v 57.94768447586221 -25.5 -37.63166630683632
v 53.69666074788012 -25.5 -43.48269850952477
v 48.857325168000024 -25.5 -48.857325167997814
v 3.5637289912465704 -25.5 68.0
v 10.652142013154204 -25.5 67.25497777008513
v 17.623847938061335 -25.5 65.77309592971235
v 24.40246329693078 -25.5 63.570590286428775
v 30.913720161377945 -25.5 60.671591952964775
v 37.08627983862402 -25.5 57.10786296171772
v 42.85251447315168 -25.5 52.91844827327594
v 48.149247991651634 -25.5 48.14924799165063
v 52.91844827327453 -25.5 42.852514473153335
v 57.10786296171872 -25.5 37.08627983862236
v 60.6715919529654 -25.5 30.913720161376943
v 63.57059028642821 -25.5 24.40246329693244
v 65.77309592971265 -25.5 17.623847938060237
v 70.77172436583112 -25.5 -5.89284990859789
v 70.4503847764638 -25.5 -8.950191875408423
v 60.67159195296546 -25.5 -30.913720161376574
v 57.107862961717466 -25.5 -37.08627983862412
v 47.985111780111914 -25.5 -49.64266962994298
v 43.48269850952096 -25.5 -53.696660747883264
v 38.58119246826877 -25.5 -57.25781333812821
v 24.402463296931032 -25.5 -63.570590286428676
v 17.62384793806134 -25.5 -65.77309592971234
v 10.652142013153895 -25.5 -67.25497777008518
v 3.563728991246677 -25.5 -68.0
v -3.563728991246773 -25.5 -68.0
v -10.652142013154439 -25.5 -67.25497777008513
v -17.623847938061544 -25.5 -65.77309592971235
v -24.402463296930502 -25.5 -63.570590286428946
v -30.913720161378542 -25.5 -60.67159195296456
v -37.086279838622644 -25.5 -57.107862961718645
v -49.6426696299432 -25.5 -47.9851117801119
v -53.696660747881566 -25.5 -43.482698509523175
v -57.25781333812847 -25.5 -38.58119246826825
v -63.57059028642877 -25.5 -24.40246329693096
v -65.77309592971221 -25.5 -17.623847938061942
v -67.25497777008519 -25.5 -10.652142013153934
v -68.0 -25.5 -3.5637289912468564
v -68.0 -25.5 10.770141942068737
v -63.57059028642895 -25.5 24.40246329693032
v -60.671591952964725 -25.5 30.913720161377952
v -57.107862961718254 -25.5 37.08627983862298
v -52.918448273273796 -25.5 42.85251447315439
v -48.149247991654285 -25.5 48.14924799164796
v -42.852514473151196 -25.5 52.91844827327603
v -37.08627983862216 -25.5 57.10786296171883
v -30.91372016137685 -25.5 60.671591952965414
v -24.40246329693294 -25.5 63.57059028642797
v -17.623847938059853 -25.5 65.77309592971271
v -10.652142013154425 -25.5 67.25497777008513
v -3.5637289912466805 -25.5 68.0
v 3.5637289912465704 -25.5 68.0
v -49.6426696299432 -26.5 -47.9851117801119
v -53.696660747881566 -26.5 -43.482698509523175
v -57.25781333812847 -26.5 -38.58119246826825
v -68.0 -26.5 10.770141942068737
v 70.77172436583112 -26.5 -5.89284990859789
v 70.4503847764638 -26.5 -8.950191875408423
v 47.98511178011118 -26.5 -49.64266962994398
v 43.4826985095234 -26.5 -53.69666074788149
v 38.58119246826877 -26.5 -57.25781333812821
v 10.652142013153895 -26.5 -67.25497777008518
v 3.563728991246677 -26.5 -68.0
v -3.5637289912466876 -26.5 -68.0
v -10.652142013153927 -26.5 -67.25497777008518
v -17.623847938061772 -26.5 -65.77309592971224
v -24.40246329693081 -26.5 -63.57059028642881
v -30.913720161378542 -26.5 -60.67159195296456
v -37.08627983862252 -26.5 -57.10786296171872
v -42.852514473154066 -26.5 -52.918448273274095
v -48.14924799164821 -26.5 -48.14924799165404
v -52.91844827327643 -26.5 -42.85251447315082
v -57.10786296171827 -26.5 -37.0862798386231
v -60.67159195296511 -26.5 -30.91372016137737
v -63.57059028642877 -26.5 -24.40246329693096
v -65.7730959297122 -26.5 -17.623847938061985
v -67.2549777700852 -26.5 -10.652142013153842
v -67.2549777700852 -26.5 -10.65214201315382
v -68.0 -26.5 -3.5637289912468564
v -68.0 -26.5 3.563728991246349
v -67.25497777008508 -26.5 10.65214201315461
v -65.77309592971234 -26.5 17.623847938061516
v -63.57059028642895 -26.5 24.40246329693032
v -60.671591952964725 -26.5 30.913720161377952
v -57.107862961718254 -26.5 37.08627983862298
v -52.91844827327381 -26.5 42.85251447315437
v -48.149247991654306 -26.5 48.14924799164793
v -42.852514473151146 -26.5 52.918448273276056
v -37.08627983862213 -26.5 57.107862961718844
v -30.91372016137685 -26.5 60.671591952965414
v -24.40246329693294 -26.5 63.57059028642797
v -17.623847938059853 -26.5 65.77309592971271
v -10.652142013154425 -26.5 67.25497777008513
v -3.5637289912466805 -26.5 68.0
v 3.5637289912468617 -26.5 68.0
v 10.652142013153165 -26.5 67.25497777008528
v 17.6238479380621 -26.5 65.7730959297121
v 24.402463296929962 -26.5 63.57059028642903
v 30.91372016137884 -26.5 60.671591952964256
v 37.0862798386234 -26.5 57.107862961718084
v 42.85251447315223 -26.5 52.918448273275445
v 48.14924799164998 -26.5 48.149247991652125
v 52.91844827327496 -26.5 42.852514473152496
v 57.1078629617189 -26.5 37.08627983862188
v 60.671591952965805 -26.5 30.913720161376027
v 63.57059028642821 -26.5 24.40246329693244
v 65.7730959297125 -26.5 17.6238479380607
v 67.25497777008518 -26.5 10.652142013154048
v 68.87731715010088 -26.5 -4.783386116752869
v 68.36670441072089 -26.5 -9.641541814183146
v 63.57059028642877 -26.5 -24.402463296930883
v 60.67159195296546 -26.5 -30.913720161376574
v 57.10786296171753 -26.5 -37.08627983862401
v 53.74146164084159 -26.5 -41.71973375372793
v 52.91844827327456 -26.5 -42.852514473153285
v 48.14924799165168 -26.5 -48.1492479916505
v 42.85251447315186 -26.5 -52.918448273275665
v 37.086279838622296 -26.5 -57.10786296171883
v 30.913720161378688 -26.5 -60.67159195296448
v 24.402463296931373 -26.5 -63.570590286428526
v 17.62384793806085 -26.5 -65.77309592971244
v 10.652142013153895 -26.5 -67.25497777008518
v 67.25497777008518 -27.5 10.652142013154048
v 68.87731715010088 -27.5 -4.783386116752869
v 68.36670441072089 -27.5 -9.641541814183146
v 63.5705902864285 -27.5 -24.402463296931707
v 60.671591952965144 -27.5 -30.913720161377505
v 57.10786296171929 -27.5 -37.086279838621586
v 52.91844827327458 -27.5 -42.85251447315326
v 48.14924799165168 -27.5 -48.1492479916505
v 42.85251447315186 -27.5 -52.918448273275665
v 37.086279838622296 -27.5 -57.10786296171883
v 30.913720161378414 -27.5 -60.67159195296463
v 24.40246329693156 -27.5 -63.57059028642846
v 17.623847938060514 -27.5 -65.77309592971255
v 10.652142013154215 -27.5 -67.25497777008516
v 3.5637289912468084 -27.5 -68.0
v -3.5637289912466876 -27.5 -68.0
v -10.652142013153927 -27.5 -67.25497777008518
v -17.623847938061772 -27.5 -65.77309592971224
v -24.4024632969324 -27.5 -63.57059028642829
v -30.91372016137759 -27.5 -60.67159195296519
v -37.08627983862196 -27.5 -57.10786296171912
v -42.852514473154066 -27.5 -52.918448273274095
v -48.14924799164821 -27.5 -48.14924799165404
v -52.91844827327643 -27.5 -42.85251447315082
v -57.10786296171827 -27.5 -37.0862798386231
v -60.67159195296516 -27.5 -30.913720161377285
v -63.57059028642891 -27.5 -24.402463296930677
v -65.7730959297121 -27.5 -17.623847938062454
v -67.2549777700852 -27.5 -10.65214201315382
v -68.0 -27.5 -3.5637289912468564
v -68.0 -27.5 3.563728991246349
v -67.25497777008508 -27.5 10.65214201315461
v -65.77309592971233 -27.5 17.623847938061616
v -63.57059028642899 -27.5 24.40246329693026
v -60.67159195296474 -27.5 30.913720161377938
v -57.10786296171826 -27.5 37.08627983862298
v -52.918448273273825 -27.5 42.85251447315436
v -48.149247991654306 -27.5 48.14924799164793
v -42.852514473151146 -27.5 52.918448273276056
v -37.086279838622126 -27.5 57.10786296171885
v -30.91372016137684 -27.5 60.67159195296543
v -24.40246329693287 -27.5 63.570590286428015
v -17.62384793805982 -27.5 65.77309592971274
v -10.652142013154435 -27.5 67.25497777008515
v -3.5637289912468937 -27.5 68.0
v 3.563728991247171 -27.5 68.0
v 10.652142013152833 -27.5 67.25497777008535
v 17.6238479380621 -27.5 65.7730959297121
v 24.402463296929962 -27.5 63.57059028642903
v 30.913720161380233 -27.5 60.67159195296364
v 37.086279838622076 -27.5 57.10786296171904
v 42.85251447315315 -27.5 52.91844827327478
v 48.149247991649126 -27.5 48.14924799165307
v 52.91844827327496 -27.5 42.852514473152496
v 57.1078629617189 -27.5 37.08627983862188
v 60.671591952966395 -27.5 30.91372016137501
v 63.57059028642786 -27.5 24.40246329693352
v 65.77309592971247 -27.5 17.623847938060862
v 67.25497777008518 -27.5 10.652142013154048
v 66.26593397934862 -27.5 -10.495492865901774
v 64.8058445189813 -27.5 -17.364673703677894
v 62.63572866456977 -27.5 -24.043603542563446
v 59.77936265953814 -27.5 -30.459106629594366
v 56.26804144757609 -27.5 -36.540893370407055
v 50.064964420463824 -27.5 -45.07869644181434
v 42.222330436784844 -27.5 -52.1402357986665
v 33.68452736537742 -27.5 -58.34331282577876
v 24.043603542565066 -27.5 -62.63572866456926
v 17.364673703678008 -27.5 -64.80584451898133
v 10.495492865901731 -27.5 -66.26593397934865
v 3.511321211963814 -27.5 -67.0
v -3.5113212119637325 -27.5 -67.0
v -10.495492865900975 -27.5 -66.26593397934872
v -17.364673703679195 -27.5 -64.80584451898098
v -24.043603542565375 -27.5 -62.635728664569186
v -30.459106629593826 -27.5 -59.77936265953866
v -36.54089337040598 -27.5 -56.268041447576884
v -45.0786964418148 -27.5 -50.06496442046361
v -52.14023579866504 -27.5 -42.22233043678689
v -58.34331282577881 -27.5 -33.68452736537744
v -62.635728664568916 -27.5 -24.04360354256596
v -64.80584451898159 -27.5 -17.364673703677056
v -66.26593397934856 -27.5 -10.495492865902406
v -67.0 -27.5 -3.5113212119635504
v -67.0 -27.5 3.51132121196395
v -66.2659339793486 -27.5 10.495492865901923
v -64.80584451898127 -27.5 17.36467370367807
v -62.63572866456971 -27.5 24.04360354256361
v -59.77936265953793 -27.5 30.459106629594665
v -56.268041447575634 -27.5 36.54089337040776
v -52.14023579866779 -27.5 42.222330436783274
v -47.44117081530128 -27.5 47.44117081530567
v -42.22233043678627 -27.5 52.14023579866546
v -36.54089337040815 -27.5 56.268041447575186
v -30.459106629590835 -27.5 59.77936265953991
v -24.04360354256514 -27.5 62.63572866456922
v -17.364673703678072 -27.5 64.8058445189813
v -10.49549286590172 -27.5 66.26593397934863
v -3.5113212119637645 -27.5 67.0
v 3.511321211963846 -27.5 67.0
v 10.495492865901234 -27.5 66.2659339793487
v 17.364673703679262 -27.5 64.805844518981
v 24.043603542565215 -27.5 62.635728664569285
v 30.459106629593478 -27.5 59.77936265953884
v 36.54089337040598 -27.5 56.26804144757685
v 42.222330436781995 -27.5 52.14023579866867
v 47.441170815305014 -27.5 47.441170815301675
v 52.14023579866581 -27.5 42.22233043678554
v 56.26804144757673 -27.5 36.54089337040578
v 59.77936265953946 -27.5 30.459106629591986
v 62.635728664568916 -27.5 24.04360354256596
v 64.80584451898159 -27.5 17.364673703677056
v 66.26593397934856 -27.5 10.495492865902406
v 67.0 -27.5 3.5113212119635504
v 67.0 -27.5 -3.5113212119639057
v 66.26593397934862 -27.5 -10.495492865901774
v 67.0 -28.5 -3.5113212119639057
v 66.26593397934862 -28.5 -10.495492865901774
v 50.064964420463824 -28.5 -45.07869644181434
v 33.68452736537742 -28.5 -58.34331282577876
v -45.0786964418148 -28.5 -50.06496442046361
v -58.34331282577881 -28.5 -33.68452736537744
v -67.0 -28.5 3.51132121196395
v -66.2659339793486 -28.5 10.495492865901923
v -64.80584451898127 -28.5 17.36467370367807
v -62.63572866456971 -28.5 24.04360354256361
v -10.49549286590172 -28.5 66.26593397934863
v -3.5113212119637645 -28.5 67.0
v 3.511321211963846 -28.5 67.0
v 10.495492865901234 -28.5 66.2659339793487
v 17.364673703679262 -28.5 64.805844518981
v 24.043603542565215 -28.5 62.635728664569285
v 66.26593397934856 -28.5 10.495492865902406
v 67.0 -28.5 3.5113212119635504
v 67.0 -28.5 -3.5113212119639057
v 65.22464606989135 -28.5 -15.39436731737024
v 64.80584451898125 -28.5 -17.364673703678054
v 64.01056467322502 -28.5 -19.812293392409334
v 62.635728664569555 -28.5 -24.04360354256392
v 59.77936265953856 -28.5 -30.4591066295934
v 56.26804144757541 -28.5 -36.54089337040793
v 52.14023579866797 -28.5 -42.22233043678282
v 47.441170815301135 -28.5 -47.441170815305604
v 47.05815112438522 -28.5 -47.78604329405201
v 42.222330436784844 -28.5 -52.1402357986665
v 36.540893370407005 -28.5 -56.268041447576
v 30.459106629593585 -28.5 -59.77936265953856
v 24.043603542563893 -28.5 -62.63572866456964
v 17.36467370367817 -28.5 -64.80584451898127
v 10.495492865901912 -28.5 -66.2659339793486
v 3.5113212119635904 -28.5 -67.0
v -3.511321211963356 -28.5 -67.0
v -10.495492865901408 -28.5 -66.26593397934863
v -17.364673703678456 -28.5 -64.80584451898113
v -24.04360354256494 -28.5 -62.63572866456923
v -30.459106629593997 -28.5 -59.77936265953842
v -36.54089337040453 -28.5 -56.26804144757756
v -42.22233043678498 -28.5 -52.14023579866615
v -47.441170815306194 -28.5 -47.44117081530079
v -52.140235798664705 -28.5 -42.22233043678722
v -56.26804144757498 -28.5 -36.54089337040834
v -59.77936265954038 -28.5 -30.459106629589925
v -62.635728664568916 -28.5 -24.04360354256596
v -64.80584451898116 -28.5 -17.364673703678385
v -66.26593397934865 -28.5 -10.495492865901383
v -67.0 -28.5 -3.5113212119635504
v -67.0 -28.5 2.2322494180562726
v -62.11548329686253 -28.5 25.212093769887225
v -59.779362659538414 -28.5 30.45910662959358
v -56.26804144757488 -28.5 36.5408933704087
v -52.140235798667874 -28.5 42.22233043678303
v -47.44117081530105 -28.5 47.44117081530573
v -42.22233043678541 -28.5 52.14023579866606
v -36.54089337040796 -28.5 56.26804144757529
v -30.459106629591414 -28.5 59.77936265953958
v -24.043603542564863 -28.5 62.63572866456926
v -17.364673703677507 -28.5 64.80584451898142
v -11.746613872278724 -28.5 66.0
v 6.93687952753441 -28.5 66.0
v 25.21209376988872 -28.5 62.11548329686214
v 30.459106629593172 -28.5 59.77936265953895
v 36.54089337040655 -28.5 56.26804144757644
v 42.222330436781995 -28.5 52.14023579866867
v 47.441170815305014 -28.5 47.441170815301675
v 52.14023579866581 -28.5 42.22233043678554
v 52.61652106584741 -28.5 41.56678000605001
v 56.26804144757661 -28.5 36.54089337040594
v 59.779362659539345 -28.5 30.459106629592156
v 62.635728664568795 -28.5 24.04360354256613
v 64.80584451898157 -28.5 17.364673703676885
v 66.0 -28.5 11.746613872278886
v 66.0 -28.5 -11.746613872278681
v 65.22464606989135 -28.5 -15.39436731737024
v 42.22233043678523 -29.5 -52.140235798666225
v 36.54089337040726 -29.5 -56.268041447575854
v 30.459106629593585 -29.5 -59.77936265953856
v 24.04360354256365 -29.5 -62.63572866456975
v 17.36467370367859 -29.5 -64.80584451898119
v 10.495492865901912 -29.5 -66.2659339793486
v 3.5113212119635904 -29.5 -67.0
v -3.511321211963356 -29.5 -67.0
v -10.495492865902019 -29.5 -66.26593397934856
v -17.364673703677802 -29.5 -64.80584451898135
v -24.04360354256494 -29.5 -62.63572866456923
v -30.459106629593997 -29.5 -59.77936265953842
v -36.54089337040453 -29.5 -56.26804144757756
v -42.22233043678498 -29.5 -52.14023579866615
v -47.441170815306194 -29.5 -47.44117081530079
v -52.140235798664705 -29.5 -42.22233043678722
v -56.26804144757498 -29.5 -36.54089337040834
v -59.77936265954078 -29.5 -30.45910662958923
v -62.63572866456881 -29.5 -24.043603542566416
v -64.80584451898108 -29.5 -17.36467370367876
v -66.26593397934865 -29.5 -10.495492865901383
v -67.0 -29.5 -3.5113212119635504
v -67.0 -29.5 2.2322494180562726
v -62.115483296862415 -29.5 25.212093769887765
v -59.77936265953919 -29.5 30.459106629592238
v -56.26804144757488 -29.5 36.5408933704087
v -52.140235798667874 -29.5 42.22233043678303
v -47.44117081530105 -29.5 47.44117081530573
v -42.22233043678541 -29.5 52.14023579866606
v -36.54089337040633 -29.5 56.26804144757648
v -30.459106629593663 -29.5 59.77936265953858
v -24.043603542564863 -29.5 62.63572866456926
v -17.364673703677177 -29.5 64.80584451898153
v -11.7466138722789 -29.5 66.0
v 6.93687952753441 -29.5 66.0
v 25.21209376988872 -29.5 62.11548329686214
v 30.459106629593172 -29.5 59.77936265953895
v 36.540893370407275 -29.5 56.26804144757602
v 42.222330436782684 -29.5 52.14023579866827
v 47.441170815305185 -29.5 47.44117081530174
v 52.140235798664854 -29.5 42.22233043678686
v 56.26804144757661 -29.5 36.54089337040594
v 59.779362659539345 -29.5 30.459106629592156
v 62.635728664568795 -29.5 24.04360354256613
v 64.80584451898157 -29.5 17.364673703676885
v 66.0 -29.5 11.746613872278886
v 66.0 -29.5 -11.746613872278836
v 64.80584451898119 -29.5 -17.364673703678346
v 62.6357286645693 -29.5 -24.043603542564714
v 59.77936265953896 -29.5 -30.459106629592718
v 56.26804144757541 -29.5 -36.54089337040793
v 52.14023579866797 -29.5 -42.22233043678282
v 47.441170815301135 -29.5 -47.441170815305604
v 42.22233043678523 -29.5 -52.140235798666225
v -63.83859310825034 -29.5 17.105499469294383
v -61.70086704270999 -29.5 23.684743788198375
v -58.88713336611339 -29.5 30.004493097807085
v -55.42821993343241 -29.5 35.99550690219292
v -51.36202332406131 -29.5 41.592146400412524
v -46.73309363895425 -29.5 46.7330936389567
v -41.59214640041201 -29.5 51.362023324061916
v -35.99550690219493 -29.5 55.428219933431215
v -30.004493097805042 -29.5 58.88713336611447
v -23.68474378819934 -29.5 61.700867042709746
v -17.105499469295314 -29.5 63.838593108250116
v -10.338843718649542 -29.5 65.27689018861206
v -3.4589134326804576 -29.5 66.0
v 3.458913432680852 -29.5 66.0
v 10.338843718648876 -29.5 65.27689018861217
v 17.10549946929462 -29.5 63.83859310825022
v 23.68474378819863 -29.5 61.70086704270986
v 30.004493097808965 -29.5 58.887133366112515
v 35.99550690219318 -29.5 55.42821993343253
v 41.592146400411366 -29.5 51.362023324062456
v 46.73309363895655 -29.5 46.733093638954564
v 51.362023324061475 -29.5 41.59214640041267
v 55.42821993343209 -29.5 35.995506902193796
v 58.88713336611333 -29.5 30.004493097807426
v 61.700867042709646 -29.5 23.6847437881994
v 63.83859310825031 -29.5 17.1054994692945
v 65.27689018861213 -29.5 10.338843718649287
v 66.0 -29.5 3.458913432680885
v 66.0 -29.5 -3.458913432681154
v 65.27689018861207 -29.5 -10.33884371864967
v 63.8385931082506 -29.5 -17.105499469293598
v 61.70086704270999 -29.5 -23.684743788198375
v 58.88713336611339 -29.5 -30.004493097807085
v 55.42821993343241 -29.5 -35.99550690219292
v 51.36202332406131 -29.5 -41.592146400412524
v 46.73309363895425 -29.5 -46.7330936389567
v 41.59214640041201 -29.5 -51.362023324061916
v 35.99550690219493 -29.5 -55.428219933431215
v 30.004493097805042 -29.5 -58.88713336611447
v 23.68474378819934 -29.5 -61.700867042709746
v 17.105499469295314 -29.5 -63.838593108250116
v 10.338843718649542 -29.5 -65.27689018861206
v 3.4589134326804576 -29.5 -66.0
v -3.458913432680852 -29.5 -66.0
v -10.338843718649127 -29.5 -65.27689018861214
v -17.105499469294337 -29.5 -63.838593108250315
v -23.68474378819863 -29.5 -61.70086704270986
v -30.004493097808965 -29.5 -58.887133366112515
v -35.99550690219318 -29.5 -55.42821993343253
v -41.592146400411366 -29.5 -51.362023324062456
v -46.73309363895655 -29.5 -46.733093638954564
v -51.362023324061475 -29.5 -41.59214640041267
v -55.42821993343209 -29.5 -35.995506902193796
v -58.88713336611333 -29.5 -30.004493097807426
v -61.700867042709646 -29.5 -23.6847437881994
v -63.83859310825031 -29.5 -17.1054994692945
v -65.27689018861213 -29.5 -10.338843718649287
v -66.0 -29.5 -3.458913432680885
v -66.0 -29.5 3.458913432681154
v -65.27689018861207 -29.5 10.338843718649635
v -63.83859310825034 -29.5 17.105499469294383
v 65.27689018861213 -30.5 10.338843718649287
v 66.0 -30.5 3.458913432680885
v 66.0 -30.5 -3.458913432681154
v 65.27689018861207 -30.5 -10.33884371864967
v 63.8385931082506 -30.5 -17.105499469293598
v 61.70086704270999 -30.5 -23.684743788198375
v 58.88713336611339 -30.5 -30.004493097807085
v 55.42821993343241 -30.5 -35.99550690219292
v 51.36202332406131 -30.5 -41.592146400412524
v 30.004493097805042 -30.5 -58.88713336611447
v 23.68474378819934 -30.5 -61.700867042709746
v 17.105499469295314 -30.5 -63.838593108250116
v 10.338843718649542 -30.5 -65.27689018861206
v 3.4589134326804576 -30.5 -66.0
v -3.458913432680852 -30.5 -66.0
v -10.338843718649127 -30.5 -65.27689018861214
v -17.105499469294337 -30.5 -63.838593108250315
v -23.68474378819863 -30.5 -61.70086704270986
v -30.004493097808965 -30.5 -58.887133366112515
v -35.99550690219318 -30.5 -55.42821993343253
v -41.592146400411366 -30.5 -51.362023324062456
v -58.88713336611333 -30.5 -30.004493097807426
v -61.700867042709646 -30.5 -23.6847437881994
v -63.83859310825031 -30.5 -17.1054994692945
v -65.27689018861213 -30.5 -10.338843718649287
v -66.0 -30.5 -3.458913432680885
v -66.0 -30.5 3.458913432681154
v -65.27689018861207 -30.5 10.33884371864967
v -63.8385931082506 -30.5 17.105499469293598
v -61.70086704270999 -30.5 23.684743788198375
v -58.88713336611339 -30.5 30.004493097807085
v -55.42821993343241 -30.5 35.99550690219292
v -51.36202332406131 -30.5 41.592146400412524
v -46.73309363895425 -30.5 46.7330936389567
v -41.59214640041201 -30.5 51.362023324061916
v -35.99550690219493 -30.5 55.428219933431215
v -30.004493097805042 -30.5 58.88713336611447
v -23.68474378819934 -30.5 61.700867042709746
v -17.105499469295314 -30.5 63.838593108250116
v -10.338843718649542 -30.5 65.27689018861206
v -3.4589134326804576 -30.5 66.0
v 3.458913432680852 -30.5 66.0
v 10.338843718649127 -30.5 65.27689018861214
v 17.105499469294337 -30.5 63.838593108250315
v 23.68474378819863 -30.5 61.70086704270986
v 30.004493097808965 -30.5 58.887133366112515
v 35.99550690219318 -30.5 55.42821993343253
v 41.592146400411366 -30.5 51.362023324062456
v 46.73309363895655 -30.5 46.733093638954564
v 51.362023324061475 -30.5 41.59214640041267
v 55.42821993343209 -30.5 35.995506902193796
v 58.88713336611333 -30.5 30.004493097807426
v 61.700867042709646 -30.5 23.6847437881994
v 63.83859310825031 -30.5 17.1054994692945
v 65.27689018861213 -30.5 10.338843718649287
v 46.73309363895425 -30.5 -46.7330936389567
v 41.59214640041249 -30.5 -51.36202332406149
v 35.995506902194464 -30.5 -55.428219933431485
v 31.1578382341652 -30.5 -58.22124924116839
v 13.588700224795002 -30.5 -63.92980822624697
v 3.4065056533977334 -30.5 -65.0
v -3.4065056533978115 -30.5 -65.0
v -10.18219457139692 -30.5 -64.28784639787558
v -16.846325234911017 -30.5 -62.87134169751927
v -26.583509043948872 -30.5 -59.70753889212271
v -42.581843084054 -30.5 -50.470896427482465
v -46.733093638956056 -30.5 -46.733093638955005
v -51.36202332406094 -30.5 -41.59214640041316
v -55.42821993343272 -30.5 -35.99550690219266
v -58.221249241168195 -30.5 -31.15783823416588
v -63.92980822624696 -30.5 -13.588700224795069
v -65.0 -30.5 -3.406505653397765
v -65.0 -30.5 3.406505653397737
v -64.2878463978755 -30.5 10.182194571397725
v -62.87134169751929 -30.5 16.846325234911298
v -60.76600542085039 -30.5 23.32588403383301
v -57.994904072688435 -30.5 29.549879566020373
v -54.58839841928876 -30.5 35.450120433979116
v -48.57048787060009 -30.5 43.733063712206864
v -40.961962364043906 -30.5 50.583810849453364
v -32.67901908581389 -30.5 56.60172139814361
v -23.325884033831386 -30.5 60.766005420850945
v -16.84632523491186 -30.5 62.871341697519156
v -10.182194571397723 -30.5 64.28784639787548
v -3.406505653397584 -30.5 65.0
v 3.406505653398117 -30.5 65.0
v 10.182194571396714 -30.5 64.28784639787564
v 16.846325234911816 -30.5 62.871341697519114
v 23.3258840338332 -30.5 60.76600542085032
v 29.54987956601982 -30.5 57.994904072688676
v 35.450120433978995 -30.5 54.58839841928881
v 43.73306371220658 -30.5 48.570487870600324
v 50.58381084945351 -30.5 40.961962364043615
v 56.601721398143624 -30.5 32.67901908581379
v 60.766005420850774 -30.5 23.325884033831755
v 62.87134169751932 -30.5 16.84632523491115
v 64.28784639787551 -30.5 10.182194571397645
v 65.0 -30.5 3.406505653397765
v 65.0 -30.5 -3.4065056533976854
v 64.28784639787547 -30.5 -10.182194571397726
v 62.87134169751932 -30.5 -16.846325234911003
v 59.70753889212293 -30.5 -26.583509043948354
v 50.47089642748276 -30.5 -42.58184308405355
v 46.73309363895425 -30.5 -46.7330936389567
v 35.995506902194045 -31.5 -55.42821993343179
v 31.157838234165403 -31.5 -58.22124924116832
v 13.588700224795002 -31.5 -63.92980822624697
v -26.583509043948872 -31.5 -59.70753889212271
v -42.5818430840548 -31.5 -50.470896427482
v -46.73309363895485 -31.5 -46.73309363895635
v -51.36202332406094 -31.5 -41.59214640041316
v -55.42821993343272 -31.5 -35.99550690219266
v -58.221249241168195 -31.5 -31.15783823416588
v -63.92980822624696 -31.5 -13.588700224795069
v -65.0 -31.5 3.406505653397737
v -64.2878463978755 -31.5 10.182194571397725
v -62.87134169751929 -31.5 16.846325234911298
v -60.76600542085039 -31.5 23.32588403383301
v -48.57048787060009 -31.5 43.733063712206864
v -32.67901908581389 -31.5 56.60172139814361
v -10.182194571397723 -31.5 64.28784639787548
v -3.406505653397584 -31.5 65.0
v 3.406505653398117 -31.5 65.0
v 10.182194571396714 -31.5 64.28784639787564
v 16.846325234911816 -31.5 62.871341697519114
v 23.3258840338332 -31.5 60.76600542085032
v 43.73306371220658 -31.5 48.570487870600324
v 56.601721398143624 -31.5 32.67901908581379
v 64.28784639787551 -31.5 10.182194571397645
v 65.0 -31.5 3.406505653397765
v 65.0 -31.5 -3.4065056533976854
v 64.28784639787547 -31.5 -10.182194571397726
v 59.70753889212293 -31.5 -26.583509043948354
v 50.47089642748239 -31.5 -42.58184308405419
v 46.73309363895518 -31.5 -46.73309363895601
v 41.59214640041348 -31.5 -51.362023324060765
v 35.995506902194045 -31.5 -55.42821993343179
v -3.406505653397698 -31.5 -65.0
v -10.18219457139706 -31.5 -64.28784639787555
v -16.846325234911017 -31.5 -62.87134169751927
v -23.325884033833688 -31.5 -60.76600542085006
v -29.549879566021705 -31.5 -57.994904072687795
v -29.549879566021716 -31.5 -57.99490407268779
v -31.00054490676876 -31.5 -57.15736204770342
v -35.450120433976195 -31.5 -54.588398419290634
v -40.96196236404226 -31.5 -50.58381084945448
v -46.025016462609145 -31.5 -46.025016462606075
v -50.58381084945322 -31.5 -40.96196236404397
v -54.5883984192903 -31.5 -35.45012043397661
v -57.994904072687255 -31.5 -29.54987956602244
v -60.76600542085101 -31.5 -23.325884033831088
v -62.871341697519306 -31.5 -16.846325234911227
v -64.2878463978755 -31.5 -10.182194571397645
v -65.0 -31.5 -3.406505653397765
v -65.0 -31.5 2.0220409475248786
v -60.202892893927114 -31.5 24.590655477148537
v -57.99490407268768 -31.5 29.549879566021676
v -54.5883984192893 -31.5 35.450120433978185
v -50.583810849453585 -31.5 40.961962364043664
v -46.025016462608946 -31.5 46.02501646260636
v -40.96196236404215 -31.5 50.583810849454636
v -40.60527558646869 -31.5 50.842958962538944
v -35.45012043397621 -31.5 54.5883984192907
v -29.549879566023474 -31.5 57.99490407268687
v -23.325884033831922 -31.5 60.7660054208507
v -16.846325234911355 -31.5 62.87134169751925
v -11.536405401747578 -31.5 64.0
v 6.726671057003176 -31.5 64.0
v 24.59065547714909 -31.5 60.20289289392693
v 29.54987956602045 -31.5 57.994904072688314
v 35.45012043397828 -31.5 54.58839841928923
v 40.96196236404485 -31.5 50.583810849452696
v 46.025016462606224 -31.5 46.02501646260929
v 50.58381084945351 -31.5 40.961962364043615
v 54.58839841929095 -31.5 35.45012043397578
v 57.99490407268658 -31.5 29.549879566023947
v 60.766005420850625 -31.5 23.325884033831954
v 62.871341697519384 -31.5 16.846325234910637
v 64.0 -31.5 11.536405401747515
v 64.0 -31.5 -11.53640540174757
v 62.87134169751932 -31.5 -16.846325234911003
v 60.76600542085053 -31.5 -23.325884033832388
v 57.99490407268734 -31.5 -29.549879566022383
v 54.58839841929034 -31.5 -35.45012043397668
v 50.58381084945317 -31.5 -40.96196236404405
v 46.02501646260773 -31.5 -46.025016462607674
v 40.96196236404329 -31.5 -50.58381084945383
v 35.450120433976664 -31.5 -54.5883984192904
v 29.54987956602293 -31.5 -57.99490407268718
v 23.3258840338335 -31.5 -60.76600542085009
v 16.846325234910957 -31.5 -62.87134169751926
v 10.182194571397119 -31.5 -64.28784639787553
v 3.4065056533973745 -31.5 -65.0
v -3.406505653397698 -31.5 -65.0
v 40.96196236404329 -32.5 -50.58381084945383
v 35.450120433976664 -32.5 -54.5883984192904
v 29.54987956602293 -32.5 -57.99490407268718
v 23.3258840338335 -32.5 -60.76600542085009
v 16.846325234910957 -32.5 -62.87134169751926
v 10.182194571397119 -32.5 -64.28784639787553
v 3.4065056533973745 -32.5 -65.0
v -3.406505653397698 -32.5 -65.0
v -10.182194571397588 -32.5 -64.2878463978755
v -16.846325234911607 -32.5 -62.87134169751921
v -23.32588403383256 -32.5 -60.76600542085056
v -29.549879566021716 -32.5 -57.99490407268779
v -35.450120433976195 -32.5 -54.588398419290634
v -40.96196236404226 -32.5 -50.58381084945448
v -46.025016462609145 -32.5 -46.025016462606075
v -50.58381084945322 -32.5 -40.96196236404397
v -54.5883984192903 -32.5 -35.45012043397661
v -57.994904072687255 -32.5 -29.54987956602244
v -60.766005420851116 -32.5 -23.325884033830846
v -62.871341697519235 -32.5 -16.846325234911546
v -64.2878463978755 -32.5 -10.182194571397645
v -65.0 -32.5 -3.406505653397765
v -65.0 -32.5 2.0220409475248786
v -60.202892893927114 -32.5 24.590655477148537
v -57.994904072687454 -32.5 29.549879566022188
v -54.588398419290044 -32.5 35.450120433977155
v -50.583810849453585 -32.5 40.961962364043664
v -46.025016462608946 -32.5 46.02501646260636
v -40.96196236404215 -32.5 50.583810849454636
v -35.4501204339765 -32.5 54.58839841929053
v -29.549879566022334 -32.5 57.99490407268753
v -23.325884033833418 -32.5 60.76600542085022
v -16.846325234911355 -32.5 62.87134169751925
v -11.536405401747578 -32.5 64.0
v 6.726671057003176 -32.5 64.0
v 24.59065547714909 -32.5 60.20289289392693
v 29.549879566022057 -32.5 57.994904072687596
v 35.450120433976764 -32.5 54.58839841929032
v 40.96196236404485 -32.5 50.583810849452696
v 46.025016462607695 -32.5 46.025016462607965
v 50.58381084945363 -32.5 40.96196236404381
v 54.588398419289994 -32.5 35.45012043397743
v 57.99490407268658 -32.5 29.549879566023947
v 60.766005420850625 -32.5 23.325884033831954
v 62.871341697519384 -32.5 16.846325234910637
v 64.0 -32.5 11.536405401747515
v 64.0 -32.5 -11.53640540174776
v 62.8713416975195 -32.5 -16.846325234910676
v 60.76600542085075 -32.5 -23.325884033831887
v 57.99490407268724 -32.5 -29.54987956602261
v 54.588398419290485 -32.5 -35.45012043397648
v 50.58381084945317 -32.5 -40.96196236404405
v 46.02501646260773 -32.5 -46.025016462607674
v 40.96196236404329 -32.5 -50.58381084945383
v 3.3540978741143164 -32.5 64.0
v 10.02554542414509 -32.5 63.298802607138946
v 16.58715100052895 -32.5 61.90409028678794
v 22.967024279464773 -32.5 59.83114379899169
v 29.095266034238392 -32.5 57.10267477926095
v 34.90473396576202 -32.5 53.748576905147296
v 40.331778327674215 -32.5 49.805598374846376
v 45.31693928625998 -32.5 45.31693928626005
v 49.80559837484679 -32.5 40.331778327673774
v 53.74857690514638 -32.5 34.90473396576343
v 57.10267477926073 -32.5 29.09526603423862
v 59.83114379899186 -32.5 22.967024279464113
v 61.90409028678823 -32.5 16.587151000527967
v 63.298802607138924 -32.5 10.025545424145548
v 64.0 -32.5 3.354097874114645
v 64.0 -32.5 -3.35409787411424
v 63.2988026071389 -32.5 -10.025545424145445
v 61.904090286788055 -32.5 -16.58715100052854
v 59.83114379899137 -32.5 -22.967024279465697
v 57.10267477926215 -32.5 -29.095266034235955
v 53.74857690514621 -32.5 -34.90473396576346
v 49.805598374846205 -32.5 -40.33177832767433
v 45.316939286260535 -32.5 -45.31693928625939
v 40.33177832767475 -32.5 -49.80559837484572
v 34.90473396576209 -32.5 -53.74857690514701
v 29.095266034237447 -32.5 -57.10267477926126
v 22.967024279464656 -32.5 -59.831143798991576
v 16.587151000526916 -32.5 -61.904090286788445
v 10.025545424145754 -32.5 -63.29880260713888
v 3.3540978741143164 -32.5 -64.0
v -3.3540978741143164 -32.5 -64.0
v -10.025545424145129 -32.5 -63.29880260713894
v -16.58715100052893 -32.5 -61.90409028678795
v -22.967024279464773 -32.5 -59.83114379899169
v -29.095266034238392 -32.5 -57.10267477926095
v -34.90473396576202 -32.5 -53.748576905147296
v -40.331778327674215 -32.5 -49.805598374846376
v -45.31693928625998 -32.5 -45.31693928626005
v -49.80559837484679 -32.5 -40.331778327673774
v -53.74857690514638 -32.5 -34.90473396576343
v -57.10267477926073 -32.5 -29.09526603423862
v -59.83114379899186 -32.5 -22.967024279464113
v -61.90409028678823 -32.5 -16.587151000527967
v -63.298802607138924 -32.5 -10.025545424145548
v -64.0 -32.5 -3.354097874114645
v -64.0 -32.5 3.35409787411424
v -63.2988026071389 -32.5 10.025545424145445
v -61.904090286788055 -32.5 16.58715100052854
v -59.83114379899137 -32.5 22.967024279465697
v -57.10267477926215 -32.5 29.095266034235955
v -53.74857690514621 -32.5 34.90473396576346
v -49.805598374846205 -32.5 40.33177832767433
v -45.316939286260535 -32.5 45.31693928625939
v -40.33177832767475 -32.5 49.80559837484572
v -34.90473396576209 -32.5 53.74857690514701
v -29.095266034237447 -32.5 57.10267477926126
v -22.967024279464656 -32.5 59.831143798991576
v -16.587151000526916 -32.5 61.904090286788445
v -10.025545424145754 -32.5 63.29880260713888
v -3.3540978741143164 -32.5 64.0
v 3.3540978741143164 -32.5 64.0
v 63.298802607138924 -33.5 10.025545424145548
v 64.0 -33.5 3.354097874114645
v 64.0 -33.5 -3.35409787411424
v 63.2988026071389 -33.5 -10.025545424145445
v 61.904090286788055 -33.5 -16.58715100052854
v 59.83114379899137 -33.5 -22.967024279465697
v 57.10267477926215 -33.5 -29.095266034235955
v 53.74857690514621 -33.5 -34.90473396576346
v 49.805598374846205 -33.5 -40.33177832767433
v 45.316939286260535 -33.5 -45.31693928625939
v 40.33177832767475 -33.5 -49.80559837484572
v 34.90473396576209 -33.5 -53.74857690514701
v 29.095266034237447 -33.5 -57.10267477926126
v 22.967024279464656 -33.5 -59.831143798991576
v 16.587151000526916 -33.5 -61.904090286788445
v 10.025545424145754 -33.5 -63.29880260713888
v 3.3540978741143164 -33.5 -64.0
v -3.3540978741143164 -33.5 -64.0
v -10.025545424145129 -33.5 -63.29880260713894
v -16.58715100052893 -33.5 -61.90409028678795
v -22.967024279464773 -33.5 -59.83114379899169
v -29.095266034238392 -33.5 -57.10267477926095
v -34.90473396576202 -33.5 -53.748576905147296
v -40.331778327674215 -33.5 -49.805598374846376
v -45.31693928625998 -33.5 -45.31693928626005
v -49.80559837484679 -33.5 -40.331778327673774
v -53.74857690514638 -33.5 -34.90473396576343
v -57.10267477926073 -33.5 -29.09526603423862
v -59.83114379899186 -33.5 -22.967024279464113
v -61.90409028678823 -33.5 -16.587151000527967
v -63.298802607138924 -33.5 -10.025545424145548
v -64.0 -33.5 -3.354097874114645
v -64.0 -33.5 3.35409787411424
v -63.2988026071389 -33.5 10.025545424145445
v -61.904090286788055 -33.5 16.58715100052854
v -59.83114379899137 -33.5 22.967024279465697
v -57.10267477926215 -33.5 29.095266034235955
v -53.74857690514621 -33.5 34.90473396576346
v -49.805598374846205 -33.5 40.33177832767433
v -45.316939286260535 -33.5 45.31693928625939
v -40.33177832767475 -33.5 49.80559837484572
v -34.90473396576209 -33.5 53.74857690514701
v -29.095266034237447 -33.5 57.10267477926126
v -22.967024279464656 -33.5 59.831143798991576
v -16.587151000526916 -33.5 61.904090286788445
v -10.025545424145754 -33.5 63.29880260713888
v -3.3540978741143164 -33.5 64.0
v 3.3540978741143164 -33.5 64.0
v 10.025545424145129 -33.5 63.29880260713894
v 16.58715100052893 -33.5 61.90409028678795
v 22.967024279464773 -33.5 59.83114379899169
v 29.095266034238392 -33.5 57.10267477926095
v 34.90473396576202 -33.5 53.748576905147296
v 40.331778327674215 -33.5 49.805598374846376
v 45.31693928625998 -33.5 45.31693928626005
v 49.80559837484679 -33.5 40.331778327673774
v 53.74857690514638 -33.5 34.90473396576343
v 57.10267477926073 -33.5 29.09526603423862
v 59.83114379899186 -33.5 22.967024279464113
v 61.90409028678823 -33.5 16.587151000527967
v 63.298802607138924 -33.5 10.025545424145548
v 63.0 -33.5 3.3016900948319794
v 63.0 -33.5 -3.3016900948318577
v 62.309758816402464 -33.5 -9.868896276892581
v 60.93683887605708 -33.5 -16.327976766144808
v 58.89628217713178 -33.5 -22.608164525099955
v 56.21044548583717 -33.5 -28.64065250244897
v 52.90875539100324 -33.5 -34.35934749754817
v 49.02738590023888 -33.5 -39.70159429130453
v 44.60886210990909 -33.5 -44.60886210991526
v 39.701594291305696 -33.5 -49.02738590023839
v 34.3593474975473 -33.5 -52.908755391004185
v 28.64065250245303 -33.5 -56.21044548583522
v 22.60816452509908 -33.5 -58.8962821771321
v 16.327976766145206 -33.5 -60.93683887605701
v 9.86889627689306 -33.5 -62.309758816402365
v 3.30169009483118 -33.5 -63.0
v -3.301690094831745 -33.5 -63.0
v -9.868896276892848 -33.5 -62.30975881640244
v -16.327976766143824 -33.5 -60.93683887605733
v -22.608164525099262 -33.5 -58.89628217713191
v -28.640652502453737 -33.5 -56.210445485834825
v -34.359347497545905 -33.5 -52.908755391005
v -39.701594291304815 -33.5 -49.02738590023887
v -44.608862109912586 -33.5 -44.60886210991179
v -49.02738590024005 -33.5 -39.70159429130358
v -52.90875539100309 -33.5 -34.35934749754891
v -56.21044548583558 -33.5 -28.640652502452127
v -58.8962821771322 -33.5 -22.608164525098715
v -60.936838876056925 -33.5 -16.32797676614541
v -62.30975881640254 -33.5 -9.868896276892087
v -63.0 -33.5 -3.3016900948319794
v -63.0 -33.5 3.3016900948318577
v -62.309758816402464 -33.5 9.868896276892581
v -60.93683887605708 -33.5 16.327976766144808
v -58.89628217713178 -33.5 22.608164525099955
v -56.21044548583717 -33.5 28.64065250244897
v -52.90875539100324 -33.5 34.35934749754817
v -49.02738590023888 -33.5 39.70159429130453
v -44.60886210990909 -33.5 44.60886210991526
v -39.701594291305696 -33.5 49.02738590023839
v -34.3593474975473 -33.5 52.908755391004185
v -28.64065250245303 -33.5 56.21044548583522
v -22.60816452509908 -33.5 58.8962821771321
v -16.327976766145206 -33.5 60.93683887605701
v -9.86889627689306 -33.5 62.309758816402365
v -3.30169009483118 -33.5 63.0
v 3.301690094831745 -33.5 63.0
v 9.868896276892848 -33.5 62.30975881640244
v 16.327976766143824 -33.5 60.93683887605733
v 22.608164525099262 -33.5 58.89628217713191
v 28.640652502453737 -33.5 56.210445485834825
v 34.359347497545905 -33.5 52.908755391005
v 39.701594291304815 -33.5 49.02738590023887
v 44.608862109912586 -33.5 44.60886210991179
v 49.02738590024005 -33.5 39.70159429130358
v 52.90875539100309 -33.5 34.35934749754891
v 56.21044548583558 -33.5 28.640652502452127
v 58.8962821771322 -33.5 22.608164525098715
v 60.936838876056925 -33.5 16.32797676614541
v 62.30975881640254 -33.5 9.868896276892087
v 63.0 -33.5 3.3016900948319794
v 62.30975881640254 -34.5 9.868896276892087
v 63.0 -34.5 3.3016900948319794
v 63.0 -34.5 -3.3016900948318577
v 62.309758816402464 -34.5 -9.868896276892581
v 60.93683887605708 -34.5 -16.327976766144808
v 58.89628217713178 -34.5 -22.608164525099955
v 56.21044548583717 -34.5 -28.64065250244897
v 52.90875539100324 -34.5 -34.35934749754817
v 49.02738590023888 -34.5 -39.70159429130453
v 44.60886210990909 -34.5 -44.60886210991526
v 39.701594291305696 -34.5 -49.02738590023839
v 34.3593474975473 -34.5 -52.908755391004185
v 28.64065250245303 -34.5 -56.21044548583522
v 22.60816452509908 -34.5 -58.8962821771321
v 16.327976766145206 -34.5 -60.93683887605701
v 9.86889627689306 -34.5 -62.309758816402365
v 3.30169009483118 -34.5 -63.0
v -3.301690094831745 -34.5 -63.0
v -9.868896276892848 -34.5 -62.30975881640244
v -16.327976766143824 -34.5 -60.93683887605733
v -22.608164525099262 -34.5 -58.89628217713191
v -28.640652502453737 -34.5 -56.210445485834825
v -34.359347497545905 -34.5 -52.908755391005
v -39.701594291304815 -34.5 -49.02738590023887
v -44.608862109912586 -34.5 -44.60886210991179
v -49.02738590024005 -34.5 -39.70159429130358
v -52.90875539100309 -34.5 -34.35934749754891
v -56.21044548583558 -34.5 -28.640652502452127
v -58.8962821771322 -34.5 -22.608164525098715
v -60.936838876056925 -34.5 -16.32797676614541
v -62.30975881640254 -34.5 -9.868896276892087
v -63.0 -34.5 -3.3016900948319794
v -63.0 -34.5 3.3016900948318577
v -62.309758816402464 -34.5 9.868896276892581
v -60.93683887605708 -34.5 16.327976766144808
v -58.89628217713178 -34.5 22.608164525099955
v -56.21044548583717 -34.5 28.64065250244897
v -52.90875539100324 -34.5 34.35934749754817
v -49.02738590023888 -34.5 39.70159429130453
v -44.60886210990909 -34.5 44.60886210991526
v -39.701594291305696 -34.5 49.02738590023839
v -34.3593474975473 -34.5 52.908755391004185
v -28.64065250245303 -34.5 56.21044548583522
v -22.60816452509908 -34.5 58.8962821771321
v -16.327976766145206 -34.5 60.93683887605701
v -9.86889627689306 -34.5 62.309758816402365
v -3.30169009483118 -34.5 63.0
v 3.301690094831745 -34.5 63.0
v 9.868896276892848 -34.5 62.30975881640244
v 16.327976766143824 -34.5 60.93683887605733
v 22.608164525099262 -34.5 58.89628217713191
v 28.640652502453737 -34.5 56.210445485834825
v 34.359347497545905 -34.5 52.908755391005
v 39.701594291304815 -34.5 49.02738590023887
v 44.608862109912586 -34.5 44.60886210991179
v 49.02738590024005 -34.5 39.70159429130358
v 52.90875539100309 -34.5 34.35934749754891
v 56.21044548583558 -34.5 28.640652502452127
v 58.8962821771322 -34.5 22.608164525098715
v 60.936838876056925 -34.5 16.32797676614541
v 62.30975881640254 -34.5 9.868896276892087
v 62.0 -34.5 3.2492823155486734
v 62.0 -34.5 -3.2492823155489363
v 61.32071502566597 -34.5 -9.712247129639739
v 59.96958746532581 -34.5 -16.068802531762145
v 57.96142055527248 -34.5 -22.24930477073321
v 55.318216192409544 -34.5 -28.186038970667255
v 52.06893387686011 -34.5 -33.813961029333846
v 48.24917342563233 -34.5 -39.07141025493448
v 43.90078493356465 -34.5 -43.90078493356412
v 39.07141025493493 -34.5 -48.24917342563189
v 33.8139610293329 -34.5 -52.068933876860605
v 28.186038970665678 -34.5 -55.31821619241032
v 22.249304770731996 -34.5 -57.961420555273016
v 16.068802531762696 -34.5 -59.969587465325716
v 9.71224712963959 -34.5 -61.320715025666
v 3.249282315548598 -34.5 -62.0
v -3.2492823155487933 -34.5 -62.0
v -9.712247129640453 -34.5 -61.320715025665926
v -16.06880253176162 -34.5 -59.96958746532604
v -22.249304770733335 -34.5 -57.961420555272554
v -28.18603897066729 -34.5 -55.31821619240974
v -33.813961029330315 -34.5 -52.06893387686242
v -39.071410254934676 -34.5 -48.24917342563199
v -43.90078493356467 -34.5 -43.900784933563955
v -48.24917342563354 -34.5 -39.07141025493303
v -52.06893387686007 -34.5 -33.813961029334024
v -55.31821619240935 -34.5 -28.186038970667624
v -57.96142055527321 -34.5 -22.249304770731356
v -59.96958746532578 -34.5 -16.068802531762458
v -61.32071502566599 -34.5 -9.712247129639763
v -62.0 -34.5 -3.2492823155486734
v -62.0 -34.5 3.2492823155489363
v -61.32071502566597 -34.5 9.712247129639739
v -59.96958746532581 -34.5 16.068802531762145
v -57.96142055527248 -34.5 22.24930477073321
v -55.318216192409544 -34.5 28.186038970667255
v -52.06893387686011 -34.5 33.813961029333846
v -48.24917342563233 -34.5 39.07141025493448
v -43.90078493356465 -34.5 43.90078493356412
v -39.07141025493493 -34.5 48.24917342563189
v -33.8139610293329 -34.5 52.068933876860605
v -28.186038970665678 -34.5 55.31821619241032
v -22.249304770731996 -34.5 57.961420555273016
v -16.068802531762696 -34.5 59.969587465325716
v -9.71224712963959 -34.5 61.320715025666
v -3.249282315548598 -34.5 62.0
v 3.2492823155487933 -34.5 62.0
v 9.712247129640453 -34.5 61.320715025665926
v 16.06880253176162 -34.5 59.96958746532604
v 22.249304770733335 -34.5 57.961420555272554
v 28.18603897066729 -34.5 55.31821619240974
v 33.813961029330315 -34.5 52.06893387686242
v 39.071410254934676 -34.5 48.24917342563199
v 43.90078493356467 -34.5 43.900784933563955
v 48.24917342563354 -34.5 39.07141025493303
v 52.06893387686007 -34.5 33.813961029334024
v 55.31821619240935 -34.5 28.186038970667624
v 57.96142055527321 -34.5 22.249304770731356
v 59.96958746532578 -34.5 16.068802531762458
v 61.32071502566599 -34.5 9.712247129639763
v 62.0 -34.5 3.2492823155486734
v 61.32071502566599 -35.5 9.712247129639763
v 62.0 -35.5 3.2492823155486734
v 62.0 -35.5 -3.2492823155489363
v 61.32071502566597 -35.5 -9.712247129639739
v 59.96958746532581 -35.5 -16.068802531762145
v 57.96142055527248 -35.5 -22.24930477073321
v 55.318216192409544 -35.5 -28.186038970667255
v 52.06893387686011 -35.5 -33.813961029333846
v 48.24917342563233 -35.5 -39.07141025493448
v 43.90078493356465 -35.5 -43.90078493356412
v 39.07141025493493 -35.5 -48.24917342563189
v 33.8139610293329 -35.5 -52.068933876860605
v 28.186038970665678 -35.5 -55.31821619241032
v 22.249304770731996 -35.5 -57.961420555273016
v 16.068802531762696 -35.5 -59.969587465325716
v 9.71224712963959 -35.5 -61.320715025666
v 3.249282315548598 -35.5 -62.0
v -3.2492823155487933 -35.5 -62.0
v -9.712247129640453 -35.5 -61.320715025665926
v -16.06880253176162 -35.5 -59.96958746532604
v -22.249304770733335 -35.5 -57.961420555272554
v -28.18603897066729 -35.5 -55.31821619240974
v -33.813961029330315 -35.5 -52.06893387686242
v -39.071410254934676 -35.5 -48.24917342563199
v -43.90078493356467 -35.5 -43.900784933563955
v -48.24917342563354 -35.5 -39.07141025493303
v -52.06893387686007 -35.5 -33.813961029334024
v -55.31821619240935 -35.5 -28.186038970667624
v -57.96142055527321 -35.5 -22.249304770731356
v -59.96958746532578 -35.5 -16.068802531762458
v -61.32071502566599 -35.5 -9.712247129639763
v -62.0 -35.5 -3.2492823155486734
v -62.0 -35.5 3.2492823155489363
v -61.32071502566597 -35.5 9.712247129639739
v -59.96958746532581 -35.5 16.068802531762145
v -57.96142055527248 -35.5 22.24930477073321
v -55.318216192409544 -35.5 28.186038970667255
v -52.06893387686011 -35.5 33.813961029333846
v -48.24917342563233 -35.5 39.07141025493448
v -43.90078493356465 -35.5 43.90078493356412
v -39.07141025493493 -35.5 48.24917342563189
v -33.8139610293329 -35.5 52.068933876860605
v -28.186038970665678 -35.5 55.31821619241032
v -22.249304770731996 -35.5 57.961420555273016
v -16.068802531762696 -35.5 59.969587465325716
v -9.71224712963959 -35.5 61.320715025666
v -3.249282315548598 -35.5 62.0
v 3.2492823155487933 -35.5 62.0
v 9.712247129640453 -35.5 61.320715025665926
v 16.06880253176162 -35.5 59.96958746532604
v 22.249304770733335 -35.5 57.961420555272554
v 28.18603897066729 -35.5 55.31821619240974
v 33.813961029330315 -35.5 52.06893387686242
v 39.071410254934676 -35.5 48.24917342563199
v 43.90078493356467 -35.5 43.900784933563955
v 48.24917342563354 -35.5 39.07141025493303
v 52.06893387686007 -35.5 33.813961029334024
v 55.31821619240935 -35.5 28.186038970667624
v 57.96142055527321 -35.5 22.249304770731356
v 59.96958746532578 -35.5 16.068802531762458
v 61.32071502566599 -35.5 9.712247129639763
v 61.0 -35.5 3.1968745362653674
v 61.0 -35.5 -3.1968745362656126
v 60.33167123492932 -35.5 -9.555597982388441
v 59.002336054594984 -35.5 -15.809628297378449
v 57.02655893341406 -35.5 -21.890445016364595
v 54.42598689898408 -35.5 -27.731425438881352
v 51.22911236271723 -35.5 -33.26857456111878
v 47.470960951025944 -35.5 -38.4412262185639
v 43.19270775721692 -35.5 -43.19270775721609
v 38.44122621856408 -35.5 -47.470960951025596
v 33.26857456111711 -35.5 -51.22911236271825
v 27.731425438881622 -35.5 -54.425986898983965
v 21.890445016365184 -35.5 -57.02655893341388
v 15.809628297379287 -35.5 -59.00233605459476
v 9.555597982387997 -35.5 -60.331671234929395
v 3.196874536265767 -35.5 -61.0
v -3.1968745362656 -35.5 -61.0
v -9.555597982388662 -35.5 -60.33167123492931
v -15.80962829737837 -35.5 -59.00233605459502
v -21.890445016364858 -35.5 -57.02655893341395
v -27.731425438883104 -35.5 -54.425986898983254
v -33.26857456111731 -35.5 -51.22911236271824
v -38.44122621856437 -35.5 -47.470960951025546
v -43.19270775721539 -35.5 -43.19270775721765
v -47.47096095102673 -35.5 -38.441226218562804
v -51.229112362716975 -35.5 -33.26857456111914
v -54.42598689898406 -35.5 -27.731425438881345
v -57.026558933413995 -35.5 -21.890445016364822
v -59.00233605459486 -35.5 -15.809628297378936
v -60.331671234929296 -35.5 -9.555597982388576
v -61.0 -35.5 -3.1968745362653674
v -61.0 -35.5 3.1968745362656126
v -60.33167123492932 -35.5 9.555597982388441
v -59.002336054594984 -35.5 15.809628297378449
v -57.02655893341406 -35.5 21.890445016364595
v -54.42598689898408 -35.5 27.731425438881352
v -51.22911236271723 -35.5 33.26857456111878
v -47.470960951025944 -35.5 38.4412262185639
v -43.19270775721692 -35.5 43.19270775721609
v -38.44122621856408 -35.5 47.470960951025596
v -33.26857456111711 -35.5 51.22911236271825
v -27.731425438881622 -35.5 54.425986898983965
v -21.890445016365184 -35.5 57.02655893341388
v -15.809628297379287 -35.5 59.00233605459476
v -9.555597982387997 -35.5 60.331671234929395
v -3.196874536265767 -35.5 61.0
v 3.1968745362656 -35.5 61.0
v 9.555597982388662 -35.5 60.33167123492931
v 15.80962829737837 -35.5 59.00233605459502
v 21.890445016364858 -35.5 57.02655893341395
v 27.731425438883104 -35.5 54.425986898983254
v 33.26857456111731 -35.5 51.22911236271824
v 38.44122621856437 -35.5 47.470960951025546
v 43.19270775721539 -35.5 43.19270775721765
v 47.47096095102673 -35.5 38.441226218562804
v 51.229112362716975 -35.5 33.26857456111914
v 54.42598689898406 -35.5 27.731425438881345
v 57.026558933413995 -35.5 21.890445016364822
v 59.00233605459486 -35.5 15.809628297378936
v 60.331671234929296 -35.5 9.555597982388576
v 61.0 -35.5 3.1968745362653674
v 60.331671234929296 -36.5 9.555597982388576
v 61.0 -36.5 3.1968745362653674
v 61.0 -36.5 -3.1968745362656126
v 60.33167123492932 -36.5 -9.555597982388441
v 59.002336054594984 -36.5 -15.809628297378449
v 57.02655893341406 -36.5 -21.890445016364595
v 54.42598689898408 -36.5 -27.731425438881352
v 51.22911236271723 -36.5 -33.26857456111878
v 47.470960951025944 -36.5 -38.4412262185639
v 43.19270775721692 -36.5 -43.19270775721609
v 38.44122621856408 -36.5 -47.470960951025596
v 33.26857456111711 -36.5 -51.22911236271825
v 27.731425438881622 -36.5 -54.425986898983965
v 21.890445016365184 -36.5 -57.02655893341388
v 15.809628297379287 -36.5 -59.00233605459476
v 9.555597982387997 -36.5 -60.331671234929395
v 3.196874536265767 -36.5 -61.0
v -3.1968745362656 -36.5 -61.0
v -9.555597982388662 -36.5 -60.33167123492931
v -15.80962829737837 -36.5 -59.00233605459502
v -21.890445016364858 -36.5 -57.02655893341395
v -27.731425438883104 -36.5 -54.425986898983254
v -33.26857456111731 -36.5 -51.22911236271824
v -38.44122621856437 -36.5 -47.470960951025546
v -43.19270775721539 -36.5 -43.19270775721765
v -47.47096095102673 -36.5 -38.441226218562804
v -51.229112362716975 -36.5 -33.26857456111914
v -54.42598689898406 -36.5 -27.731425438881345
v -57.026558933413995 -36.5 -21.890445016364822
v -59.00233605459486 -36.5 -15.809628297378936
v -60.331671234929296 -36.5 -9.555597982388576
v -61.0 -36.5 -3.1968745362653674
v -61.0 -36.5 3.1968745362656126
v -60.33167123492932 -36.5 9.555597982388441
v -59.002336054594984 -36.5 15.809628297378449
v -57.02655893341406 -36.5 21.890445016364595
v -54.42598689898408 -36.5 27.731425438881352
v -51.22911236271723 -36.5 33.26857456111878
v -47.470960951025944 -36.5 38.4412262185639
v -43.19270775721692 -36.5 43.19270775721609
v -38.44122621856408 -36.5 47.470960951025596
v -33.26857456111711 -36.5 51.22911236271825
v -27.731425438881622 -36.5 54.425986898983965
v -21.890445016365184 -36.5 57.02655893341388
v -15.809628297379287 -36.5 59.00233605459476
v -9.555597982387997 -36.5 60.331671234929395
v -3.196874536265767 -36.5 61.0
v 3.1968745362656 -36.5 61.0
v 9.555597982388662 -36.5 60.33167123492931
v 15.80962829737837 -36.5 59.00233605459502
v 21.890445016364858 -36.5 57.02655893341395
v 27.731425438883104 -36.5 54.425986898983254
v 33.26857456111731 -36.5 51.22911236271824
v 38.44122621856437 -36.5 47.470960951025546
v 43.19270775721539 -36.5 43.19270775721765
v 47.47096095102673 -36.5 38.441226218562804
v 51.229112362716975 -36.5 33.26857456111914
v 54.42598689898406 -36.5 27.731425438881345
v 57.026558933413995 -36.5 21.890445016364822
v 59.00233605459486 -36.5 15.809628297378936
v 60.331671234929296 -36.5 9.555597982388576
v 60.0 -36.5 3.1444667569820615
v 60.0 -36.5 -3.1444667569827582
v 59.342627444192736 -36.5 -9.398948835136201
v 58.03508464386364 -36.5 -15.550454062995835
v 56.091697311554654 -36.5 -21.531585261998362
v 53.53375760555817 -36.5 -27.27681190709622
v 50.38929084857369 -36.5 -32.72318809290466
v 46.692748476419005 -36.5 -37.8110421821941
v 42.48463058087167 -36.5 -42.484630580865684
v 37.81104218219285 -36.5 -46.6927484764196
v 32.72318809290174 -36.5 -50.389290848575556
v 27.276811907096747 -36.5 -53.533757605558016
v 21.531585261998984 -36.5 -56.091697311554455
v 15.550454062995506 -36.5 -58.035084643863826
v 9.39894883513611 -36.5 -59.34262744419278
v 3.1444667569823785 -36.5 -60.0
v -3.144466756982407 -36.5 -60.0
v -9.398948835135613 -36.5 -59.34262744419283
v -15.55045406299536 -36.5 -58.03508464386379
v -21.531585262000497 -36.5 -56.09169731155387
v -27.27681190709725 -36.5 -53.53375760555789
v -32.72318809290116 -36.5 -50.38929084857604
v -37.81104218219541 -36.5 -46.692748476417776
v -42.48463058086663 -36.5 -42.48463058087075
v -46.69274847642026 -36.5 -37.811042182192224
v -50.389290848575264 -36.5 -32.72318809290246
v -53.5337576055573 -36.5 -27.276811907098264
v -56.09169731155416 -36.5 -21.531585261999595
v -58.03508464386402 -36.5 -15.550454062994618
v -59.34262744419266 -36.5 -9.398948835136707
v -60.0 -36.5 -3.1444667569820615
v -60.0 -36.5 3.1444667569827582
v -59.342627444192736 -36.5 9.398948835136201
v -58.03508464386364 -36.5 15.550454062995835
v -56.091697311554654 -36.5 21.531585261998362
v -53.53375760555817 -36.5 27.27681190709622
v -50.38929084857369 -36.5 32.72318809290466
v -46.692748476419005 -36.5 37.8110421821941
v -42.48463058087167 -36.5 42.484630580865684
v -37.81104218219285 -36.5 46.6927484764196
v -32.72318809290174 -36.5 50.389290848575556
v -27.276811907096747 -36.5 53.533757605558016
v -21.531585261998984 -36.5 56.091697311554455
v -15.550454062995506 -36.5 58.035084643863826
v -9.39894883513611 -36.5 59.34262744419278
v -3.1444667569823785 -36.5 60.0
v 3.144466756982407 -36.5 60.0
v 9.398948835135613 -36.5 59.34262744419283
v 15.55045406299536 -36.5 58.03508464386379
v 21.531585262000497 -36.5 56.09169731155387
v 27.27681190709725 -36.5 53.53375760555789
v 32.72318809290116 -36.5 50.38929084857604
v 37.81104218219541 -36.5 46.692748476417776
v 42.48463058086663 -36.5 42.48463058087075
v 46.69274847642026 -36.5 37.811042182192224
v 50.389290848575264 -36.5 32.72318809290246
v 53.5337576055573 -36.5 27.276811907098264
v 56.09169731155416 -36.5 21.531585261999595
v 58.03508464386402 -36.5 15.550454062994618
v 59.34262744419266 -36.5 9.398948835136707
v 60.0 -36.5 3.1444667569820615
v 59.34262744419266 -37.5 9.398948835136707
v 60.0 -37.5 3.1444667569820615
v 60.0 -37.5 -3.1444667569827582
v 59.342627444192736 -37.5 -9.398948835136201
v 58.03508464386364 -37.5 -15.550454062995835
v 56.091697311554654 -37.5 -21.531585261998362
v 53.53375760555817 -37.5 -27.27681190709622
v 50.38929084857369 -37.5 -32.72318809290466
v 46.692748476419005 -37.5 -37.8110421821941
v 42.48463058087167 -37.5 -42.484630580865684
v 37.81104218219285 -37.5 -46.6927484764196
v 32.72318809290174 -37.5 -50.389290848575556
v 27.276811907096747 -37.5 -53.533757605558016
v 21.531585261998984 -37.5 -56.091697311554455
v 15.550454062995506 -37.5 -58.035084643863826
v 9.39894883513611 -37.5 -59.34262744419278
v 3.1444667569823785 -37.5 -60.0
v -3.144466756982407 -37.5 -60.0
v -9.398948835135613 -37.5 -59.34262744419283
v -15.55045406299536 -37.5 -58.03508464386379
v -21.531585262000497 -37.5 -56.09169731155387
v -27.27681190709725 -37.5 -53.53375760555789
v -32.72318809290116 -37.5 -50.38929084857604
v -37.81104218219541 -37.5 -46.692748476417776
v -42.48463058086663 -37.5 -42.48463058087075
v -46.69274847642026 -37.5 -37.811042182192224
v -50.389290848575264 -37.5 -32.72318809290246
v -53.5337576055573 -37.5 -27.276811907098264
v -56.09169731155416 -37.5 -21.531585261999595
v -58.03508464386402 -37.5 -15.550454062994618
v -59.34262744419266 -37.5 -9.398948835136707
v -60.0 -37.5 -3.1444667569820615
v -60.0 -37.5 3.1444667569827582
v -59.342627444192736 -37.5 9.398948835136201
v -58.03508464386364 -37.5 15.550454062995835
v -56.091697311554654 -37.5 21.531585261998362
v -53.53375760555817 -37.5 27.27681190709622
v -50.38929084857369 -37.5 32.72318809290466
v -46.692748476419005 -37.5 37.8110421821941
v -42.48463058087167 -37.5 42.484630580865684
v -37.81104218219285 -37.5 46.6927484764196
v -32.72318809290174 -37.5 50.389290848575556
v -27.276811907096747 -37.5 53.533757605558016
v -21.531585261998984 -37.5 56.091697311554455
v -15.550454062995506 -37.5 58.035084643863826
v -9.39894883513611 -37.5 59.34262744419278
v -3.1444667569823785 -37.5 60.0
v 3.144466756982407 -37.5 60.0
v 9.398948835135613 -37.5 59.34262744419283
v 15.55045406299536 -37.5 58.03508464386379
v 21.531585262000497 -37.5 56.09169731155387
v 27.27681190709725 -37.5 53.53375760555789
v 32.72318809290116 -37.5 50.38929084857604
v 37.81104218219541 -37.5 46.692748476417776
v 42.48463058086663 -37.5 42.48463058087075
v 46.69274847642026 -37.5 37.811042182192224
v 50.389290848575264 -37.5 32.72318809290246
v 53.5337576055573 -37.5 27.276811907098264
v 56.09169731155416 -37.5 21.531585261999595
v 58.03508464386402 -37.5 15.550454062994618
v 59.34262744419266 -37.5 9.398948835136707
v 59.0 -37.5 3.0920589776992102
v 59.0 -37.5 -3.092058977699634
v 58.35358365345626 -37.5 -9.24229968788364
v 57.06783323313313 -37.5 -15.291279828610643
v 55.15683568969482 -37.5 -21.172725507633054
v 52.64152831213221 -37.5 -26.82219837531144
v 49.5494693344319 -37.5 -32.17780162468792
v 45.91453600181231 -37.5 -37.18085814582361
v 41.77655340452033 -37.5 -41.77655340452154
v 37.180858145826136 -37.5 -45.91453600181025
v 32.17780162468719 -37.5 -49.549469334432246
v 26.822198375312396 -37.5 -52.6415283121316
v 21.172725507630904 -37.5 -55.156835689695676
v 15.291279828612506 -37.5 -57.06783323313268
v 9.242299687883328 -37.5 -58.35358365345632
v 3.09205897769969 -37.5 -59.0
v -3.092058977699299 -37.5 -59.0
v -9.242299687882785 -37.5 -58.35358365345633
v -15.291279828613213 -37.5 -57.067833233132426
v -21.17272550763175 -37.5 -55.156835689695384
v -26.82219837531354 -37.5 -52.64152831213117
v -32.17780162468637 -37.5 -49.549469334432935
v -37.180858145824786 -37.5 -45.91453600181132
v -41.77655340452142 -37.5 -41.77655340452046
v -45.91453600181116 -37.5 -37.18085814582507
v -49.54946933443281 -37.5 -32.17780162468661
v -52.641528312131115 -37.5 -26.822198375313647
v -55.15683568969461 -37.5 -21.17272550763346
v -57.067833233133115 -37.5 -15.291279828610413
v -58.35358365345625 -37.5 -9.242299687883587
v -59.0 -37.5 -3.0920589776992102
v -59.0 -37.5 3.092058977699634
v -58.35358365345626 -37.5 9.24229968788364
v -57.06783323313313 -37.5 15.291279828610643
v -55.15683568969482 -37.5 21.172725507633054
v -52.64152831213221 -37.5 26.82219837531144
v -49.5494693344319 -37.5 32.17780162468792
v -45.91453600181231 -37.5 37.18085814582361
v -41.77655340452033 -37.5 41.77655340452154
v -37.180858145826136 -37.5 45.91453600181025
v -32.17780162468719 -37.5 49.549469334432246
v -26.822198375312396 -37.5 52.6415283121316
v -21.172725507630904 -37.5 55.156835689695676
v -15.291279828612506 -37.5 57.06783323313268
v -9.242299687883328 -37.5 58.35358365345632
v -3.09205897769969 -37.5 59.0
v 3.092058977699299 -37.5 59.0
v 9.242299687882785 -37.5 58.35358365345633
v 15.291279828613213 -37.5 57.067833233132426
v 21.17272550763175 -37.5 55.156835689695384
v 26.82219837531354 -37.5 52.64152831213117
v 32.17780162468637 -37.5 49.549469334432935
v 37.180858145824786 -37.5 45.91453600181132
v 41.77655340452142 -37.5 41.77655340452046
v 45.91453600181116 -37.5 37.18085814582507
v 49.54946933443281 -37.5 32.17780162468661
v 52.641528312131115 -37.5 26.822198375313647
v 55.15683568969461 -37.5 21.17272550763346
v 57.067833233133115 -37.5 15.291279828610413
v 58.35358365345625 -37.5 9.242299687883587
v 59.0 -37.5 3.0920589776992102
v 58.35358365345625 -38.5 9.242299687883587
v 59.0 -38.5 3.0920589776992102
v 59.0 -38.5 -3.092058977699634
v 58.35358365345626 -38.5 -9.24229968788364
v 57.06783323313313 -38.5 -15.291279828610643
v 55.15683568969482 -38.5 -21.172725507633054
v 52.64152831213221 -38.5 -26.82219837531144
v 49.5494693344319 -38.5 -32.17780162468792
v 45.91453600181231 -38.5 -37.18085814582361
v 41.77655340452033 -38.5 -41.77655340452154
v 37.180858145826136 -38.5 -45.91453600181025
v 32.17780162468719 -38.5 -49.549469334432246
v 26.822198375312396 -38.5 -52.6415283121316
v 21.172725507630904 -38.5 -55.156835689695676
v 15.291279828612506 -38.5 -57.06783323313268
v 9.242299687883328 -38.5 -58.35358365345632
v 3.09205897769969 -38.5 -59.0
v -3.092058977699299 -38.5 -59.0
v -9.242299687882785 -38.5 -58.35358365345633
v -15.291279828613213 -38.5 -57.067833233132426
v -21.17272550763175 -38.5 -55.156835689695384
v -26.82219837531354 -38.5 -52.64152831213117
v -32.17780162468637 -38.5 -49.549469334432935
v -37.180858145824786 -38.5 -45.91453600181132
v -41.77655340452142 -38.5 -41.77655340452046
v -45.91453600181116 -38.5 -37.18085814582507
v -49.54946933443281 -38.5 -32.17780162468661
v -52.641528312131115 -38.5 -26.822198375313647
v -55.15683568969461 -38.5 -21.17272550763346
v -57.067833233133115 -38.5 -15.291279828610413
v -58.35358365345625 -38.5 -9.242299687883587
v -59.0 -38.5 -3.0920589776992102
v -59.0 -38.5 3.092058977699634
v -58.35358365345626 -38.5 9.24229968788364
v -57.06783323313313 -38.5 15.291279828610643
v -55.15683568969482 -38.5 21.172725507633054
v -52.64152831213221 -38.5 26.82219837531144
v -49.5494693344319 -38.5 32.17780162468792
v -45.91453600181231 -38.5 37.18085814582361
v -41.77655340452033 -38.5 41.77655340452154
v -37.180858145826136 -38.5 45.91453600181025
v -32.17780162468719 -38.5 49.549469334432246
v -26.822198375312396 -38.5 52.6415283121316
v -21.172725507630904 -38.5 55.156835689695676
v -15.291279828612506 -38.5 57.06783323313268
v -9.242299687883328 -38.5 58.35358365345632
v -3.09205897769969 -38.5 59.0
v 3.092058977699299 -38.5 59.0
v 9.242299687882785 -38.5 58.35358365345633
v 15.291279828613213 -38.5 57.067833233132426
v 21.17272550763175 -38.5 55.156835689695384
v 26.82219837531354 -38.5 52.64152831213117
v 32.17780162468637 -38.5 49.549469334432935
v 37.180858145824786 -38.5 45.91453600181132
v 41.77655340452142 -38.5 41.77655340452046
v 45.91453600181116 -38.5 37.18085814582507
v 49.54946933443281 -38.5 32.17780162468661
v 52.641528312131115 -38.5 26.822198375313647
v 55.15683568969461 -38.5 21.17272550763346
v 57.067833233133115 -38.5 15.291279828610413
v 58.35358365345625 -38.5 9.242299687883587
v 58.0 -38.5 3.0396511984160903
v 58.0 -38.5 -3.0396511984163537
v 57.364539862719646 -38.5 -9.085650540631812
v 56.1005818224018 -38.5 -15.032105594228453
v 54.22197406783611 -38.5 -20.813865753265265
v 51.74929901870574 -38.5 -26.367584843527315
v 48.70964782028868 -38.5 -31.632415156473222
v 45.13632352720414 -38.5 -36.55067410945515
v 41.06847622817437 -38.5 -41.06847622817186
v 36.55067410945321 -38.5 -45.13632352720567
v 31.63241515647121 -38.5 -48.709647820290186
v 26.36758484353014 -38.5 -51.74929901870446
v 20.813865753264967 -38.5 -54.22197406783613
v 15.032105594228497 -38.5 -56.10058182240179
v 9.085650540631605 -38.5 -57.364539862719674
v 3.039651198416273 -38.5 -58.0
v -3.03965119841617 -38.5 -58.0
v -9.085650540631974 -38.5 -57.364539862719624
v -15.032105594228696 -38.5 -56.100581822401786
v -20.813865753263627 -38.5 -54.22197406783663
v -26.367584843528874 -38.5 -51.74929901870492
v -31.632415156473655 -38.5 -48.70964782028854
v -36.5506741094523 -38.5 -45.13632352720644
v -41.068476228174646 -38.5 -41.068476228171484
v -45.13632352720457 -38.5 -36.55067410945472
v -48.709647820289455 -38.5 -31.63241515647222
v -51.74929901870475 -38.5 -26.3675848435293
v -54.22197406783685 -38.5 -20.8138657532632
v -56.10058182240154 -38.5 -15.032105594229677
v -57.364539862719624 -38.5 -9.085650540631832
v -58.0 -38.5 -3.0396511984160903
v -58.0 -38.5 3.0396511984163537
v -57.364539862719646 -38.5 9.085650540631812
v -56.1005818224018 -38.5 15.032105594228453
v -54.22197406783611 -38.5 20.813865753265265
v -51.74929901870574 -38.5 26.367584843527315
v -48.70964782028868 -38.5 31.632415156473222
v -45.13632352720414 -38.5 36.55067410945515
v -41.06847622817437 -38.5 41.06847622817186
v -36.55067410945321 -38.5 45.13632352720567
v -31.63241515647121 -38.5 48.709647820290186
v -26.36758484353014 -38.5 51.74929901870446
v -20.813865753264967 -38.5 54.22197406783613
v -15.032105594228497 -38.5 56.10058182240179
v -9.085650540631605 -38.5 57.364539862719674
v -3.039651198416273 -38.5 58.0
v 3.03965119841617 -38.5 58.0
v 9.085650540631974 -38.5 57.364539862719624
v 15.032105594228696 -38.5 56.100581822401786
v 20.813865753263627 -38.5 54.22197406783663
v 26.367584843528874 -38.5 51.74929901870492
v 31.632415156473655 -38.5 48.70964782028854
v 36.5506741094523 -38.5 45.13632352720644
v 41.068476228174646 -38.5 41.068476228171484
v 45.13632352720457 -38.5 36.55067410945472
v 48.709647820289455 -38.5 31.63241515647222
v 51.74929901870475 -38.5 26.3675848435293
v 54.22197406783685 -38.5 20.8138657532632
v 56.10058182240154 -38.5 15.032105594229677
v 57.364539862719624 -38.5 9.085650540631832
v 58.0 -38.5 3.0396511984160903
v 57.364539862719624 -39.5 9.085650540631832
v 58.0 -39.5 3.0396511984160903
v 58.0 -39.5 -3.0396511984163537
v 57.364539862719646 -39.5 -9.085650540631812
v 56.1005818224018 -39.5 -15.032105594228453
v 54.22197406783611 -39.5 -20.813865753265265
v 51.74929901870574 -39.5 -26.367584843527315
v 48.70964782028868 -39.5 -31.632415156473222
v 45.13632352720414 -39.5 -36.55067410945515
v 41.06847622817437 -39.5 -41.06847622817186
v 36.55067410945321 -39.5 -45.13632352720567
v 31.63241515647121 -39.5 -48.709647820290186
v 26.36758484353014 -39.5 -51.74929901870446
v 20.813865753264967 -39.5 -54.22197406783613
v 15.032105594228497 -39.5 -56.10058182240179
v 9.085650540631605 -39.5 -57.364539862719674
v 3.039651198416273 -39.5 -58.0
v -3.03965119841617 -39.5 -58.0
v -9.085650540631974 -39.5 -57.364539862719624
v -15.032105594228696 -39.5 -56.100581822401786
v -20.813865753263627 -39.5 -54.22197406783663
v -26.367584843528874 -39.5 -51.74929901870492
v -31.632415156473655 -39.5 -48.70964782028854
v -36.5506741094523 -39.5 -45.13632352720644
v -41.068476228174646 -39.5 -41.068476228171484
v -45.13632352720457 -39.5 -36.55067410945472
v -48.709647820289455 -39.5 -31.63241515647222
v -51.74929901870475 -39.5 -26.3675848435293
v -54.22197406783685 -39.5 -20.8138657532632
v -56.10058182240154 -39.5 -15.032105594229677
v -57.364539862719624 -39.5 -9.085650540631832
v -58.0 -39.5 -3.0396511984160903
v -58.0 -39.5 3.0396511984163537
v -57.364539862719646 -39.5 9.085650540631812
v -56.1005818224018 -39.5 15.032105594228453
v -54.22197406783611 -39.5 20.813865753265265
v -51.74929901870574 -39.5 26.367584843527315
v -48.70964782028868 -39.5 31.632415156473222
v -45.13632352720414 -39.5 36.55067410945515
v -41.06847622817437 -39.5 41.06847622817186
v -36.55067410945321 -39.5 45.13632352720567
v -31.63241515647121 -39.5 48.709647820290186
v -26.36758484353014 -39.5 51.74929901870446
v -20.813865753264967 -39.5 54.22197406783613
v -15.032105594228497 -39.5 56.10058182240179
v -9.085650540631605 -39.5 57.364539862719674
v -3.039651198416273 -39.5 58.0
v 3.03965119841617 -39.5 58.0
v 9.085650540631974 -39.5 57.364539862719624
v 15.032105594228696 -39.5 56.100581822401786
v 20.813865753263627 -39.5 54.22197406783663
v 26.367584843528874 -39.5 51.74929901870492
v 31.632415156473655 -39.5 48.70964782028854
v 36.5506741094523 -39.5 45.13632352720644
v 41.068476228174646 -39.5 41.068476228171484
v 45.13632352720457 -39.5 36.55067410945472
v 48.709647820289455 -39.5 31.63241515647222
v 51.74929901870475 -39.5 26.3675848435293
v 54.22197406783685 -39.5 20.8138657532632
v 56.10058182240154 -39.5 15.032105594229677
v 57.364539862719624 -39.5 9.085650540631832
v 2.934835639850075 -39.5 -56.0
v -2.934835639850487 -39.5 -56.0
v -8.772352246126815 -39.5 -55.38645228124664
v -14.513757125461971 -39.5 -54.16607900093967
v -27.477044674235728 -39.5 -49.95405154841227
v -31.087028688253948 -39.5 -47.8698263061486
v -35.9204900730842 -39.5 -44.35811105259773
v -40.36039905182645 -39.5 -40.360399051823904
v -44.35811105259723 -39.5 -35.920490073085034
v -47.869826306146976 -39.5 -31.08702868825631
v -50.85706972527928 -39.5 -25.91297131174339
v -53.287112445976774 -39.5 -20.45500599889857
v -54.57523448590795 -39.5 -16.490574002729772
v -56.0 -39.5 -2.934835639850304
v -56.0 -39.5 5.885837174877979
v -52.55253128218616 -39.5 22.104902306190144
v -50.85706972528058 -39.5 25.912971311741135
v -47.869826306146166 -39.5 31.087028688257597
v -44.3581110525978 -39.5 35.920490073084274
v -40.36039905182315 -39.5 40.360399051827336
v -35.920490073087294 -39.5 44.35811105259544
v -31.087028688255863 -39.5 47.86982630614712
v -25.91297131174244 -39.5 50.85706972527969
v -20.45500599889747 -39.5 53.28711244597724
v -14.772931359846087 -39.5 55.13333041167053
v -10.695571519621984 -39.5 56.0
v 5.885837174877998 -39.5 56.0
v 22.104902306188468 -39.5 52.5525312821865
v 25.912971311746013 -39.5 50.857069725277924
v 31.087028688255103 -39.5 47.86982630614783
v 35.92049007308486 -39.5 44.358111052597316
v 40.360399051825596 -39.5 40.36039905182486
v 44.35811105259612 -39.5 35.92049007308627
v 47.8698263061484 -39.5 31.087028688254065
v 50.85706972527921 -39.5 25.912971311743718
v 53.287112445976604 -39.5 20.45500599889914
v 55.133330411670755 -39.5 14.772931359845074
v 56.0 -39.5 10.695571519622035
v 56.0 -39.5 -2.9348356398504793
v 55.38645228124656 -39.5 -8.772352246127172
v 54.1660790009397 -39.5 -14.513757125462003
v 49.95405154841253 -39.5 -27.477044674234964
v 47.86982630614723 -39.5 -31.087028688256026
v 44.358111052596975 -39.5 -35.920490073085446
v 40.36039905182676 -39.5 -40.36039905182376
v 35.92049007308507 -39.5 -44.35811105259707
v 31.087028688256147 -39.5 -47.86982630614692
v 25.912971311742574 -39.5 -50.857069725279565
v 20.455005998897043 -39.5 -53.28711244597734
v 16.490574002730227 -39.5 -54.575234485907885
v 2.934835639850075 -39.5 -56.0
v 16.490574002730227 -40.5 -54.575234485907885
v 2.934835639850075 -40.5 -56.0
v -2.934835639850487 -40.5 -56.0
v -8.772352246126815 -40.5 -55.38645228124664
v -14.513757125461971 -40.5 -54.16607900093967
v -27.477044674235728 -40.5 -49.95405154841227
v -31.087028688253948 -40.5 -47.8698263061486
v -35.9204900730842 -40.5 -44.35811105259773
v -40.36039905182645 -40.5 -40.360399051823904
v -44.35811105259723 -40.5 -35.920490073085034
v -47.869826306146976 -40.5 -31.08702868825631
v -50.85706972527928 -40.5 -25.91297131174339
v -53.287112445976774 -40.5 -20.45500599889857
v -54.57523448590795 -40.5 -16.490574002729772
v -56.0 -40.5 -2.934835639850304
v -56.0 -40.5 5.885837174877979
v -52.55253128218616 -40.5 22.104902306190144
v -50.85706972528058 -40.5 25.912971311741135
v -47.869826306146166 -40.5 31.087028688257597
v -44.3581110525978 -40.5 35.920490073084274
v -40.36039905182315 -40.5 40.360399051827336
v -35.920490073087294 -40.5 44.35811105259544
v -31.087028688255863 -40.5 47.86982630614712
v -25.91297131174244 -40.5 50.85706972527969
v -20.45500599889747 -40.5 53.28711244597724
v -14.772931359846087 -40.5 55.13333041167053
v -10.695571519621984 -40.5 56.0
v 5.885837174877998 -40.5 56.0
v 22.104902306188468 -40.5 52.5525312821865
v 25.912971311746013 -40.5 50.857069725277924
v 31.087028688255103 -40.5 47.86982630614783
v 35.92049007308486 -40.5 44.358111052597316
v 40.360399051825596 -40.5 40.36039905182486
v 44.35811105259612 -40.5 35.92049007308627
v 47.8698263061484 -40.5 31.087028688254065
v 50.85706972527921 -40.5 25.912971311743718
v 53.287112445976604 -40.5 20.45500599889914
v 55.133330411670755 -40.5 14.772931359845074
v 56.0 -40.5 10.695571519622035
v 56.0 -40.5 -2.9348356398504793
v 55.38645228124656 -40.5 -8.772352246127172
v 54.1660790009397 -40.5 -14.513757125462003
v 49.95405154841253 -40.5 -27.477044674234964
v 47.86982630614723 -40.5 -31.087028688256026
v 44.358111052596975 -40.5 -35.920490073085446
v 40.36039905182676 -40.5 -40.36039905182376
v 35.92049007308507 -40.5 -44.35811105259707
v 31.087028688256147 -40.5 -47.86982630614692
v 25.912971311742574 -40.5 -50.857069725279565
v 20.455005998897043 -40.5 -53.28711244597734
v 16.490574002730227 -40.5 -54.575234485907885
v 54.39740849051006 -40.5 -8.615703098874395
v 53.19882759020859 -40.5 -14.254582891078574
v 51.41738920225851 -40.5 -19.737286490164603
v 49.07261113842709 -40.5 -25.003744248173764
v 46.190183277860726 -40.5 -29.996255751826794
v 42.80168610338337 -40.5 -34.66012200034509
v 38.94424469912999 -40.5 -38.94424469912924
v 34.66012200034406 -40.5 -42.801686103384235
v 29.9962557518265 -40.5 -46.19018327786101
v 25.003744248172424 -40.5 -49.07261113842801
v 19.737286490167108 -40.5 -51.41738920225771
v 14.254582891078357 -40.5 -53.19882759020869
v 8.615703098874597 -40.5 -54.39740849051008
v 2.882427860567347 -40.5 -55.0
v -2.882427860567091 -40.5 -55.0
v -8.61570309887404 -40.5 -54.39740849051011
v -14.254582891079504 -40.5 -53.19882759020834
v -19.737286490164944 -40.5 -51.41738920225844
v -25.00374424817533 -40.5 -49.072611138426524
v -29.996255751825696 -40.5 -46.190183277861685
v -34.660122000342476 -40.5 -42.801686103385414
v -38.94424469913149 -40.5 -38.944244699127616
v -42.8016861033836 -40.5 -34.66012200034491
v -46.19018327786022 -40.5 -29.996255751827633
v -49.0726111384286 -40.5 -25.003744248171145
v -51.41738920225765 -40.5 -19.73728649016718
v -53.19882759020872 -40.5 -14.254582891078144
v -54.39740849051005 -40.5 -8.615703098874747
v -55.0 -40.5 -2.882427860567184
v -55.0 -40.5 2.8824278605671747
v -54.3974084905101 -40.5 8.615703098874238
v -53.19882759020868 -40.5 14.254582891078247
v -51.417389202258434 -40.5 19.737286490164703
v -49.07261113842691 -40.5 25.003744248174048
v -46.19018327786022 -40.5 29.99625575182759
v -41.09810512127662 -40.5 37.0049000641754
v -34.660122000342575 -40.5 42.80168610338563
v -27.651477687997684 -40.5 47.893764259967135
v -19.737286490167108 -40.5 51.41738920225771
v -14.254582891078357 -40.5 53.19882759020869
v -8.615703098874597 -40.5 54.39740849051008
v -2.8824278605673683 -40.5 55.0
v 2.8824278605677947 -40.5 55.0
v 8.615703098874196 -40.5 54.39740849051017
v 14.254582891079 -40.5 53.19882759020855
v 19.737286490164788 -40.5 51.41738920225854
v 25.003744248173682 -40.5 49.07261113842729
v 29.99625575182749 -40.5 46.19018327786045
v 37.00490006417547 -40.5 41.09810512127675
v 42.80168610338252 -40.5 34.660122000346256
v 47.89376425996805 -40.5 27.651477687995737
v 51.41738920225765 -40.5 19.73728649016718
v 53.19882759020872 -40.5 14.254582891078144
v 54.39740849051005 -40.5 8.615703098874747
v 55.0 -40.5 2.882427860567184
v 55.0 -40.5 -2.8824278605671694
v 54.39740849051006 -40.5 -8.615703098874395
v 55.0 -41.5 -2.8824278605671694
v 54.39740849051006 -41.5 -8.615703098874395
v 53.19882759020859 -41.5 -14.254582891078574
v 51.41738920225851 -41.5 -19.737286490164603
v 49.07261113842709 -41.5 -25.003744248173764
v 46.190183277860726 -41.5 -29.996255751826794
v 42.80168610338337 -41.5 -34.66012200034509
v 38.94424469912999 -41.5 -38.94424469912924
v 34.66012200034406 -41.5 -42.801686103384235
v 29.9962557518265 -41.5 -46.19018327786101
v 25.003744248172424 -41.5 -49.07261113842801
v 19.737286490167108 -41.5 -51.41738920225771
v 14.254582891078357 -41.5 -53.19882759020869
v 8.615703098874597 -41.5 -54.39740849051008
v 2.882427860567347 -41.5 -55.0
v -2.882427860567091 -41.5 -55.0
v -8.61570309887404 -41.5 -54.39740849051011
v -14.254582891079504 -41.5 -53.19882759020834
v -19.737286490164944 -41.5 -51.41738920225844
v -25.00374424817533 -41.5 -49.072611138426524
v -29.996255751825696 -41.5 -46.190183277861685
v -34.660122000342476 -41.5 -42.801686103385414
v -38.94424469913149 -41.5 -38.944244699127616
v -42.8016861033836 -41.5 -34.66012200034491
v -46.19018327786022 -41.5 -29.996255751827633
v -49.0726111384286 -41.5 -25.003744248171145
v -51.41738920225765 -41.5 -19.73728649016718
v -53.19882759020872 -41.5 -14.254582891078144
v -54.39740849051005 -41.5 -8.615703098874747
v -55.0 -41.5 -2.882427860567184
v -55.0 -41.5 2.8824278605671747
v -54.3974084905101 -41.5 8.615703098874238
v -53.19882759020868 -41.5 14.254582891078247
v -51.417389202258434 -41.5 19.737286490164703
v -49.07261113842691 -41.5 25.003744248174048
v -46.19018327786022 -41.5 29.99625575182759
v -41.09810512127662 -41.5 37.0049000641754
v -34.660122000342575 -41.5 42.80168610338563
v -27.651477687997684 -41.5 47.893764259967135
v -19.737286490167108 -41.5 51.41738920225771
v -14.254582891078357 -41.5 53.19882759020869
v -8.615703098874597 -41.5 54.39740849051008
v -2.8824278605673683 -41.5 55.0
v 2.8824278605677947 -41.5 55.0
v 8.615703098874196 -41.5 54.39740849051017
v 14.254582891079 -41.5 53.19882759020855
v 19.737286490164788 -41.5 51.41738920225854
v 25.003744248173682 -41.5 49.07261113842729
v 29.99625575182749 -41.5 46.19018327786045
v 37.00490006417547 -41.5 41.09810512127675
v 42.80168610338252 -41.5 34.660122000346256
v 47.89376425996805 -41.5 27.651477687995737
v 51.41738920225765 -41.5 19.73728649016718
v 53.19882759020872 -41.5 14.254582891078144
v 54.39740849051005 -41.5 8.615703098874747
v 55.0 -41.5 2.882427860567184
v 55.0 -41.5 -2.8824278605671694
v 54.0 -41.5 2.8300200812842493
v 54.0 -41.5 -2.830020081284104
v 53.40836469977344 -41.5 -8.45905395162255
v 52.231576179477436 -41.5 -13.9954086566958
v 50.48252758039921 -41.5 -19.378426735798243
v 48.18038184500159 -41.5 -24.549130716388117
v 45.35036176371739 -41.5 -29.450869283612562
v 42.02347362877798 -41.5 -34.0299379639732
v 38.23616752278008 -41.5 -38.236167522783404
v 34.029937963975875 -41.5 -42.023473628775804
v 29.45086928361124 -41.5 -45.35036176371806
v 24.54913071638612 -41.5 -48.18038184500264
v 19.3784267357995 -41.5 -50.48252758039886
v 13.995408656696227 -41.5 -52.231576179477344
v 8.459053951622252 -41.5 -53.408364699773514
v 2.830020081284026 -41.5 -54.0
v -2.830020081284136 -41.5 -54.0
v -8.45905395162227 -41.5 -53.40836469977352
v -13.995408656694941 -41.5 -52.23157617947762
v -19.378426735798698 -41.5 -50.48252758039898
v -24.549130716390167 -41.5 -48.18038184500061
v -29.4508692836103 -41.5 -45.35036176371891
v -34.02993796397474 -41.5 -42.02347362877674
v -38.23616752278177 -41.5 -38.23616752278177
v -42.023473628776735 -41.5 -34.02993796397473
v -45.35036176371867 -41.5 -29.4508692836106
v -48.18038184500195 -41.5 -24.549130716387765
v -50.48252758039878 -41.5 -19.378426735799735
v -52.23157617947749 -41.5 -13.995408656695759
v -53.40836469977353 -41.5 -8.459053951622423
v -54.0 -41.5 -2.8300200812842493
v -54.0 -41.5 2.830020081284104
v -53.40836469977344 -41.5 8.45905395162255
v -52.231576179477436 -41.5 13.9954086566958
v -50.48252758039921 -41.5 19.378426735798243
v -48.18038184500159 -41.5 24.549130716388117
v -45.35036176371739 -41.5 29.450869283612562
v -42.02347362877798 -41.5 34.0299379639732
v -38.23616752278008 -41.5 38.236167522783404
v -34.029937963975875 -41.5 42.023473628775804
v -29.45086928361124 -41.5 45.35036176371806
v -24.54913071638612 -41.5 48.18038184500264
v -19.3784267357995 -41.5 50.48252758039886
v -13.995408656696227 -41.5 52.231576179477344
v -8.459053951622252 -41.5 53.408364699773514
v -2.830020081284026 -41.5 54.0
v 2.830020081284136 -41.5 54.0
v 8.45905395162227 -41.5 53.40836469977352
v 13.995408656694941 -41.5 52.23157617947762
v 19.378426735798698 -41.5 50.48252758039898
v 24.549130716390167 -41.5 48.18038184500061
v 29.4508692836103 -41.5 45.35036176371891
v 34.02993796397474 -41.5 42.02347362877674
v 38.23616752278177 -41.5 38.23616752278177
v 42.023473628776735 -41.5 34.02993796397473
v 45.35036176371867 -41.5 29.4508692836106
v 48.18038184500195 -41.5 24.549130716387765
v 50.48252758039878 -41.5 19.378426735799735
v 52.23157617947749 -41.5 13.995408656695759
v 53.40836469977353 -41.5 8.459053951622423
v 54.0 -41.5 2.8300200812842493
v 53.40836469977353 -42.5 8.459053951622423
v 54.0 -42.5 2.8300200812842493
v 54.0 -42.5 -2.830020081284104
v 53.40836469977344 -42.5 -8.45905395162255
v 52.231576179477436 -42.5 -13.9954086566958
v 50.48252758039921 -42.5 -19.378426735798243
v 48.18038184500159 -42.5 -24.549130716388117
v 45.35036176371739 -42.5 -29.450869283612562
v 42.02347362877798 -42.5 -34.0299379639732
v 38.23616752278008 -42.5 -38.236167522783404
v 34.029937963975875 -42.5 -42.023473628775804
v 29.45086928361124 -42.5 -45.35036176371806
v 24.54913071638612 -42.5 -48.18038184500264
v 19.3784267357995 -42.5 -50.48252758039886
v 13.995408656696227 -42.5 -52.231576179477344
v 8.459053951622252 -42.5 -53.408364699773514
v 2.830020081284026 -42.5 -54.0
v -2.830020081284136 -42.5 -54.0
v -8.45905395162227 -42.5 -53.40836469977352
v -13.995408656694941 -42.5 -52.23157617947762
v -19.378426735798698 -42.5 -50.48252758039898
v -24.549130716390167 -42.5 -48.18038184500061
v -29.4508692836103 -42.5 -45.35036176371891
v -34.02993796397474 -42.5 -42.02347362877674
v -38.23616752278177 -42.5 -38.23616752278177
v -42.023473628776735 -42.5 -34.02993796397473
v -45.35036176371867 -42.5 -29.4508692836106
v -48.18038184500195 -42.5 -24.549130716387765
v -50.48252758039878 -42.5 -19.378426735799735
v -52.23157617947749 -42.5 -13.995408656695759
v -53.40836469977353 -42.5 -8.459053951622423
v -54.0 -42.5 -2.8300200812842493
v -54.0 -42.5 2.830020081284104
v -53.40836469977344 -42.5 8.45905395162255
v -52.231576179477436 -42.5 13.9954086566958
v -50.48252758039921 -42.5 19.378426735798243
v -48.18038184500159 -42.5 24.549130716388117
v -45.35036176371739 -42.5 29.450869283612562
v -42.02347362877798 -42.5 34.0299379639732
v -38.23616752278008 -42.5 38.236167522783404
v -34.029937963975875 -42.5 42.023473628775804
v -29.45086928361124 -42.5 45.35036176371806
v -24.54913071638612 -42.5 48.18038184500264
v -19.3784267357995 -42.5 50.48252758039886
v -13.995408656696227 -42.5 52.231576179477344
v -8.459053951622252 -42.5 53.408364699773514
v -2.830020081284026 -42.5 54.0
v 2.830020081284136 -42.5 54.0
v 8.45905395162227 -42.5 53.40836469977352
v 13.995408656694941 -42.5 52.23157617947762
v 19.378426735798698 -42.5 50.48252758039898
v 24.549130716390167 -42.5 48.18038184500061
v 29.4508692836103 -42.5 45.35036176371891
v 34.02993796397474 -42.5 42.02347362877674
v 38.23616752278177 -42.5 38.23616752278177
v 42.023473628776735 -42.5 34.02993796397473
v 45.35036176371867 -42.5 29.4508692836106
v 48.18038184500195 -42.5 24.549130716387765
v 50.48252758039878 -42.5 19.378426735799735
v 52.23157617947749 -42.5 13.995408656695759
v 53.40836469977353 -42.5 8.459053951622423
v 53.0 -42.5 2.777612302001398
v 53.0 -42.5 -2.7776123020013697
v 52.419320909037054 -42.5 -8.302404804369768
v 51.26432476874634 -42.5 -13.736234422313073
v 49.547665958540264 -42.5 -19.019566981431126
v 47.28815255157614 -42.5 -24.09451718460226
v 44.51054024957425 -42.5 -28.9054828153979
v 41.24526115416985 -42.5 -33.39975392760499
v 37.52809034643648 -42.5 -37.528090346431426
v 33.399753927602966 -42.5 -41.245261154171196
v 28.905482815396727 -42.5 -44.510540249574994
v 24.094517184603582 -42.5 -47.28815255157549
v 19.019566981431517 -42.5 -49.54766595854009
v 13.73623442231331 -42.5 -51.26432476874621
v 8.302404804369996 -42.5 -52.41932090903697
v 2.7776123020009926 -42.5 -53.0
v -2.777612302001348 -42.5 -53.0
v -8.302404804370287 -42.5 -52.41932090903697
v -13.736234422311984 -42.5 -51.264324768746555
v -19.01956698143282 -42.5 -49.54766595853959
v -24.094517184602473 -42.5 -47.28815255157608
v -28.905482815396823 -42.5 -44.51054024957494
v -33.399753927604195 -42.5 -41.24526115417033
v -37.52809034643428 -42.5 -37.52809034643364
v -41.245261154169235 -42.5 -33.39975392760548
v -44.51054024957509 -42.5 -28.905482815396397
v -47.28815255157672 -42.5 -24.0945171846012
v -49.547665958539554 -42.5 -19.019566981433087
v -51.264324768746114 -42.5 -13.736234422313458
v -52.41932090903707 -42.5 -8.302404804369246
v -53.0 -42.5 -2.777612302001398
v -53.0 -42.5 2.7776123020013697
v -52.419320909037054 -42.5 8.302404804369768
v -51.26432476874634 -42.5 13.736234422313073
v -49.547665958540264 -42.5 19.019566981431126
v -47.28815255157614 -42.5 24.09451718460226
v -44.51054024957425 -42.5 28.9054828153979
v -41.24526115416985 -42.5 33.39975392760499
v -37.52809034643648 -42.5 37.528090346431426
v -33.399753927602966 -42.5 41.245261154171196
v -28.905482815396727 -42.5 44.510540249574994
v -24.094517184603582 -42.5 47.28815255157549
v -19.019566981431517 -42.5 49.54766595854009
v -13.73623442231331 -42.5 51.26432476874621
v -8.302404804369996 -42.5 52.41932090903697
v -2.7776123020009926 -42.5 53.0
v 2.777612302001348 -42.5 53.0
v 8.302404804370287 -42.5 52.41932090903697
v 13.736234422311984 -42.5 51.264324768746555
v 19.01956698143282 -42.5 49.54766595853959
v 24.094517184602473 -42.5 47.28815255157608
v 28.905482815396823 -42.5 44.51054024957494
v 33.399753927604195 -42.5 41.24526115417033
v 37.52809034643428 -42.5 37.52809034643364
v 41.245261154169235 -42.5 33.39975392760548
v 44.51054024957509 -42.5 28.905482815396397
v 47.28815255157672 -42.5 24.0945171846012
v 49.547665958539554 -42.5 19.019566981433087
v 51.264324768746114 -42.5 13.736234422313458
v 52.41932090903707 -42.5 8.302404804369246
v 53.0 -42.5 2.777612302001398
v 52.41932090903707 -43.5 8.302404804369246
v 53.0 -43.5 2.777612302001398
v 53.0 -43.5 -2.7776123020013697
v 52.419320909037054 -43.5 -8.302404804369768
v -53.0 -43.5 -2.777612302001398
v -53.0 -43.5 2.7776123020013697
v -52.419320909037054 -43.5 8.302404804369768
v -51.26432476874634 -43.5 13.736234422313073
v -49.547665958540264 -43.5 19.019566981431126
v -47.28815255157614 -43.5 24.09451718460226
v -44.51054024957425 -43.5 28.9054828153979
v -41.24526115416985 -43.5 33.39975392760499
v -37.52809034643648 -43.5 37.528090346431426
v -33.399753927602966 -43.5 41.245261154171196
v -28.905482815396727 -43.5 44.510540249574994
v -24.094517184603582 -43.5 47.28815255157549
v -19.019566981431517 -43.5 49.54766595854009
v -13.73623442231331 -43.5 51.26432476874621
v -8.302404804369996 -43.5 52.41932090903697
v -2.7776123020009926 -43.5 53.0
v 2.777612302001348 -43.5 53.0
v 8.302404804370287 -43.5 52.41932090903697
v 13.736234422311984 -43.5 51.264324768746555
v 19.01956698143282 -43.5 49.54766595853959
v 24.094517184602473 -43.5 47.28815255157608
v 28.905482815396823 -43.5 44.51054024957494
v 33.399753927604195 -43.5 41.24526115417033
v 37.52809034643428 -43.5 37.52809034643364
v 41.245261154169235 -43.5 33.39975392760548
v 44.51054024957509 -43.5 28.905482815396397
v 47.28815255157672 -43.5 24.0945171846012
v 49.547665958539554 -43.5 19.019566981433087
v 51.264324768746114 -43.5 13.736234422313458
v 52.41932090903707 -43.5 8.302404804369246
v 51.26432476874634 -43.5 -13.736234422313073
v 49.547665958540264 -43.5 -19.019566981431126
v 47.28815255157614 -43.5 -24.09451718460226
v 44.51054024957425 -43.5 -28.9054828153979
v 41.24526115416985 -43.5 -33.39975392760499
v 37.52809034643648 -43.5 -37.528090346431426
v 33.399753927602966 -43.5 -41.245261154171196
v 28.905482815396727 -43.5 -44.510540249574994
v 24.094517184603582 -43.5 -47.28815255157549
v 19.019566981431517 -43.5 -49.54766595854009
v 13.73623442231331 -43.5 -51.26432476874621
v 8.302404804369996 -43.5 -52.41932090903697
v 2.7776123020009926 -43.5 -53.0
v -2.777612302001348 -43.5 -53.0
v -8.302404804370287 -43.5 -52.41932090903697
v -13.736234422311984 -43.5 -51.264324768746555
v -19.01956698143282 -43.5 -49.54766595853959
v -24.094517184602473 -43.5 -47.28815255157608
v -28.905482815396823 -43.5 -44.51054024957494
v -33.399753927604195 -43.5 -41.24526115417033
v -37.52809034643428 -43.5 -37.52809034643364
v -41.245261154169235 -43.5 -33.39975392760548
v -44.51054024957509 -43.5 -28.905482815396397
v -47.28815255157672 -43.5 -24.0945171846012
v -49.547665958539554 -43.5 -19.019566981433087
v -51.264324768746114 -43.5 -13.736234422313458
v -52.41932090903707 -43.5 -8.302404804369246
v -52.789184677084634 -43.5 -4.783386116752779
v -51.43027711830034 -43.5 8.14575565711841
v -50.29707335801559 -43.5 13.477060187928403
v -48.61280433668122 -43.5 18.66070722706362
v -46.395923258149075 -43.5 23.639903652819203
v -43.67071873543121 -43.5 28.360096347182953
v -38.85639029648002 -43.5 34.98645096976566
v -32.76956989123527 -43.5 40.467048679562765
v -26.143215268652376 -43.5 45.281377118514214
v -18.66070722706464 -43.5 48.61280433668088
v -13.477060187928917 -43.5 50.29707335801546
v -8.145755657118084 -43.5 51.43027711830042
v -2.7252045227182506 -43.5 52.0
v 2.725204522718073 -43.5 52.0
v 8.145755657117103 -43.5 51.430277118300495
v 13.477060187930462 -43.5 50.29707335801499
v 18.66070722706361 -43.5 48.61280433668125
v 23.639903652818603 -43.5 46.39592325814939
v 28.360096347183244 -43.5 43.67071873543105
v 34.98645096976506 -43.5 38.85639029648046
v 40.46704867956318 -43.5 32.769569891234454
v 45.281377118514804 -43.5 26.143215268651236
v 48.61280433668068 -43.5 18.660707227065245
v 50.297073358015275 -43.5 13.477060187929538
v 51.43027711830044 -43.5 8.145755657117775
v 52.0 -43.5 2.7252045227180925
v 52.0 -43.5 -10.275154578559022
v 51.26432476874634 -43.5 -13.736234422313073
v 52.0 -44.5 -10.275154578559022
v 51.26432476874618 -44.5 -13.736234422313187
v 49.547665958539945 -44.5 -19.019566981431577
v 47.288152551574704 -44.5 -24.094517184604836
v 44.51054024957452 -44.5 -28.905482815397583
v 41.24526115416936 -44.5 -33.399753927605666
v 37.52809034643505 -44.5 -37.528090346433196
v 33.39975392760675 -44.5 -41.24526115416835
v 28.90548281539705 -44.5 -44.51054024957461
v 24.094517184602434 -44.5 -47.2881525515759
v 19.01956698143158 -44.5 -49.54766595853993
v 13.736234422311949 -44.5 -51.26432476874648
v 8.302404804369704 -44.5 -52.419320909037005
v 2.777612302001131 -44.5 -53.0
v -2.7776123020013443 -44.5 -53.0
v -8.302404804370415 -44.5 -52.419320909036955
v -13.736234422310531 -44.5 -51.264324768746874
v -19.01956698143429 -44.5 -49.54766595853895
v -24.094517184602147 -44.5 -47.288152551576246
v -28.905482815396073 -44.5 -44.510540249575335
v -33.39975392760716 -44.5 -41.24526115416803
v -37.52809034643245 -44.5 -37.528090346435675
v -41.24526115416963 -44.5 -33.399753927605026
v -44.5105402495747 -44.5 -28.905482815397036
v -47.28815255157662 -44.5 -24.094517184601358
v -49.54766595853975 -44.5 -19.019566981432575
v -51.264324768746235 -44.5 -13.736234422313203
v -52.41932090903705 -44.5 -8.302404804369587
v -52.789184677084634 -44.5 -4.783386116752779
v -38.85639029648002 -44.5 34.98645096976566
v -26.143215268652376 -44.5 45.281377118514214
v 34.98645096976506 -44.5 38.85639029648046
v 45.281377118514804 -44.5 26.143215268651236
v 52.0 -44.5 -10.275154578559022
v -51.43027711830036 -44.5 8.145755657118192
v -50.29707335801556 -44.5 13.477060187928311
v -48.61280433668059 -44.5 18.660707227065043
v -46.395923258149196 -44.5 23.639903652818926
v -43.6707187354322 -44.5 28.360096347181177
v -40.46704867956148 -44.5 32.76956989123642
v -36.820013170085346 -44.5 36.820013170087066
v -32.769569891234966 -44.5 40.467048679562986
v -28.36009634718349 -44.5 43.670718735430945
v -23.63990365281957 -44.5 46.395923258148876
v -18.66070722706309 -44.5 48.612804336681386
v -13.477060187928917 -44.5 50.29707335801546
v -8.145755657118297 -44.5 51.430277118300374
v -2.7252045227181227 -44.5 52.0
v 2.725204522718073 -44.5 52.0
v 8.145755657117103 -44.5 51.430277118300495
v 13.477060187929625 -44.5 50.29707335801517
v 18.66070722706446 -44.5 48.612804336680874
v 23.639903652818603 -44.5 46.39592325814939
v 28.360096347183244 -44.5 43.67071873543105
v 32.769569891233964 -44.5 40.46704867956369
v 36.8200131700859 -44.5 36.820013170086376
v 40.46704867956318 -44.5 32.769569891234454
v 43.67071873543228 -44.5 28.36009634718135
v 46.395923258149665 -44.5 23.63990365281836
v 48.61280433668039 -44.5 18.660707227065902
v 50.29707335801545 -44.5 13.477060187928698
v 51.43027711830044 -44.5 8.145755657117775
v 52.0 -44.5 2.7252045227180925
v 52.0 -44.5 -2.7252045227182813
v 51.43027711830047 -44.5 -8.145755657117698
v 50.29707335801556 -44.5 -13.477060187928311
v 48.61280433668034 -44.5 -18.660707227065807
v 46.39592325814986 -44.5 -23.639903652817786
v 43.6707187354322 -44.5 -28.360096347181177
v 40.46704867956148 -44.5 -32.76956989123642
v 36.820013170085346 -44.5 -36.820013170087066
v 32.76956989123466 -44.5 -40.46704867956326
v 28.360096347183863 -44.5 -43.67071873543073
v 23.63990365281957 -44.5 -46.395923258148876
v 18.660707227062083 -44.5 -48.61280433668183
v 13.477060187929798 -44.5 -50.297073358015325
v 8.145755657118812 -44.5 -51.43027711830032
v 2.7252045227181227 -44.5 -52.0
v -2.7252045227182364 -44.5 -52.0
v -8.145755657117164 -44.5 -51.43027711830051
v -13.477060187929386 -44.5 -50.29707335801525
v -18.660707227065046 -44.5 -48.61280433668068
v -23.639903652819 -44.5 -46.39592325814929
v -28.360096347182587 -44.5 -43.670718735431564
v -32.769569891233864 -44.5 -40.46704867956378
v -36.82001317008627 -44.5 -36.82001317008605
v -40.467048679565714 -44.5 -32.76956989123171
v -43.67071873543017 -44.5 -28.360096347185006
v -46.39592325815022 -44.5 -23.639903652817395
v -48.61280433668002 -44.5 -18.660707227067036
v -50.29707335801565 -44.5 -13.477060187928089
v -51.43027711830039 -44.5 -8.145755657118286
v -52.0 -44.5 -2.7252045227180925
v -52.0 -44.5 2.725204522718103
v -51.43027711830036 -44.5 8.145755657118192
v 51.43027711830039 -45.5 8.145755657118286
v 52.0 -45.5 2.7252045227180925
v 52.0 -45.5 -2.7252045227182813
v 51.43027711830047 -45.5 -8.145755657117698
v 50.29707335801556 -45.5 -13.477060187928311
v 48.61280433668034 -45.5 -18.660707227065807
v 46.39592325814986 -45.5 -23.639903652817786
v 43.6707187354322 -45.5 -28.360096347181177
v 40.46704867956148 -45.5 -32.76956989123642
v 36.820013170085346 -45.5 -36.820013170087066
v 32.76956989123466 -45.5 -40.46704867956326
v 28.360096347183863 -45.5 -43.67071873543073
v 23.63990365281957 -45.5 -46.395923258148876
v 18.660707227062083 -45.5 -48.61280433668183
v 13.477060187929798 -45.5 -50.297073358015325
v 8.145755657118812 -45.5 -51.43027711830032
v 2.7252045227181227 -45.5 -52.0
v -2.7252045227182364 -45.5 -52.0
v -8.145755657117164 -45.5 -51.43027711830051
v -13.477060187929386 -45.5 -50.29707335801525
v -18.660707227065046 -45.5 -48.61280433668068
v -23.639903652819 -45.5 -46.39592325814929
v -28.360096347182587 -45.5 -43.670718735431564
v -32.769569891233864 -45.5 -40.46704867956378
v -36.82001317008627 -45.5 -36.82001317008605
v -40.467048679565714 -45.5 -32.76956989123171
v -43.67071873543017 -45.5 -28.360096347185006
v -46.39592325815022 -45.5 -23.639903652817395
v -48.61280433668002 -45.5 -18.660707227067036
v -50.29707335801565 -45.5 -13.477060187928089
v -51.43027711830039 -45.5 -8.145755657118286
v -52.0 -45.5 -2.7252045227180925
v -52.0 -45.5 2.7252045227182813
v -51.43027711830047 -45.5 8.145755657117698
v -50.29707335801556 -45.5 13.477060187928311
v -48.61280433668034 -45.5 18.660707227065807
v -46.39592325814986 -45.5 23.639903652817786
v -43.6707187354322 -45.5 28.360096347181177
v -40.46704867956148 -45.5 32.76956989123642
v -36.820013170085346 -45.5 36.820013170087066
v -32.76956989123466 -45.5 40.46704867956326
v -28.360096347183863 -45.5 43.67071873543073
v -23.63990365281957 -45.5 46.395923258148876
v -18.660707227062083 -45.5 48.61280433668183
v -13.477060187929798 -45.5 50.297073358015325
v -8.145755657118812 -45.5 51.43027711830032
v -2.7252045227181227 -45.5 52.0
v 2.7252045227182364 -45.5 52.0
v 8.145755657117164 -45.5 51.43027711830051
v 13.477060187929386 -45.5 50.29707335801525
v 18.660707227065046 -45.5 48.61280433668068
v 23.639903652819 -45.5 46.39592325814929
v 28.360096347182587 -45.5 43.670718735431564
v 32.769569891233864 -45.5 40.46704867956378
v 36.82001317008627 -45.5 36.82001317008605
v 40.467048679565714 -45.5 32.76956989123171
v 43.67071873543017 -45.5 28.360096347185006
v 46.39592325815022 -45.5 23.639903652817395
v 48.61280433668002 -45.5 18.660707227067036
v 50.29707335801565 -45.5 13.477060187928089
v 51.43027711830039 -45.5 8.145755657118286
v 50.441233327563786 -45.5 -7.989106509866186
v 49.32982194728412 -45.5 -13.2178859535465
v 47.6779427148214 -45.5 -18.301847472698782
v 45.50369396472431 -45.5 -23.185290121032125
v 42.83089722128808 -45.5 -27.814709878968227
v 39.68883620495637 -45.5 -32.139385854864564
v 36.11193599373809 -45.5 -36.111935993738875
v 32.13938585486716 -45.5 -39.688836204954235
v 27.814709878966042 -45.5 -42.830897221289476
v 23.185290121033795 -45.5 -45.50369396472343
v 18.301847472698856 -45.5 -47.67794271482125
v 13.217885953545235 -45.5 -49.32982194728443
v 7.989106509865259 -45.5 -50.44123332756393
v 2.672796743435242 -45.5 -51.0
v -2.6727967434347697 -45.5 -51.0
v -7.989106509865092 -45.5 -50.44123332756389
v -13.217885953546883 -45.5 -49.329821947283996
v -18.301847472697368 -45.5 -47.67794271482184
v -23.185290121034587 -45.5 -45.50369396472303
v -27.814709878966788 -45.5 -42.83089722128909
v -32.139385854863846 -45.5 -39.688836204956814
v -36.111935993741504 -45.5 -36.11193599373542
v -39.68883620495383 -45.5 -32.13938585486783
v -42.830897221289966 -45.5 -27.814709878965488
v -45.50369396472338 -45.5 -23.185290121034186
v -47.67794271482099 -45.5 -18.30184747269965
v -49.32982194728456 -45.5 -13.21788595354488
v -50.441233327563786 -45.5 -7.98910650986619
v -51.0 -45.5 -2.6727967434347866
v -51.0 -45.5 2.6727967434349313
v -50.44123332756374 -45.5 7.989106509866639
v -49.32982194728466 -45.5 13.217885953544698
v -47.67794271482112 -45.5 18.301847472699443
v -45.50369396472505 -45.5 23.185290121030647
v -42.830897221288275 -45.5 27.81470987896778
v -38.10915202154651 -45.5 34.313634604963795
v -32.1393858548668 -45.5 39.68883620495464
v -25.640461128870957 -45.5 44.410581404696316
v -18.301847472697432 -45.5 47.67794271482171
v -13.217885953545178 -45.5 49.329821947284444
v -7.9891065098652625 -45.5 50.441233327563936
v -2.6727967434353026 -45.5 51.0
v 2.6727967434346525 -45.5 51.0
v 7.989106509865664 -45.5 50.44123332756382
v 13.217885953547029 -45.5 49.32982194728402
v 18.301847472696775 -45.5 47.6779427148221
v 23.18529012103388 -45.5 45.503693964723325
v 27.81470987896661 -45.5 42.83089722128908
v 34.31363460496368 -45.5 38.10915202154661
v 39.688836204954804 -45.5 32.13938585486659
v 44.41058140469714 -45.5 25.640461128869685
v 47.67794271482099 -45.5 18.30184747269965
v 49.32982194728456 -45.5 13.21788595354488
v 50.441233327563786 -45.5 7.98910650986619
v 51.0 -45.5 2.6727967434347866
v 51.0 -45.5 -2.6727967434349544
v 50.441233327563786 -45.5 -7.989106509866186
v 51.0 -46.5 -2.6727967434349544
v 50.441233327563786 -46.5 -7.989106509866186
v 49.32982194728412 -46.5 -13.2178859535465
v 47.6779427148214 -46.5 -18.301847472698782
v 45.50369396472431 -46.5 -23.185290121032125
v 42.83089722128808 -46.5 -27.814709878968227
v 39.68883620495637 -46.5 -32.139385854864564
v 36.11193599373809 -46.5 -36.111935993738875
v 32.13938585486716 -46.5 -39.688836204954235
v 27.814709878966042 -46.5 -42.830897221289476
v 23.185290121033795 -46.5 -45.50369396472343
v 18.301847472698856 -46.5 -47.67794271482125
v 13.217885953545235 -46.5 -49.32982194728443
v 7.989106509865259 -46.5 -50.44123332756393
v 2.672796743435242 -46.5 -51.0
v -2.6727967434347697 -46.5 -51.0
v -7.989106509865092 -46.5 -50.44123332756389
v -13.217885953546883 -46.5 -49.329821947283996
v -18.301847472697368 -46.5 -47.67794271482184
v -23.185290121034587 -46.5 -45.50369396472303
v -27.814709878966788 -46.5 -42.83089722128909
v -32.139385854863846 -46.5 -39.688836204956814
v -36.111935993741504 -46.5 -36.11193599373542
v -39.68883620495383 -46.5 -32.13938585486783
v -42.830897221289966 -46.5 -27.814709878965488
v -45.50369396472338 -46.5 -23.185290121034186
v -47.67794271482099 -46.5 -18.30184747269965
v -49.32982194728456 -46.5 -13.21788595354488
v -50.441233327563786 -46.5 -7.98910650986619
v -51.0 -46.5 -2.6727967434347866
v -51.0 -46.5 2.6727967434349313
v -50.44123332756374 -46.5 7.989106509866639
v -49.32982194728466 -46.5 13.217885953544698
v -47.67794271482112 -46.5 18.301847472699443
v -45.50369396472505 -46.5 23.185290121030647
v -42.830897221288275 -46.5 27.81470987896778
v -38.10915202154651 -46.5 34.313634604963795
v -32.1393858548668 -46.5 39.68883620495464
v -25.640461128870957 -46.5 44.410581404696316
v -18.301847472697432 -46.5 47.67794271482171
v -13.217885953545178 -46.5 49.329821947284444
v -7.9891065098652625 -46.5 50.441233327563936
v -2.6727967434353026 -46.5 51.0
v 2.6727967434346525 -46.5 51.0
v 7.989106509865664 -46.5 50.44123332756382
v 13.217885953547029 -46.5 49.32982194728402
v 18.301847472696775 -46.5 47.6779427148221
v 23.18529012103388 -46.5 45.503693964723325
v 27.81470987896661 -46.5 42.83089722128908
v 34.31363460496368 -46.5 38.10915202154661
v 39.688836204954804 -46.5 32.13938585486659
v 44.41058140469714 -46.5 25.640461128869685
v 47.67794271482099 -46.5 18.30184747269965
v 49.32982194728456 -46.5 13.21788595354488
v 50.441233327563786 -46.5 7.98910650986619
v 51.0 -46.5 2.6727967434347866
v 51.0 -46.5 -2.6727967434349544
v 44.87335784924471 -46.5 -17.22526820959582
v 42.82700608444441 -46.5 -21.82144952568103
v 40.311432678860676 -46.5 -26.178550474321217
v 35.86743719675098 -46.5 -32.29518551055264
v 30.24883374575586 -46.5 -37.35419878113446
v 24.13219870952349 -46.5 -41.79819426324483
v 17.225268209600433 -46.5 -44.87335784924303
v 12.440363250395576 -46.5 -46.42806771509119
v 7.519159068108362 -46.5 -47.474101955354286
v 2.515573405585954 -46.5 -48.0
v -2.5155734055861387 -46.5 -48.0
v -7.519159068108575 -46.5 -47.47410195535428
v -12.440363250396649 -46.5 -46.42806771509099
v -17.225268209599346 -46.5 -44.87335784924352
v -21.821449525679228 -46.5 -42.82700608444562
v -26.178550474320428 -46.5 -40.31143267886126
v -32.29518551055309 -46.5 -35.86743719675062
v -37.354198781134954 -46.5 -30.248833745755434
v -41.79819426324428 -46.5 -24.13219870952458
v -44.87335784924392 -46.5 -17.225268209598227
v -46.42806771509083 -46.5 -12.440363250397212
v -47.47410195535421 -46.5 -7.519159068108763
v -48.0 -46.5 -2.5155734055856946
v -48.0 -46.5 9.854737637496711
v -47.39531912582236 -46.5 12.699537484778894
v -45.80821947110323 -46.5 17.584127963964313
v -43.719235377870795 -46.5 22.276063057465088
v -41.15125419300362 -46.5 26.723936942536085
v -38.132411255742305 -46.5 30.8790177821247
v -34.69578164104158 -46.5 34.695781641043894
v -30.879017782125153 -46.5 38.132411255742085
v -26.7239369425373 -46.5 41.15125419300292
v -22.276063057463702 -46.5 43.71923537787166
v -17.58412796396413 -46.5 45.80821947110344
v -12.699537484781292 -46.5 47.39531912582169
v -7.6758082153600675 -46.5 48.4631457460909
v -2.5679811848691614 -46.5 49.0
v 2.567981184869133 -46.5 49.0
v 7.675808215361265 -46.5 48.463145746090774
v 12.699537484779102 -46.5 47.39531912582227
v 17.584127963965503 -46.5 45.80821947110289
v 22.27606305746332 -46.5 43.71923537787187
v 26.723936942537133 -46.5 41.151254193003
v 30.87901778212551 -46.5 38.13241125574183
v 34.6957816410423 -46.5 34.69578164104331
v 38.132411255742596 -46.5 30.87901778212455
v 41.15125419300262 -46.5 26.723936942537776
v 43.71923537787188 -46.5 22.27606305746329
v 45.80821947110277 -46.5 17.584127963965784
v 47.39531912582241 -46.5 12.699537484778574
v 48.4631457460907 -46.5 7.675808215361769
v 48.76715155883052 -46.5 4.783386116753015
v 47.47410195535421 -46.5 -7.519159068108813
v 46.42806771509085 -46.5 -12.44036325039712
v 44.87335784924471 -46.5 -17.22526820959582
v 46.42806771509085 -47.5 -12.44036325039712
v 44.87335784924471 -47.5 -17.22526820959582
v 42.82700608444441 -47.5 -21.82144952568103
v 40.311432678860676 -47.5 -26.178550474321217
v 35.86743719675098 -47.5 -32.29518551055264
v 30.24883374575586 -47.5 -37.35419878113446
v 24.13219870952349 -47.5 -41.79819426324483
v 17.225268209600433 -47.5 -44.87335784924303
v 12.440363250395576 -47.5 -46.42806771509119
v 7.519159068108362 -47.5 -47.474101955354286
v 2.515573405585954 -47.5 -48.0
v -2.5155734055861387 -47.5 -48.0
v -7.519159068108575 -47.5 -47.47410195535428
v -12.440363250396649 -47.5 -46.42806771509099
v -17.225268209599346 -47.5 -44.87335784924352
v -21.821449525679228 -47.5 -42.82700608444562
v -26.178550474320428 -47.5 -40.31143267886126
v -32.29518551055309 -47.5 -35.86743719675062
v -37.354198781134954 -47.5 -30.248833745755434
v -41.79819426324428 -47.5 -24.13219870952458
v -44.87335784924392 -47.5 -17.225268209598227
v -46.42806771509083 -47.5 -12.440363250397212
v -47.47410195535421 -47.5 -7.519159068108763
v -48.0 -47.5 -2.5155734055856946
v -48.0 -47.5 9.854737637496711
v -47.39531912582236 -47.5 12.699537484778894
v -45.80821947110323 -47.5 17.584127963964313
v -43.719235377870795 -47.5 22.276063057465088
v -41.15125419300362 -47.5 26.723936942536085
v -38.132411255742305 -47.5 30.8790177821247
v -34.69578164104158 -47.5 34.695781641043894
v -30.879017782125153 -47.5 38.132411255742085
v -26.7239369425373 -47.5 41.15125419300292
v -22.276063057463702 -47.5 43.71923537787166
v -17.58412796396413 -47.5 45.80821947110344
v -12.699537484781292 -47.5 47.39531912582169
v -7.6758082153600675 -47.5 48.4631457460909
v -2.5679811848691614 -47.5 49.0
v 2.567981184869133 -47.5 49.0
v 7.675808215361265 -47.5 48.463145746090774
v 12.699537484779102 -47.5 47.39531912582227
v 17.584127963965503 -47.5 45.80821947110289
v 22.27606305746332 -47.5 43.71923537787187
v 26.723936942537133 -47.5 41.151254193003
v 30.87901778212551 -47.5 38.13241125574183
v 34.6957816410423 -47.5 34.69578164104331
v 38.132411255742596 -47.5 30.87901778212455
v 41.15125419300262 -47.5 26.723936942537776
v 43.71923537787188 -47.5 22.27606305746329
v 45.80821947110277 -47.5 17.584127963965784
v 47.39531912582241 -47.5 12.699537484778574
v 48.4631457460907 -47.5 7.675808215361769
v 48.76715155883052 -47.5 4.783386116753015
v 47.47410195535421 -47.5 -7.519159068108813
v 46.42806771509085 -47.5 -12.44036325039712
v 42.73410188144946 -47.5 4.783386116752718
v 41.539839210934964 -47.5 -6.579264184595344
v 40.624559250704955 -47.5 -10.885317844095724
v 39.2641881180883 -47.5 -15.072109683398576
v 37.47363032388944 -47.5 -19.093768334969972
v 35.27250359400342 -47.5 -22.906231665030685
v 32.68492393349307 -47.5 -26.467729527536115
v 29.73924140660897 -47.5 -29.73924140660737
v 26.467729527535887 -47.5 -32.68492393349321
v 22.906231665033438 -47.5 -35.27250359400147
v 19.093768334965702 -47.5 -37.47363032389162
v 15.072109683400212 -47.5 -39.26418811808782
v 10.885317844096114 -47.5 -40.62455925070491
v 6.579264184596131 -47.5 -41.53983921093485
v 2.201126729887676 -47.5 -42.0
v -2.201126729887715 -47.5 -42.0
v -6.579264184594901 -47.5 -41.539839210934986
v -10.885317844096782 -47.5 -40.62455925070465
v -15.072109683400754 -47.5 -39.26418811808759
v -19.093768334967066 -47.5 -37.47363032389102
v -22.906231665029228 -47.5 -35.272503594004064
v -26.467729527537898 -47.5 -32.68492393349132
v -29.73924140660849 -47.5 -29.739241406607746
v -32.684923933492534 -47.5 -26.46772952753664
v -35.27250359400307 -47.5 -22.906231665031
v -37.47363032388959 -47.5 -19.093768334969624
v -39.2641881180885 -47.5 -15.072109683398054
v -40.62455925070475 -47.5 -10.885317844096562
v -41.53983921093489 -47.5 -6.579264184595559
v -42.0 -47.5 -2.2011267298875112
v -42.0 -47.5 9.224112225902594
v -41.591810661435794 -47.5 11.144492078479784
v -40.199049739947206 -47.5 15.430969437766192
v -38.365859617316055 -47.5 19.54838186675373
v -36.11232510814626 -47.5 23.45161813324554
v -33.463136408100326 -47.5 27.097913563905237
v -30.447318582954985 -47.5 30.44731858295656
v -27.097913563904243 -47.5 33.46313640810122
v -23.451618133247948 -47.5 36.112325108144645
v -19.54838186675179 -47.5 38.365859617316865
v -15.430969437765775 -47.5 40.1990497399473
v -11.14449207847857 -47.5 41.59181066143612
v -6.73591333184781 -47.5 42.528883001671495
v -2.253534509171068 -47.5 43.0
v 2.2535345091707164 -47.5 43.0
v 6.73591333184719 -47.5 42.528883001671524
v 11.144492078480818 -47.5 41.591810661435545
v 15.430969437765821 -47.5 40.19904973994744
v 19.548381866752507 -47.5 38.36585961731669
v 23.45161813324579 -47.5 36.112325108146074
v 27.09791356390599 -47.5 33.46313640809981
v 30.447318582958584 -47.5 30.447318582953358
v 33.46313640809854 -47.5 27.09791356390798
v 36.1123251081453 -47.5 23.45161813324708
v 38.365859617316666 -47.5 19.54838186675248
v 40.19904973994696 -47.5 15.43096943776689
v 41.59181066143594 -47.5 11.144492078479232
v 42.528883001671495 -47.5 6.735913331847598
v 42.73410188144946 -47.5 4.783386116752718
v 42.528883001671495 -48.5 6.735913331847598
v 42.73410188144946 -48.5 4.783386116752718
v 41.539839210934964 -48.5 -6.579264184595344
v 40.624559250704955 -48.5 -10.885317844095724
v 39.2641881180883 -48.5 -15.072109683398576
v 37.47363032388944 -48.5 -19.093768334969972
v 35.27250359400342 -48.5 -22.906231665030685
v 32.68492393349307 -48.5 -26.467729527536115
v 29.73924140660897 -48.5 -29.73924140660737
v 26.467729527535887 -48.5 -32.68492393349321
v 22.906231665033438 -48.5 -35.27250359400147
v 19.093768334965702 -48.5 -37.47363032389162
v 15.072109683400212 -48.5 -39.26418811808782
v 10.885317844096114 -48.5 -40.62455925070491
v 6.579264184596131 -48.5 -41.53983921093485
v 2.201126729887676 -48.5 -42.0
v -2.201126729887715 -48.5 -42.0
v -6.579264184594901 -48.5 -41.539839210934986
v -10.885317844096782 -48.5 -40.62455925070465
v -15.072109683400754 -48.5 -39.26418811808759
v -19.093768334967066 -48.5 -37.47363032389102
v -22.906231665029228 -48.5 -35.272503594004064
v -26.467729527537898 -48.5 -32.68492393349132
v -29.73924140660849 -48.5 -29.739241406607746
v -32.684923933492534 -48.5 -26.46772952753664
v -35.27250359400307 -48.5 -22.906231665031
v -37.47363032388959 -48.5 -19.093768334969624
v -39.2641881180885 -48.5 -15.072109683398054
v -40.62455925070475 -48.5 -10.885317844096562
v -41.53983921093489 -48.5 -6.579264184595559
v -42.0 -48.5 -2.2011267298875112
v -42.0 -48.5 9.224112225902594
v -41.591810661435794 -48.5 11.144492078479784
v -40.199049739947206 -48.5 15.430969437766192
v -38.365859617316055 -48.5 19.54838186675373
v -36.11232510814626 -48.5 23.45161813324554
v -33.463136408100326 -48.5 27.097913563905237
v -30.447318582954985 -48.5 30.44731858295656
v -27.097913563904243 -48.5 33.46313640810122
v -23.451618133247948 -48.5 36.112325108144645
v -19.54838186675179 -48.5 38.365859617316865
v -15.430969437765775 -48.5 40.1990497399473
v -11.14449207847857 -48.5 41.59181066143612
v -6.73591333184781 -48.5 42.528883001671495
v -2.253534509171068 -48.5 43.0
v 2.2535345091707164 -48.5 43.0
v 6.73591333184719 -48.5 42.528883001671524
v 11.144492078480818 -48.5 41.591810661435545
v 15.430969437765821 -48.5 40.19904973994744
v 19.548381866752507 -48.5 38.36585961731669
v 23.45161813324579 -48.5 36.112325108146074
v 27.09791356390599 -48.5 33.46313640809981
v 30.447318582958584 -48.5 30.447318582953358
v 33.46313640809854 -48.5 27.09791356390798
v 36.1123251081453 -48.5 23.45161813324708
v 38.365859617316666 -48.5 19.54838186675248
v 40.19904973994696 -48.5 15.43096943776689
v 41.59181066143594 -48.5 11.144492078479232
v 42.528883001671495 -48.5 6.735913331847598
v 25.7151385591502 -48.5 -4.0728778285591645
v 25.148536679007684 -48.5 -6.738530093964709
v 24.30640216834015 -48.5 -9.330353613533292
v 23.19796162907624 -48.5 -11.819951826406333
v 21.835359367714904 -48.5 -14.180048173592382
v 20.233524339780207 -48.5 -16.38478494561905
v 18.410006585043757 -48.5 -18.410006585042524
v 16.384784945617163 -48.5 -20.233524339781752
v 14.180048173591524 -48.5 -21.83535936771564
v 11.819951826409298 -48.5 -23.19796162907476
v 9.330353613532768 -48.5 -24.30640216834024
v 6.738530093964032 -48.5 -25.148536679007815
v 4.072877828559257 -48.5 -25.715138559150162
v 1.3626022613589246 -48.5 -26.0
v -1.362602261358747 -48.5 -26.0
v -4.07287782855863 -48.5 -25.715138559150205
v -6.738530093965634 -48.5 -25.148536679007382
v -9.3303536135333 -48.5 -24.306402168340156
v -11.819951826409511 -48.5 -23.197961629074804
v -14.180048173591018 -48.5 -21.835359367716116
v -16.38478494561531 -48.5 -20.233524339783212
v -18.410006585042854 -48.5 -18.41000658504314
v -20.233524339781567 -48.5 -16.384784945617096
v -21.835359367716592 -48.5 -14.180048173589874
v -23.19796162907457 -48.5 -11.819951826409621
v -24.30640216834084 -48.5 -9.330353613531358
v -25.1485366790075 -48.5 -6.738530093965423
v -25.715138559150194 -48.5 -4.072877828559001
v -26.0 -48.5 -1.3626022613589326
v -26.0 -48.5 7.354063425937772
v -25.241263790198946 -48.5 9.689213367901122
v -24.090190922501815 -48.5 12.274565358192259
v -22.675180881858655 -48.5 14.725434641806379
v -21.011736814389504 -48.5 17.014968981985984
v -19.118083761390942 -48.5 19.11808376139058
v -17.014968981984506 -48.5 21.011736814390687
v -14.725434641808192 -48.5 22.675180881857536
v -12.274565358193453 -48.5 24.09019092250105
v -9.689213367899356 -48.5 25.24126379019951
v -6.997704328347956 -48.5 26.11578808973869
v -4.22952697581079 -48.5 26.704182349886814
v -1.415010040642258 -48.5 27.0
v 1.4150100406422315 -48.5 27.0
v 4.22952697581051 -48.5 26.704182349886846
v 6.997704328348831 -48.5 26.115788089738476
v 9.689213367899338 -48.5 25.241263790199604
v 12.27456535819239 -48.5 24.09019092250161
v 14.725434641806133 -48.5 22.675180881858626
v 17.014968981988094 -48.5 21.01173681438773
v 19.118083761390103 -48.5 19.11808376139161
v 21.011736814388488 -48.5 17.014968981987106
v 22.67518088185878 -48.5 14.725434641805954
v 24.090190922500266 -48.5 12.274565358194785
v 25.241263790200037 -48.5 9.689213367897707
v 26.115788089738956 -48.5 6.997704328347041
v 26.626278228261263 -48.5 4.5960370520631475
v 25.7151385591502 -48.5 -4.0728778285591645
v 26.626278228261263 -49.5 4.5960370520631475
v 25.7151385591502 -49.5 -4.0728778285591645
v 25.148536679007684 -49.5 -6.738530093964709
v 24.30640216834015 -49.5 -9.330353613533292
v 23.19796162907624 -49.5 -11.819951826406333
v 21.835359367714904 -49.5 -14.180048173592382
v 20.233524339780207 -49.5 -16.38478494561905
v 18.410006585043757 -49.5 -18.410006585042524
v 16.384784945617163 -49.5 -20.233524339781752
v 14.180048173591524 -49.5 -21.83535936771564
v 11.819951826409298 -49.5 -23.19796162907476
v 9.330353613532768 -49.5 -24.30640216834024
v 6.738530093964032 -49.5 -25.148536679007815
v 4.072877828559257 -49.5 -25.715138559150162
v 1.3626022613589246 -49.5 -26.0
v -1.362602261358747 -49.5 -26.0
v -4.07287782855863 -49.5 -25.715138559150205
v -6.738530093965634 -49.5 -25.148536679007382
v -9.3303536135333 -49.5 -24.306402168340156
v -11.819951826409511 -49.5 -23.197961629074804
v -14.180048173591018 -49.5 -21.835359367716116
v -16.38478494561531 -49.5 -20.233524339783212
v -18.410006585042854 -49.5 -18.41000658504314
v -20.233524339781567 -49.5 -16.384784945617096
v -21.835359367716592 -49.5 -14.180048173589874
v -23.19796162907457 -49.5 -11.819951826409621
v -24.30640216834084 -49.5 -9.330353613531358
v -25.1485366790075 -49.5 -6.738530093965423
v -25.715138559150194 -49.5 -4.072877828559001
v -26.0 -49.5 -1.3626022613589326
v -26.0 -49.5 7.354063425937772
v -25.241263790198946 -49.5 9.689213367901122
v -24.090190922501815 -49.5 12.274565358192259
v -22.675180881858655 -49.5 14.725434641806379
v -21.011736814389504 -49.5 17.014968981985984
v -19.118083761390942 -49.5 19.11808376139058
v -17.014968981984506 -49.5 21.011736814390687
v -14.725434641808192 -49.5 22.675180881857536
v -12.274565358193453 -49.5 24.09019092250105
v -9.689213367899356 -49.5 25.24126379019951
v -6.997704328347956 -49.5 26.11578808973869
v -4.22952697581079 -49.5 26.704182349886814
v -1.415010040642258 -49.5 27.0
v 1.4150100406422315 -49.5 27.0
v 4.22952697581051 -49.5 26.704182349886846
v 6.997704328348831 -49.5 26.115788089738476
v 9.689213367899338 -49.5 25.241263790199604
v 12.27456535819239 -49.5 24.09019092250161
v 14.725434641806133 -49.5 22.675180881858626
v 17.014968981988094 -49.5 21.01173681438773
v 19.118083761390103 -49.5 19.11808376139161
v 21.011736814388488 -49.5 17.014968981987106
v 22.67518088185878 -49.5 14.725434641805954
v 24.090190922500266 -49.5 12.274565358194785
v 25.241263790200037 -49.5 9.689213367897707
v 26.115788089738956 -49.5 6.997704328347041
v 26.626278228261263 -49.5 4.5960370520631475
f 29 27 28
f 30 27 29
f 31 27 30
f 32 27 31
f 26 27 32
f 33 26 32
f 2 26 33
f 51 2 33
f 50 51 33
f 48 50 33
f 36 48 33
f 34 36 33
f 35 36 34
f 45 48 36
f 40 45 36
f 39 40 36
f 37 39 36
f 38 39 37
f 44 45 40
f 41 44 40
f 43 44 41
f 42 43 41
f 47 48 45
f 46 47 45
f 49 50 48
f 53 2 51
f 52 53 51
f 2 13 14
f 26 2 14
f 15 26 14
f 16 26 15
f 17 26 16
f 18 26 17
f 19 26 18
f 20 26 19
f 21 26 20
f 22 26 21
f 23 26 22
f 24 26 23
f 25 26 24
f 12 13 2
f 11 12 2
f 10 11 2
f 9 10 2
f 8 9 2
f 7 8 2
f 6 7 2
f 5 6 2
f 4 5 2
f 3 4 2
f 140 88 89
f 141 140 89
f 142 141 89
f 90 142 89
f 143 142 90
f 91 143 90
f 144 143 91
f 92 144 91
f 93 144 92
f 145 144 93
f 146 145 93
f 94 146 93
f 95 146 94
f 147 146 95
f 148 147 95
f 96 148 95
f 149 148 96
f 97 149 96
f 98 149 97
f 150 149 98
f 99 150 98
f 151 150 99
f 152 151 99
f 100 152 99
f 101 152 100
f 153 152 101
f 102 153 101
f 154 153 102
f 103 154 102
f 155 154 103
f 156 155 103
f 104 156 103
f 157 156 104
f 105 157 104
f 158 157 105
f 106 158 105
f 107 158 106
f 159 158 107
f 160 159 107
f 108 160 107
f 161 160 108
f 109 161 108
f 110 161 109
f 162 161 110
f 163 162 110
f 111 163 110
f 112 163 111
f 164 163 112
f 113 164 112
f 126 70 71
f 127 126 71
f 72 127 71
f 128 127 72
f 129 128 72
f 73 129 72
f 130 129 73
f 74 130 73
f 75 130 74
f 131 130 75
f 76 131 75
f 132 131 76
f 133 132 76
f 77 133 76
f 134 133 77
f 78 134 77
f 79 134 78
f 135 134 79
f 136 135 79
f 80 136 79
f 137 136 80
f 81 137 80
f 138 137 81
f 82 138 81
f 83 138 82
f 84 138 83
f 139 138 84
f 85 139 84
f 86 139 85
f 87 139 86
f 88 139 87
f 140 139 88
f 113 165 164
f 166 165 113
f 114 166 113
f 167 166 114
f 55 167 114
f 56 167 55
f 57 167 56
f 58 167 57
f 116 167 58
f 59 116 58
f 60 116 59
f 61 116 60
f 117 116 61
f 118 117 61
f 62 118 61
f 63 118 62
f 119 118 63
f 64 119 63
f 120 119 64
f 65 120 64
f 121 120 65
f 66 121 65
f 122 121 66
f 67 122 66
f 123 122 67
f 68 123 67
f 124 123 68
f 69 124 68
f 125 124 69
f 70 125 69
f 126 125 70
f 2 53 166
f 166 167 2
f 3 2 167
f 167 116 3
f 4 3 116
f 116 117 4
f 5 4 117
f 117 118 5
f 6 5 118
f 118 119 6
f 7 6 119
f 119 120 7
f 8 7 120
f 120 121 8
f 9 8 121
f 121 122 9
f 10 9 122
f 122 123 10
f 11 10 123
f 123 124 11
f 12 11 124
f 124 125 12
f 13 12 125
f 125 126 13
f 14 13 126
f 126 127 14
f 15 14 127
f 127 128 15
f 16 15 128
f 128 129 16
f 17 16 129
f 129 130 17
f 18 17 130
f 130 131 18
f 19 18 131
f 131 132 19
f 20 19 132
f 132 133 20
f 21 20 133
f 133 134 21
f 22 21 134
f 134 135 22
f 23 22 135
f 135 136 23
f 24 23 136
f 136 137 24
f 25 24 137
f 137 138 25
f 26 25 138
f 138 139 26
f 27 26 139
f 139 140 27
f 28 27 140
f 140 141 28
f 29 28 141
f 141 142 29
f 30 29 142
f 142 143 30
f 31 30 143
f 143 144 31
f 32 31 144
f 144 145 32
f 33 32 145
f 145 146 33
f 34 33 146
f 146 147 34
f 35 34 147
f 147 148 35
f 36 35 148
f 148 149 36
f 37 36 149
f 149 150 37
f 38 37 150
f 150 151 38
f 39 38 151
f 151 152 39
f 40 39 152
f 152 153 40
f 41 40 153
f 153 154 41
f 42 41 154
f 154 155 42
f 43 42 155
f 155 156 43
f 44 43 156
f 156 157 44
f 45 44 157
f 157 158 45
f 46 45 158
f 158 159 46
f 47 46 159
f 159 160 47
f 48 47 160
f 160 161 48
f 49 48 161
f 161 162 49
f 50 49 162
f 162 163 50
f 51 50 163
f 163 164 51
f 52 51 164
f 164 165 52
f 53 52 165
f 165 166 53
f 53 53 166
f 166 166 53
f 263 202 203
f 204 263 203
f 264 263 204
f 205 264 204
f 265 264 205
f 266 265 205
f 206 266 205
f 267 266 206
f 207 267 206
f 268 267 207
f 208 268 207
f 269 268 208
f 209 269 208
f 210 269 209
f 270 269 210
f 211 270 210
f 271 270 211
f 272 271 211
f 212 272 211
f 213 272 212
f 273 272 213
f 214 273 213
f 274 273 214
f 275 274 214
f 215 275 214
f 276 275 215
f 216 276 215
f 277 276 216
f 217 277 216
f 218 277 217
f 278 277 218
f 279 278 218
f 219 279 218
f 280 279 219
f 220 280 219
f 221 280 220
f 281 280 221
f 282 281 221
f 222 282 221
f 283 282 222
f 223 283 222
f 224 283 223
f 284 283 224
f 225 284 224
f 285 284 225
f 286 285 225
f 226 286 225
f 227 286 226
f 243 183 184
f 244 243 184
f 245 244 184
f 185 245 184
f 246 245 185
f 186 246 185
f 247 246 186
f 187 247 186
f 188 247 187
f 248 247 188
f 249 248 188
f 189 249 188
f 250 249 189
f 190 250 189
f 191 250 190
f 251 250 191
f 252 251 191
f 192 252 191
f 253 252 192
f 193 253 192
f 194 253 193
f 254 253 194
f 195 254 194
f 255 254 195
f 256 255 195
f 196 256 195
f 197 256 196
f 257 256 197
f 198 257 197
f 258 257 198
f 199 258 198
f 259 258 199
f 260 259 199
f 200 260 199
f 201 260 200
f 261 260 201
f 262 261 201
f 202 262 201
f 263 262 202
f 227 287 286
f 228 287 227
f 288 287 228
f 169 288 228
f 289 288 169
f 230 289 169
f 170 230 169
f 171 230 170
f 231 230 171
f 232 231 171
f 172 232 171
f 233 232 172
f 173 233 172
f 174 233 173
f 234 233 174
f 175 234 174
f 235 234 175
f 236 235 175
f 176 236 175
f 237 236 176
f 177 237 176
f 238 237 177
f 178 238 177
f 239 238 178
f 179 239 178
f 180 239 179
f 240 239 180
f 181 240 180
f 241 240 181
f 242 241 181
f 182 242 181
f 183 242 182
f 243 242 183
f 55 114 288
f 288 289 55
f 56 55 289
f 289 230 56
f 57 56 230
f 230 231 57
f 58 57 231
f 231 232 58
f 59 58 232
f 232 233 59
f 60 59 233
f 233 234 60
f 61 60 234
f 234 235 61
f 62 61 235
f 235 236 62
f 63 62 236
f 236 237 63
f 64 63 237
f 237 238 64
f 65 64 238
f 238 239 65
f 66 65 239
f 239 240 66
f 67 66 240
f 240 241 67
f 68 67 241
f 241 242 68
f 69 68 242
f 242 243 69
f 70 69 243
f 243 244 70
f 71 70 244
f 244 245 71
f 72 71 245
f 245 246 72
f 73 72 246
f 246 247 73
f 74 73 247
f 247 248 74
f 75 74 248
f 248 249 75
f 76 75 249
f 249 250 76
f 77 76 250
f 250 251 77
f 78 77 251
f 251 252 78
f 79 78 252
f 252 253 79
f 80 79 253
f 253 254 80
f 81 80 254
f 254 255 81
f 82 81 255
f 255 256 82
f 83 82 256
f 256 257 83
f 84 83 257
f 257 258 84
f 85 84 258
f 258 259 85
f 86 85 259
f 259 260 86
f 87 86 260
f 260 261 87
f 88 87 261
f 261 262 88
f 89 88 262
f 262 263 89
f 90 89 263
f 263 264 90
f 91 90 264
f 264 265 91
f 92 91 265
f 265 266 92
f 93 92 266
f 266 267 93
f 94 93 267
f 267 268 94
f 95 94 268
f 268 269 95
f 96 95 269
f 269 270 96
f 97 96 270
f 270 271 97
f 98 97 271
f 271 272 98
f 99 98 272
f 272 273 99
f 100 99 273
f 273 274 100
f 101 100 274
f 274 275 101
f 102 101 275
f 275 276 102
f 103 102 276
f 276 277 103
f 104 103 277
f 277 278 104
f 105 104 278
f 278 279 105
f 106 105 279
f 279 280 106
f 107 106 280
f 280 281 107
f 108 107 281
f 281 282 108
f 109 108 282
f 282 283 109
f 110 109 283
f 283 284 110
f 111 110 284
f 284 285 111
f 112 111 285
f 285 286 112
f 113 112 286
f 286 287 113
f 114 113 287
f 287 288 114
f 114 114 288
f 288 288 114
f 169 228 349
f 349 350 169
f 170 169 350
f 350 291 170
f 171 170 291
f 291 292 171
f 172 171 292
f 292 293 172
f 173 172 293
f 293 294 173
f 174 173 294
f 294 295 174
f 175 174 295
f 295 296 175
f 176 175 296
f 296 297 176
f 177 176 297
f 297 298 177
f 178 177 298
f 298 299 178
f 179 178 299
f 299 300 179
f 180 179 300
f 300 301 180
f 181 180 301
f 301 302 181
f 182 181 302
f 302 303 182
f 183 182 303
f 303 304 183
f 184 183 304
f 304 305 184
f 185 184 305
f 305 306 185
f 186 185 306
f 306 307 186
f 187 186 307
f 307 308 187
f 188 187 308
f 308 309 188
f 189 188 309
f 309 310 189
f 190 189 310
f 310 311 190
f 191 190 311
f 311 312 191
f 192 191 312
f 312 313 192
f 193 192 313
f 313 314 193
f 194 193 314
f 314 315 194
f 195 194 315
f 315 316 195
f 196 195 316
f 316 317 196
f 197 196 317
f 317 318 197
f 198 197 318
f 318 319 198
f 199 198 319
f 319 320 199
f 200 199 320
f 320 321 200
f 201 200 321
f 321 322 201
f 202 201 322
f 322 323 202
f 203 202 323
f 323 324 203
f 204 203 324
f 324 325 204
f 205 204 325
f 325 326 205
f 206 205 326
f 326 327 206
f 207 206 327
f 327 328 207
f 208 207 328
f 328 329 208
f 209 208 329
f 329 330 209
f 210 209 330
f 330 331 210
f 211 210 331
f 331 332 211
f 212 211 332
f 332 333 212
f 213 212 333
f 333 334 213
f 214 213 334
f 334 335 214
f 215 214 335
f 335 336 215
f 216 215 336
f 336 337 216
f 217 216 337
f 337 338 217
f 218 217 338
f 338 339 218
f 219 218 339
f 339 340 219
f 220 219 340
f 340 341 220
f 221 220 341
f 341 342 221
f 222 221 342
f 342 343 222
f 223 222 343
f 343 344 223
f 224 223 344
f 344 345 224
f 225 224 345
f 345 346 225
f 226 225 346
f 346 347 226
f 227 226 347
f 347 348 227
f 228 227 348
f 348 349 228
f 228 228 349
f 349 349 228
f 350 349 410
f 410 411 350
f 291 350 411
f 411 352 291
f 292 291 352
f 352 353 292
f 293 292 353
f 353 354 293
f 294 293 354
f 354 355 294
f 295 294 355
f 355 356 295
f 296 295 356
f 356 357 296
f 297 296 357
f 357 358 297
f 298 297 358
f 358 359 298
f 299 298 359
f 359 360 299
f 300 299 360
f 360 361 300
f 301 300 361
f 361 362 301
f 302 301 362
f 362 363 302
f 303 302 363
f 363 364 303
f 304 303 364
f 364 365 304
f 305 304 365
f 365 366 305
f 306 305 366
f 366 367 306
f 307 306 367
f 367 368 307
f 308 307 368
f 368 369 308
f 309 308 369
f 369 370 309
f 310 309 370
f 370 371 310
f 311 310 371
f 371 372 311
f 312 311 372
f 372 373 312
f 313 312 373
f 373 374 313
f 314 313 374
f 374 375 314
f 315 314 375
f 375 376 315
f 316 315 376
f 376 377 316
f 317 316 377
f 377 378 317
f 318 317 378
f 378 379 318
f 319 318 379
f 379 380 319
f 320 319 380
f 380 381 320
f 321 320 381
f 381 382 321
f 322 321 382
f 382 383 322
f 323 322 383
f 383 384 323
f 324 323 384
f 384 385 324
f 325 324 385
f 385 386 325
f 326 325 386
f 386 387 326
f 327 326 387
f 387 388 327
f 328 327 388
f 388 389 328
f 329 328 389
f 389 390 329
f 330 329 390
f 390 391 330
f 331 330 391
f 391 392 331
f 332 331 392
f 392 393 332
f 333 332 393
f 393 394 333
f 334 333 394
f 394 395 334
f 335 334 395
f 395 396 335
f 336 335 396
f 396 397 336
f 337 336 397
f 397 398 337
f 338 337 398
f 398 399 338
f 339 338 399
f 399 400 339
f 340 339 400
f 400 401 340
f 341 340 401
f 401 402 341
f 342 341 402
f 402 403 342
f 343 342 403
f 403 404 343
f 344 343 404
f 404 405 344
f 345 344 405
f 405 406 345
f 346 345 406
f 406 407 346
f 347 346 407
f 407 408 347
f 348 347 408
f 408 409 348
f 349 348 409
f 409 410 349
f 349 349 410
f 410 410 349
f 447 446 507
f 447 507 448
f 448 507 508
f 448 508 449
f 449 508 509
f 449 509 510
f 449 510 450
f 450 510 511
f 450 511 451
f 451 511 512
f 451 512 452
f 452 512 513
f 452 513 453
f 453 513 454
f 454 513 514
f 454 514 455
f 455 514 515
f 455 515 516
f 455 516 456
f 456 516 457
f 457 516 517
f 457 517 458
f 458 517 518
f 458 518 519
f 458 519 459
f 459 519 520
f 459 520 460
f 460 520 521
f 460 521 461
f 461 521 462
f 462 521 522
f 462 522 523
f 462 523 463
f 463 523 524
f 463 524 464
f 464 524 465
f 465 524 525
f 465 525 526
f 465 526 466
f 466 526 527
f 466 527 467
f 467 527 468
f 468 527 528
f 468 528 469
f 469 528 529
f 469 529 530
f 469 530 470
f 470 530 471
f 428 427 487
f 428 487 488
f 428 488 489
f 428 489 429
f 429 489 490
f 429 490 430
f 430 490 491
f 430 491 431
f 431 491 432
f 432 491 492
f 432 492 493
f 432 493 433
f 433 493 494
f 433 494 434
f 434 494 435
f 435 494 495
f 435 495 496
f 435 496 436
f 436 496 497
f 436 497 437
f 437 497 438
f 438 497 498
f 438 498 439
f 439 498 499
f 439 499 500
f 439 500 440
f 440 500 441
f 441 500 501
f 441 501 442
f 442 501 502
f 442 502 443
f 443 502 503
f 443 503 504
f 443 504 444
f 444 504 445
f 445 504 505
f 445 505 506
f 445 506 446
f 446 506 507
f 530 531 471
f 471 531 472
f 472 531 532
f 472 532 413
f 413 532 533
f 413 533 474
f 413 474 414
f 414 474 415
f 415 474 475
f 415 475 476
f 415 476 416
f 416 476 477
f 416 477 417
f 417 477 418
f 418 477 478
f 418 478 419
f 419 478 479
f 419 479 480
f 419 480 420
f 420 480 481
f 420 481 421
f 421 481 482
f 421 482 422
f 422 482 483
f 422 483 423
f 423 483 424
f 424 483 484
f 424 484 425
f 425 484 485
f 425 485 486
f 425 486 426
f 426 486 427
f 427 486 487
f 411 410 472
f 472 413 411
f 352 411 413
f 413 414 352
f 353 352 414
f 414 415 353
f 354 353 415
f 415 416 354
f 355 354 416
f 416 417 355
f 356 355 417
f 417 418 356
f 357 356 418
f 418 419 357
f 358 357 419
f 419 420 358
f 359 358 420
f 420 421 359
f 360 359 421
f 421 422 360
f 361 360 422
f 422 423 361
f 362 361 423
f 423 424 362
f 363 362 424
f 424 425 363
f 364 363 425
f 425 426 364
f 365 364 426
f 426 427 365
f 366 365 427
f 427 428 366
f 367 366 428
f 428 429 367
f 368 367 429
f 429 430 368
f 369 368 430
f 430 431 369
f 370 369 431
f 431 432 370
f 371 370 432
f 432 433 371
f 372 371 433
f 433 434 372
f 373 372 434
f 434 435 373
f 374 373 435
f 435 436 374
f 375 374 436
f 436 437 375
f 376 375 437
f 437 438 376
f 377 376 438
f 438 439 377
f 378 377 439
f 439 440 378
f 379 378 440
f 440 441 379
f 380 379 441
f 441 442 380
f 381 380 442
f 442 443 381
f 382 381 443
f 443 444 382
f 383 382 444
f 444 445 383
f 384 383 445
f 445 446 384
f 385 384 446
f 446 447 385
f 386 385 447
f 447 448 386
f 387 386 448
f 448 449 387
f 388 387 449
f 449 450 388
f 389 388 450
f 450 451 389
f 390 389 451
f 451 452 390
f 391 390 452
f 452 453 391
f 392 391 453
f 453 454 392
f 393 392 454
f 454 455 393
f 394 393 455
f 455 456 394
f 395 394 456
f 456 457 395
f 396 395 457
f 457 458 396
f 397 396 458
f 458 459 397
f 398 397 459
f 459 460 398
f 399 398 460
f 460 461 399
f 400 399 461
f 461 462 400
f 401 400 462
f 462 463 401
f 402 401 463
f 463 464 402
f 403 402 464
f 464 465 403
f 404 403 465
f 465 466 404
f 405 404 466
f 466 467 405
f 406 405 467
f 467 468 406
f 407 406 468
f 468 469 407
f 408 407 469
f 469 470 408
f 409 408 470
f 470 471 409
f 410 409 471
f 471 472 410
f 410 410 472
f 472 472 410
f 569 568 628
f 569 628 629
f 569 629 630
f 569 630 570
f 570 630 631
f 570 631 571
f 571 631 572
f 572 631 632
f 572 632 573
f 573 632 633
f 573 633 634
f 573 634 574
f 574 634 635
f 574 635 575
f 575 635 636
f 575 636 576
f 576 636 637
f 576 637 577
f 577 637 578
f 578 637 638
f 578 638 579
f 579 638 639
f 579 639 640
f 579 640 580
f 580 640 581
f 581 640 641
f 581 641 582
f 582 641 642
f 582 642 643
f 582 643 583
f 583 643 644
f 583 644 584
f 584 644 645
f 584 645 585
f 585 645 586
f 586 645 646
f 586 646 587
f 587 646 647
f 587 647 648
f 587 648 588
f 588 648 589
f 589 648 649
f 589 649 590
f 590 649 650
f 590 650 651
f 590 651 591
f 591 651 592
f 592 651 652
f 592 652 653
f 592 653 593
f 551 550 610
f 551 610 611
f 551 611 552
f 552 611 612
f 552 612 613
f 552 613 553
f 553 613 614
f 553 614 554
f 554 614 615
f 554 615 555
f 555 615 556
f 556 615 616
f 556 616 557
f 557 616 617
f 557 617 618
f 557 618 558
f 558 618 559
f 559 618 619
f 559 619 560
f 560 619 620
f 560 620 621
f 560 621 561
f 561 621 562
f 562 621 622
f 562 622 623
f 562 623 563
f 563 623 624
f 563 624 564
f 564 624 625
f 564 625 565
f 565 625 566
f 566 625 626
f 566 626 567
f 567 626 627
f 567 627 568
f 568 627 628
f 653 654 593
f 593 654 594
f 594 654 655
f 594 655 535
f 535 655 536
f 536 655 596
f 536 596 537
f 537 596 597
f 537 597 538
f 538 597 598
f 538 598 539
f 539 598 599
f 539 599 600
f 539 600 540
f 540 600 601
f 540 601 541
f 541 601 542
f 542 601 602
f 542 602 543
f 543 602 603
f 543 603 604
f 543 604 544
f 544 604 605
f 544 605 545
f 545 605 606
f 545 606 546
f 546 606 607
f 546 607 547
f 547 607 548
f 548 607 608
f 548 608 549
f 549 608 609
f 549 609 610
f 549 610 550
f 533 532 594
f 594 535 533
f 474 533 535
f 535 536 474
f 475 474 536
f 536 537 475
f 476 475 537
f 537 538 476
f 477 476 538
f 538 539 477
f 478 477 539
f 539 540 478
f 479 478 540
f 540 541 479
f 480 479 541
f 541 542 480
f 481 480 542
f 542 543 481
f 482 481 543
f 543 544 482
f 483 482 544
f 544 545 483
f 484 483 545
f 545 546 484
f 485 484 546
f 546 547 485
f 486 485 547
f 547 548 486
f 487 486 548
f 548 549 487
f 488 487 549
f 549 550 488
f 489 488 550
f 550 551 489
f 490 489 551
f 551 552 490
f 491 490 552
f 552 553 491
f 492 491 553
f 553 554 492
f 493 492 554
f 554 555 493
f 494 493 555
f 555 556 494
f 495 494 556
f 556 557 495
f 496 495 557
f 557 558 496
f 497 496 558
f 558 559 497
f 498 497 559
f 559 560 498
f 499 498 560
f 560 561 499
f 500 499 561
f 561 562 500
f 501 500 562
f 562 563 501
f 502 501 563
f 563 564 502
f 503 502 564
f 564 565 503
f 504 503 565
f 565 566 504
f 505 504 566
f 566 567 505
f 506 505 567
f 567 568 506
f 507 506 568
f 568 569 507
f 508 507 569
f 569 570 508
f 509 508 570
f 570 571 509
f 510 509 571
f 571 572 510
f 511 510 572
f 572 573 511
f 512 511 573
f 573 574 512
f 513 512 574
f 574 575 513
f 514 513 575
f 575 576 514
f 515 514 576
f 576 577 515
f 516 515 577
f 577 578 516
f 517 516 578
f 578 579 517
f 518 517 579
f 579 580 518
f 519 518 580
f 580 581 519
f 520 519 581
f 581 582 520
f 521 520 582
f 582 583 521
f 522 521 583
f 583 584 522
f 523 522 584
f 584 585 523
f 524 523 585
f 585 586 524
f 525 524 586
f 586 587 525
f 526 525 587
f 587 588 526
f 527 526 588
f 588 589 527
f 528 527 589
f 589 590 528
f 529 528 590
f 590 591 529
f 530 529 591
f 591 592 530
f 531 530 592
f 592 593 531
f 532 531 593
f 593 594 532
f 532 532 594
f 594 594 532
f 668 667 720
f 668 720 721
f 668 721 669
f 669 721 670
f 670 721 671
f 671 721 722
f 671 722 672
f 672 722 673
f 673 722 674
f 674 722 675
f 675 722 723
f 675 723 676
f 676 723 677
f 677 723 678
f 678 723 724
f 678 724 679
f 679 724 725
f 679 725 680
f 680 725 681
f 681 725 726
f 681 726 727
f 681 727 682
f 682 727 683
f 683 727 728
f 683 728 684
f 684 728 685
f 685 728 686
f 686 728 729
f 686 729 687
f 687 729 688
f 688 729 689
f 689 729 690
f 690 729 730
f 690 730 691
f 691 730 692
f 715 716 715
f 715 716 716
f 716 716 717
f 717 716 717
f 717 717 718
f 718 719 662
f 662 719 663
f 663 719 664
f 664 719 665
f 665 719 666
f 666 719 720
f 666 720 667
f 730 731 693
f 730 693 692
f 693 731 657
f 657 731 658
f 658 731 659
f 659 731 660
f 660 731 661
f 661 731 732
f 732 733 733
f 695 734 734
f 697 696 696
f 699 699 698
f 698 699 698
f 704 704 703
f 701 702 701
f 704 703 703
f 703 703 702
f 703 702 702
f 702 702 701
f 708 708 707
f 708 707 707
f 714 714 713
f 712 713 712
f 712 713 713
f 713 713 714
f 711 712 712
f 708 709 708
f 709 709 708
f 710 709 709
f 710 709 710
f 711 710 710
f 711 711 710
f 712 711 711
f 714 715 715
f 714 714 715
f 733 734 734
f 733 733 734
f 695 696 696
f 697 698 698
f 700 701 701
f 699 700 699
f 700 700 701
f 699 700 700
f 704 705 705
f 704 705 704
f 706 707 707
f 706 706 707
f 655 654 693
f 693 657 655
f 596 655 657
f 657 658 596
f 597 596 658
f 658 659 597
f 598 597 659
f 659 660 598
f 599 598 660
f 660 661 599
f 600 599 661
f 661 733 600
f 601 600 733
f 733 734 601
f 602 601 734
f 734 696 602
f 603 602 696
f 696 698 603
f 604 603 698
f 698 699 604
f 605 604 699
f 699 700 605
f 606 605 700
f 700 701 606
f 607 606 701
f 701 702 607
f 608 607 702
f 702 703 608
f 609 608 703
f 703 704 609
f 610 609 704
f 704 705 610
f 611 610 705
f 705 706 611
f 612 611 706
f 706 707 612
f 613 612 707
f 707 708 613
f 614 613 708
f 708 709 614
f 615 614 709
f 709 710 615
f 616 615 710
f 710 711 616
f 617 616 711
f 711 712 617
f 618 617 712
f 712 713 618
f 619 618 713
f 713 714 619
f 620 619 714
f 714 715 620
f 621 620 715
f 715 716 621
f 622 621 716
f 716 717 622
f 623 622 717
f 717 662 623
f 624 623 662
f 662 663 624
f 625 624 663
f 663 664 625
f 626 625 664
f 664 665 626
f 627 626 665
f 665 666 627
f 628 627 666
f 666 667 628
f 629 628 667
f 667 668 629
f 630 629 668
f 668 669 630
f 631 630 669
f 669 670 631
f 632 631 670
f 670 671 632
f 633 632 671
f 671 672 633
f 634 633 672
f 672 673 634
f 635 634 673
f 673 674 635
f 636 635 674
f 674 675 636
f 637 636 675
f 675 676 637
f 638 637 676
f 676 677 638
f 639 638 677
f 677 678 639
f 640 639 678
f 678 679 640
f 641 640 679
f 679 680 641
f 642 641 680
f 680 681 642
f 643 642 681
f 681 682 643
f 644 643 682
f 682 683 644
f 645 644 683
f 683 684 645
f 646 645 684
f 684 685 646
f 647 646 685
f 685 686 647
f 648 647 686
f 686 687 648
f 649 648 687
f 687 688 649
f 650 649 688
f 688 689 650
f 651 650 689
f 689 690 651
f 652 651 690
f 690 691 652
f 653 652 691
f 691 692 653
f 654 653 692
f 692 693 654
f 654 654 693
f 693 693 654
f 826 742 825
f 796 797 749
f 761 760 811
f 761 811 812
f 761 812 762
f 762 812 813
f 762 813 763
f 763 813 814
f 763 814 764
f 764 814 765
f 765 814 815
f 765 815 816
f 765 816 766
f 766 816 817
f 766 817 736
f 736 817 737
f 737 817 818
f 737 818 738
f 738 818 819
f 738 819 820
f 738 820 739
f 739 820 740
f 740 820 821
f 740 821 822
f 740 822 741
f 741 822 742
f 742 822 823
f 742 823 824
f 742 824 825
f 806 807 757
f 806 757 756
f 806 756 755
f 806 755 805
f 802 803 753
f 802 753 752
f 802 752 751
f 802 751 801
f 797 798 749
f 749 798 799
f 749 799 800
f 749 800 750
f 750 800 801
f 750 801 751
f 753 803 804
f 753 804 754
f 754 804 805
f 754 805 755
f 757 807 758
f 758 807 808
f 758 808 809
f 758 809 759
f 759 809 760
f 760 809 810
f 760 810 811
f 743 769 770
f 771 772 744
f 744 772 773
f 744 773 774
f 744 774 775
f 744 775 776
f 744 776 777
f 778 779 745
f 782 783 783
f 782 783 782
f 784 785 746
f 786 787 747
f 747 787 788
f 747 788 789
f 747 789 790
f 747 790 791
f 747 791 792
f 793 794 748
f 794 795 794
f 768 768 769
f 769 768 769
f 826 827 826
f 827 827 826
f 768 827 827
f 768 827 768
f 770 771 770
f 771 771 770
f 778 778 777
f 777 778 777
f 779 780 779
f 780 780 779
f 781 782 781
f 782 782 781
f 783 784 783
f 784 784 783
f 785 786 785
f 786 786 785
f 793 793 792
f 792 793 792
f 712 711 766
f 766 736 712
f 713 712 736
f 736 737 713
f 714 713 737
f 737 738 714
f 715 714 738
f 738 739 715
f 716 715 739
f 739 740 716
f 717 716 740
f 740 741 717
f 718 717 741
f 741 742 718
f 719 718 742
f 742 827 719
f 720 719 827
f 827 768 720
f 721 720 768
f 768 743 721
f 722 721 743
f 743 744 722
f 723 722 744
f 744 745 723
f 724 723 745
f 745 780 724
f 725 724 780
f 780 781 725
f 726 725 781
f 781 782 726
f 727 726 782
f 782 783 727
f 728 727 783
f 783 746 728
f 729 728 746
f 746 747 729
f 730 729 747
f 747 748 730
f 731 730 748
f 748 795 731
f 732 731 795
f 795 749 732
f 733 732 749
f 749 750 733
f 734 733 750
f 750 751 734
f 696 734 751
f 751 752 696
f 698 696 752
f 752 753 698
f 699 698 753
f 753 754 699
f 700 699 754
f 754 755 700
f 701 700 755
f 755 756 701
f 702 701 756
f 756 757 702
f 703 702 757
f 757 758 703
f 704 703 758
f 758 759 704
f 705 704 759
f 759 760 705
f 706 705 760
f 760 761 706
f 707 706 761
f 761 762 707
f 708 707 762
f 762 763 708
f 709 708 763
f 763 764 709
f 710 709 764
f 764 765 710
f 711 710 765
f 765 766 711
f 711 711 766
f 766 766 711
f 863 862 922
f 863 922 923
f 863 923 924
f 863 924 864
f 864 924 925
f 864 925 865
f 865 925 866
f 866 925 926
f 866 926 927
f 866 927 867
f 867 927 928
f 867 928 868
f 868 928 869
f 869 928 929
f 869 929 870
f 870 929 930
f 870 930 931
f 870 931 871
f 871 931 872
f 872 931 932
f 872 932 873
f 873 932 933
f 873 933 934
f 873 934 874
f 874 934 935
f 874 935 875
f 875 935 876
f 876 935 936
f 876 936 877
f 877 936 937
f 877 937 878
f 878 937 938
f 878 938 939
f 878 939 879
f 879 939 940
f 879 940 880
f 880 940 881
f 881 940 941
f 881 941 882
f 882 941 942
f 882 942 943
f 882 943 883
f 883 943 944
f 883 944 884
f 884 944 945
f 884 945 885
f 885 945 886
f 886 945 946
f 886 946 947
f 886 947 887
f 844 843 904
f 844 904 905
f 844 905 845
f 845 905 846
f 846 905 906
f 846 906 847
f 847 906 907
f 847 907 848
f 848 907 908
f 848 908 909
f 848 909 849
f 849 909 910
f 849 910 850
f 850 910 851
f 851 910 911
f 851 911 852
f 852 911 912
f 852 912 913
f 852 913 853
f 853 913 914
f 853 914 854
f 854 914 915
f 854 915 855
f 855 915 856
f 856 915 916
f 856 916 917
f 856 917 857
f 857 917 918
f 857 918 858
f 858 918 859
f 859 918 919
f 859 919 860
f 860 919 920
f 860 920 921
f 860 921 861
f 861 921 862
f 862 921 922
f 947 948 887
f 887 948 888
f 888 948 829
f 829 948 949
f 829 949 830
f 830 949 890
f 830 890 891
f 830 891 831
f 831 891 832
f 832 891 892
f 832 892 833
f 833 892 893
f 833 893 894
f 833 894 834
f 834 894 895
f 834 895 835
f 835 895 836
f 836 895 896
f 836 896 897
f 836 897 837
f 837 897 898
f 837 898 838
f 838 898 839
f 839 898 899
f 839 899 840
f 840 899 900
f 840 900 901
f 840 901 841
f 841 901 842
f 842 901 902
f 842 902 843
f 843 902 903
f 843 903 904
f 795 794 888
f 888 829 795
f 796 795 829
f 829 830 796
f 797 796 830
f 830 831 797
f 798 797 831
f 831 832 798
f 799 798 832
f 832 833 799
f 800 799 833
f 833 834 800
f 801 800 834
f 834 835 801
f 802 801 835
f 835 836 802
f 803 802 836
f 836 837 803
f 804 803 837
f 837 838 804
f 805 804 838
f 838 839 805
f 806 805 839
f 839 840 806
f 807 806 840
f 840 841 807
f 808 807 841
f 841 842 808
f 809 808 842
f 842 843 809
f 810 809 843
f 843 844 810
f 811 810 844
f 844 845 811
f 812 811 845
f 845 846 812
f 813 812 846
f 846 847 813
f 814 813 847
f 847 848 814
f 815 814 848
f 848 849 815
f 816 815 849
f 849 850 816
f 817 816 850
f 850 851 817
f 818 817 851
f 851 852 818
f 819 818 852
f 852 853 819
f 820 819 853
f 853 854 820
f 821 820 854
f 854 855 821
f 822 821 855
f 855 856 822
f 823 822 856
f 856 857 823
f 824 823 857
f 857 858 824
f 825 824 858
f 858 859 825
f 826 825 859
f 859 860 826
f 827 826 860
f 860 861 827
f 768 827 861
f 861 862 768
f 769 768 862
f 862 863 769
f 770 769 863
f 863 864 770
f 771 770 864
f 864 865 771
f 772 771 865
f 865 866 772
f 773 772 866
f 866 867 773
f 774 773 867
f 867 868 774
f 775 774 868
f 868 869 775
f 776 775 869
f 869 870 776
f 777 776 870
f 870 871 777
f 778 777 871
f 871 872 778
f 779 778 872
f 872 873 779
f 780 779 873
f 873 874 780
f 781 780 874
f 874 875 781
f 782 781 875
f 875 876 782
f 783 782 876
f 876 877 783
f 784 783 877
f 877 878 784
f 785 784 878
f 878 879 785
f 786 785 879
f 879 880 786
f 787 786 880
f 880 881 787
f 788 787 881
f 881 882 788
f 789 788 882
f 882 883 789
f 790 789 883
f 883 884 790
f 791 790 884
f 884 885 791
f 792 791 885
f 885 886 792
f 793 792 886
f 886 887 793
f 794 793 887
f 887 888 794
f 794 794 888
f 888 888 794
f 985 984 1045
f 985 1045 986
f 986 1045 1046
f 986 1046 987
f 987 1046 1047
f 987 1047 988
f 988 1047 1048
f 988 1048 989
f 989 1048 1049
f 989 1049 1050
f 989 1050 990
f 990 1050 1051
f 990 1051 991
f 991 1051 992
f 992 1051 1052
f 992 1052 993
f 993 1052 1053
f 993 1053 1054
f 993 1054 994
f 994 1054 1055
f 994 1055 995
f 995 1055 1056
f 995 1056 996
f 996 1056 1057
f 996 1057 997
f 997 1057 998
f 998 1057 1058
f 998 1058 999
f 999 1058 1059
f 999 1059 1060
f 999 1060 1000
f 1000 1060 1061
f 1000 1061 1001
f 1001 1061 1002
f 1002 1061 1062
f 1002 1062 1063
f 1002 1063 1003
f 1003 1063 1064
f 1003 1064 1004
f 1004 1064 1005
f 1005 1064 1065
f 1005 1065 1006
f 1006 1065 1066
f 1006 1066 1007
f 1007 1066 1067
f 1007 1067 1068
f 1007 1068 1008
f 1008 1068 1069
f 1008 1069 1009
f 967 966 1027
f 967 1027 968
f 968 1027 1028
f 968 1028 969
f 969 1028 1029
f 969 1029 1030
f 969 1030 970
f 970 1030 1031
f 970 1031 971
f 971 1031 972
f 972 1031 1032
f 972 1032 1033
f 972 1033 973
f 973 1033 1034
f 973 1034 974
f 974 1034 975
f 975 1034 1035
f 975 1035 976
f 976 1035 1036
f 976 1036 977
f 977 1036 1037
f 977 1037 1038
f 977 1038 978
f 978 1038 1039
f 978 1039 979
f 979 1039 980
f 980 1039 1040
f 980 1040 1041
f 980 1041 981
f 981 1041 1042
f 981 1042 982
f 982 1042 983
f 983 1042 1043
f 983 1043 1044
f 983 1044 984
f 984 1044 1045
f 1069 1070 1010
f 1069 1010 1009
f 1010 1070 1071
f 1010 1071 951
f 951 1071 1012
f 951 1012 952
f 952 1012 953
f 953 1012 1013
f 953 1013 1014
f 953 1014 954
f 954 1014 1015
f 954 1015 955
f 955 1015 956
f 956 1015 1016
f 956 1016 957
f 957 1016 1017
f 957 1017 958
f 958 1017 1018
f 958 1018 959
f 959 1018 1019
f 959 1019 1020
f 959 1020 960
f 960 1020 1021
f 960 1021 961
f 961 1021 962
f 962 1021 1022
f 962 1022 963
f 963 1022 1023
f 963 1023 1024
f 963 1024 964
f 964 1024 1025
f 964 1025 965
f 965 1025 1026
f 965 1026 966
f 966 1026 1027
f 949 948 1010
f 1010 951 949
f 890 949 951
f 951 952 890
f 891 890 952
f 952 953 891
f 892 891 953
f 953 954 892
f 893 892 954
f 954 955 893
f 894 893 955
f 955 956 894
f 895 894 956
f 956 957 895
f 896 895 957
f 957 958 896
f 897 896 958
f 958 959 897
f 898 897 959
f 959 960 898
f 899 898 960
f 960 961 899
f 900 899 961
f 961 962 900
f 901 900 962
f 962 963 901
f 902 901 963
f 963 964 902
f 903 902 964
f 964 965 903
f 904 903 965
f 965 966 904
f 905 904 966
f 966 967 905
f 906 905 967
f 967 968 906
f 907 906 968
f 968 969 907
f 908 907 969
f 969 970 908
f 909 908 970
f 970 971 909
f 910 909 971
f 971 972 910
f 911 910 972
f 972 973 911
f 912 911 973
f 973 974 912
f 913 912 974
f 974 975 913
f 914 913 975
f 975 976 914
f 915 914 976
f 976 977 915
f 916 915 977
f 977 978 916
f 917 916 978
f 978 979 917
f 918 917 979
f 979 980 918
f 919 918 980
f 980 981 919
f 920 919 981
f 981 982 920
f 921 920 982
f 982 983 921
f 922 921 983
f 983 984 922
f 923 922 984
f 984 985 923
f 924 923 985
f 985 986 924
f 925 924 986
f 986 987 925
f 926 925 987
f 987 988 926
f 927 926 988
f 988 989 927
f 928 927 989
f 989 990 928
f 929 928 990
f 990 991 929
f 930 929 991
f 991 992 930
f 931 930 992
f 992 993 931
f 932 931 993
f 993 994 932
f 933 932 994
f 994 995 933
f 934 933 995
f 995 996 934
f 935 934 996
f 996 997 935
f 936 935 997
f 997 998 936
f 937 936 998
f 998 999 937
f 938 937 999
f 999 1000 938
f 939 938 1000
f 1000 1001 939
f 940 939 1001
f 1001 1002 940
f 941 940 1002
f 1002 1003 941
f 942 941 1003
f 1003 1004 942
f 943 942 1004
f 1004 1005 943
f 944 943 1005
f 1005 1006 944
f 945 944 1006
f 1006 1007 945
f 946 945 1007
f 1007 1008 946
f 947 946 1008
f 1008 1009 947
f 948 947 1009
f 1009 1010 948
f 948 948 1010
f 1010 1010 948
f 1107 1106 1167
f 1107 1167 1108
f 1108 1167 1168
f 1108 1168 1109
f 1109 1168 1169
f 1109 1169 1170
f 1109 1170 1110
f 1110 1170 1171
f 1110 1171 1111
f 1111 1171 1112
f 1112 1171 1172
f 1112 1172 1113
f 1113 1172 1173
f 1113 1173 1114
f 1114 1173 1174
f 1114 1174 1175
f 1114 1175 1115
f 1115 1175 1176
f 1115 1176 1116
f 1116 1176 1117
f 1117 1176 1177
f 1117 1177 1118
f 1118 1177 1178
f 1118 1178 1119
f 1119 1178 1179
f 1119 1179 1180
f 1119 1180 1120
f 1120 1180 1181
f 1120 1181 1121
f 1121 1181 1122
f 1122 1181 1182
f 1122 1182 1183
f 1122 1183 1123
f 1123 1183 1184
f 1123 1184 1124
f 1124 1184 1185
f 1124 1185 1125
f 1125 1185 1126
f 1126 1185 1186
f 1126 1186 1127
f 1127 1186 1187
f 1127 1187 1188
f 1127 1188 1128
f 1128 1188 1129
f 1129 1188 1189
f 1129 1189 1130
f 1130 1189 1190
f 1130 1190 1131
f 1089 1088 1148
f 1089 1148 1149
f 1089 1149 1150
f 1089 1150 1090
f 1090 1150 1151
f 1090 1151 1091
f 1091 1151 1092
f 1092 1151 1152
f 1092 1152 1153
f 1092 1153 1093
f 1093 1153 1154
f 1093 1154 1094
f 1094 1154 1155
f 1094 1155 1095
f 1095 1155 1096
f 1096 1155 1156
f 1096 1156 1097
f 1097 1156 1157
f 1097 1157 1158
f 1097 1158 1098
f 1098 1158 1099
f 1099 1158 1159
f 1099 1159 1100
f 1100 1159 1160
f 1100 1160 1101
f 1101 1160 1161
f 1101 1161 1102
f 1102 1161 1162
f 1102 1162 1163
f 1102 1163 1103
f 1103 1163 1164
f 1103 1164 1104
f 1104 1164 1165
f 1104 1165 1105
f 1105 1165 1166
f 1105 1166 1106
f 1106 1166 1167
f 1190 1191 1131
f 1131 1191 1132
f 1132 1191 1192
f 1132 1192 1193
f 1132 1193 1073
f 1073 1193 1134
f 1073 1134 1074
f 1074 1134 1135
f 1074 1135 1075
f 1075 1135 1136
f 1075 1136 1076
f 1076 1136 1137
f 1076 1137 1077
f 1077 1137 1078
f 1078 1137 1138
f 1078 1138 1079
f 1079 1138 1139
f 1079 1139 1140
f 1079 1140 1080
f 1080 1140 1141
f 1080 1141 1081
f 1081 1141 1082
f 1082 1141 1142
f 1082 1142 1083
f 1083 1142 1143
f 1083 1143 1084
f 1084 1143 1144
f 1084 1144 1145
f 1084 1145 1085
f 1085 1145 1146
f 1085 1146 1086
f 1086 1146 1087
f 1087 1146 1147
f 1087 1147 1088
f 1088 1147 1148
f 1071 1070 1132
f 1132 1073 1071
f 1012 1071 1073
f 1073 1074 1012
f 1013 1012 1074
f 1074 1075 1013
f 1014 1013 1075
f 1075 1076 1014
f 1015 1014 1076
f 1076 1077 1015
f 1016 1015 1077
f 1077 1078 1016
f 1017 1016 1078
f 1078 1079 1017
f 1018 1017 1079
f 1079 1080 1018
f 1019 1018 1080
f 1080 1081 1019
f 1020 1019 1081
f 1081 1082 1020
f 1021 1020 1082
f 1082 1083 1021
f 1022 1021 1083
f 1083 1084 1022
f 1023 1022 1084
f 1084 1085 1023
f 1024 1023 1085
f 1085 1086 1024
f 1025 1024 1086
f 1086 1087 1025
f 1026 1025 1087
f 1087 1088 1026
f 1027 1026 1088
f 1088 1089 1027
f 1028 1027 1089
f 1089 1090 1028
f 1029 1028 1090
f 1090 1091 1029
f 1030 1029 1091
f 1091 1092 1030
f 1031 1030 1092
f 1092 1093 1031
f 1032 1031 1093
f 1093 1094 1032
f 1033 1032 1094
f 1094 1095 1033
f 1034 1033 1095
f 1095 1096 1034
f 1035 1034 1096
f 1096 1097 1035
f 1036 1035 1097
f 1097 1098 1036
f 1037 1036 1098
f 1098 1099 1037
f 1038 1037 1099
f 1099 1100 1038
f 1039 1038 1100
f 1100 1101 1039
f 1040 1039 1101
f 1101 1102 1040
f 1041 1040 1102
f 1102 1103 1041
f 1042 1041 1103
f 1103 1104 1042
f 1043 1042 1104
f 1104 1105 1043
f 1044 1043 1105
f 1105 1106 1044
f 1045 1044 1106
f 1106 1107 1045
f 1046 1045 1107
f 1107 1108 1046
f 1047 1046 1108
f 1108 1109 1047
f 1048 1047 1109
f 1109 1110 1048
f 1049 1048 1110
f 1110 1111 1049
f 1050 1049 1111
f 1111 1112 1050
f 1051 1050 1112
f 1112 1113 1051
f 1052 1051 1113
f 1113 1114 1052
f 1053 1052 1114
f 1114 1115 1053
f 1054 1053 1115
f 1115 1116 1054
f 1055 1054 1116
f 1116 1117 1055
f 1056 1055 1117
f 1117 1118 1056
f 1057 1056 1118
f 1118 1119 1057
f 1058 1057 1119
f 1119 1120 1058
f 1059 1058 1120
f 1120 1121 1059
f 1060 1059 1121
f 1121 1122 1060
f 1061 1060 1122
f 1122 1123 1061
f 1062 1061 1123
f 1123 1124 1062
f 1063 1062 1124
f 1124 1125 1063
f 1064 1063 1125
f 1125 1126 1064
f 1065 1064 1126
f 1126 1127 1065
f 1066 1065 1127
f 1127 1128 1066
f 1067 1066 1128
f 1128 1129 1067
f 1068 1067 1129
f 1129 1130 1068
f 1069 1068 1130
f 1130 1131 1069
f 1070 1069 1131
f 1131 1132 1070
f 1070 1070 1132
f 1132 1132 1070
f 1193 1192 1253
f 1253 1254 1193
f 1134 1193 1254
f 1254 1195 1134
f 1135 1134 1195
f 1195 1196 1135
f 1136 1135 1196
f 1196 1197 1136
f 1137 1136 1197
f 1197 1198 1137
f 1138 1137 1198
f 1198 1199 1138
f 1139 1138 1199
f 1199 1200 1139
f 1140 1139 1200
f 1200 1201 1140
f 1141 1140 1201
f 1201 1202 1141
f 1142 1141 1202
f 1202 1203 1142
f 1143 1142 1203
f 1203 1204 1143
f 1144 1143 1204
f 1204 1205 1144
f 1145 1144 1205
f 1205 1206 1145
f 1146 1145 1206
f 1206 1207 1146
f 1147 1146 1207
f 1207 1208 1147
f 1148 1147 1208
f 1208 1209 1148
f 1149 1148 1209
f 1209 1210 1149
f 1150 1149 1210
f 1210 1211 1150
f 1151 1150 1211
f 1211 1212 1151
f 1152 1151 1212
f 1212 1213 1152
f 1153 1152 1213
f 1213 1214 1153
f 1154 1153 1214
f 1214 1215 1154
f 1155 1154 1215
f 1215 1216 1155
f 1156 1155 1216
f 1216 1217 1156
f 1157 1156 1217
f 1217 1218 1157
f 1158 1157 1218
f 1218 1219 1158
f 1159 1158 1219
f 1219 1220 1159
f 1160 1159 1220
f 1220 1221 1160
f 1161 1160 1221
f 1221 1222 1161
f 1162 1161 1222
f 1222 1223 1162
f 1163 1162 1223
f 1223 1224 1163
f 1164 1163 1224
f 1224 1225 1164
f 1165 1164 1225
f 1225 1226 1165
f 1166 1165 1226
f 1226 1227 1166
f 1167 1166 1227
f 1227 1228 1167
f 1168 1167 1228
f 1228 1229 1168
f 1169 1168 1229
f 1229 1230 1169
f 1170 1169 1230
f 1230 1231 1170
f 1171 1170 1231
f 1231 1232 1171
f 1172 1171 1232
f 1232 1233 1172
f 1173 1172 1233
f 1233 1234 1173
f 1174 1173 1234
f 1234 1235 1174
f 1175 1174 1235
f 1235 1236 1175
f 1176 1175 1236
f 1236 1237 1176
f 1177 1176 1237
f 1237 1238 1177
f 1178 1177 1238
f 1238 1239 1178
f 1179 1178 1239
f 1239 1240 1179
f 1180 1179 1240
f 1240 1241 1180
f 1181 1180 1241
f 1241 1242 1181
f 1182 1181 1242
f 1242 1243 1182
f 1183 1182 1243
f 1243 1244 1183
f 1184 1183 1244
f 1244 1245 1184
f 1185 1184 1245
f 1245 1246 1185
f 1186 1185 1246
f 1246 1247 1186
f 1187 1186 1247
f 1247 1248 1187
f 1188 1187 1248
f 1248 1249 1188
f 1189 1188 1249
f 1249 1250 1189
f 1190 1189 1250
f 1250 1251 1190
f 1191 1190 1251
f 1251 1252 1191
f 1192 1191 1252
f 1252 1253 1192
f 1192 1192 1253
f 1253 1253 1192
f 1254 1253 1314
f 1314 1315 1254
f 1195 1254 1315
f 1315 1256 1195
f 1196 1195 1256
f 1256 1257 1196
f 1197 1196 1257
f 1257 1258 1197
f 1198 1197 1258
f 1258 1259 1198
f 1199 1198 1259
f 1259 1260 1199
f 1200 1199 1260
f 1260 1261 1200
f 1201 1200 1261
f 1261 1262 1201
f 1202 1201 1262
f 1262 1263 1202
f 1203 1202 1263
f 1263 1264 1203
f 1204 1203 1264
f 1264 1265 1204
f 1205 1204 1265
f 1265 1266 1205
f 1206 1205 1266
f 1266 1267 1206
f 1207 1206 1267
f 1267 1268 1207
f 1208 1207 1268
f 1268 1269 1208
f 1209 1208 1269
f 1269 1270 1209
f 1210 1209 1270
f 1270 1271 1210
f 1211 1210 1271
f 1271 1272 1211
f 1212 1211 1272
f 1272 1273 1212
f 1213 1212 1273
f 1273 1274 1213
f 1214 1213 1274
f 1274 1275 1214
f 1215 1214 1275
f 1275 1276 1215
f 1216 1215 1276
f 1276 1277 1216
f 1217 1216 1277
f 1277 1278 1217
f 1218 1217 1278
f 1278 1279 1218
f 1219 1218 1279
f 1279 1280 1219
f 1220 1219 1280
f 1280 1281 1220
f 1221 1220 1281
f 1281 1282 1221
f 1222 1221 1282
f 1282 1283 1222
f 1223 1222 1283
f 1283 1284 1223
f 1224 1223 1284
f 1284 1285 1224
f 1225 1224 1285
f 1285 1286 1225
f 1226 1225 1286
f 1286 1287 1226
f 1227 1226 1287
f 1287 1288 1227
f 1228 1227 1288
f 1288 1289 1228
f 1229 1228 1289
f 1289 1290 1229
f 1230 1229 1290
f 1290 1291 1230
f 1231 1230 1291
f 1291 1292 1231
f 1232 1231 1292
f 1292 1293 1232
f 1233 1232 1293
f 1293 1294 1233
f 1234 1233 1294
f 1294 1295 1234
f 1235 1234 1295
f 1295 1296 1235
f 1236 1235 1296
f 1296 1297 1236
f 1237 1236 1297
f 1297 1298 1237
f 1238 1237 1298
f 1298 1299 1238
f 1239 1238 1299
f 1299 1300 1239
f 1240 1239 1300
f 1300 1301 1240
f 1241 1240 1301
f 1301 1302 1241
f 1242 1241 1302
f 1302 1303 1242
f 1243 1242 1303
f 1303 1304 1243
f 1244 1243 1304
f 1304 1305 1244
f 1245 1244 1305
f 1305 1306 1245
f 1246 1245 1306
f 1306 1307 1246
f 1247 1246 1307
f 1307 1308 1247
f 1248 1247 1308
f 1308 1309 1248
f 1249 1248 1309
f 1309 1310 1249
f 1250 1249 1310
f 1310 1311 1250
f 1251 1250 1311
f 1311 1312 1251
f 1252 1251 1312
f 1312 1313 1252
f 1253 1252 1313
f 1313 1314 1253
f 1253 1253 1314
f 1314 1314 1253
f 1315 1314 1375
f 1375 1376 1315
f 1256 1315 1376
f 1376 1317 1256
f 1257 1256 1317
f 1317 1318 1257
f 1258 1257 1318
f 1318 1319 1258
f 1259 1258 1319
f 1319 1320 1259
f 1260 1259 1320
f 1320 1321 1260
f 1261 1260 1321
f 1321 1322 1261
f 1262 1261 1322
f 1322 1323 1262
f 1263 1262 1323
f 1323 1324 1263
f 1264 1263 1324
f 1324 1325 1264
f 1265 1264 1325
f 1325 1326 1265
f 1266 1265 1326
f 1326 1327 1266
f 1267 1266 1327
f 1327 1328 1267
f 1268 1267 1328
f 1328 1329 1268
f 1269 1268 1329
f 1329 1330 1269
f 1270 1269 1330
f 1330 1331 1270
f 1271 1270 1331
f 1331 1332 1271
f 1272 1271 1332
f 1332 1333 1272
f 1273 1272 1333
f 1333 1334 1273
f 1274 1273 1334
f 1334 1335 1274
f 1275 1274 1335
f 1335 1336 1275
f 1276 1275 1336
f 1336 1337 1276
f 1277 1276 1337
f 1337 1338 1277
f 1278 1277 1338
f 1338 1339 1278
f 1279 1278 1339
f 1339 1340 1279
f 1280 1279 1340
f 1340 1341 1280
f 1281 1280 1341
f 1341 1342 1281
f 1282 1281 1342
f 1342 1343 1282
f 1283 1282 1343
f 1343 1344 1283
f 1284 1283 1344
f 1344 1345 1284
f 1285 1284 1345
f 1345 1346 1285
f 1286 1285 1346
f 1346 1347 1286
f 1287 1286 1347
f 1347 1348 1287
f 1288 1287 1348
f 1348 1349 1288
f 1289 1288 1349
f 1349 1350 1289
f 1290 1289 1350
f 1350 1351 1290
f 1291 1290 1351
f 1351 1352 1291
f 1292 1291 1352
f 1352 1353 1292
f 1293 1292 1353
f 1353 1354 1293
f 1294 1293 1354
f 1354 1355 1294
f 1295 1294 1355
f 1355 1356 1295
f 1296 1295 1356
f 1356 1357 1296
f 1297 1296 1357
f 1357 1358 1297
f 1298 1297 1358
f 1358 1359 1298
f 1299 1298 1359
f 1359 1360 1299
f 1300 1299 1360
f 1360 1361 1300
f 1301 1300 1361
f 1361 1362 1301
f 1302 1301 1362
f 1362 1363 1302
f 1303 1302 1363
f 1363 1364 1303
f 1304 1303 1364
f 1364 1365 1304
f 1305 1304 1365
f 1365 1366 1305
f 1306 1305 1366
f 1366 1367 1306
f 1307 1306 1367
f 1367 1368 1307
f 1308 1307 1368
f 1368 1369 1308
f 1309 1308 1369
f 1369 1370 1309
f 1310 1309 1370
f 1370 1371 1310
f 1311 1310 1371
f 1371 1372 1311
f 1312 1311 1372
f 1372 1373 1312
f 1313 1312 1373
f 1373 1374 1313
f 1314 1313 1374
f 1374 1375 1314
f 1314 1314 1375
f 1375 1375 1314
f 1472 1411 1412
f 1413 1472 1412
f 1473 1472 1413
f 1414 1473 1413
f 1474 1473 1414
f 1475 1474 1414
f 1415 1475 1414
f 1476 1475 1415
f 1416 1476 1415
f 1417 1476 1416
f 1477 1476 1417
f 1418 1477 1417
f 1478 1477 1418
f 1419 1478 1418
f 1479 1478 1419
f 1480 1479 1419
f 1420 1480 1419
f 1481 1480 1420
f 1421 1481 1420
f 1422 1481 1421
f 1482 1481 1422
f 1423 1482 1422
f 1483 1482 1423
f 1424 1483 1423
f 1484 1483 1424
f 1485 1484 1424
f 1425 1485 1424
f 1486 1485 1425
f 1426 1486 1425
f 1427 1486 1426
f 1487 1486 1427
f 1488 1487 1427
f 1428 1488 1427
f 1489 1488 1428
f 1429 1489 1428
f 1490 1489 1429
f 1430 1490 1429
f 1431 1490 1430
f 1491 1490 1431
f 1432 1491 1431
f 1492 1491 1432
f 1493 1492 1432
f 1433 1493 1432
f 1434 1493 1433
f 1494 1493 1434
f 1435 1494 1434
f 1495 1494 1435
f 1436 1495 1435
f 1453 1393 1394
f 1454 1453 1394
f 1455 1454 1394
f 1395 1455 1394
f 1456 1455 1395
f 1396 1456 1395
f 1397 1456 1396
f 1457 1456 1397
f 1458 1457 1397
f 1398 1458 1397
f 1459 1458 1398
f 1399 1459 1398
f 1460 1459 1399
f 1400 1460 1399
f 1401 1460 1400
f 1461 1460 1401
f 1402 1461 1401
f 1462 1461 1402
f 1463 1462 1402
f 1403 1463 1402
f 1404 1463 1403
f 1464 1463 1404
f 1405 1464 1404
f 1465 1464 1405
f 1406 1465 1405
f 1466 1465 1406
f 1407 1466 1406
f 1467 1466 1407
f 1468 1467 1407
f 1408 1468 1407
f 1469 1468 1408
f 1409 1469 1408
f 1470 1469 1409
f 1410 1470 1409
f 1471 1470 1410
f 1411 1471 1410
f 1472 1471 1411
f 1436 1496 1495
f 1437 1496 1436
f 1497 1496 1437
f 1498 1497 1437
f 1378 1498 1437
f 1439 1498 1378
f 1379 1439 1378
f 1440 1439 1379
f 1380 1440 1379
f 1441 1440 1380
f 1381 1441 1380
f 1442 1441 1381
f 1382 1442 1381
f 1383 1442 1382
f 1443 1442 1383
f 1384 1443 1383
f 1444 1443 1384
f 1445 1444 1384
f 1385 1445 1384
f 1446 1445 1385
f 1386 1446 1385
f 1387 1446 1386
f 1447 1446 1387
f 1388 1447 1387
f 1448 1447 1388
f 1389 1448 1388
f 1449 1448 1389
f 1450 1449 1389
f 1390 1450 1389
f 1451 1450 1390
f 1391 1451 1390
f 1392 1451 1391
f 1452 1451 1392
f 1393 1452 1392
f 1453 1452 1393
f 1376 1375 1497
f 1497 1498 1376
f 1317 1376 1498
f 1498 1439 1317
f 1318 1317 1439
f 1439 1440 1318
f 1319 1318 1440
f 1440 1441 1319
f 1320 1319 1441
f 1441 1442 1320
f 1321 1320 1442
f 1442 1443 1321
f 1322 1321 1443
f 1443 1444 1322
f 1323 1322 1444
f 1444 1445 1323
f 1324 1323 1445
f 1445 1446 1324
f 1325 1324 1446
f 1446 1447 1325
f 1326 1325 1447
f 1447 1448 1326
f 1327 1326 1448
f 1448 1449 1327
f 1328 1327 1449
f 1449 1450 1328
f 1329 1328 1450
f 1450 1451 1329
f 1330 1329 1451
f 1451 1452 1330
f 1331 1330 1452
f 1452 1453 1331
f 1332 1331 1453
f 1453 1454 1332
f 1333 1332 1454
f 1454 1455 1333
f 1334 1333 1455
f 1455 1456 1334
f 1335 1334 1456
f 1456 1457 1335
f 1336 1335 1457
f 1457 1458 1336
f 1337 1336 1458
f 1458 1459 1337
f 1338 1337 1459
f 1459 1460 1338
f 1339 1338 1460
f 1460 1461 1339
f 1340 1339 1461
f 1461 1462 1340
f 1341 1340 1462
f 1462 1463 1341
f 1342 1341 1463
f 1463 1464 1342
f 1343 1342 1464
f 1464 1465 1343
f 1344 1343 1465
f 1465 1466 1344
f 1345 1344 1466
f 1466 1467 1345
f 1346 1345 1467
f 1467 1468 1346
f 1347 1346 1468
f 1468 1469 1347
f 1348 1347 1469
f 1469 1470 1348
f 1349 1348 1470
f 1470 1471 1349
f 1350 1349 1471
f 1471 1472 1350
f 1351 1350 1472
f 1472 1473 1351
f 1352 1351 1473
f 1473 1474 1352
f 1353 1352 1474
f 1474 1475 1353
f 1354 1353 1475
f 1475 1476 1354
f 1355 1354 1476
f 1476 1477 1355
f 1356 1355 1477
f 1477 1478 1356
f 1357 1356 1478
f 1478 1479 1357
f 1358 1357 1479
f 1479 1480 1358
f 1359 1358 1480
f 1480 1481 1359
f 1360 1359 1481
f 1481 1482 1360
f 1361 1360 1482
f 1482 1483 1361
f 1362 1361 1483
f 1483 1484 1362
f 1363 1362 1484
f 1484 1485 1363
f 1364 1363 1485
f 1485 1486 1364
f 1365 1364 1486
f 1486 1487 1365
f 1366 1365 1487
f 1487 1488 1366
f 1367 1366 1488
f 1488 1489 1367
f 1368 1367 1489
f 1489 1490 1368
f 1369 1368 1490
f 1490 1491 1369
f 1370 1369 1491
f 1491 1492 1370
f 1371 1370 1492
f 1492 1493 1371
f 1372 1371 1493
f 1493 1494 1372
f 1373 1372 1494
f 1494 1495 1373
f 1374 1373 1495
f 1495 1496 1374
f 1375 1374 1496
f 1496 1497 1375
f 1375 1375 1497
f 1497 1497 1375
f 1585 1525 1526
f 1586 1585 1526
f 1587 1586 1526
f 1527 1587 1526
f 1528 1587 1527
f 1588 1587 1528
f 1529 1588 1528
f 1589 1588 1529
f 1530 1589 1529
f 1590 1589 1530
f 1591 1590 1530
f 1531 1591 1530
f 1592 1591 1531
f 1532 1592 1531
f 1593 1592 1532
f 1533 1593 1532
f 1534 1593 1533
f 1594 1593 1534
f 1595 1594 1534
f 1535 1595 1534
f 1596 1595 1535
f 1536 1596 1535
f 1597 1596 1536
f 1537 1597 1536
f 1598 1597 1537
f 1538 1598 1537
f 1599 1598 1538
f 1539 1599 1538
f 1540 1599 1539
f 1600 1599 1540
f 1541 1600 1540
f 1601 1600 1541
f 1542 1601 1541
f 1602 1601 1542
f 1603 1602 1542
f 1543 1603 1542
f 1604 1603 1543
f 1544 1604 1543
f 1605 1604 1544
f 1545 1605 1544
f 1546 1605 1545
f 1606 1605 1546
f 1547 1606 1546
f 1607 1606 1547
f 1548 1607 1547
f 1608 1607 1548
f 1609 1608 1548
f 1549 1609 1548
f 1610 1609 1549
f 1550 1610 1549
f 1568 1511 1512
f 1513 1568 1512
f 1569 1568 1513
f 1514 1569 1513
f 1570 1569 1514
f 1571 1570 1514
f 1515 1571 1514
f 1572 1571 1515
f 1516 1572 1515
f 1573 1572 1516
f 1517 1573 1516
f 1518 1573 1517
f 1574 1573 1518
f 1519 1574 1518
f 1575 1574 1519
f 1576 1575 1519
f 1520 1576 1519
f 1521 1576 1520
f 1577 1576 1521
f 1522 1577 1521
f 1578 1577 1522
f 1523 1578 1522
f 1579 1578 1523
f 1580 1579 1523
f 1581 1580 1523
f 1582 1581 1523
f 1524 1582 1523
f 1583 1582 1524
f 1584 1583 1524
f 1525 1584 1524
f 1585 1584 1525
f 1551 1611 1610
f 1550 1551 1610
f 1500 1611 1551
f 1612 1611 1500
f 1553 1612 1500
f 1554 1553 1500
f 1501 1554 1500
f 1555 1554 1501
f 1556 1555 1501
f 1557 1556 1501
f 1558 1557 1501
f 1502 1558 1501
f 1503 1558 1502
f 1559 1558 1503
f 1504 1559 1503
f 1560 1559 1504
f 1561 1560 1504
f 1505 1561 1504
f 1562 1561 1505
f 1506 1562 1505
f 1563 1562 1506
f 1507 1563 1506
f 1508 1563 1507
f 1564 1563 1508
f 1509 1564 1508
f 1565 1564 1509
f 1566 1565 1509
f 1510 1566 1509
f 1567 1566 1510
f 1511 1567 1510
f 1568 1567 1511
f 1378 1437 1611
f 1611 1612 1378
f 1379 1378 1612
f 1612 1553 1379
f 1380 1379 1553
f 1553 1554 1380
f 1381 1380 1554
f 1554 1555 1381
f 1382 1381 1555
f 1555 1556 1382
f 1383 1382 1556
f 1556 1557 1383
f 1384 1383 1557
f 1557 1558 1384
f 1385 1384 1558
f 1558 1559 1385
f 1386 1385 1559
f 1559 1560 1386
f 1387 1386 1560
f 1560 1561 1387
f 1388 1387 1561
f 1561 1562 1388
f 1389 1388 1562
f 1562 1563 1389
f 1390 1389 1563
f 1563 1564 1390
f 1391 1390 1564
f 1564 1565 1391
f 1392 1391 1565
f 1565 1566 1392
f 1393 1392 1566
f 1566 1567 1393
f 1394 1393 1567
f 1567 1568 1394
f 1395 1394 1568
f 1568 1569 1395
f 1396 1395 1569
f 1569 1570 1396
f 1397 1396 1570
f 1570 1571 1397
f 1398 1397 1571
f 1571 1572 1398
f 1399 1398 1572
f 1572 1573 1399
f 1400 1399 1573
f 1573 1574 1400
f 1401 1400 1574
f 1574 1575 1401
f 1402 1401 1575
f 1575 1576 1402
f 1403 1402 1576
f 1576 1577 1403
f 1404 1403 1577
f 1577 1578 1404
f 1405 1404 1578
f 1578 1579 1405
f 1406 1405 1579
f 1579 1580 1406
f 1407 1406 1580
f 1580 1581 1407
f 1408 1407 1581
f 1581 1582 1408
f 1409 1408 1582
f 1582 1583 1409
f 1410 1409 1583
f 1583 1584 1410
f 1411 1410 1584
f 1584 1585 1411
f 1412 1411 1585
f 1585 1586 1412
f 1413 1412 1586
f 1586 1587 1413
f 1414 1413 1587
f 1587 1588 1414
f 1415 1414 1588
f 1588 1589 1415
f 1416 1415 1589
f 1589 1590 1416
f 1417 1416 1590
f 1590 1591 1417
f 1418 1417 1591
f 1591 1592 1418
f 1419 1418 1592
f 1592 1593 1419
f 1420 1419 1593
f 1593 1594 1420
f 1421 1420 1594
f 1594 1595 1421
f 1422 1421 1595
f 1595 1596 1422
f 1423 1422 1596
f 1596 1597 1423
f 1424 1423 1597
f 1597 1598 1424
f 1425 1424 1598
f 1598 1599 1425
f 1426 1425 1599
f 1599 1600 1426
f 1427 1426 1600
f 1600 1601 1427
f 1428 1427 1601
f 1601 1602 1428
f 1429 1428 1602
f 1602 1603 1429
f 1430 1429 1603
f 1603 1604 1430
f 1431 1430 1604
f 1604 1605 1431
f 1432 1431 1605
f 1605 1606 1432
f 1433 1432 1606
f 1606 1607 1433
f 1434 1433 1607
f 1607 1608 1434
f 1435 1434 1608
f 1608 1609 1435
f 1436 1435 1609
f 1609 1610 1436
f 1437 1436 1610
f 1610 1611 1437
f 1437 1437 1611
f 1611 1611 1437
f 1693 1641 1642
f 1694 1693 1642
f 1695 1694 1642
f 1643 1695 1642
f 1696 1695 1643
f 1644 1696 1643
f 1697 1696 1644
f 1645 1697 1644
f 1698 1697 1645
f 1646 1698 1645
f 1699 1698 1646
f 1647 1699 1646
f 1648 1699 1647
f 1700 1699 1648
f 1649 1700 1648
f 1701 1700 1649
f 1702 1701 1649
f 1650 1702 1649
f 1651 1702 1650
f 1703 1702 1651
f 1652 1703 1651
f 1704 1703 1652
f 1653 1704 1652
f 1705 1704 1653
f 1654 1705 1653
f 1706 1705 1654
f 1655 1706 1654
f 1707 1706 1655
f 1656 1707 1655
f 1708 1707 1656
f 1709 1708 1656
f 1657 1709 1656
f 1710 1709 1657
f 1658 1710 1657
f 1711 1710 1658
f 1659 1711 1658
f 1660 1711 1659
f 1712 1711 1660
f 1713 1712 1660
f 1661 1713 1660
f 1714 1713 1661
f 1662 1714 1661
f 1663 1714 1662
f 1715 1714 1663
f 1716 1715 1663
f 1664 1716 1663
f 1665 1716 1664
f 1717 1716 1665
f 1666 1717 1665
f 1680 1626 1627
f 1681 1680 1627
f 1628 1681 1627
f 1682 1681 1628
f 1629 1682 1628
f 1630 1682 1629
f 1683 1682 1630
f 1631 1683 1630
f 1684 1683 1631
f 1685 1684 1631
f 1632 1685 1631
f 1686 1685 1632
f 1633 1686 1632
f 1687 1686 1633
f 1634 1687 1633
f 1635 1687 1634
f 1688 1687 1635
f 1636 1688 1635
f 1689 1688 1636
f 1637 1689 1636
f 1690 1689 1637
f 1691 1690 1637
f 1638 1691 1637
f 1639 1691 1638
f 1640 1691 1639
f 1692 1691 1640
f 1641 1692 1640
f 1693 1692 1641
f 1666 1718 1717
f 1719 1718 1666
f 1667 1719 1666
f 1720 1719 1667
f 1614 1720 1667
f 1669 1720 1614
f 1615 1669 1614
f 1616 1669 1615
f 1617 1669 1616
f 1670 1669 1617
f 1671 1670 1617
f 1618 1671 1617
f 1672 1671 1618
f 1619 1672 1618
f 1620 1672 1619
f 1673 1672 1620
f 1674 1673 1620
f 1621 1674 1620
f 1622 1674 1621
f 1675 1674 1622
f 1623 1675 1622
f 1676 1675 1623
f 1677 1676 1623
f 1624 1677 1623
f 1625 1677 1624
f 1678 1677 1625
f 1626 1678 1625
f 1679 1678 1626
f 1680 1679 1626
f 1500 1551 1719
f 1719 1720 1500
f 1501 1500 1720
f 1720 1669 1501
f 1502 1501 1669
f 1669 1670 1502
f 1503 1502 1670
f 1670 1671 1503
f 1504 1503 1671
f 1671 1672 1504
f 1505 1504 1672
f 1672 1673 1505
f 1506 1505 1673
f 1673 1674 1506
f 1507 1506 1674
f 1674 1675 1507
f 1508 1507 1675
f 1675 1676 1508
f 1509 1508 1676
f 1676 1677 1509
f 1510 1509 1677
f 1677 1678 1510
f 1511 1510 1678
f 1678 1679 1511
f 1512 1511 1679
f 1679 1680 1512
f 1513 1512 1680
f 1680 1681 1513
f 1514 1513 1681
f 1681 1682 1514
f 1515 1514 1682
f 1682 1683 1515
f 1516 1515 1683
f 1683 1684 1516
f 1517 1516 1684
f 1684 1685 1517
f 1518 1517 1685
f 1685 1686 1518
f 1519 1518 1686
f 1686 1687 1519
f 1520 1519 1687
f 1687 1688 1520
f 1521 1520 1688
f 1688 1689 1521
f 1522 1521 1689
f 1689 1690 1522
f 1523 1522 1690
f 1690 1691 1523
f 1524 1523 1691
f 1691 1692 1524
f 1525 1524 1692
f 1692 1693 1525
f 1526 1525 1693
f 1693 1694 1526
f 1527 1526 1694
f 1694 1695 1527
f 1528 1527 1695
f 1695 1696 1528
f 1529 1528 1696
f 1696 1697 1529
f 1530 1529 1697
f 1697 1698 1530
f 1531 1530 1698
f 1698 1699 1531
f 1532 1531 1699
f 1699 1700 1532
f 1533 1532 1700
f 1700 1701 1533
f 1534 1533 1701
f 1701 1702 1534
f 1535 1534 1702
f 1702 1703 1535
f 1536 1535 1703
f 1703 1704 1536
f 1537 1536 1704
f 1704 1705 1537
f 1538 1537 1705
f 1705 1706 1538
f 1539 1538 1706
f 1706 1707 1539
f 1540 1539 1707
f 1707 1708 1540
f 1541 1540 1708
f 1708 1709 1541
f 1542 1541 1709
f 1709 1710 1542
f 1543 1542 1710
f 1710 1711 1543
f 1544 1543 1711
f 1711 1712 1544
f 1545 1544 1712
f 1712 1713 1545
f 1546 1545 1713
f 1713 1714 1546
f 1547 1546 1714
f 1714 1715 1547
f 1548 1547 1715
f 1715 1716 1548
f 1549 1548 1716
f 1716 1717 1549
f 1550 1549 1717
f 1717 1718 1550
f 1551 1550 1718
f 1718 1719 1551
f 1551 1551 1719
f 1719 1719 1551
f 1809 1755 1756
f 1810 1809 1756
f 1757 1810 1756
f 1811 1810 1757
f 1812 1811 1757
f 1758 1812 1757
f 1813 1812 1758
f 1759 1813 1758
f 1760 1813 1759
f 1814 1813 1760
f 1761 1814 1760
f 1815 1814 1761
f 1816 1815 1761
f 1762 1816 1761
f 1817 1816 1762
f 1763 1817 1762
f 1764 1817 1763
f 1818 1817 1764
f 1819 1818 1764
f 1765 1819 1764
f 1766 1819 1765
f 1820 1819 1766
f 1821 1820 1766
f 1767 1821 1766
f 1822 1821 1767
f 1768 1822 1767
f 1823 1822 1768
f 1769 1823 1768
f 1824 1823 1769
f 1770 1824 1769
f 1771 1824 1770
f 1825 1824 1771
f 1826 1825 1771
f 1772 1826 1771
f 1827 1826 1772
f 1773 1827 1772
f 1774 1827 1773
f 1828 1827 1774
f 1775 1828 1774
f 1829 1828 1775
f 1830 1829 1775
f 1776 1830 1775
f 1831 1830 1776
f 1777 1831 1776
f 1778 1831 1777
f 1832 1831 1778
f 1779 1832 1778
f 1833 1832 1779
f 1834 1833 1779
f 1780 1834 1779
f 1793 1736 1737
f 1794 1793 1737
f 1795 1794 1737
f 1738 1795 1737
f 1739 1795 1738
f 1796 1795 1739
f 1740 1796 1739
f 1797 1796 1740
f 1741 1797 1740
f 1798 1797 1741
f 1799 1798 1741
f 1742 1799 1741
f 1743 1799 1742
f 1800 1799 1743
f 1744 1800 1743
f 1801 1800 1744
f 1745 1801 1744
f 1802 1801 1745
f 1803 1802 1745
f 1746 1803 1745
f 1804 1803 1746
f 1747 1804 1746
f 1805 1804 1747
f 1748 1805 1747
f 1749 1805 1748
f 1806 1805 1749
f 1807 1806 1749
f 1750 1807 1749
f 1751 1807 1750
f 1752 1807 1751
f 1808 1807 1752
f 1753 1808 1752
f 1754 1808 1753
f 1755 1808 1754
f 1809 1808 1755
f 1781 1835 1834
f 1780 1781 1834
f 1722 1835 1781
f 1836 1835 1722
f 1723 1836 1722
f 1724 1836 1723
f 1783 1836 1724
f 1725 1783 1724
f 1726 1783 1725
f 1727 1783 1726
f 1784 1783 1727
f 1785 1784 1727
f 1728 1785 1727
f 1786 1785 1728
f 1729 1786 1728
f 1730 1786 1729
f 1787 1786 1730
f 1731 1787 1730
f 1788 1787 1731
f 1789 1788 1731
f 1732 1789 1731
f 1733 1789 1732
f 1790 1789 1733
f 1734 1790 1733
f 1791 1790 1734
f 1792 1791 1734
f 1735 1792 1734
f 1793 1792 1735
f 1736 1793 1735
f 1614 1667 1835
f 1835 1836 1614
f 1615 1614 1836
f 1836 1783 1615
f 1616 1615 1783
f 1783 1784 1616
f 1617 1616 1784
f 1784 1785 1617
f 1618 1617 1785
f 1785 1786 1618
f 1619 1618 1786
f 1786 1787 1619
f 1620 1619 1787
f 1787 1788 1620
f 1621 1620 1788
f 1788 1789 1621
f 1622 1621 1789
f 1789 1790 1622
f 1623 1622 1790
f 1790 1791 1623
f 1624 1623 1791
f 1791 1792 1624
f 1625 1624 1792
f 1792 1793 1625
f 1626 1625 1793
f 1793 1794 1626
f 1627 1626 1794
f 1794 1795 1627
f 1628 1627 1795
f 1795 1796 1628
f 1629 1628 1796
f 1796 1797 1629
f 1630 1629 1797
f 1797 1798 1630
f 1631 1630 1798
f 1798 1799 1631
f 1632 1631 1799
f 1799 1800 1632
f 1633 1632 1800
f 1800 1801 1633
f 1634 1633 1801
f 1801 1802 1634
f 1635 1634 1802
f 1802 1803 1635
f 1636 1635 1803
f 1803 1804 1636
f 1637 1636 1804
f 1804 1805 1637
f 1638 1637 1805
f 1805 1806 1638
f 1639 1638 1806
f 1806 1807 1639
f 1640 1639 1807
f 1807 1808 1640
f 1641 1640 1808
f 1808 1809 1641
f 1642 1641 1809
f 1809 1810 1642
f 1643 1642 1810
f 1810 1811 1643
f 1644 1643 1811
f 1811 1812 1644
f 1645 1644 1812
f 1812 1813 1645
f 1646 1645 1813
f 1813 1814 1646
f 1647 1646 1814
f 1814 1815 1647
f 1648 1647 1815
f 1815 1816 1648
f 1649 1648 1816
f 1816 1817 1649
f 1650 1649 1817
f 1817 1818 1650
f 1651 1650 1818
f 1818 1819 1651
f 1652 1651 1819
f 1819 1820 1652
f 1653 1652 1820
f 1820 1821 1653
f 1654 1653 1821
f 1821 1822 1654
f 1655 1654 1822
f 1822 1823 1655
f 1656 1655 1823
f 1823 1824 1656
f 1657 1656 1824
f 1824 1825 1657
f 1658 1657 1825
f 1825 1826 1658
f 1659 1658 1826
f 1826 1827 1659
f 1660 1659 1827
f 1827 1828 1660
f 1661 1660 1828
f 1828 1829 1661
f 1662 1661 1829
f 1829 1830 1662
f 1663 1662 1830
f 1830 1831 1663
f 1664 1663 1831
f 1831 1832 1664
f 1665 1664 1832
f 1832 1833 1665
f 1666 1665 1833
f 1833 1834 1666
f 1667 1666 1834
f 1834 1835 1667
f 1667 1667 1835
f 1835 1835 1667
f 1924 1857 1858
f 1859 1924 1858
f 1925 1924 1859
f 1860 1925 1859
f 1926 1925 1860
f 1861 1926 1860
f 1927 1926 1861
f 1928 1927 1861
f 1862 1928 1861
f 1929 1928 1862
f 1863 1929 1862
f 1864 1929 1863
f 1930 1929 1864
f 1865 1930 1864
f 1931 1930 1865
f 1866 1931 1865
f 1932 1931 1866
f 1933 1932 1866
f 1867 1933 1866
f 1934 1933 1867
f 1868 1934 1867
f 1869 1934 1868
f 1935 1934 1869
f 1936 1935 1869
f 1870 1936 1869
f 1871 1936 1870
f 1937 1936 1871
f 1938 1937 1871
f 1872 1938 1871
f 1939 1938 1872
f 1873 1939 1872
f 1874 1939 1873
f 1940 1939 1874
f 1875 1940 1874
f 1941 1940 1875
f 1876 1941 1875
f 1942 1941 1876
f 1943 1942 1876
f 1877 1943 1876
f 1944 1943 1877
f 1878 1944 1877
f 1879 1944 1878
f 1945 1944 1879
f 1880 1945 1879
f 1946 1945 1880
f 1947 1946 1880
f 1881 1947 1880
f 1948 1947 1881
f 1882 1948 1881
f 1903 1842 1843
f 1904 1903 1843
f 1905 1904 1843
f 1844 1905 1843
f 1906 1905 1844
f 1845 1906 1844
f 1907 1906 1845
f 1908 1907 1845
f 1846 1908 1845
f 1909 1908 1846
f 1910 1909 1846
f 1847 1910 1846
f 1911 1910 1847
f 1912 1911 1847
f 1848 1912 1847
f 1849 1912 1848
f 1913 1912 1849
f 1914 1913 1849
f 1850 1914 1849
f 1915 1914 1850
f 1851 1915 1850
f 1852 1915 1851
f 1916 1915 1852
f 1853 1916 1852
f 1917 1916 1853
f 1918 1917 1853
f 1854 1918 1853
f 1919 1918 1854
f 1920 1919 1854
f 1855 1920 1854
f 1921 1920 1855
f 1922 1921 1855
f 1856 1922 1855
f 1923 1922 1856
f 1857 1923 1856
f 1924 1923 1857
f 1883 1949 1948
f 1882 1883 1948
f 1950 1949 1883
f 1884 1950 1883
f 1885 1950 1884
f 1891 1950 1885
f 1892 1891 1885
f 1886 1892 1885
f 1893 1892 1886
f 1887 1893 1886
f 1894 1893 1887
f 1895 1894 1887
f 1888 1895 1887
f 1896 1895 1888
f 1897 1896 1888
f 1889 1897 1888
f 1898 1897 1889
f 1838 1898 1889
f 1899 1898 1838
f 1839 1899 1838
f 1840 1899 1839
f 1900 1899 1840
f 1901 1900 1840
f 1841 1901 1840
f 1842 1901 1841
f 1902 1901 1842
f 1903 1902 1842
f 1722 1781 1949
f 1949 1950 1722
f 1723 1722 1950
f 1950 1891 1723
f 1724 1723 1891
f 1891 1892 1724
f 1725 1724 1892
f 1892 1893 1725
f 1726 1725 1893
f 1893 1894 1726
f 1727 1726 1894
f 1894 1895 1727
f 1728 1727 1895
f 1895 1896 1728
f 1729 1728 1896
f 1896 1897 1729
f 1730 1729 1897
f 1897 1898 1730
f 1731 1730 1898
f 1898 1899 1731
f 1732 1731 1899
f 1899 1900 1732
f 1733 1732 1900
f 1900 1901 1733
f 1734 1733 1901
f 1901 1902 1734
f 1735 1734 1902
f 1902 1903 1735
f 1736 1735 1903
f 1903 1904 1736
f 1737 1736 1904
f 1904 1905 1737
f 1738 1737 1905
f 1905 1906 1738
f 1739 1738 1906
f 1906 1907 1739
f 1740 1739 1907
f 1907 1908 1740
f 1741 1740 1908
f 1908 1909 1741
f 1742 1741 1909
f 1909 1910 1742
f 1743 1742 1910
f 1910 1911 1743
f 1744 1743 1911
f 1911 1912 1744
f 1745 1744 1912
f 1912 1913 1745
f 1746 1745 1913
f 1913 1914 1746
f 1747 1746 1914
f 1914 1915 1747
f 1748 1747 1915
f 1915 1916 1748
f 1749 1748 1916
f 1916 1917 1749
f 1750 1749 1917
f 1917 1918 1750
f 1751 1750 1918
f 1918 1919 1751
f 1752 1751 1919
f 1919 1920 1752
f 1753 1752 1920
f 1920 1921 1753
f 1754 1753 1921
f 1921 1922 1754
f 1755 1754 1922
f 1922 1923 1755
f 1756 1755 1923
f 1923 1924 1756
f 1757 1756 1924
f 1924 1925 1757
f 1758 1757 1925
f 1925 1926 1758
f 1759 1758 1926
f 1926 1927 1759
f 1760 1759 1927
f 1927 1928 1760
f 1761 1760 1928
f 1928 1929 1761
f 1762 1761 1929
f 1929 1930 1762
f 1763 1762 1930
f 1930 1931 1763
f 1764 1763 1931
f 1931 1932 1764
f 1765 1764 1932
f 1932 1933 1765
f 1766 1765 1933
f 1933 1934 1766
f 1767 1766 1934
f 1934 1935 1767
f 1768 1767 1935
f 1935 1936 1768
f 1769 1768 1936
f 1936 1937 1769
f 1770 1769 1937
f 1937 1938 1770
f 1771 1770 1938
f 1938 1939 1771
f 1772 1771 1939
f 1939 1940 1772
f 1773 1772 1940
f 1940 1941 1773
f 1774 1773 1941
f 1941 1942 1774
f 1775 1774 1942
f 1942 1943 1775
f 1776 1775 1943
f 1943 1944 1776
f 1777 1776 1944
f 1944 1945 1777
f 1778 1777 1945
f 1945 1946 1778
f 1779 1778 1946
f 1946 1947 1779
f 1780 1779 1947
f 1947 1948 1780
f 1781 1780 1948
f 1948 1949 1781
f 1781 1781 1949
f 1949 1949 1781
f 2027 1981 1982
f 2028 2027 1982
f 1983 2028 1982
f 2029 2028 1983
f 2030 2029 1983
f 1984 2030 1983
f 2031 2030 1984
f 1985 2031 1984
f 2032 2031 1985
f 1986 2032 1985
f 1987 2032 1986
f 2033 2032 1987
f 2034 2033 1987
f 1988 2034 1987
f 2035 2034 1988
f 1989 2035 1988
f 1990 2035 1989
f 2036 2035 1990
f 1991 2036 1990
f 2037 2036 1991
f 1992 2037 1991
f 2038 2037 1992
f 2039 2038 1992
f 1993 2039 1992
f 1994 2039 1993
f 2040 2039 1994
f 1995 2040 1994
f 2041 2040 1995
f 2042 2041 1995
f 1996 2042 1995
f 2043 2042 1996
f 1997 2043 1996
f 2044 2043 1997
f 1998 2044 1997
f 1999 2044 1998
f 2045 2044 1999
f 2000 2045 1999
f 2046 2045 2000
f 2001 2046 2000
f 2047 2046 2001
f 2002 2047 2001
f 2048 2047 2002
f 2049 2048 2002
f 2003 2049 2002
f 2050 2049 2003
f 2004 2050 2003
f 2051 2050 2004
f 2005 2051 2004
f 2006 2051 2005
f 2013 1965 1966
f 2014 2013 1966
f 1967 2014 1966
f 2015 2014 1967
f 1968 2015 1967
f 2016 2015 1968
f 1969 2016 1968
f 1970 2016 1969
f 2017 2016 1970
f 1971 2017 1970
f 1972 2017 1971
f 2018 2017 1972
f 2019 2018 1972
f 1973 2019 1972
f 1974 2019 1973
f 2020 2019 1974
f 1975 2020 1974
f 2021 2020 1975
f 2022 2021 1975
f 1976 2022 1975
f 2023 2022 1976
f 1977 2023 1976
f 1978 2023 1977
f 2024 2023 1978
f 1979 2024 1978
f 1980 2024 1979
f 2025 2024 1980
f 2026 2025 1980
f 2027 2026 1980
f 1981 2027 1980
f 2006 2052 2051
f 2007 2052 2006
f 2053 2052 2007
f 1952 2053 2007
f 2054 2053 1952
f 2055 2054 1952
f 2056 2055 1952
f 1953 2056 1952
f 2057 2056 1953
f 1954 2057 1953
f 1955 2057 1954
f 2058 2057 1955
f 1956 2058 1955
f 1957 2058 1956
f 2059 2058 1957
f 1958 2059 1957
f 2060 2059 1958
f 2009 2060 1958
f 1959 2009 1958
f 1960 2009 1959
f 2010 2009 1960
f 1961 2010 1960
f 2011 2010 1961
f 2012 2011 1961
f 1962 2012 1961
f 1963 2012 1962
f 2013 2012 1963
f 1964 2013 1963
f 1965 2013 1964
f 1838 1889 2059
f 2059 2060 1838
f 1839 1838 2060
f 2060 2009 1839
f 1840 1839 2009
f 2009 2010 1840
f 1841 1840 2010
f 2010 2011 1841
f 1842 1841 2011
f 2011 2012 1842
f 1843 1842 2012
f 2012 2013 1843
f 1844 1843 2013
f 2013 2014 1844
f 1845 1844 2014
f 2014 2015 1845
f 1846 1845 2015
f 2015 2016 1846
f 1847 1846 2016
f 2016 2017 1847
f 1848 1847 2017
f 2017 2018 1848
f 1849 1848 2018
f 2018 2019 1849
f 1850 1849 2019
f 2019 2020 1850
f 1851 1850 2020
f 2020 2021 1851
f 1852 1851 2021
f 2021 2022 1852
f 1853 1852 2022
f 2022 2023 1853
f 1854 1853 2023
f 2023 2024 1854
f 1855 1854 2024
f 2024 2025 1855
f 1856 1855 2025
f 2025 2026 1856
f 1857 1856 2026
f 2026 2027 1857
f 1858 1857 2027
f 2027 2028 1858
f 1859 1858 2028
f 2028 2029 1859
f 1860 1859 2029
f 2029 2030 1860
f 1861 1860 2030
f 2030 2031 1861
f 1862 1861 2031
f 2031 2032 1862
f 1863 1862 2032
f 2032 2033 1863
f 1864 1863 2033
f 2033 2034 1864
f 1865 1864 2034
f 2034 2035 1865
f 1866 1865 2035
f 2035 2036 1866
f 1867 1866 2036
f 2036 2037 1867
f 1868 1867 2037
f 2037 2038 1868
f 1869 1868 2038
f 2038 2039 1869
f 1870 1869 2039
f 2039 2040 1870
f 1871 1870 2040
f 2040 2041 1871
f 1872 1871 2041
f 2041 2042 1872
f 1873 1872 2042
f 2042 2043 1873
f 1874 1873 2043
f 2043 2044 1874
f 1875 1874 2044
f 2044 2045 1875
f 1876 1875 2045
f 2045 2046 1876
f 1877 1876 2046
f 2046 2047 1877
f 1878 1877 2047
f 2047 2048 1878
f 1879 1878 2048
f 2048 2049 1879
f 1880 1879 2049
f 2049 2050 1880
f 1881 1880 2050
f 2050 2051 1881
f 1882 1881 2051
f 2051 2052 1882
f 1883 1882 2052
f 2052 2053 1883
f 1884 1883 2053
f 2053 2054 1884
f 1885 1884 2054
f 2054 2055 1885
f 1886 1885 2055
f 2055 2056 1886
f 1887 1886 2056
f 2056 2057 1887
f 1888 1887 2057
f 2057 2058 1888
f 1889 1888 2058
f 2058 2059 1889
f 1889 1889 2059
f 2059 2059 1889
f 2147 2084 2085
f 2148 2147 2085
f 2086 2148 2085
f 2087 2148 2086
f 2149 2148 2087
f 2088 2149 2087
f 2150 2149 2088
f 2151 2150 2088
f 2089 2151 2088
f 2152 2151 2089
f 2090 2152 2089
f 2153 2152 2090
f 2091 2153 2090
f 2154 2153 2091
f 2092 2154 2091
f 2093 2154 2092
f 2155 2154 2093
f 2094 2155 2093
f 2156 2155 2094
f 2157 2156 2094
f 2158 2157 2094
f 2095 2158 2094
f 2159 2158 2095
f 2096 2159 2095
f 2097 2159 2096
f 2160 2159 2097
f 2161 2160 2097
f 2162 2161 2097
f 2098 2162 2097
f 2163 2162 2098
f 2099 2163 2098
f 2164 2163 2099
f 2100 2164 2099
f 2165 2164 2100
f 2101 2165 2100
f 2102 2165 2101
f 2166 2165 2102
f 2103 2166 2102
f 2167 2166 2103
f 2104 2167 2103
f 2168 2167 2104
f 2105 2168 2104
f 2169 2168 2105
f 2106 2169 2105
f 2129 2067 2068
f 2130 2129 2068
f 2131 2130 2068
f 2069 2131 2068
f 2132 2131 2069
f 2070 2132 2069
f 2071 2132 2070
f 2133 2132 2071
f 2134 2133 2071
f 2072 2134 2071
f 2135 2134 2072
f 2073 2135 2072
f 2074 2135 2073
f 2136 2135 2074
f 2075 2136 2074
f 2137 2136 2075
f 2138 2137 2075
f 2076 2138 2075
f 2139 2138 2076
f 2077 2139 2076
f 2078 2139 2077
f 2140 2139 2078
f 2079 2140 2078
f 2141 2140 2079
f 2142 2141 2079
f 2080 2142 2079
f 2143 2142 2080
f 2081 2143 2080
f 2082 2143 2081
f 2083 2143 2082
f 2144 2143 2083
f 2084 2144 2083
f 2145 2144 2084
f 2146 2145 2084
f 2147 2146 2084
f 2106 2170 2169
f 2107 2170 2106
f 2171 2170 2107
f 2172 2171 2107
f 2117 2172 2107
f 2108 2117 2107
f 2109 2117 2108
f 2110 2117 2109
f 2118 2117 2110
f 2119 2118 2110
f 2111 2119 2110
f 2120 2119 2111
f 2112 2120 2111
f 2121 2120 2112
f 2113 2121 2112
f 2122 2121 2113
f 2114 2122 2113
f 2115 2122 2114
f 2123 2122 2115
f 2062 2123 2115
f 2124 2123 2062
f 2125 2124 2062
f 2063 2125 2062
f 2064 2125 2063
f 2126 2125 2064
f 2127 2126 2064
f 2065 2127 2064
f 2128 2127 2065
f 2066 2128 2065
f 2067 2128 2066
f 2129 2128 2067
f 1952 2007 2171
f 2171 2172 1952
f 1953 1952 2172
f 2172 2117 1953
f 1954 1953 2117
f 2117 2118 1954
f 1955 1954 2118
f 2118 2119 1955
f 1956 1955 2119
f 2119 2120 1956
f 1957 1956 2120
f 2120 2121 1957
f 1958 1957 2121
f 2121 2122 1958
f 1959 1958 2122
f 2122 2123 1959
f 1960 1959 2123
f 2123 2124 1960
f 1961 1960 2124
f 2124 2125 1961
f 1962 1961 2125
f 2125 2126 1962
f 1963 1962 2126
f 2126 2127 1963
f 1964 1963 2127
f 2127 2128 1964
f 1965 1964 2128
f 2128 2129 1965
f 1966 1965 2129
f 2129 2130 1966
f 1967 1966 2130
f 2130 2131 1967
f 1968 1967 2131
f 2131 2132 1968
f 1969 1968 2132
f 2132 2133 1969
f 1970 1969 2133
f 2133 2134 1970
f 1971 1970 2134
f 2134 2135 1971
f 1972 1971 2135
f 2135 2136 1972
f 1973 1972 2136
f 2136 2137 1973
f 1974 1973 2137
f 2137 2138 1974
f 1975 1974 2138
f 2138 2139 1975
f 1976 1975 2139
f 2139 2140 1976
f 1977 1976 2140
f 2140 2141 1977
f 1978 1977 2141
f 2141 2142 1978
f 1979 1978 2142
f 2142 2143 1979
f 1980 1979 2143
f 2143 2144 1980
f 1981 1980 2144
f 2144 2145 1981
f 1982 1981 2145
f 2145 2146 1982
f 1983 1982 2146
f 2146 2147 1983
f 1984 1983 2147
f 2147 2148 1984
f 1985 1984 2148
f 2148 2149 1985
f 1986 1985 2149
f 2149 2150 1986
f 1987 1986 2150
f 2150 2151 1987
f 1988 1987 2151
f 2151 2152 1988
f 1989 1988 2152
f 2152 2153 1989
f 1990 1989 2153
f 2153 2154 1990
f 1991 1990 2154
f 2154 2155 1991
f 1992 1991 2155
f 2155 2156 1992
f 1993 1992 2156
f 2156 2157 1993
f 1994 1993 2157
f 2157 2158 1994
f 1995 1994 2158
f 2158 2159 1995
f 1996 1995 2159
f 2159 2160 1996
f 1997 1996 2160
f 2160 2161 1997
f 1998 1997 2161
f 2161 2162 1998
f 1999 1998 2162
f 2162 2163 1999
f 2000 1999 2163
f 2163 2164 2000
f 2001 2000 2164
f 2164 2165 2001
f 2002 2001 2165
f 2165 2166 2002
f 2003 2002 2166
f 2166 2167 2003
f 2004 2003 2167
f 2167 2168 2004
f 2005 2004 2168
f 2168 2169 2005
f 2006 2005 2169
f 2169 2170 2006
f 2007 2006 2170
f 2170 2171 2007
f 2007 2007 2171
f 2171 2171 2007
f 2254 2205 2206
f 2255 2254 2206
f 2207 2255 2206
f 2208 2255 2207
f 2256 2255 2208
f 2257 2256 2208
f 2209 2257 2208
f 2258 2257 2209
f 2210 2258 2209
f 2211 2258 2210
f 2259 2258 2211
f 2212 2259 2211
f 2260 2259 2212
f 2213 2260 2212
f 2261 2260 2213
f 2262 2261 2213
f 2214 2262 2213
f 2263 2262 2214
f 2215 2263 2214
f 2216 2263 2215
f 2264 2263 2216
f 2217 2264 2216
f 2218 2264 2217
f 2265 2264 2218
f 2219 2265 2218
f 2266 2265 2219
f 2220 2266 2219
f 2267 2266 2220
f 2221 2267 2220
f 2268 2267 2221
f 2222 2268 2221
f 2223 2268 2222
f 2269 2268 2223
f 2224 2269 2223
f 2270 2269 2224
f 2271 2270 2224
f 2225 2271 2224
f 2272 2271 2225
f 2226 2272 2225
f 2227 2272 2226
f 2273 2272 2227
f 2228 2273 2227
f 2274 2273 2228
f 2275 2274 2228
f 2229 2275 2228
f 2276 2275 2229
f 2230 2276 2229
f 2238 2188 2189
f 2239 2238 2189
f 2190 2239 2189
f 2191 2239 2190
f 2240 2239 2191
f 2192 2240 2191
f 2241 2240 2192
f 2193 2241 2192
f 2242 2241 2193
f 2243 2242 2193
f 2194 2243 2193
f 2244 2243 2194
f 2195 2244 2194
f 2245 2244 2195
f 2196 2245 2195
f 2197 2245 2196
f 2246 2245 2197
f 2247 2246 2197
f 2198 2247 2197
f 2248 2247 2198
f 2199 2248 2198
f 2200 2248 2199
f 2249 2248 2200
f 2201 2249 2200
f 2250 2249 2201
f 2251 2250 2201
f 2202 2251 2201
f 2252 2251 2202
f 2203 2252 2202
f 2204 2252 2203
f 2253 2252 2204
f 2254 2253 2204
f 2205 2254 2204
f 2231 2277 2276
f 2230 2231 2276
f 2174 2277 2231
f 2278 2277 2174
f 2175 2278 2174
f 2176 2278 2175
f 2279 2278 2176
f 2177 2279 2176
f 2280 2279 2177
f 2178 2280 2177
f 2281 2280 2178
f 2282 2281 2178
f 2179 2282 2178
f 2180 2282 2179
f 2283 2282 2180
f 2284 2283 2180
f 2181 2284 2180
f 2285 2284 2181
f 2182 2285 2181
f 2286 2285 2182
f 2183 2286 2182
f 2184 2286 2183
f 2233 2286 2184
f 2185 2233 2184
f 2234 2233 2185
f 2235 2234 2185
f 2186 2235 2185
f 2187 2235 2186
f 2236 2235 2187
f 2188 2236 2187
f 2237 2236 2188
f 2238 2237 2188
f 2062 2115 2285
f 2285 2286 2062
f 2063 2062 2286
f 2286 2233 2063
f 2064 2063 2233
f 2233 2234 2064
f 2065 2064 2234
f 2234 2235 2065
f 2066 2065 2235
f 2235 2236 2066
f 2067 2066 2236
f 2236 2237 2067
f 2068 2067 2237
f 2237 2238 2068
f 2069 2068 2238
f 2238 2239 2069
f 2070 2069 2239
f 2239 2240 2070
f 2071 2070 2240
f 2240 2241 2071
f 2072 2071 2241
f 2241 2242 2072
f 2073 2072 2242
f 2242 2243 2073
f 2074 2073 2243
f 2243 2244 2074
f 2075 2074 2244
f 2244 2245 2075
f 2076 2075 2245
f 2245 2246 2076
f 2077 2076 2246
f 2246 2247 2077
f 2078 2077 2247
f 2247 2248 2078
f 2079 2078 2248
f 2248 2249 2079
f 2080 2079 2249
f 2249 2250 2080
f 2081 2080 2250
f 2250 2251 2081
f 2082 2081 2251
f 2251 2252 2082
f 2083 2082 2252
f 2252 2253 2083
f 2084 2083 2253
f 2253 2254 2084
f 2085 2084 2254
f 2254 2255 2085
f 2086 2085 2255
f 2255 2256 2086
f 2087 2086 2256
f 2256 2257 2087
f 2088 2087 2257
f 2257 2258 2088
f 2089 2088 2258
f 2258 2259 2089
f 2090 2089 2259
f 2259 2260 2090
f 2091 2090 2260
f 2260 2261 2091
f 2092 2091 2261
f 2261 2262 2092
f 2093 2092 2262
f 2262 2263 2093
f 2094 2093 2263
f 2263 2264 2094
f 2095 2094 2264
f 2264 2265 2095
f 2096 2095 2265
f 2265 2266 2096
f 2097 2096 2266
f 2266 2267 2097
f 2098 2097 2267
f 2267 2268 2098
f 2099 2098 2268
f 2268 2269 2099
f 2100 2099 2269
f 2269 2270 2100
f 2101 2100 2270
f 2270 2271 2101
f 2102 2101 2271
f 2271 2272 2102
f 2103 2102 2272
f 2272 2273 2103
f 2104 2103 2273
f 2273 2274 2104
f 2105 2104 2274
f 2274 2275 2105
f 2106 2105 2275
f 2275 2276 2106
f 2107 2106 2276
f 2276 2277 2107
f 2108 2107 2277
f 2277 2278 2108
f 2109 2108 2278
f 2278 2279 2109
f 2110 2109 2279
f 2279 2280 2110
f 2111 2110 2280
f 2280 2281 2111
f 2112 2111 2281
f 2281 2282 2112
f 2113 2112 2282
f 2282 2283 2113
f 2114 2113 2283
f 2283 2284 2114
f 2115 2114 2284
f 2284 2285 2115
f 2115 2115 2285
f 2285 2285 2115
f 2295 2291 2292
f 2293 2295 2292
f 2294 2295 2293
f 2289 2297 2288
f 2296 2297 2289
f 2290 2296 2289
f 2295 2296 2290
f 2291 2295 2290
f 2379 2299 2300
f 2380 2379 2300
f 2381 2380 2300
f 2301 2381 2300
f 2302 2381 2301
f 2382 2381 2302
f 2383 2382 2302
f 2303 2383 2302
f 2384 2383 2303
f 2304 2384 2303
f 2385 2384 2304
f 2305 2385 2304
f 2306 2385 2305
f 2386 2385 2306
f 2307 2386 2306
f 2387 2386 2307
f 2308 2387 2307
f 2388 2387 2308
f 2389 2388 2308
f 2309 2389 2308
f 2390 2389 2309
f 2391 2390 2309
f 2310 2391 2309
f 2392 2391 2310
f 2311 2392 2310
f 2393 2392 2311
f 2394 2393 2311
f 2312 2394 2311
f 2395 2394 2312
f 2396 2395 2312
f 2313 2396 2312
f 2314 2396 2313
f 2397 2396 2314
f 2398 2397 2314
f 2315 2398 2314
f 2316 2398 2315
f 2399 2398 2316
f 2317 2399 2316
f 2400 2399 2317
f 2401 2400 2317
f 2318 2401 2317
f 2402 2401 2318
f 2319 2402 2318
f 2320 2402 2319
f 2361 2333 2334
f 2362 2361 2334
f 2363 2362 2334
f 2364 2363 2334
f 2335 2364 2334
f 2365 2364 2335
f 2366 2365 2335
f 2336 2366 2335
f 2337 2366 2336
f 2367 2366 2337
f 2338 2367 2337
f 2368 2367 2338
f 2369 2368 2338
f 2339 2369 2338
f 2370 2369 2339
f 2340 2370 2339
f 2341 2370 2340
f 2371 2370 2341
f 2372 2371 2341
f 2342 2372 2341
f 2373 2372 2342
f 2343 2373 2342
f 2344 2373 2343
f 2374 2373 2344
f 2345 2374 2344
f 2375 2374 2345
f 2376 2375 2345
f 2346 2376 2345
f 2377 2376 2346
f 2299 2377 2346
f 2378 2377 2299
f 2379 2378 2299
f 2320 2403 2402
f 2404 2403 2320
f 2321 2404 2320
f 2405 2404 2321
f 2322 2405 2321
f 2348 2405 2322
f 2349 2348 2322
f 2323 2349 2322
f 2350 2349 2323
f 2351 2350 2323
f 2324 2351 2323
f 2325 2351 2324
f 2352 2351 2325
f 2353 2352 2325
f 2326 2353 2325
f 2354 2353 2326
f 2327 2354 2326
f 2355 2354 2327
f 2328 2355 2327
f 2329 2355 2328
f 2356 2355 2329
f 2330 2356 2329
f 2357 2356 2330
f 2331 2357 2330
f 2358 2357 2331
f 2359 2358 2331
f 2332 2359 2331
f 2333 2359 2332
f 2360 2359 2333
f 2361 2360 2333
f 2174 2231 2404
f 2404 2405 2174
f 2175 2174 2405
f 2405 2348 2175
f 2176 2175 2348
f 2348 2349 2176
f 2177 2176 2349
f 2349 2350 2177
f 2178 2177 2350
f 2350 2351 2178
f 2179 2178 2351
f 2351 2352 2179
f 2180 2179 2352
f 2352 2353 2180
f 2181 2180 2353
f 2353 2354 2181
f 2182 2181 2354
f 2354 2355 2182
f 2183 2182 2355
f 2355 2356 2183
f 2184 2183 2356
f 2356 2357 2184
f 2185 2184 2357
f 2357 2358 2185
f 2186 2185 2358
f 2358 2359 2186
f 2187 2186 2359
f 2359 2360 2187
f 2188 2187 2360
f 2360 2361 2188
f 2189 2188 2361
f 2361 2362 2189
f 2190 2189 2362
f 2362 2363 2190
f 2191 2190 2363
f 2363 2364 2191
f 2192 2191 2364
f 2364 2365 2192
f 2193 2192 2365
f 2365 2366 2193
f 2194 2193 2366
f 2366 2367 2194
f 2195 2194 2367
f 2367 2368 2195
f 2196 2195 2368
f 2368 2369 2196
f 2197 2196 2369
f 2369 2370 2197
f 2198 2197 2370
f 2370 2371 2198
f 2199 2198 2371
f 2371 2372 2199
f 2200 2199 2372
f 2372 2373 2200
f 2201 2200 2373
f 2373 2374 2201
f 2202 2201 2374
f 2374 2375 2202
f 2203 2202 2375
f 2375 2376 2203
f 2204 2203 2376
f 2376 2377 2204
f 2205 2204 2377
f 2377 2378 2205
f 2206 2205 2378
f 2378 2379 2206
f 2207 2206 2379
f 2379 2380 2207
f 2208 2207 2380
f 2380 2381 2208
f 2209 2208 2381
f 2381 2382 2209
f 2210 2209 2382
f 2382 2383 2210
f 2211 2210 2383
f 2383 2384 2211
f 2212 2211 2384
f 2384 2385 2212
f 2213 2212 2385
f 2385 2386 2213
f 2214 2213 2386
f 2386 2387 2214
f 2215 2214 2387
f 2387 2388 2215
f 2216 2215 2388
f 2388 2389 2216
f 2217 2216 2389
f 2389 2390 2217
f 2218 2217 2390
f 2390 2391 2218
f 2219 2218 2391
f 2391 2392 2219
f 2220 2219 2392
f 2392 2393 2220
f 2221 2220 2393
f 2393 2394 2221
f 2222 2221 2394
f 2394 2395 2222
f 2223 2222 2395
f 2395 2396 2223
f 2224 2223 2396
f 2396 2397 2224
f 2225 2224 2397
f 2397 2398 2225
f 2226 2225 2398
f 2398 2399 2226
f 2227 2226 2399
f 2399 2400 2227
f 2228 2227 2400
f 2400 2401 2228
f 2229 2228 2401
f 2401 2402 2229
f 2230 2229 2402
f 2402 2403 2230
f 2231 2230 2403
f 2403 2404 2231
f 2231 2231 2404
f 2404 2404 2231
f 2411 2410 2523
f 2411 2523 2412
f 2412 2523 2413
f 2407 2415 2408
f 2408 2415 2414
f 2408 2414 2524
f 2408 2524 2409
f 2409 2524 2410
f 2410 2524 2523
f 2498 2498 2497
f 2497 2498 2497
f 2502 2501 2501
f 2500 2501 2500
f 2501 2500 2501
f 2508 2508 2507
f 2508 2507 2507
f 2520 2520 2519
f 2517 2518 2517
f 2517 2518 2518
f 2518 2518 2519
f 2519 2518 2519
f 2519 2519 2520
f 2423 2523 2422
f 2424 2523 2423
f 2524 2523 2424
f 2421 2524 2424
f 2420 2421 2424
f 2419 2420 2424
f 2425 2419 2424
f 2426 2419 2425
f 2417 2419 2426
f 2429 2417 2426
f 2427 2429 2426
f 2428 2429 2427
f 2419 2417 2418
f 2516 2436 2517
f 2470 2509 2508
f 2509 2471 2431
f 2432 2509 2431
f 2433 2509 2432
f 2434 2509 2433
f 2510 2509 2434
f 2511 2511 2510
f 2512 2511 2511
f 2435 2513 2512
f 2514 2513 2435
f 2515 2515 2514
f 2516 2515 2515
f 2470 2471 2509
f 2473 2441 2442
f 2443 2473 2442
f 2474 2473 2443
f 2475 2474 2443
f 2444 2475 2443
f 2445 2475 2444
f 2476 2475 2445
f 2477 2476 2445
f 2446 2477 2445
f 2478 2477 2446
f 2447 2478 2446
f 2479 2478 2447
f 2448 2479 2447
f 2480 2479 2448
f 2449 2480 2448
f 2481 2480 2449
f 2450 2481 2449
f 2482 2481 2450
f 2451 2482 2450
f 2483 2482 2451
f 2452 2483 2451
f 2484 2483 2452
f 2453 2484 2452
f 2485 2484 2453
f 2454 2485 2453
f 2455 2485 2454
f 2486 2485 2455
f 2487 2486 2455
f 2456 2487 2455
f 2457 2487 2456
f 2488 2487 2457
f 2489 2488 2457
f 2458 2489 2457
f 2490 2489 2458
f 2459 2490 2458
f 2460 2490 2459
f 2491 2490 2460
f 2461 2491 2460
f 2492 2491 2461
f 2493 2492 2461
f 2462 2493 2461
f 2496 2497 2497
f 2437 2521 2520
f 2438 2521 2437
f 2439 2521 2438
f 2440 2521 2439
f 2522 2521 2440
f 2441 2522 2440
f 2473 2522 2441
f 2463 2494 2493
f 2462 2463 2493
f 2464 2494 2463
f 2495 2494 2464
f 2465 2495 2464
f 2466 2495 2465
f 2467 2495 2466
f 2496 2495 2467
f 2499 2468 2500
f 2498 2499 2498
f 2504 2505 2505
f 2503 2469 2504
f 2288 2297 2415
f 2415 2407 2288
f 2289 2288 2407
f 2407 2408 2289
f 2290 2289 2408
f 2408 2409 2290
f 2291 2290 2409
f 2409 2410 2291
f 2292 2291 2410
f 2410 2411 2292
f 2293 2292 2411
f 2411 2412 2293
f 2294 2293 2412
f 2412 2413 2294
f 2295 2294 2413
f 2413 2523 2295
f 2296 2295 2523
f 2523 2414 2296
f 2297 2296 2414
f 2414 2415 2297
f 2297 2297 2415
f 2415 2415 2297
f 2299 2346 2521
f 2521 2522 2299
f 2300 2299 2522
f 2522 2473 2300
f 2301 2300 2473
f 2473 2474 2301
f 2302 2301 2474
f 2474 2475 2302
f 2303 2302 2475
f 2475 2476 2303
f 2304 2303 2476
f 2476 2477 2304
f 2305 2304 2477
f 2477 2478 2305
f 2306 2305 2478
f 2478 2479 2306
f 2307 2306 2479
f 2479 2480 2307
f 2308 2307 2480
f 2480 2481 2308
f 2309 2308 2481
f 2481 2482 2309
f 2310 2309 2482
f 2482 2483 2310
f 2311 2310 2483
f 2483 2484 2311
f 2312 2311 2484
f 2484 2485 2312
f 2313 2312 2485
f 2485 2486 2313
f 2314 2313 2486
f 2486 2487 2314
f 2315 2314 2487
f 2487 2488 2315
f 2316 2315 2488
f 2488 2489 2316
f 2317 2316 2489
f 2489 2490 2317
f 2318 2317 2490
f 2490 2491 2318
f 2319 2318 2491
f 2491 2492 2319
f 2320 2319 2492
f 2492 2493 2320
f 2321 2320 2493
f 2493 2494 2321
f 2322 2321 2494
f 2494 2495 2322
f 2323 2322 2495
f 2495 2496 2323
f 2324 2323 2496
f 2496 2497 2324
f 2325 2324 2497
f 2497 2498 2325
f 2326 2325 2498
f 2498 2499 2326
f 2327 2326 2499
f 2499 2500 2327
f 2328 2327 2500
f 2500 2501 2328
f 2329 2328 2501
f 2501 2503 2329
f 2330 2329 2503
f 2503 2504 2330
f 2331 2330 2504
f 2504 2505 2331
f 2332 2331 2505
f 2505 2507 2332
f 2333 2332 2507
f 2507 2508 2333
f 2334 2333 2508
f 2508 2509 2334
f 2335 2334 2509
f 2509 2510 2335
f 2336 2335 2510
f 2510 2511 2336
f 2337 2336 2511
f 2511 2512 2337
f 2338 2337 2512
f 2512 2513 2338
f 2339 2338 2513
f 2513 2514 2339
f 2340 2339 2514
f 2514 2515 2340
f 2341 2340 2515
f 2515 2516 2341
f 2342 2341 2516
f 2516 2517 2342
f 2343 2342 2517
f 2517 2518 2343
f 2344 2343 2518
f 2518 2519 2344
f 2345 2344 2519
f 2519 2520 2345
f 2346 2345 2520
f 2520 2521 2346
f 2346 2346 2521
f 2521 2521 2346
f 2529 2528 2593
f 2529 2593 2594
f 2529 2594 2530
f 2530 2594 2531
f 2531 2594 2595
f 2531 2595 2596
f 2589 2590 2525
f 2525 2590 2526
f 2526 2590 2591
f 2526 2591 2527
f 2527 2591 2592
f 2527 2592 2528
f 2528 2592 2593
f 2618 2618 2619
f 2619 2618 2619
f 2620 2621 2620
f 2623 2624 2623
f 2623 2624 2624
f 2624 2624 2625
f 2624 2625 2625
f 2633 2634 2633
f 2633 2634 2634
f 2634 2634 2635
f 2635 2634 2635
f 2636 2637 2636
f 2636 2637 2637
f 2638 2637 2638
f 2596 2597 2596
f 2535 2598 2597
f 2536 2598 2535
f 2599 2598 2536
f 2537 2599 2536
f 2600 2599 2537
f 2538 2600 2537
f 2602 2540 2533
f 2588 2602 2533
f 2534 2588 2533
f 2539 2601 2600
f 2538 2539 2600
f 2540 2601 2539
f 2602 2601 2540
f 2617 2574 2575
f 2576 2617 2575
f 2618 2617 2576
f 2638 2639 2638
f 2653 2557 2558
f 2654 2653 2558
f 2604 2654 2558
f 2559 2604 2558
f 2605 2604 2559
f 2560 2605 2559
f 2606 2605 2560
f 2561 2606 2560
f 2607 2606 2561
f 2562 2607 2561
f 2563 2607 2562
f 2608 2607 2563
f 2564 2608 2563
f 2609 2608 2564
f 2565 2609 2564
f 2566 2609 2565
f 2610 2609 2566
f 2567 2610 2566
f 2611 2610 2567
f 2568 2611 2567
f 2569 2611 2568
f 2612 2611 2569
f 2613 2612 2569
f 2570 2613 2569
f 2571 2613 2570
f 2614 2613 2571
f 2615 2614 2571
f 2572 2615 2571
f 2573 2615 2572
f 2616 2615 2573
f 2574 2616 2573
f 2617 2616 2574
f 2542 2641 2640
f 2586 2542 2640
f 2585 2586 2640
f 2639 2585 2640
f 2543 2641 2542
f 2544 2641 2543
f 2642 2641 2544
f 2545 2642 2544
f 2643 2642 2545
f 2546 2643 2545
f 2644 2643 2546
f 2645 2644 2546
f 2547 2645 2546
f 2646 2645 2547
f 2548 2646 2547
f 2549 2646 2548
f 2647 2646 2549
f 2550 2647 2549
f 2648 2647 2550
f 2551 2648 2550
f 2552 2648 2551
f 2649 2648 2552
f 2553 2649 2552
f 2650 2649 2553
f 2554 2650 2553
f 2651 2650 2554
f 2555 2651 2554
f 2556 2651 2555
f 2652 2651 2556
f 2557 2652 2556
f 2653 2652 2557
f 2619 2620 2619
f 2620 2620 2619
f 2623 2622 2622
f 2623 2622 2623
f 2625 2626 2625
f 2577 2627 2626
f 2578 2627 2577
f 2579 2627 2578
f 2628 2627 2579
f 2580 2628 2579
f 2581 2628 2580
f 2629 2628 2581
f 2582 2629 2581
f 2630 2629 2582
f 2583 2630 2582
f 2584 2630 2583
f 2631 2630 2584
f 2632 2632 2631
f 2633 2632 2632
f 2633 2632 2633
f 2635 2636 2635
f 2636 2636 2635
f 2417 2429 2601
f 2601 2602 2417
f 2418 2417 2602
f 2602 2588 2418
f 2419 2418 2588
f 2588 2525 2419
f 2420 2419 2525
f 2525 2526 2420
f 2421 2420 2526
f 2526 2527 2421
f 2524 2421 2527
f 2527 2528 2524
f 2422 2524 2528
f 2528 2529 2422
f 2423 2422 2529
f 2529 2530 2423
f 2424 2423 2530
f 2530 2531 2424
f 2425 2424 2531
f 2531 2597 2425
f 2426 2425 2597
f 2597 2598 2426
f 2427 2426 2598
f 2598 2599 2427
f 2428 2427 2599
f 2599 2600 2428
f 2429 2428 2600
f 2600 2601 2429
f 2429 2429 2601
f 2601 2601 2429
f 2431 2471 2653
f 2653 2654 2431
f 2432 2431 2654
f 2654 2604 2432
f 2433 2432 2604
f 2604 2605 2433
f 2434 2433 2605
f 2605 2606 2434
f 2511 2434 2606
f 2606 2607 2511
f 2435 2511 2607
f 2607 2608 2435
f 2515 2435 2608
f 2608 2609 2515
f 2436 2515 2609
f 2609 2610 2436
f 2518 2436 2610
f 2610 2611 2518
f 2519 2518 2611
f 2611 2612 2519
f 2437 2519 2612
f 2612 2613 2437
f 2438 2437 2613
f 2613 2614 2438
f 2439 2438 2614
f 2614 2615 2439
f 2440 2439 2615
f 2615 2616 2440
f 2441 2440 2616
f 2616 2617 2441
f 2442 2441 2617
f 2617 2618 2442
f 2443 2442 2618
f 2618 2619 2443
f 2444 2443 2619
f 2619 2620 2444
f 2445 2444 2620
f 2620 2622 2445
f 2446 2445 2622
f 2622 2623 2446
f 2447 2446 2623
f 2623 2624 2447
f 2448 2447 2624
f 2624 2625 2448
f 2449 2448 2625
f 2625 2626 2449
f 2450 2449 2626
f 2626 2627 2450
f 2451 2450 2627
f 2627 2628 2451
f 2452 2451 2628
f 2628 2629 2452
f 2453 2452 2629
f 2629 2630 2453
f 2454 2453 2630
f 2630 2631 2454
f 2455 2454 2631
f 2631 2632 2455
f 2456 2455 2632
f 2632 2633 2456
f 2457 2456 2633
f 2633 2634 2457
f 2458 2457 2634
f 2634 2635 2458
f 2459 2458 2635
f 2635 2636 2459
f 2460 2459 2636
f 2636 2637 2460
f 2461 2460 2637
f 2637 2638 2461
f 2462 2461 2638
f 2638 2639 2462
f 2463 2462 2639
f 2639 2640 2463
f 2464 2463 2640
f 2640 2641 2464
f 2465 2464 2641
f 2641 2642 2465
f 2466 2465 2642
f 2642 2643 2466
f 2467 2466 2643
f 2643 2644 2467
f 2497 2467 2644
f 2644 2645 2497
f 2498 2497 2645
f 2645 2646 2498
f 2468 2498 2646
f 2646 2647 2468
f 2501 2468 2647
f 2647 2648 2501
f 2469 2501 2648
f 2648 2649 2469
f 2505 2469 2649
f 2649 2650 2505
f 2507 2505 2650
f 2650 2651 2507
f 2470 2507 2651
f 2651 2652 2470
f 2471 2470 2652
f 2652 2653 2471
f 2471 2471 2653
f 2653 2653 2471
f 2661 2660 2720
f 2661 2720 2662
f 2662 2720 2721
f 2662 2721 2663
f 2663 2721 2722
f 2663 2722 2664
f 2664 2722 2723
f 2655 2729 2716
f 2655 2716 2656
f 2656 2716 2717
f 2656 2717 2657
f 2657 2717 2658
f 2658 2717 2718
f 2658 2718 2659
f 2659 2718 2719
f 2659 2719 2660
f 2660 2719 2720
f 2731 2732 2731
f 2733 2733 2732
f 2732 2733 2732
f 2732 2732 2731
f 2736 2736 2735
f 2735 2736 2735
f 2743 2743 2742
f 2743 2742 2742
f 2745 2745 2744
f 2744 2745 2744
f 2749 2749 2748
f 2747 2748 2747
f 2747 2748 2748
f 2748 2748 2749
f 2751 2751 2750
f 2751 2750 2750
f 2759 2758 2758
f 2666 2724 2723
f 2665 2666 2723
f 2667 2724 2666
f 2725 2724 2667
f 2668 2725 2667
f 2729 2672 2673
f 2728 2672 2729
f 2668 2726 2725
f 2669 2726 2668
f 2670 2726 2669
f 2671 2726 2670
f 2727 2726 2671
f 2728 2727 2671
f 2672 2728 2671
f 2741 2678 2742
f 2714 2737 2736
f 2740 2677 2678
f 2741 2740 2678
f 2714 2738 2737
f 2675 2738 2714
f 2676 2738 2675
f 2739 2738 2676
f 2740 2739 2676
f 2677 2740 2676
f 2743 2679 2744
f 2746 2747 2747
f 2746 2747 2746
f 2749 2680 2750
f 2757 2685 2758
f 2681 2752 2751
f 2682 2752 2681
f 2753 2752 2682
f 2754 2753 2682
f 2683 2754 2682
f 2684 2754 2683
f 2755 2754 2684
f 2756 2755 2684
f 2763 2687 2688
f 2764 2763 2688
f 2689 2764 2688
f 2765 2764 2689
f 2690 2765 2689
f 2766 2765 2690
f 2691 2766 2690
f 2692 2766 2691
f 2767 2766 2692
f 2693 2767 2692
f 2768 2767 2693
f 2769 2768 2693
f 2694 2769 2693
f 2770 2769 2694
f 2695 2770 2694
f 2771 2770 2695
f 2772 2771 2695
f 2696 2772 2695
f 2773 2772 2696
f 2697 2773 2696
f 2774 2773 2697
f 2698 2774 2697
f 2775 2774 2698
f 2699 2775 2698
f 2700 2775 2699
f 2776 2775 2700
f 2777 2776 2700
f 2701 2777 2700
f 2778 2777 2701
f 2702 2778 2701
f 2703 2778 2702
f 2779 2778 2703
f 2780 2779 2703
f 2704 2780 2703
f 2781 2780 2704
f 2705 2781 2704
f 2706 2781 2705
f 2782 2781 2706
f 2707 2782 2706
f 2783 2782 2707
f 2784 2783 2707
f 2708 2784 2707
f 2785 2784 2708
f 2709 2785 2708
f 2710 2785 2709
f 2788 2712 2731
f 2686 2761 2760
f 2762 2761 2686
f 2687 2762 2686
f 2763 2762 2687
f 2710 2786 2785
f 2711 2786 2710
f 2787 2786 2711
f 2712 2787 2711
f 2788 2787 2712
f 2734 2713 2735
f 2733 2734 2733
f 2533 2540 2728
f 2728 2655 2533
f 2534 2533 2655
f 2655 2656 2534
f 2590 2534 2656
f 2656 2657 2590
f 2591 2590 2657
f 2657 2658 2591
f 2592 2591 2658
f 2658 2659 2592
f 2593 2592 2659
f 2659 2660 2593
f 2594 2593 2660
f 2660 2661 2594
f 2595 2594 2661
f 2661 2662 2595
f 2596 2595 2662
f 2662 2663 2596
f 2535 2596 2663
f 2663 2664 2535
f 2536 2535 2664
f 2664 2724 2536
f 2537 2536 2724
f 2724 2725 2537
f 2538 2537 2725
f 2725 2726 2538
f 2539 2538 2726
f 2726 2727 2539
f 2540 2539 2727
f 2727 2728 2540
f 2540 2540 2728
f 2728 2728 2540
f 2542 2586 2787
f 2787 2788 2542
f 2543 2542 2788
f 2788 2731 2543
f 2544 2543 2731
f 2731 2732 2544
f 2545 2544 2732
f 2732 2733 2545
f 2546 2545 2733
f 2733 2734 2546
f 2547 2546 2734
f 2734 2735 2547
f 2548 2547 2735
f 2735 2736 2548
f 2549 2548 2736
f 2736 2737 2549
f 2550 2549 2737
f 2737 2738 2550
f 2551 2550 2738
f 2738 2739 2551
f 2552 2551 2739
f 2739 2740 2552
f 2553 2552 2740
f 2740 2741 2553
f 2554 2553 2741
f 2741 2742 2554
f 2555 2554 2742
f 2742 2743 2555
f 2556 2555 2743
f 2743 2744 2556
f 2557 2556 2744
f 2744 2745 2557
f 2558 2557 2745
f 2745 2746 2558
f 2559 2558 2746
f 2746 2747 2559
f 2560 2559 2747
f 2747 2748 2560
f 2561 2560 2748
f 2748 2749 2561
f 2562 2561 2749
f 2749 2750 2562
f 2563 2562 2750
f 2750 2751 2563
f 2564 2563 2751
f 2751 2752 2564
f 2565 2564 2752
f 2752 2753 2565
f 2566 2565 2753
f 2753 2754 2566
f 2567 2566 2754
f 2754 2755 2567
f 2568 2567 2755
f 2755 2756 2568
f 2569 2568 2756
f 2756 2757 2569
f 2570 2569 2757
f 2757 2758 2570
f 2571 2570 2758
f 2758 2759 2571
f 2572 2571 2759
f 2759 2760 2572
f 2573 2572 2760
f 2760 2761 2573
f 2574 2573 2761
f 2761 2762 2574
f 2575 2574 2762
f 2762 2763 2575
f 2576 2575 2763
f 2763 2764 2576
f 2619 2576 2764
f 2764 2765 2619
f 2620 2619 2765
f 2765 2766 2620
f 2622 2620 2766
f 2766 2767 2622
f 2623 2622 2767
f 2767 2768 2623
f 2624 2623 2768
f 2768 2769 2624
f 2625 2624 2769
f 2769 2770 2625
f 2577 2625 2770
f 2770 2771 2577
f 2578 2577 2771
f 2771 2772 2578
f 2579 2578 2772
f 2772 2773 2579
f 2580 2579 2773
f 2773 2774 2580
f 2581 2580 2774
f 2774 2775 2581
f 2582 2581 2775
f 2775 2776 2582
f 2583 2582 2776
f 2776 2777 2583
f 2584 2583 2777
f 2777 2778 2584
f 2632 2584 2778
f 2778 2779 2632
f 2633 2632 2779
f 2779 2780 2633
f 2634 2633 2780
f 2780 2781 2634
f 2635 2634 2781
f 2781 2782 2635
f 2636 2635 2782
f 2782 2783 2636
f 2637 2636 2783
f 2783 2784 2637
f 2638 2637 2784
f 2784 2785 2638
f 2585 2638 2785
f 2785 2786 2585
f 2586 2585 2786
f 2786 2787 2586
f 2586 2586 2787
f 2787 2787 2586
f 2798 2797 2843
f 2798 2843 2844
f 2798 2844 2845
f 2798 2845 2790
f 2790 2845 2846
f 2790 2846 2791
f 2791 2846 2847
f 2791 2847 2792
f 2792 2847 2848
f 2793 2837 2838
f 2793 2838 2794
f 2794 2838 2839
f 2794 2839 2795
f 2795 2839 2840
f 2795 2840 2841
f 2795 2841 2796
f 2796 2841 2842
f 2796 2842 2843
f 2796 2843 2797
f 2799 2831 2849
f 2832 2831 2799
f 2800 2832 2799
f 2835 2803 2836
f 2801 2833 2832
f 2800 2801 2832
f 2802 2833 2801
f 2834 2833 2802
f 2835 2834 2802
f 2803 2835 2802
f 2804 2893 2892
f 2895 2811 2896
f 2806 2894 2893
f 2805 2806 2893
f 2804 2805 2893
f 2807 2894 2806
f 2808 2894 2807
f 2895 2894 2808
f 2809 2895 2808
f 2810 2895 2809
f 2811 2895 2810
f 2859 2822 2860
f 2812 2854 2853
f 2855 2816 2817
f 2856 2855 2817
f 2857 2856 2817
f 2818 2857 2817
f 2819 2857 2818
f 2858 2857 2819
f 2820 2858 2819
f 2859 2858 2820
f 2821 2859 2820
f 2822 2859 2821
f 2815 2816 2855
f 2854 2815 2855
f 2814 2815 2854
f 2813 2814 2854
f 2812 2813 2854
f 2865 2829 2866
f 2823 2864 2863
f 2824 2864 2823
f 2825 2864 2824
f 2826 2864 2825
f 2865 2864 2826
f 2827 2865 2826
f 2828 2865 2827
f 2829 2865 2828
f 2721 2720 2798
f 2798 2790 2721
f 2722 2721 2790
f 2790 2791 2722
f 2665 2722 2791
f 2791 2792 2665
f 2666 2665 2792
f 2792 2849 2666
f 2667 2666 2849
f 2849 2831 2667
f 2668 2667 2831
f 2831 2832 2668
f 2669 2668 2832
f 2832 2833 2669
f 2670 2669 2833
f 2833 2834 2670
f 2671 2670 2834
f 2834 2835 2671
f 2672 2671 2835
f 2835 2836 2672
f 2673 2672 2836
f 2836 2793 2673
f 2716 2673 2793
f 2793 2794 2716
f 2717 2716 2794
f 2794 2795 2717
f 2718 2717 2795
f 2795 2796 2718
f 2719 2718 2796
f 2796 2797 2719
f 2720 2719 2797
f 2797 2798 2720
f 2720 2720 2798
f 2798 2798 2720
f 2675 2714 2896
f 2896 2897 2675
f 2676 2675 2897
f 2897 2851 2676
f 2677 2676 2851
f 2851 2852 2677
f 2678 2677 2852
f 2852 2853 2678
f 2679 2678 2853
f 2853 2854 2679
f 2745 2679 2854
f 2854 2855 2745
f 2746 2745 2855
f 2855 2856 2746
f 2747 2746 2856
f 2856 2857 2747
f 2748 2747 2857
f 2857 2858 2748
f 2680 2748 2858
f 2858 2859 2680
f 2681 2680 2859
f 2859 2860 2681
f 2682 2681 2860
f 2860 2861 2682
f 2683 2682 2861
f 2861 2862 2683
f 2684 2683 2862
f 2862 2863 2684
f 2685 2684 2863
f 2863 2864 2685
f 2759 2685 2864
f 2864 2865 2759
f 2686 2759 2865
f 2865 2866 2686
f 2687 2686 2866
f 2866 2867 2687
f 2688 2687 2867
f 2867 2868 2688
f 2689 2688 2868
f 2868 2869 2689
f 2690 2689 2869
f 2869 2870 2690
f 2691 2690 2870
f 2870 2871 2691
f 2692 2691 2871
f 2871 2872 2692
f 2693 2692 2872
f 2872 2873 2693
f 2694 2693 2873
f 2873 2874 2694
f 2695 2694 2874
f 2874 2875 2695
f 2696 2695 2875
f 2875 2876 2696
f 2697 2696 2876
f 2876 2877 2697
f 2698 2697 2877
f 2877 2878 2698
f 2699 2698 2878
f 2878 2879 2699
f 2700 2699 2879
f 2879 2880 2700
f 2701 2700 2880
f 2880 2881 2701
f 2702 2701 2881
f 2881 2882 2702
f 2703 2702 2882
f 2882 2883 2703
f 2704 2703 2883
f 2883 2884 2704
f 2705 2704 2884
f 2884 2885 2705
f 2706 2705 2885
f 2885 2886 2706
f 2707 2706 2886
f 2886 2887 2707
f 2708 2707 2887
f 2887 2888 2708
f 2709 2708 2888
f 2888 2889 2709
f 2710 2709 2889
f 2889 2890 2710
f 2711 2710 2890
f 2890 2891 2711
f 2712 2711 2891
f 2891 2892 2712
f 2732 2712 2892
f 2892 2893 2732
f 2733 2732 2893
f 2893 2894 2733
f 2713 2733 2894
f 2894 2895 2713
f 2714 2713 2895
f 2895 2896 2714
f 2714 2714 2896
f 2896 2896 2714
f 2905 2904 2903
f 2905 2903 2962
f 2905 2962 2906
f 2906 2962 2963
f 2906 2963 2964
f 2906 2964 2907
f 2907 2964 2908
f 2908 2964 2965
f 2908 2965 2909
f 2909 2965 2966
f 2910 2959 2960
f 2910 2960 2899
f 2899 2960 2961
f 2899 2961 2900
f 2900 2961 2901
f 2901 2961 2902
f 2902 2961 2962
f 2902 2962 2903
f 2970 2971 2970
f 2973 2973 2972
f 2971 2972 2971
f 2971 2971 2970
f 2971 2972 2972
f 2972 2972 2973
f 2975 2974 2974
f 2981 2982 2982
f 2984 2984 2983
f 2983 2984 2983
f 2983 2983 2982
f 2983 2982 2982
f 2991 2991 2990
f 2991 2990 2990
f 2989 2990 2989
f 2989 2990 2990
f 2995 2995 2994
f 2995 2994 2994
f 2917 2967 2966
f 2916 2917 2966
f 2918 2967 2917
f 2955 2967 2918
f 2919 2955 2918
f 2958 2914 2915
f 2959 2958 2915
f 2957 2914 2958
f 2920 2956 2955
f 2919 2920 2955
f 2957 2956 2920
f 2912 2957 2920
f 2913 2957 2912
f 2914 2957 2913
f 2973 2974 2974
f 2973 2973 2974
f 2979 2923 2980
f 2978 2923 2979
f 2922 2923 2978
f 2921 2922 2978
f 2977 2921 2978
f 2976 2921 2977
f 2988 2989 2989
f 2986 2987 2986
f 2987 2987 2986
f 2988 2987 2987
f 2988 2988 2987
f 2989 2988 2988
f 2993 2926 2994
f 2924 2992 2991
f 2925 2992 2924
f 2926 2992 2925
f 2993 2992 2926
f 2997 2997 2998
f 2995 2996 2995
f 2996 2996 2995
f 2997 2996 2996
f 2997 2996 2997
f 3001 2928 2929
f 3002 3001 2929
f 3003 3002 2929
f 2930 3003 2929
f 3004 3003 2930
f 2931 3004 2930
f 3005 3004 2931
f 2932 3005 2931
f 3006 3005 2932
f 2933 3006 2932
f 3007 3006 2933
f 2934 3007 2933
f 3008 3007 2934
f 2935 3008 2934
f 2936 3008 2935
f 3009 3008 2936
f 3010 3009 2936
f 2937 3010 2936
f 3011 3010 2937
f 2938 3011 2937
f 2939 3011 2938
f 3012 3011 2939
f 2940 3012 2939
f 3013 3012 2940
f 2941 3013 2940
f 3014 3013 2941
f 3015 3014 2941
f 2942 3015 2941
f 3016 3015 2942
f 2943 3016 2942
f 3017 3016 2943
f 2944 3017 2943
f 3018 3017 2944
f 2945 3018 2944
f 2946 3018 2945
f 3019 3018 2946
f 2947 3019 2946
f 3020 3019 2947
f 3021 3020 2947
f 2948 3021 2947
f 2949 3021 2948
f 3022 3021 2949
f 2950 3022 2949
f 3023 3022 2950
f 3024 3023 2950
f 2951 3024 2950
f 2969 2970 2970
f 2927 3000 2999
f 3001 3000 2927
f 2928 3001 2927
f 2951 3025 3024
f 2952 3025 2951
f 2953 3025 2952
f 3026 3025 2953
f 2969 3026 2953
f 2838 2837 2910
f 2910 2899 2838
f 2839 2838 2899
f 2899 2900 2839
f 2840 2839 2900
f 2900 2901 2840
f 2841 2840 2901
f 2901 2902 2841
f 2842 2841 2902
f 2902 2903 2842
f 2843 2842 2903
f 2903 2904 2843
f 2844 2843 2904
f 2904 2905 2844
f 2845 2844 2905
f 2905 2906 2845
f 2846 2845 2906
f 2906 2907 2846
f 2847 2846 2907
f 2907 2908 2847
f 2848 2847 2908
f 2908 2909 2848
f 2799 2848 2909
f 2909 2967 2799
f 2800 2799 2967
f 2967 2955 2800
f 2801 2800 2955
f 2955 2956 2801
f 2802 2801 2956
f 2956 2957 2802
f 2803 2802 2957
f 2957 2958 2803
f 2837 2803 2958
f 2958 2910 2837
f 2837 2837 2910
f 2910 2910 2837
f 2804 2891 3025
f 3025 3026 2804
f 2805 2804 3026
f 3026 2969 2805
f 2806 2805 2969
f 2969 2970 2806
f 2807 2806 2970
f 2970 2971 2807
f 2808 2807 2971
f 2971 2972 2808
f 2809 2808 2972
f 2972 2973 2809
f 2810 2809 2973
f 2973 2974 2810
f 2811 2810 2974
f 2974 2976 2811
f 2897 2811 2976
f 2976 2977 2897
f 2851 2897 2977
f 2977 2978 2851
f 2852 2851 2978
f 2978 2979 2852
f 2812 2852 2979
f 2979 2980 2812
f 2813 2812 2980
f 2980 2982 2813
f 2814 2813 2982
f 2982 2983 2814
f 2815 2814 2983
f 2983 2984 2815
f 2816 2815 2984
f 2984 2985 2816
f 2817 2816 2985
f 2985 2986 2817
f 2818 2817 2986
f 2986 2987 2818
f 2819 2818 2987
f 2987 2988 2819
f 2820 2819 2988
f 2988 2989 2820
f 2821 2820 2989
f 2989 2990 2821
f 2822 2821 2990
f 2990 2991 2822
f 2861 2822 2991
f 2991 2992 2861
f 2862 2861 2992
f 2992 2993 2862
f 2823 2862 2993
f 2993 2994 2823
f 2824 2823 2994
f 2994 2995 2824
f 2825 2824 2995
f 2995 2996 2825
f 2826 2825 2996
f 2996 2997 2826
f 2827 2826 2997
f 2997 2998 2827
f 2828 2827 2998
f 2998 2999 2828
f 2829 2828 2999
f 2999 3000 2829
f 2867 2829 3000
f 3000 3001 2867
f 2868 2867 3001
f 3001 3002 2868
f 2869 2868 3002
f 3002 3003 2869
f 2870 2869 3003
f 3003 3004 2870
f 2871 2870 3004
f 3004 3005 2871
f 2872 2871 3005
f 3005 3006 2872
f 2873 2872 3006
f 3006 3007 2873
f 2874 2873 3007
f 3007 3008 2874
f 2875 2874 3008
f 3008 3009 2875
f 2876 2875 3009
f 3009 3010 2876
f 2877 2876 3010
f 3010 3011 2877
f 2878 2877 3011
f 3011 3012 2878
f 2879 2878 3012
f 3012 3013 2879
f 2880 2879 3013
f 3013 3014 2880
f 2881 2880 3014
f 3014 3015 2881
f 2882 2881 3015
f 3015 3016 2882
f 2883 2882 3016
f 3016 3017 2883
f 2884 2883 3017
f 3017 3018 2884
f 2885 2884 3018
f 3018 3019 2885
f 2886 2885 3019
f 3019 3020 2886
f 2887 2886 3020
f 3020 3021 2887
f 2888 2887 3021
f 3021 3022 2888
f 2889 2888 3022
f 3022 3023 2889
f 2890 2889 3023
f 3023 3024 2890
f 2891 2890 3024
f 3024 3025 2891
f 2891 2891 3025
f 3025 3025 2891
f 3030 3029 3031
f 3031 3029 3082
f 3031 3082 3083
f 3031 3083 3032
f 3032 3084 3033
f 3076 3076 3077
f 3077 3078 3027
f 3027 3078 3028
f 3028 3078 3079
f 3028 3079 3080
f 3028 3080 3081
f 3028 3081 3082
f 3028 3082 3029
f 3106 3106 3105
f 3105 3106 3105
f 3113 3113 3112
f 3112 3113 3112
f 3117 3118 3117
f 3117 3118 3118
f 3118 3118 3119
f 3119 3118 3119
f 3119 3119 3120
f 3119 3120 3120
f 3122 3123 3123
f 3122 3123 3122
f 3124 3125 3125
f 3124 3125 3124
f 3128 3129 3128
f 3128 3129 3129
f 3130 3131 3130
f 3130 3131 3131
f 3131 3131 3132
f 3132 3131 3132
f 3133 3134 3133
f 3133 3134 3134
f 3134 3134 3135
f 3135 3134 3135
f 3039 3085 3084
f 3040 3085 3039
f 3086 3085 3040
f 3041 3086 3040
f 3087 3086 3041
f 3042 3087 3041
f 3075 3037 3038
f 3076 3075 3038
f 3036 3037 3075
f 3074 3036 3075
f 3043 3088 3087
f 3042 3043 3087
f 3035 3088 3043
f 3089 3088 3035
f 3036 3089 3035
f 3074 3089 3036
f 3104 3064 3105
f 3135 3136 3135
f 3136 3136 3135
f 3137 3136 3136
f 3099 3057 3058
f 3059 3099 3058
f 3100 3099 3059
f 3101 3100 3059
f 3060 3101 3059
f 3102 3101 3060
f 3061 3102 3060
f 3103 3102 3061
f 3062 3103 3061
f 3104 3103 3062
f 3063 3104 3062
f 3064 3104 3063
f 3047 3141 3140
f 3046 3047 3140
f 3045 3046 3140
f 3044 3045 3140
f 3139 3044 3140
f 3137 3137 3136
f 3138 3137 3137
f 3138 3137 3138
f 3139 3138 3138
f 3048 3141 3047
f 3142 3141 3048
f 3091 3142 3048
f 3049 3091 3048
f 3092 3091 3049
f 3050 3092 3049
f 3051 3092 3050
f 3052 3092 3051
f 3093 3092 3052
f 3094 3094 3093
f 3095 3094 3094
f 3053 3096 3095
f 3054 3096 3053
f 3055 3096 3054
f 3056 3096 3055
f 3097 3096 3056
f 3098 3097 3056
f 3057 3098 3056
f 3099 3098 3057
f 3111 3072 3112
f 3106 3107 3106
f 3065 3108 3107
f 3066 3108 3065
f 3067 3108 3066
f 3109 3108 3067
f 3068 3109 3067
f 3110 3109 3068
f 3069 3110 3068
f 3070 3110 3069
f 3111 3110 3070
f 3071 3111 3070
f 3072 3111 3071
f 3114 3113 3114
f 3115 3114 3114
f 3115 3114 3115
f 3116 3115 3115
f 3116 3116 3115
f 3117 3116 3116
f 3117 3116 3117
f 3113 3114 3113
f 3121 3121 3120
f 3120 3121 3120
f 3126 3126 3125
f 3125 3126 3125
f 3130 3130 3129
f 3129 3130 3129
f 3133 3133 3132
f 3132 3133 3132
f 2912 2920 3088
f 3088 3089 2912
f 2913 2912 3089
f 3089 3074 2913
f 2914 2913 3074
f 3074 3075 2914
f 2915 2914 3075
f 3075 3076 2915
f 2960 2915 3076
f 3076 3027 2960
f 2961 2960 3027
f 3027 3028 2961
f 2962 2961 3028
f 3028 3029 2962
f 2963 2962 3029
f 3029 3030 2963
f 2964 2963 3030
f 3030 3031 2964
f 2965 2964 3031
f 3031 3032 2965
f 2916 2965 3032
f 3032 3033 2916
f 2917 2916 3033
f 3033 3085 2917
f 2918 2917 3085
f 3085 3086 2918
f 2919 2918 3086
f 3086 3087 2919
f 2920 2919 3087
f 3087 3088 2920
f 2920 2920 3088
f 3088 3088 2920
f 2972 2971 3141
f 3141 3142 2972
f 2973 2972 3142
f 3142 3091 2973
f 2974 2973 3091
f 3091 3092 2974
f 2921 2974 3092
f 3092 3093 2921
f 2922 2921 3093
f 3093 3094 2922
f 2923 2922 3094
f 3094 3095 2923
f 2982 2923 3095
f 3095 3096 2982
f 2983 2982 3096
f 3096 3097 2983
f 2984 2983 3097
f 3097 3098 2984
f 2985 2984 3098
f 3098 3099 2985
f 2986 2985 3099
f 3099 3100 2986
f 2987 2986 3100
f 3100 3101 2987
f 2988 2987 3101
f 3101 3102 2988
f 2989 2988 3102
f 3102 3103 2989
f 2990 2989 3103
f 3103 3104 2990
f 2924 2990 3104
f 3104 3105 2924
f 2925 2924 3105
f 3105 3106 2925
f 2926 2925 3106
f 3106 3107 2926
f 2995 2926 3107
f 3107 3108 2995
f 2996 2995 3108
f 3108 3109 2996
f 2997 2996 3109
f 3109 3110 2997
f 2998 2997 3110
f 3110 3111 2998
f 2927 2998 3111
f 3111 3112 2927
f 2928 2927 3112
f 3112 3113 2928
f 2929 2928 3113
f 3113 3114 2929
f 2930 2929 3114
f 3114 3115 2930
f 2931 2930 3115
f 3115 3116 2931
f 2932 2931 3116
f 3116 3117 2932
f 2933 2932 3117
f 3117 3118 2933
f 2934 2933 3118
f 3118 3119 2934
f 2935 2934 3119
f 3119 3120 2935
f 2936 2935 3120
f 3120 3121 2936
f 2937 2936 3121
f 3121 3122 2937
f 2938 2937 3122
f 3122 3123 2938
f 2939 2938 3123
f 3123 3124 2939
f 2940 2939 3124
f 3124 3125 2940
f 2941 2940 3125
f 3125 3126 2941
f 2942 2941 3126
f 3126 3128 2942
f 2943 2942 3128
f 3128 3129 2943
f 2944 2943 3129
f 3129 3130 2944
f 2945 2944 3130
f 3130 3131 2945
f 2946 2945 3131
f 3131 3132 2946
f 2947 2946 3132
f 3132 3133 2947
f 2948 2947 3133
f 3133 3134 2948
f 2949 2948 3134
f 3134 3135 2949
f 2950 2949 3135
f 3135 3136 2950
f 2951 2950 3136
f 3136 3137 2951
f 2952 2951 3137
f 3137 3138 2952
f 2953 2952 3138
f 3138 3139 2953
f 2970 2953 3139
f 3139 3140 2970
f 2971 2970 3140
f 3140 3141 2971
f 2971 2971 3141
f 3141 3141 2971
f 3149 3148 3195
f 3149 3195 3150
f 3150 3195 3196
f 3150 3196 3197
f 3150 3197 3198
f 3143 3191 3192
f 3143 3192 3144
f 3144 3192 3193
f 3144 3193 3145
f 3145 3193 3194
f 3145 3194 3146
f 3146 3194 3195
f 3146 3195 3147
f 3147 3195 3148
f 3206 3207 3206
f 3212 3211 3211
f 3209 3210 3209
f 3211 3210 3210
f 3211 3210 3211
f 3210 3210 3209
f 3214 3214 3213
f 3213 3214 3213
f 3217 3217 3216
f 3215 3216 3215
f 3217 3216 3216
f 3216 3216 3215
f 3220 3220 3219
f 3218 3219 3218
f 3220 3219 3219
f 3219 3219 3218
f 3228 3228 3227
f 3228 3227 3227
f 3230 3230 3229
f 3230 3229 3229
f 3233 3233 3232
f 3233 3232 3232
f 3157 3200 3199
f 3152 3200 3157
f 3201 3200 3152
f 3202 3201 3152
f 3153 3202 3152
f 3191 3190 3191
f 3189 3156 3190
f 3153 3203 3202
f 3154 3203 3153
f 3204 3203 3154
f 3155 3204 3154
f 3189 3204 3155
f 3156 3189 3155
f 3208 3208 3207
f 3208 3209 3209
f 3212 3213 3213
f 3214 3158 3215
f 3217 3159 3218
f 3220 3221 3220
f 3221 3221 3222
f 3220 3221 3221
f 3224 3224 3223
f 3226 3225 3225
f 3226 3226 3225
f 3227 3226 3226
f 3228 3229 3229
f 3228 3229 3228
f 3231 3232 3232
f 3160 3231 3230
f 3233 3234 3234
f 3233 3234 3233
f 3238 3162 3163
f 3239 3238 3163
f 3164 3239 3163
f 3240 3239 3164
f 3165 3240 3164
f 3241 3240 3165
f 3242 3241 3165
f 3166 3242 3165
f 3167 3242 3166
f 3243 3242 3167
f 3244 3243 3167
f 3168 3244 3167
f 3245 3244 3168
f 3169 3245 3168
f 3170 3245 3169
f 3246 3245 3170
f 3247 3246 3170
f 3171 3247 3170
f 3172 3247 3171
f 3248 3247 3172
f 3249 3248 3172
f 3173 3249 3172
f 3250 3249 3173
f 3174 3250 3173
f 3175 3250 3174
f 3251 3250 3175
f 3252 3251 3175
f 3176 3252 3175
f 3253 3252 3176
f 3177 3253 3176
f 3178 3253 3177
f 3254 3253 3178
f 3179 3254 3178
f 3255 3254 3179
f 3180 3255 3179
f 3256 3255 3180
f 3257 3256 3180
f 3181 3257 3180
f 3182 3257 3181
f 3258 3257 3182
f 3183 3258 3182
f 3259 3258 3183
f 3260 3259 3183
f 3184 3260 3183
f 3261 3260 3184
f 3185 3261 3184
f 3263 3187 3206
f 3161 3237 3236
f 3238 3237 3161
f 3162 3238 3161
f 3185 3262 3261
f 3186 3262 3185
f 3187 3262 3186
f 3263 3262 3187
f 3035 3043 3203
f 3203 3204 3035
f 3036 3035 3204
f 3204 3189 3036
f 3037 3036 3189
f 3189 3190 3037
f 3038 3037 3190
f 3190 3143 3038
f 3077 3038 3143
f 3143 3144 3077
f 3078 3077 3144
f 3144 3145 3078
f 3079 3078 3145
f 3145 3146 3079
f 3080 3079 3146
f 3146 3147 3080
f 3081 3080 3147
f 3147 3148 3081
f 3082 3081 3148
f 3148 3149 3082
f 3083 3082 3149
f 3149 3150 3083
f 3039 3083 3150
f 3150 3199 3039
f 3040 3039 3199
f 3199 3200 3040
f 3041 3040 3200
f 3200 3201 3041
f 3042 3041 3201
f 3201 3202 3042
f 3043 3042 3202
f 3202 3203 3043
f 3043 3043 3203
f 3203 3203 3043
f 3044 3138 3262
f 3262 3263 3044
f 3045 3044 3263
f 3263 3206 3045
f 3046 3045 3206
f 3206 3208 3046
f 3047 3046 3208
f 3208 3209 3047
f 3048 3047 3209
f 3209 3210 3048
f 3049 3048 3210
f 3210 3211 3049
f 3050 3049 3211
f 3211 3213 3050
f 3051 3050 3213
f 3213 3214 3051
f 3052 3051 3214
f 3214 3215 3052
f 3094 3052 3215
f 3215 3216 3094
f 3053 3094 3216
f 3216 3217 3053
f 3054 3053 3217
f 3217 3218 3054
f 3055 3054 3218
f 3218 3219 3055
f 3056 3055 3219
f 3219 3220 3056
f 3057 3056 3220
f 3220 3221 3057
f 3058 3057 3221
f 3221 3222 3058
f 3059 3058 3222
f 3222 3223 3059
f 3060 3059 3223
f 3223 3224 3060
f 3061 3060 3224
f 3224 3225 3061
f 3062 3061 3225
f 3225 3226 3062
f 3063 3062 3226
f 3226 3227 3063
f 3064 3063 3227
f 3227 3228 3064
f 3106 3064 3228
f 3228 3229 3106
f 3065 3106 3229
f 3229 3230 3065
f 3066 3065 3230
f 3230 3231 3066
f 3067 3066 3231
f 3231 3232 3067
f 3068 3067 3232
f 3232 3233 3068
f 3069 3068 3233
f 3233 3234 3069
f 3070 3069 3234
f 3234 3235 3070
f 3071 3070 3235
f 3235 3236 3071
f 3072 3071 3236
f 3236 3237 3072
f 3113 3072 3237
f 3237 3238 3113
f 3114 3113 3238
f 3238 3239 3114
f 3115 3114 3239
f 3239 3240 3115
f 3116 3115 3240
f 3240 3241 3116
f 3117 3116 3241
f 3241 3242 3117
f 3118 3117 3242
f 3242 3243 3118
f 3119 3118 3243
f 3243 3244 3119
f 3120 3119 3244
f 3244 3245 3120
f 3121 3120 3245
f 3245 3246 3121
f 3122 3121 3246
f 3246 3247 3122
f 3123 3122 3247
f 3247 3248 3123
f 3124 3123 3248
f 3248 3249 3124
f 3125 3124 3249
f 3249 3250 3125
f 3126 3125 3250
f 3250 3251 3126
f 3128 3126 3251
f 3251 3252 3128
f 3129 3128 3252
f 3252 3253 3129
f 3130 3129 3253
f 3253 3254 3130
f 3131 3130 3254
f 3254 3255 3131
f 3132 3131 3255
f 3255 3256 3132
f 3133 3132 3256
f 3256 3257 3133
f 3134 3133 3257
f 3257 3258 3134
f 3135 3134 3258
f 3258 3259 3135
f 3136 3135 3259
f 3259 3260 3136
f 3137 3136 3260
f 3260 3261 3137
f 3138 3137 3261
f 3261 3262 3138
f 3138 3138 3262
f 3262 3262 3138
f 3270 3269 3321
f 3270 3321 3271
f 3271 3321 3322
f 3271 3322 3272
f 3272 3322 3323
f 3272 3323 3273
f 3273 3323 3324
f 3265 3317 3266
f 3266 3317 3318
f 3266 3318 3267
f 3267 3318 3319
f 3267 3319 3268
f 3268 3319 3320
f 3268 3320 3269
f 3269 3320 3321
f 3350 3349 3349
f 3350 3349 3350
f 3348 3349 3348
f 3348 3349 3349
f 3351 3352 3351
f 3351 3352 3352
f 3352 3352 3353
f 3354 3355 3354
f 3354 3355 3355
f 3356 3357 3356
f 3356 3357 3357
f 3358 3359 3358
f 3358 3359 3359
f 3359 3359 3360
f 3360 3359 3360
f 3361 3362 3361
f 3361 3362 3362
f 3362 3362 3363
f 3363 3362 3363
f 3364 3365 3365
f 3364 3365 3364
f 3282 3325 3324
f 3281 3282 3324
f 3283 3325 3282
f 3313 3325 3283
f 3275 3313 3283
f 3280 3278 3279
f 3317 3278 3280
f 3316 3278 3317
f 3277 3278 3316
f 3315 3277 3316
f 3275 3314 3313
f 3276 3314 3275
f 3315 3314 3276
f 3277 3315 3276
f 3347 3297 3348
f 3365 3366 3365
f 3366 3366 3365
f 3367 3366 3366
f 3367 3367 3366
f 3368 3367 3367
f 3368 3368 3367
f 3369 3368 3368
f 3369 3368 3369
f 3370 3369 3369
f 3298 3371 3370
f 3372 3371 3298
f 3373 3372 3298
f 3374 3373 3298
f 3375 3374 3298
f 3299 3375 3298
f 3376 3375 3299
f 3301 3376 3299
f 3300 3301 3299
f 3334 3308 3309
f 3335 3334 3309
f 3310 3335 3309
f 3336 3335 3310
f 3311 3336 3310
f 3337 3336 3311
f 3338 3337 3311
f 3285 3338 3311
f 3286 3338 3285
f 3339 3338 3286
f 3340 3339 3286
f 3287 3340 3286
f 3341 3340 3287
f 3288 3341 3287
f 3289 3341 3288
f 3342 3341 3289
f 3290 3342 3289
f 3343 3342 3290
f 3291 3343 3290
f 3344 3343 3291
f 3292 3344 3291
f 3345 3344 3292
f 3293 3345 3292
f 3346 3345 3293
f 3294 3346 3293
f 3347 3346 3294
f 3295 3347 3294
f 3296 3347 3295
f 3297 3347 3296
f 3301 3377 3376
f 3302 3377 3301
f 3378 3377 3302
f 3327 3378 3302
f 3328 3327 3302
f 3303 3328 3302
f 3329 3328 3303
f 3330 3329 3303
f 3304 3330 3303
f 3331 3330 3304
f 3305 3331 3304
f 3332 3331 3305
f 3306 3332 3305
f 3333 3332 3306
f 3307 3333 3306
f 3308 3333 3307
f 3334 3333 3308
f 3351 3350 3350
f 3351 3351 3350
f 3356 3356 3355
f 3355 3356 3355
f 3358 3358 3357
f 3357 3358 3357
f 3364 3364 3363
f 3363 3364 3363
f 3152 3157 3273
f 3273 3325 3152
f 3153 3152 3325
f 3325 3313 3153
f 3154 3153 3313
f 3313 3314 3154
f 3155 3154 3314
f 3314 3315 3155
f 3156 3155 3315
f 3315 3316 3156
f 3191 3156 3316
f 3316 3265 3191
f 3192 3191 3265
f 3265 3266 3192
f 3193 3192 3266
f 3266 3267 3193
f 3194 3193 3267
f 3267 3268 3194
f 3195 3194 3268
f 3268 3269 3195
f 3196 3195 3269
f 3269 3270 3196
f 3197 3196 3270
f 3270 3271 3197
f 3198 3197 3271
f 3271 3272 3198
f 3157 3198 3272
f 3272 3273 3157
f 3157 3157 3273
f 3273 3273 3157
f 3210 3209 3377
f 3377 3378 3210
f 3211 3210 3378
f 3378 3327 3211
f 3213 3211 3327
f 3327 3328 3213
f 3158 3213 3328
f 3328 3329 3158
f 3216 3158 3329
f 3329 3330 3216
f 3159 3216 3330
f 3330 3331 3159
f 3219 3159 3331
f 3331 3332 3219
f 3220 3219 3332
f 3332 3333 3220
f 3221 3220 3333
f 3333 3334 3221
f 3222 3221 3334
f 3334 3335 3222
f 3223 3222 3335
f 3335 3336 3223
f 3224 3223 3336
f 3336 3337 3224
f 3225 3224 3337
f 3337 3338 3225
f 3226 3225 3338
f 3338 3339 3226
f 3227 3226 3339
f 3339 3340 3227
f 3228 3227 3340
f 3340 3341 3228
f 3229 3228 3341
f 3341 3342 3229
f 3160 3229 3342
f 3342 3343 3160
f 3232 3160 3343
f 3343 3344 3232
f 3233 3232 3344
f 3344 3345 3233
f 3234 3233 3345
f 3345 3346 3234
f 3235 3234 3346
f 3346 3347 3235
f 3161 3235 3347
f 3347 3348 3161
f 3162 3161 3348
f 3348 3349 3162
f 3163 3162 3349
f 3349 3350 3163
f 3164 3163 3350
f 3350 3351 3164
f 3165 3164 3351
f 3351 3352 3165
f 3166 3165 3352
f 3352 3354 3166
f 3167 3166 3354
f 3354 3355 3167
f 3168 3167 3355
f 3355 3356 3168
f 3169 3168 3356
f 3356 3357 3169
f 3170 3169 3357
f 3357 3358 3170
f 3171 3170 3358
f 3358 3359 3171
f 3172 3171 3359
f 3359 3360 3172
f 3173 3172 3360
f 3360 3361 3173
f 3174 3173 3361
f 3361 3362 3174
f 3175 3174 3362
f 3362 3363 3175
f 3176 3175 3363
f 3363 3364 3176
f 3177 3176 3364
f 3364 3365 3177
f 3178 3177 3365
f 3365 3366 3178
f 3179 3178 3366
f 3366 3367 3179
f 3180 3179 3367
f 3367 3368 3180
f 3181 3180 3368
f 3368 3369 3181
f 3182 3181 3369
f 3369 3370 3182
f 3183 3182 3370
f 3370 3371 3183
f 3184 3183 3371
f 3371 3372 3184
f 3185 3184 3372
f 3372 3373 3185
f 3186 3185 3373
f 3373 3374 3186
f 3187 3186 3374
f 3374 3375 3187
f 3208 3187 3375
f 3375 3376 3208
f 3209 3208 3376
f 3376 3377 3209
f 3209 3209 3377
f 3377 3377 3209
f 3384 3383 3426
f 3384 3426 3385
f 3385 3426 3427
f 3385 3427 3386
f 3386 3427 3428
f 3428 3429 3429
f 3379 3421 3380
f 3380 3421 3422
f 3380 3422 3381
f 3381 3422 3423
f 3381 3423 3382
f 3382 3423 3424
f 3382 3424 3383
f 3383 3424 3425
f 3383 3425 3426
f 3434 3434 3480
f 3480 3434 3480
f 3435 3436 3436
f 3436 3436 3437
f 3440 3440 3439
f 3440 3439 3439
f 3446 3445 3446
f 3446 3445 3445
f 3475 3475 3474
f 3475 3474 3474
f 3477 3477 3476
f 3388 3430 3429
f 3387 3388 3429
f 3389 3430 3388
f 3431 3430 3389
f 3390 3431 3389
f 3421 3420 3421
f 3419 3394 3420
f 3390 3432 3431
f 3391 3432 3390
f 3392 3432 3391
f 3418 3432 3392
f 3393 3418 3392
f 3419 3418 3393
f 3394 3419 3393
f 3438 3439 3439
f 3437 3438 3437
f 3438 3438 3437
f 3439 3438 3438
f 3442 3442 3443
f 3440 3441 3440
f 3441 3441 3440
f 3442 3441 3441
f 3442 3441 3442
f 3444 3395 3445
f 3447 3446 3396
f 3448 3447 3396
f 3397 3448 3396
f 3398 3448 3397
f 3449 3448 3398
f 3450 3449 3398
f 3399 3450 3398
f 3451 3450 3399
f 3400 3451 3399
f 3401 3451 3400
f 3452 3451 3401
f 3402 3452 3401
f 3453 3452 3402
f 3403 3453 3402
f 3454 3453 3403
f 3404 3454 3403
f 3405 3454 3404
f 3455 3454 3405
f 3456 3455 3405
f 3406 3458 3457
f 3407 3460 3459
f 3461 3460 3407
f 3408 3461 3407
f 3409 3461 3408
f 3462 3461 3409
f 3463 3462 3409
f 3410 3463 3409
f 3464 3463 3410
f 3411 3464 3410
f 3465 3464 3411
f 3466 3465 3411
f 3467 3466 3411
f 3412 3467 3411
f 3468 3467 3412
f 3469 3468 3412
f 3415 3469 3412
f 3413 3415 3412
f 3414 3415 3413
f 3473 3474 3474
f 3473 3474 3473
f 3472 3473 3473
f 3416 3470 3469
f 3415 3416 3469
f 3471 3470 3416
f 3472 3471 3416
f 3475 3476 3476
f 3479 3480 3480
f 3478 3479 3478
f 3479 3479 3478
f 3480 3479 3479
f 3434 3435 3435
f 3434 3434 3435
f 3275 3283 3431
f 3431 3432 3275
f 3276 3275 3432
f 3432 3418 3276
f 3277 3276 3418
f 3418 3419 3277
f 3278 3277 3419
f 3419 3420 3278
f 3279 3278 3420
f 3420 3379 3279
f 3280 3279 3379
f 3379 3380 3280
f 3318 3280 3380
f 3380 3381 3318
f 3319 3318 3381
f 3381 3382 3319
f 3320 3319 3382
f 3382 3383 3320
f 3321 3320 3383
f 3383 3384 3321
f 3322 3321 3384
f 3384 3385 3322
f 3323 3322 3385
f 3385 3386 3323
f 3281 3323 3386
f 3386 3429 3281
f 3282 3281 3429
f 3429 3430 3282
f 3283 3282 3430
f 3430 3431 3283
f 3283 3283 3431
f 3431 3431 3283
f 3285 3311 3479
f 3479 3480 3285
f 3286 3285 3480
f 3480 3434 3286
f 3287 3286 3434
f 3434 3435 3287
f 3288 3287 3435
f 3435 3436 3288
f 3289 3288 3436
f 3436 3437 3289
f 3290 3289 3437
f 3437 3438 3290
f 3291 3290 3438
f 3438 3439 3291
f 3292 3291 3439
f 3439 3440 3292
f 3293 3292 3440
f 3440 3441 3293
f 3294 3293 3441
f 3441 3442 3294
f 3295 3294 3442
f 3442 3443 3295
f 3296 3295 3443
f 3443 3444 3296
f 3297 3296 3444
f 3444 3445 3297
f 3349 3297 3445
f 3445 3446 3349
f 3350 3349 3446
f 3446 3447 3350
f 3351 3350 3447
f 3447 3448 3351
f 3352 3351 3448
f 3448 3449 3352
f 3354 3352 3449
f 3449 3450 3354
f 3355 3354 3450
f 3450 3451 3355
f 3356 3355 3451
f 3451 3452 3356
f 3357 3356 3452
f 3452 3453 3357
f 3358 3357 3453
f 3453 3454 3358
f 3359 3358 3454
f 3454 3455 3359
f 3360 3359 3455
f 3455 3456 3360
f 3361 3360 3456
f 3456 3457 3361
f 3362 3361 3457
f 3457 3458 3362
f 3363 3362 3458
f 3458 3459 3363
f 3364 3363 3459
f 3459 3460 3364
f 3365 3364 3460
f 3460 3461 3365
f 3366 3365 3461
f 3461 3462 3366
f 3367 3366 3462
f 3462 3463 3367
f 3368 3367 3463
f 3463 3464 3368
f 3369 3368 3464
f 3464 3465 3369
f 3298 3369 3465
f 3465 3466 3298
f 3299 3298 3466
f 3466 3467 3299
f 3300 3299 3467
f 3467 3468 3300
f 3301 3300 3468
f 3468 3469 3301
f 3302 3301 3469
f 3469 3470 3302
f 3303 3302 3470
f 3470 3471 3303
f 3304 3303 3471
f 3471 3472 3304
f 3305 3304 3472
f 3472 3473 3305
f 3306 3305 3473
f 3473 3474 3306
f 3307 3306 3474
f 3474 3475 3307
f 3308 3307 3475
f 3475 3476 3308
f 3309 3308 3476
f 3476 3477 3309
f 3310 3309 3477
f 3477 3478 3310
f 3311 3310 3478
f 3478 3479 3311
f 3311 3311 3479
f 3479 3479 3311
f 3485 3484 3535
f 3485 3535 3536
f 3485 3536 3537
f 3485 3537 3486
f 3486 3537 3538
f 3486 3538 3487
f 3487 3538 3539
f 3549 3533 3481
f 3481 3533 3482
f 3482 3533 3534
f 3482 3534 3483
f 3483 3534 3535
f 3483 3535 3484
f 3540 3541 3541
f 3540 3541 3540
f 3558 3558 3559
f 3559 3558 3559
f 3559 3559 3560
f 3564 3564 3565
f 3565 3564 3565
f 3566 3567 3567
f 3566 3567 3566
f 3568 3569 3568
f 3568 3569 3569
f 3571 3572 3571
f 3571 3572 3572
f 3572 3572 3573
f 3572 3573 3573
f 3573 3573 3574
f 3574 3573 3574
f 3494 3542 3541
f 3495 3542 3494
f 3543 3542 3495
f 3489 3543 3495
f 3547 3492 3493
f 3548 3547 3493
f 3491 3492 3547
f 3546 3491 3547
f 3489 3544 3543
f 3490 3544 3489
f 3545 3544 3490
f 3546 3545 3490
f 3491 3546 3490
f 3539 3540 3539
f 3540 3540 3539
f 3557 3512 3513
f 3558 3557 3513
f 3521 3576 3575
f 3577 3576 3521
f 3522 3577 3521
f 3578 3577 3522
f 3523 3578 3522
f 3585 3529 3530
f 3531 3585 3530
f 3586 3585 3531
f 3587 3586 3531
f 3497 3587 3531
f 3588 3587 3497
f 3498 3588 3497
f 3589 3588 3498
f 3499 3589 3498
f 3500 3589 3499
f 3590 3589 3500
f 3501 3590 3500
f 3591 3590 3501
f 3502 3591 3501
f 3592 3591 3502
f 3503 3592 3502
f 3551 3592 3503
f 3504 3551 3503
f 3505 3551 3504
f 3552 3551 3505
f 3553 3552 3505
f 3506 3553 3505
f 3554 3553 3506
f 3507 3554 3506
f 3508 3554 3507
f 3555 3554 3508
f 3509 3555 3508
f 3556 3555 3509
f 3510 3556 3509
f 3557 3556 3510
f 3511 3557 3510
f 3512 3557 3511
f 3526 3582 3581
f 3580 3526 3581
f 3525 3526 3580
f 3579 3525 3580
f 3525 3579 3578
f 3523 3525 3578
f 3524 3525 3523
f 3527 3582 3526
f 3528 3582 3527
f 3583 3582 3528
f 3529 3583 3528
f 3584 3583 3529
f 3585 3584 3529
f 3561 3561 3560
f 3562 3561 3561
f 3562 3562 3561
f 3563 3562 3562
f 3514 3566 3565
f 3567 3568 3567
f 3568 3568 3567
f 3515 3570 3569
f 3516 3570 3515
f 3517 3570 3516
f 3518 3570 3517
f 3519 3570 3518
f 3520 3570 3519
f 3571 3570 3520
f 3422 3421 3548
f 3548 3481 3422
f 3423 3422 3481
f 3481 3482 3423
f 3424 3423 3482
f 3482 3483 3424
f 3425 3424 3483
f 3483 3484 3425
f 3426 3425 3484
f 3484 3485 3426
f 3427 3426 3485
f 3485 3486 3427
f 3428 3427 3486
f 3486 3487 3428
f 3387 3428 3487
f 3487 3540 3387
f 3388 3387 3540
f 3540 3541 3388
f 3389 3388 3541
f 3541 3542 3389
f 3390 3389 3542
f 3542 3543 3390
f 3391 3390 3543
f 3543 3544 3391
f 3392 3391 3544
f 3544 3545 3392
f 3393 3392 3545
f 3545 3546 3393
f 3394 3393 3546
f 3546 3547 3394
f 3421 3394 3547
f 3547 3548 3421
f 3421 3421 3548
f 3548 3548 3421
f 3437 3436 3591
f 3591 3592 3437
f 3438 3437 3592
f 3592 3551 3438
f 3439 3438 3551
f 3551 3552 3439
f 3440 3439 3552
f 3552 3553 3440
f 3441 3440 3553
f 3553 3554 3441
f 3442 3441 3554
f 3554 3555 3442
f 3443 3442 3555
f 3555 3556 3443
f 3395 3443 3556
f 3556 3557 3395
f 3396 3395 3557
f 3557 3558 3396
f 3397 3396 3558
f 3558 3559 3397
f 3398 3397 3559
f 3559 3561 3398
f 3399 3398 3561
f 3561 3562 3399
f 3400 3399 3562
f 3562 3564 3400
f 3401 3400 3564
f 3564 3565 3401
f 3402 3401 3565
f 3565 3566 3402
f 3403 3402 3566
f 3566 3567 3403
f 3404 3403 3567
f 3567 3568 3404
f 3405 3404 3568
f 3568 3569 3405
f 3406 3405 3569
f 3569 3570 3406
f 3407 3406 3570
f 3570 3571 3407
f 3408 3407 3571
f 3571 3572 3408
f 3409 3408 3572
f 3572 3573 3409
f 3410 3409 3573
f 3573 3574 3410
f 3411 3410 3574
f 3574 3575 3411
f 3412 3411 3575
f 3575 3576 3412
f 3413 3412 3576
f 3576 3577 3413
f 3414 3413 3577
f 3577 3578 3414
f 3415 3414 3578
f 3578 3579 3415
f 3416 3415 3579
f 3579 3580 3416
f 3473 3416 3580
f 3580 3581 3473
f 3474 3473 3581
f 3581 3582 3474
f 3475 3474 3582
f 3582 3583 3475
f 3476 3475 3583
f 3583 3584 3476
f 3477 3476 3584
f 3584 3585 3477
f 3478 3477 3585
f 3585 3586 3478
f 3479 3478 3586
f 3586 3587 3479
f 3480 3479 3587
f 3587 3588 3480
f 3434 3480 3588
f 3588 3589 3434
f 3435 3434 3589
f 3589 3590 3435
f 3436 3435 3590
f 3590 3591 3436
f 3436 3436 3591
f 3591 3591 3436
f 3597 3596 3634
f 3597 3634 3635
f 3597 3635 3598
f 3598 3635 3599
f 3599 3635 3636
f 3629 3628 3629
f 3630 3631 3593
f 3593 3631 3632
f 3593 3632 3594
f 3594 3632 3633
f 3594 3633 3595
f 3595 3633 3596
f 3596 3633 3634
f 3637 3638 3638
f 3650 3650 3649
f 3650 3649 3649
f 3654 3653 3653
f 3658 3658 3657
f 3660 3659 3659
f 3660 3659 3660
f 3670 3671 3671
f 3672 3673 3672
f 3672 3673 3673
f 3686 3686 3685
f 3682 3683 3682
f 3686 3685 3685
f 3685 3685 3684
f 3685 3684 3684
f 3683 3684 3683
f 3683 3683 3682
f 3636 3637 3636
f 3600 3639 3638
f 3601 3639 3600
f 3640 3639 3601
f 3602 3640 3601
f 3641 3640 3602
f 3603 3641 3602
f 3627 3606 3628
f 3603 3642 3641
f 3604 3642 3603
f 3626 3642 3604
f 3605 3626 3604
f 3627 3626 3605
f 3606 3627 3605
f 3648 3607 3649
f 3687 3688 3687
f 3688 3688 3687
f 3644 3688 3688
f 3644 3688 3644
f 3646 3645 3645
f 3646 3646 3645
f 3647 3646 3646
f 3647 3647 3646
f 3648 3647 3647
f 3652 3653 3653
f 3650 3651 3650
f 3651 3651 3650
f 3652 3651 3651
f 3652 3651 3652
f 3653 3652 3652
f 3655 3655 3656
f 3658 3659 3659
f 3658 3658 3659
f 3661 3660 3608
f 3662 3661 3608
f 3609 3662 3608
f 3663 3662 3609
f 3610 3663 3609
f 3664 3663 3610
f 3611 3664 3610
f 3665 3664 3611
f 3612 3665 3611
f 3613 3665 3612
f 3666 3665 3613
f 3614 3666 3613
f 3667 3666 3614
f 3668 3667 3614
f 3615 3674 3673
f 3675 3674 3615
f 3616 3675 3615
f 3676 3675 3616
f 3617 3676 3616
f 3618 3677 3617
f 3678 3677 3618
f 3619 3678 3618
f 3679 3678 3619
f 3620 3679 3619
f 3620 3680 3679
f 3621 3680 3620
f 3622 3680 3621
f 3681 3680 3622
f 3623 3681 3622
f 3489 3495 3641
f 3641 3642 3489
f 3490 3489 3642
f 3642 3626 3490
f 3491 3490 3626
f 3626 3627 3491
f 3492 3491 3627
f 3627 3628 3492
f 3493 3492 3628
f 3628 3629 3493
f 3549 3493 3629
f 3629 3593 3549
f 3533 3549 3593
f 3593 3594 3533
f 3534 3533 3594
f 3594 3595 3534
f 3535 3534 3595
f 3595 3596 3535
f 3536 3535 3596
f 3596 3597 3536
f 3537 3536 3597
f 3597 3598 3537
f 3538 3537 3598
f 3598 3599 3538
f 3539 3538 3599
f 3599 3638 3539
f 3540 3539 3638
f 3638 3639 3540
f 3494 3540 3639
f 3639 3640 3494
f 3495 3494 3640
f 3640 3641 3495
f 3495 3495 3641
f 3641 3641 3495
f 3497 3531 3687
f 3687 3688 3497
f 3498 3497 3688
f 3688 3644 3498
f 3499 3498 3644
f 3644 3645 3499
f 3500 3499 3645
f 3645 3646 3500
f 3501 3500 3646
f 3646 3647 3501
f 3502 3501 3647
f 3647 3648 3502
f 3503 3502 3648
f 3648 3649 3503
f 3504 3503 3649
f 3649 3650 3504
f 3505 3504 3650
f 3650 3651 3505
f 3506 3505 3651
f 3651 3652 3506
f 3507 3506 3652
f 3652 3653 3507
f 3508 3507 3653
f 3653 3655 3508
f 3509 3508 3655
f 3655 3656 3509
f 3510 3509 3656
f 3656 3657 3510
f 3511 3510 3657
f 3657 3658 3511
f 3512 3511 3658
f 3658 3659 3512
f 3513 3512 3659
f 3659 3660 3513
f 3559 3513 3660
f 3660 3661 3559
f 3561 3559 3661
f 3661 3662 3561
f 3562 3561 3662
f 3662 3663 3562
f 3564 3562 3663
f 3663 3664 3564
f 3514 3564 3664
f 3664 3665 3514
f 3567 3514 3665
f 3665 3666 3567
f 3568 3567 3666
f 3666 3667 3568
f 3515 3568 3667
f 3667 3668 3515
f 3516 3515 3668
f 3668 3669 3516
f 3517 3516 3669
f 3669 3670 3517
f 3518 3517 3670
f 3670 3671 3518
f 3519 3518 3671
f 3671 3672 3519
f 3520 3519 3672
f 3672 3673 3520
f 3572 3520 3673
f 3673 3674 3572
f 3573 3572 3674
f 3674 3675 3573
f 3574 3573 3675
f 3675 3676 3574
f 3521 3574 3676
f 3676 3677 3521
f 3522 3521 3677
f 3677 3678 3522
f 3523 3522 3678
f 3678 3679 3523
f 3524 3523 3679
f 3679 3680 3524
f 3525 3524 3680
f 3680 3681 3525
f 3526 3525 3681
f 3681 3682 3526
f 3527 3526 3682
f 3682 3683 3527
f 3528 3527 3683
f 3683 3684 3528
f 3529 3528 3684
f 3684 3685 3529
f 3530 3529 3685
f 3685 3686 3530
f 3531 3530 3686
f 3686 3687 3531
f 3531 3531 3687
f 3687 3687 3531
f 3693 3692 3756
f 3693 3756 3757
f 3693 3757 3694
f 3694 3757 3758
f 3694 3758 3695
f 3695 3758 3759
f 3753 3754 3690
f 3690 3754 3691
f 3691 3754 3692
f 3692 3754 3755
f 3692 3755 3756
f 3760 3744 3744
f 3760 3744 3760
f 3747 3748 3747
f 3778 3779 3778
f 3780 3781 3780
f 3780 3781 3781
f 3701 3745 3744
f 3702 3745 3701
f 3746 3745 3702
f 3697 3746 3702
f 3746 3697 3747
f 3752 3753 3753
f 3751 3699 3700
f 3752 3751 3700
f 3698 3699 3750
f 3749 3698 3750
f 3759 3760 3759
f 3760 3760 3759
f 3774 3713 3714
f 3715 3774 3714
f 3775 3774 3715
f 3776 3776 3775
f 3782 3782 3781
f 3781 3782 3781
f 3783 3782 3782
f 3716 3784 3783
f 3717 3784 3716
f 3718 3784 3717
f 3785 3784 3718
f 3719 3785 3718
f 3720 3785 3719
f 3786 3785 3720
f 3787 3786 3720
f 3721 3787 3720
f 3722 3787 3721
f 3723 3787 3722
f 3788 3787 3723
f 3789 3789 3788
f 3790 3789 3789
f 3725 3791 3724
f 3792 3791 3725
f 3726 3792 3725
f 3727 3792 3726
f 3793 3792 3727
f 3728 3793 3727
f 3800 3735 3736
f 3801 3800 3736
f 3737 3801 3736
f 3802 3801 3737
f 3738 3802 3737
f 3803 3802 3738
f 3739 3803 3738
f 3804 3803 3739
f 3762 3804 3739
f 3740 3762 3739
f 3763 3762 3740
f 3741 3763 3740
f 3742 3763 3741
f 3764 3763 3742
f 3765 3764 3742
f 3704 3765 3742
f 3705 3765 3704
f 3766 3765 3705
f 3706 3766 3705
f 3767 3766 3706
f 3707 3767 3706
f 3768 3767 3707
f 3769 3768 3707
f 3708 3769 3707
f 3770 3769 3708
f 3709 3770 3708
f 3710 3770 3709
f 3771 3770 3710
f 3772 3771 3710
f 3711 3772 3710
f 3712 3772 3711
f 3773 3772 3712
f 3774 3773 3712
f 3713 3774 3712
f 3734 3799 3798
f 3733 3734 3798
f 3797 3733 3798
f 3732 3733 3797
f 3796 3732 3797
f 3729 3794 3793
f 3728 3729 3793
f 3730 3794 3729
f 3795 3794 3730
f 3731 3795 3730
f 3796 3795 3731
f 3732 3796 3731
f 3735 3799 3734
f 3800 3799 3735
f 3778 3778 3777
f 3780 3780 3779
f 3600 3636 3695
f 3695 3760 3600
f 3601 3600 3760
f 3760 3744 3601
f 3602 3601 3744
f 3744 3745 3602
f 3603 3602 3745
f 3745 3746 3603
f 3604 3603 3746
f 3746 3747 3604
f 3605 3604 3747
f 3747 3749 3605
f 3606 3605 3749
f 3749 3750 3606
f 3629 3606 3750
f 3750 3751 3629
f 3630 3629 3751
f 3751 3752 3630
f 3631 3630 3752
f 3752 3690 3631
f 3632 3631 3690
f 3690 3691 3632
f 3633 3632 3691
f 3691 3692 3633
f 3634 3633 3692
f 3692 3693 3634
f 3635 3634 3693
f 3693 3694 3635
f 3636 3635 3694
f 3694 3695 3636
f 3636 3636 3695
f 3695 3695 3636
f 3644 3688 3803
f 3803 3804 3644
f 3645 3644 3804
f 3804 3762 3645
f 3646 3645 3762
f 3762 3763 3646
f 3647 3646 3763
f 3763 3764 3647
f 3607 3647 3764
f 3764 3765 3607
f 3650 3607 3765
f 3765 3766 3650
f 3651 3650 3766
f 3766 3767 3651
f 3652 3651 3767
f 3767 3768 3652
f 3653 3652 3768
f 3768 3769 3653
f 3655 3653 3769
f 3769 3770 3655
f 3656 3655 3770
f 3770 3771 3656
f 3657 3656 3771
f 3771 3772 3657
f 3658 3657 3772
f 3772 3773 3658
f 3659 3658 3773
f 3773 3774 3659
f 3608 3659 3774
f 3774 3775 3608
f 3609 3608 3775
f 3775 3776 3609
f 3610 3609 3776
f 3776 3778 3610
f 3611 3610 3778
f 3778 3780 3611
f 3612 3611 3780
f 3780 3781 3612
f 3613 3612 3781
f 3781 3782 3613
f 3614 3613 3782
f 3782 3783 3614
f 3669 3614 3783
f 3783 3784 3669
f 3670 3669 3784
f 3784 3785 3670
f 3671 3670 3785
f 3785 3786 3671
f 3672 3671 3786
f 3786 3787 3672
f 3615 3672 3787
f 3787 3788 3615
f 3616 3615 3788
f 3788 3789 3616
f 3617 3616 3789
f 3789 3790 3617
f 3618 3617 3790
f 3790 3791 3618
f 3619 3618 3791
f 3791 3792 3619
f 3620 3619 3792
f 3792 3793 3620
f 3621 3620 3793
f 3793 3794 3621
f 3622 3621 3794
f 3794 3795 3622
f 3623 3622 3795
f 3795 3796 3623
f 3624 3623 3796
f 3796 3797 3624
f 3683 3624 3797
f 3797 3798 3683
f 3684 3683 3798
f 3798 3799 3684
f 3685 3684 3799
f 3799 3800 3685
f 3686 3685 3800
f 3800 3801 3686
f 3687 3686 3801
f 3801 3802 3687
f 3688 3687 3802
f 3802 3803 3688
f 3688 3688 3803
f 3803 3803 3688
f 3810 3809 3844
f 3810 3844 3845
f 3810 3845 3811
f 3811 3845 3846
f 3811 3846 3847
f 3811 3847 3812
f 3812 3847 3848
f 3812 3848 3813
f 3805 3839 3806
f 3806 3839 3840
f 3806 3840 3841
f 3806 3841 3807
f 3807 3841 3842
f 3807 3842 3843
f 3807 3843 3808
f 3808 3843 3844
f 3808 3844 3809
f 3814 3849 3848
f 3815 3849 3814
f 3850 3849 3815
f 3816 3850 3815
f 3837 3819 3838
f 3816 3851 3850
f 3817 3851 3816
f 3837 3851 3817
f 3818 3837 3817
f 3819 3837 3818
f 3863 3862 3820
f 3821 3865 3864
f 3866 3865 3821
f 3822 3866 3821
f 3867 3866 3822
f 3823 3867 3822
f 3824 3867 3823
f 3868 3867 3824
f 3825 3870 3869
f 3826 3876 3875
f 3828 3878 3827
f 3879 3878 3828
f 3829 3879 3828
f 3880 3879 3829
f 3881 3880 3829
f 3830 3881 3829
f 3882 3881 3830
f 3831 3882 3830
f 3831 3883 3882
f 3832 3883 3831
f 3833 3883 3832
f 3884 3883 3833
f 3834 3884 3833
f 3885 3884 3834
f 3835 3885 3834
f 3697 3702 3850
f 3850 3851 3697
f 3698 3697 3851
f 3851 3837 3698
f 3699 3698 3837
f 3837 3838 3699
f 3700 3699 3838
f 3838 3805 3700
f 3753 3700 3805
f 3805 3806 3753
f 3754 3753 3806
f 3806 3807 3754
f 3755 3754 3807
f 3807 3808 3755
f 3756 3755 3808
f 3808 3809 3756
f 3757 3756 3809
f 3809 3810 3757
f 3758 3757 3810
f 3810 3811 3758
f 3759 3758 3811
f 3811 3812 3759
f 3760 3759 3812
f 3812 3813 3760
f 3701 3760 3813
f 3813 3849 3701
f 3702 3701 3849
f 3849 3850 3702
f 3702 3702 3850
f 3850 3850 3702
f 3704 3742 3896
f 3896 3897 3704
f 3705 3704 3897
f 3897 3853 3705
f 3706 3705 3853
f 3853 3854 3706
f 3707 3706 3854
f 3854 3855 3707
f 3708 3707 3855
f 3855 3856 3708
f 3709 3708 3856
f 3856 3857 3709
f 3710 3709 3857
f 3857 3858 3710
f 3711 3710 3858
f 3858 3859 3711
f 3712 3711 3859
f 3859 3860 3712
f 3713 3712 3860
f 3860 3861 3713
f 3714 3713 3861
f 3861 3862 3714
f 3715 3714 3862
f 3862 3863 3715
f 3776 3715 3863
f 3863 3864 3776
f 3778 3776 3864
f 3864 3865 3778
f 3780 3778 3865
f 3865 3866 3780
f 3781 3780 3866
f 3866 3867 3781
f 3782 3781 3867
f 3867 3868 3782
f 3716 3782 3868
f 3868 3869 3716
f 3717 3716 3869
f 3869 3870 3717
f 3718 3717 3870
f 3870 3871 3718
f 3719 3718 3871
f 3871 3872 3719
f 3720 3719 3872
f 3872 3873 3720
f 3721 3720 3873
f 3873 3874 3721
f 3722 3721 3874
f 3874 3875 3722
f 3723 3722 3875
f 3875 3876 3723
f 3789 3723 3876
f 3876 3877 3789
f 3724 3789 3877
f 3877 3878 3724
f 3725 3724 3878
f 3878 3879 3725
f 3726 3725 3879
f 3879 3880 3726
f 3727 3726 3880
f 3880 3881 3727
f 3728 3727 3881
f 3881 3882 3728
f 3729 3728 3882
f 3882 3883 3729
f 3730 3729 3883
f 3883 3884 3730
f 3731 3730 3884
f 3884 3885 3731
f 3732 3731 3885
f 3885 3886 3732
f 3733 3732 3886
f 3886 3887 3733
f 3734 3733 3887
f 3887 3888 3734
f 3735 3734 3888
f 3888 3889 3735
f 3736 3735 3889
f 3889 3890 3736
f 3737 3736 3890
f 3890 3891 3737
f 3738 3737 3891
f 3891 3892 3738
f 3739 3738 3892
f 3892 3893 3739
f 3740 3739 3893
f 3893 3894 3740
f 3741 3740 3894
f 3894 3895 3741
f 3742 3741 3895
f 3895 3896 3742
f 3742 3742 3896
f 3896 3896 3742
f 3905 3904 3971
f 3905 3971 3972
f 3905 3972 3906
f 3906 3972 3899
f 3899 3972 3973
f 3967 3968 3900
f 3900 3968 3901
f 3901 3968 3902
f 3902 3968 3969
f 3902 3969 3903
f 3903 3969 3970
f 3903 3970 3904
f 3904 3970 3971
f 3974 3960 3960
f 3983 3984 3983
f 3983 3984 3984
f 3909 3961 3960
f 3908 3909 3960
f 3910 3961 3909
f 3965 3912 3913
f 3966 3965 3913
f 3964 3912 3965
f 3911 3912 3964
f 3963 3911 3964
f 3910 3911 3963
f 3962 3910 3963
f 3961 3910 3962
f 3973 3974 3973
f 3980 3929 3930
f 3981 3980 3930
f 3931 3981 3930
f 3932 3981 3931
f 3933 3981 3932
f 3982 3981 3933
f 3983 3983 3982
f 3984 3985 3984
f 3934 3986 3985
f 3935 3986 3934
f 3936 3986 3935
f 3987 3986 3936
f 3937 3987 3936
f 3988 3987 3937
f 3938 3988 3937
f 3989 3988 3938
f 3939 3989 3938
f 3940 3989 3939
f 3990 3989 3940
f 3941 3990 3940
f 3991 3990 3941
f 3942 3991 3941
f 3943 3991 3942
f 3992 3991 3943
f 3945 3994 3944
f 3995 3994 3945
f 3946 3995 3945
f 3947 3995 3946
f 4003 3956 3957
f 4004 4003 3957
f 4005 4004 3957
f 3958 4005 3957
f 4006 4005 3958
f 3915 4006 3958
f 3916 4006 3915
f 4007 4006 3916
f 3917 4007 3916
f 4008 4007 3917
f 4009 4008 3917
f 3918 4009 3917
f 3919 4009 3918
f 4010 4009 3919
f 4011 4010 3919
f 3920 4011 3919
f 3921 4011 3920
f 4012 4011 3921
f 4013 4012 3921
f 3922 4013 3921
f 4014 4013 3922
f 3923 4014 3922
f 3924 4014 3923
f 4015 4014 3924
f 3925 4015 3924
f 3976 4015 3925
f 3926 3976 3925
f 3977 3976 3926
f 3978 3977 3926
f 3927 3978 3926
f 3979 3978 3927
f 3928 3979 3927
f 3929 3979 3928
f 3980 3979 3929
f 3954 4002 4001
f 4000 3954 4001
f 3953 3954 4000
f 3955 4002 3954
f 3956 4002 3955
f 4003 4002 3956
f 3999 3951 3952
f 3947 3996 3995
f 3948 3996 3947
f 3949 3996 3948
f 3997 3996 3949
f 3998 3997 3949
f 3950 3998 3949
f 3999 3998 3950
f 3951 3999 3950
f 3847 3846 3906
f 3906 3899 3847
f 3814 3847 3899
f 3899 3960 3814
f 3815 3814 3960
f 3960 3961 3815
f 3816 3815 3961
f 3961 3962 3816
f 3817 3816 3962
f 3962 3963 3817
f 3818 3817 3963
f 3963 3964 3818
f 3819 3818 3964
f 3964 3965 3819
f 3839 3819 3965
f 3965 3966 3839
f 3840 3839 3966
f 3966 3900 3840
f 3841 3840 3900
f 3900 3901 3841
f 3842 3841 3901
f 3901 3902 3842
f 3843 3842 3902
f 3902 3903 3843
f 3844 3843 3903
f 3903 3904 3844
f 3845 3844 3904
f 3904 3905 3845
f 3846 3845 3905
f 3905 3906 3846
f 3846 3846 3906
f 3906 3906 3846
f 3856 3855 4014
f 4014 4015 3856
f 3857 3856 4015
f 4015 3976 3857
f 3858 3857 3976
f 3976 3977 3858
f 3859 3858 3977
f 3977 3978 3859
f 3860 3859 3978
f 3978 3979 3860
f 3861 3860 3979
f 3979 3980 3861
f 3820 3861 3980
f 3980 3981 3820
f 3821 3820 3981
f 3981 3982 3821
f 3822 3821 3982
f 3982 3983 3822
f 3823 3822 3983
f 3983 3984 3823
f 3824 3823 3984
f 3984 3985 3824
f 3825 3824 3985
f 3985 3986 3825
f 3871 3825 3986
f 3986 3987 3871
f 3872 3871 3987
f 3987 3988 3872
f 3873 3872 3988
f 3988 3989 3873
f 3874 3873 3989
f 3989 3990 3874
f 3826 3874 3990
f 3990 3991 3826
f 3827 3826 3991
f 3991 3992 3827
f 3828 3827 3992
f 3992 3993 3828
f 3829 3828 3993
f 3993 3994 3829
f 3830 3829 3994
f 3994 3995 3830
f 3831 3830 3995
f 3995 3996 3831
f 3832 3831 3996
f 3996 3997 3832
f 3833 3832 3997
f 3997 3998 3833
f 3834 3833 3998
f 3998 3999 3834
f 3835 3834 3999
f 3999 4000 3835
f 3887 3835 4000
f 4000 4001 3887
f 3888 3887 4001
f 4001 4002 3888
f 3889 3888 4002
f 4002 4003 3889
f 3890 3889 4003
f 4003 4004 3890
f 3891 3890 4004
f 4004 4005 3891
f 3892 3891 4005
f 4005 4006 3892
f 3893 3892 4006
f 4006 4007 3893
f 3894 3893 4007
f 4007 4008 3894
f 3895 3894 4008
f 4008 4009 3895
f 3896 3895 4009
f 4009 4010 3896
f 3897 3896 4010
f 4010 4011 3897
f 3853 3897 4011
f 4011 4012 3853
f 3854 3853 4012
f 4012 4013 3854
f 3855 3854 4013
f 4013 4014 3855
f 3855 3855 4014
f 4014 4014 3855
f 4020 4019 4047
f 4020 4047 4048
f 4020 4048 4021
f 4021 4048 4049
f 4021 4049 4022
f 4022 4049 4050
f 4043 4043 4044
f 4044 4045 4016
f 4016 4045 4017
f 4017 4045 4018
f 4018 4045 4046
f 4018 4046 4019
f 4019 4046 4047
f 4054 4054 4100
f 4054 4100 4100
f 4057 4057 4056
f 4056 4057 4056
f 4061 4061 4060
f 4061 4060 4060
f 4064 4063 4063
f 4062 4063 4062
f 4062 4063 4063
f 4068 4067 4068
f 4079 4080 4079
f 4079 4080 4080
f 4080 4080 4081
f 4081 4080 4081
f 4082 4083 4082
f 4082 4083 4083
f 4083 4083 4084
f 4083 4084 4084
f 4084 4084 4085
f 4094 4094 4093
f 4093 4094 4093
f 4097 4097 4096
f 4095 4096 4095
f 4097 4096 4096
f 4096 4096 4095
f 4052 4052 4051
f 4039 4052 4052
f 4023 4040 4039
f 4024 4040 4023
f 4043 4027 4028
f 4042 4027 4043
f 4026 4027 4042
f 4041 4026 4042
f 4025 4026 4041
f 4040 4025 4041
f 4024 4025 4040
f 4059 4060 4060
f 4058 4058 4057
f 4059 4058 4058
f 4059 4058 4059
f 4060 4059 4059
f 4061 4062 4062
f 4061 4062 4061
f 4065 4066 4065
f 4066 4066 4065
f 4069 4068 4069
f 4070 4069 4069
f 4070 4070 4069
f 4071 4070 4070
f 4071 4070 4071
f 4072 4071 4071
f 4029 4073 4072
f 4075 4074 4074
f 4075 4075 4074
f 4076 4076 4075
f 4077 4076 4076
f 4077 4077 4076
f 4078 4077 4077
f 4078 4077 4078
f 4068 4069 4068
f 4081 4082 4081
f 4082 4082 4081
f 4031 4086 4030
f 4087 4086 4031
f 4032 4087 4031
f 4088 4087 4032
f 4033 4088 4032
f 4092 4037 4093
f 4034 4089 4088
f 4033 4034 4088
f 4035 4089 4034
f 4090 4089 4035
f 4036 4090 4035
f 4091 4090 4036
f 4037 4091 4036
f 4092 4091 4037
f 4094 4095 4095
f 4094 4095 4094
f 4055 4056 4056
f 4054 4055 4054
f 4055 4055 4054
f 4056 4055 4055
f 3967 3913 4043
f 4043 4016 3967
f 3968 3967 4016
f 4016 4017 3968
f 3969 3968 4017
f 4017 4018 3969
f 3970 3969 4018
f 4018 4019 3970
f 3971 3970 4019
f 4019 4020 3971
f 3972 3971 4020
f 4020 4021 3972
f 3973 3972 4021
f 4021 4022 3973
f 3908 3973 4022
f 4022 4052 3908
f 3909 3908 4052
f 4052 4039 3909
f 3910 3909 4039
f 4039 4040 3910
f 3911 3910 4040
f 4040 4041 3911
f 3912 3911 4041
f 4041 4042 3912
f 3913 3912 4042
f 4042 4043 3913
f 3913 3913 4043
f 4043 4043 3913
f 3915 3958 4099
f 4099 4100 3915
f 3916 3915 4100
f 4100 4054 3916
f 3917 3916 4054
f 4054 4055 3917
f 3918 3917 4055
f 4055 4056 3918
f 3919 3918 4056
f 4056 4057 3919
f 3920 3919 4057
f 4057 4058 3920
f 3921 3920 4058
f 4058 4059 3921
f 3922 3921 4059
f 4059 4060 3922
f 3923 3922 4060
f 4060 4061 3923
f 3924 3923 4061
f 4061 4062 3924
f 3925 3924 4062
f 4062 4063 3925
f 3926 3925 4063
f 4063 4064 3926
f 3927 3926 4064
f 4064 4065 3927
f 3928 3927 4065
f 4065 4066 3928
f 3929 3928 4066
f 4066 4068 3929
f 3930 3929 4068
f 4068 4069 3930
f 3931 3930 4069
f 4069 4070 3931
f 3932 3931 4070
f 4070 4071 3932
f 3933 3932 4071
f 4071 4072 3933
f 3983 3933 4072
f 4072 4073 3983
f 3984 3983 4073
f 4073 4074 3984
f 3934 3984 4074
f 4074 4075 3934
f 3935 3934 4075
f 4075 4076 3935
f 3936 3935 4076
f 4076 4077 3936
f 3937 3936 4077
f 4077 4078 3937
f 3938 3937 4078
f 4078 4079 3938
f 3939 3938 4079
f 4079 4080 3939
f 3940 3939 4080
f 4080 4081 3940
f 3941 3940 4081
f 4081 4082 3941
f 3942 3941 4082
f 4082 4083 3942
f 3943 3942 4083
f 4083 4084 3943
f 3944 3943 4084
f 4084 4085 3944
f 3945 3944 4085
f 4085 4086 3945
f 3946 3945 4086
f 4086 4087 3946
f 3947 3946 4087
f 4087 4088 3947
f 3948 3947 4088
f 4088 4089 3948
f 3949 3948 4089
f 4089 4090 3949
f 3950 3949 4090
f 4090 4091 3950
f 3951 3950 4091
f 4091 4092 3951
f 3952 3951 4092
f 4092 4093 3952
f 3953 3952 4093
f 4093 4094 3953
f 3954 3953 4094
f 4094 4095 3954
f 3955 3954 4095
f 4095 4096 3955
f 3956 3955 4096
f 4096 4097 3956
f 3957 3956 4097
f 4097 4098 3957
f 3958 3957 4098
f 4098 4099 3958
f 3958 3958 4099
f 4099 4099 3958
f 4105 4104 4169
f 4105 4169 4170
f 4105 4170 4106
f 4106 4170 4171
f 4106 4171 4107
f 4172 4173 4173
f 4164 4165 4108
f 4108 4165 4166
f 4108 4166 4102
f 4102 4166 4167
f 4102 4167 4103
f 4103 4167 4168
f 4103 4168 4104
f 4104 4168 4169
f 4198 4199 4109
f 4109 4199 4200
f 4109 4200 4201
f 4109 4201 4202
f 4109 4202 4203
f 4109 4203 4238
f 4109 4238 4239
f 4211 4110 4210
f 4210 4110 4209
f 4203 4204 4237
f 4203 4237 4238
f 4233 4234 4206
f 4233 4206 4110
f 4233 4110 4232
f 4110 4206 4207
f 4110 4207 4208
f 4110 4208 4209
f 4206 4234 4205
f 4205 4234 4235
f 4205 4235 4236
f 4205 4236 4204
f 4204 4236 4237
f 4219 4219 4218
f 4217 4218 4217
f 4217 4218 4218
f 4218 4218 4219
f 4116 4174 4173
f 4117 4174 4116
f 4118 4174 4117
f 4162 4114 4115
f 4163 4162 4115
f 4161 4114 4162
f 4113 4114 4161
f 4160 4113 4161
f 4112 4113 4160
f 4159 4112 4160
f 4118 4112 4159
f 4174 4118 4159
f 4214 4215 4215
f 4146 4212 4211
f 4213 4148 4214
f 4212 4148 4213
f 4147 4148 4212
f 4146 4147 4212
f 4216 4119 4217
f 4120 4220 4219
f 4221 4220 4120
f 4121 4221 4120
f 4222 4221 4121
f 4122 4222 4121
f 4123 4222 4122
f 4223 4222 4123
f 4224 4223 4123
f 4124 4224 4123
f 4125 4224 4124
f 4176 4224 4125
f 4126 4176 4125
f 4177 4176 4126
f 4178 4177 4126
f 4182 4128 4129
f 4183 4182 4129
f 4184 4183 4129
f 4130 4184 4129
f 4131 4184 4130
f 4185 4184 4131
f 4132 4185 4131
f 4186 4185 4132
f 4133 4186 4132
f 4187 4186 4133
f 4134 4187 4133
f 4135 4187 4134
f 4188 4187 4135
f 4189 4188 4135
f 4136 4189 4135
f 4190 4189 4136
f 4137 4190 4136
f 4138 4190 4137
f 4191 4190 4138
f 4192 4191 4138
f 4139 4192 4138
f 4140 4192 4139
f 4193 4192 4140
f 4141 4193 4140
f 4194 4193 4141
f 4195 4194 4141
f 4142 4195 4141
f 4196 4195 4142
f 4143 4196 4142
f 4144 4196 4143
f 4197 4196 4144
f 4145 4197 4144
f 4198 4197 4145
f 4127 4181 4180
f 4182 4181 4127
f 4128 4182 4127
f 4149 4240 4239
f 4150 4240 4149
f 4151 4240 4150
f 4226 4240 4151
f 4227 4226 4151
f 4152 4227 4151
f 4231 4156 4157
f 4232 4231 4157
f 4153 4228 4227
f 4152 4153 4227
f 4229 4228 4153
f 4154 4229 4153
f 4155 4229 4154
f 4230 4229 4155
f 4231 4230 4155
f 4156 4231 4155
f 4045 4044 4108
f 4108 4102 4045
f 4046 4045 4102
f 4102 4103 4046
f 4047 4046 4103
f 4103 4104 4047
f 4048 4047 4104
f 4104 4105 4048
f 4049 4048 4105
f 4105 4106 4049
f 4050 4049 4106
f 4106 4107 4050
f 4052 4050 4107
f 4107 4173 4052
f 4023 4052 4173
f 4173 4174 4023
f 4024 4023 4174
f 4174 4159 4024
f 4025 4024 4159
f 4159 4160 4025
f 4026 4025 4160
f 4160 4161 4026
f 4027 4026 4161
f 4161 4162 4027
f 4028 4027 4162
f 4162 4163 4028
f 4044 4028 4163
f 4163 4108 4044
f 4044 4044 4108
f 4108 4108 4044
f 4060 4059 4223
f 4223 4224 4060
f 4061 4060 4224
f 4224 4176 4061
f 4062 4061 4176
f 4176 4177 4062
f 4063 4062 4177
f 4177 4178 4063
f 4064 4063 4178
f 4178 4179 4064
f 4065 4064 4179
f 4179 4180 4065
f 4066 4065 4180
f 4180 4181 4066
f 4068 4066 4181
f 4181 4182 4068
f 4069 4068 4182
f 4182 4183 4069
f 4070 4069 4183
f 4183 4184 4070
f 4071 4070 4184
f 4184 4185 4071
f 4029 4071 4185
f 4185 4186 4029
f 4074 4029 4186
f 4186 4187 4074
f 4075 4074 4187
f 4187 4188 4075
f 4076 4075 4188
f 4188 4189 4076
f 4077 4076 4189
f 4189 4190 4077
f 4078 4077 4190
f 4190 4191 4078
f 4079 4078 4191
f 4191 4192 4079
f 4080 4079 4192
f 4192 4193 4080
f 4081 4080 4193
f 4193 4194 4081
f 4082 4081 4194
f 4194 4195 4082
f 4083 4082 4195
f 4195 4196 4083
f 4084 4083 4196
f 4196 4197 4084
f 4030 4084 4197
f 4197 4109 4030
f 4031 4030 4109
f 4109 4240 4031
f 4032 4031 4240
f 4240 4226 4032
f 4033 4032 4226
f 4226 4227 4033
f 4034 4033 4227
f 4227 4228 4034
f 4035 4034 4228
f 4228 4229 4035
f 4036 4035 4229
f 4229 4230 4036
f 4037 4036 4230
f 4230 4231 4037
f 4094 4037 4231
f 4231 4110 4094
f 4095 4094 4110
f 4110 4212 4095
f 4096 4095 4212
f 4212 4213 4096
f 4097 4096 4213
f 4213 4214 4097
f 4098 4097 4214
f 4214 4215 4098
f 4099 4098 4215
f 4215 4216 4099
f 4100 4099 4216
f 4216 4217 4100
f 4054 4100 4217
f 4217 4218 4054
f 4055 4054 4218
f 4218 4219 4055
f 4056 4055 4219
f 4219 4220 4056
f 4057 4056 4220
f 4220 4221 4057
f 4058 4057 4221
f 4221 4222 4058
f 4059 4058 4222
f 4222 4223 4059
f 4059 4059 4223
f 4223 4223 4059
f 4246 4245 4301
f 4246 4301 4302
f 4246 4302 4247
f 4247 4302 4248
f 4248 4302 4303
f 4296 4296 4297
f 4241 4298 4242
f 4242 4298 4243
f 4243 4298 4299
f 4243 4299 4244
f 4244 4299 4300
f 4244 4300 4245
f 4245 4300 4301
f 4313 4313 4312
f 4313 4312 4312
f 4311 4312 4311
f 4311 4312 4312
f 4317 4317 4316
f 4315 4316 4315
f 4315 4316 4316
f 4316 4316 4317
f 4322 4321 4321
f 4322 4321 4322
f 4322 4322 4323
f 4322 4323 4323
f 4323 4323 4324
f 4323 4324 4324
f 4324 4324 4325
f 4325 4324 4325
f 4320 4321 4321
f 4326 4327 4326
f 4326 4327 4327
f 4329 4330 4329
f 4329 4330 4330
f 4332 4333 4333
f 4336 4337 4336
f 4336 4337 4337
f 4339 4340 4249
f 4341 4342 4341
f 4341 4342 4342
f 4342 4342 4343
f 4342 4343 4343
f 4344 4343 4344
f 4348 4349 4348
f 4349 4349 4348
f 4355 4250 4354
f 4351 4352 4351
f 4354 4353 4353
f 4353 4353 4352
f 4352 4353 4352
f 4352 4352 4351
f 4253 4252 4254
f 4254 4252 4255
f 4255 4252 4370
f 4255 4370 4371
f 4255 4371 4256
f 4256 4371 4372
f 4257 4367 4368
f 4257 4368 4258
f 4258 4368 4369
f 4258 4369 4259
f 4259 4369 4370
f 4259 4370 4252
f 4266 4267 4305
f 4261 4306 4267
f 4307 4306 4261
f 4262 4307 4261
f 4307 4262 4308
f 4264 4265 4296
f 4295 4264 4296
f 4295 4263 4264
f 4294 4263 4295
f 4350 4351 4351
f 4349 4350 4349
f 4350 4350 4351
f 4349 4350 4350
f 4310 4275 4311
f 4355 4356 4355
f 4358 4269 4270
f 4271 4358 4270
f 4359 4358 4271
f 4272 4359 4271
f 4310 4359 4272
f 4273 4310 4272
f 4274 4310 4273
f 4275 4310 4274
f 4268 4269 4358
f 4357 4268 4358
f 4356 4357 4356
f 4355 4356 4356
f 4314 4315 4315
f 4314 4314 4313
f 4313 4314 4313
f 4315 4314 4314
f 4276 4318 4317
f 4277 4318 4276
f 4278 4318 4277
f 4279 4318 4278
f 4280 4318 4279
f 4319 4318 4280
f 4326 4326 4325
f 4325 4326 4325
f 4328 4328 4327
f 4327 4328 4327
f 4329 4328 4328
f 4329 4328 4329
f 4331 4331 4330
f 4330 4331 4330
f 4335 4335 4334
f 4336 4335 4335
f 4336 4335 4336
f 4337 4338 4337
f 4338 4338 4337
f 4339 4338 4338
f 4339 4338 4339
f 4340 4341 4340
f 4341 4341 4340
f 4348 4348 4347
f 4285 4373 4372
f 4284 4285 4372
f 4286 4373 4285
f 4287 4373 4286
f 4361 4373 4287
f 4288 4361 4287
f 4367 4366 4367
f 4288 4362 4361
f 4289 4362 4288
f 4363 4362 4289
f 4290 4363 4289
f 4364 4363 4290
f 4291 4364 4290
f 4365 4364 4291
f 4282 4365 4291
f 4283 4365 4282
f 4366 4365 4283
f 4112 4118 4307
f 4307 4308 4112
f 4113 4112 4308
f 4308 4294 4113
f 4114 4113 4294
f 4294 4295 4114
f 4115 4114 4295
f 4295 4296 4115
f 4164 4115 4296
f 4296 4241 4164
f 4165 4164 4241
f 4241 4242 4165
f 4166 4165 4242
f 4242 4243 4166
f 4167 4166 4243
f 4243 4244 4167
f 4168 4167 4244
f 4244 4245 4168
f 4169 4168 4245
f 4245 4246 4169
f 4170 4169 4246
f 4246 4247 4170
f 4171 4170 4247
f 4247 4248 4171
f 4172 4171 4248
f 4248 4304 4172
f 4116 4172 4304
f 4304 4305 4116
f 4117 4116 4305
f 4305 4306 4117
f 4118 4117 4306
f 4306 4307 4118
f 4118 4118 4307
f 4307 4307 4118
f 4119 4215 4358
f 4358 4359 4119
f 4218 4119 4359
f 4359 4310 4218
f 4120 4218 4310
f 4310 4311 4120
f 4121 4120 4311
f 4311 4312 4121
f 4122 4121 4312
f 4312 4313 4122
f 4123 4122 4313
f 4313 4314 4123
f 4124 4123 4314
f 4314 4315 4124
f 4125 4124 4315
f 4315 4316 4125
f 4126 4125 4316
f 4316 4317 4126
f 4179 4126 4317
f 4317 4318 4179
f 4127 4179 4318
f 4318 4319 4127
f 4128 4127 4319
f 4319 4321 4128
f 4129 4128 4321
f 4321 4322 4129
f 4130 4129 4322
f 4322 4323 4130
f 4131 4130 4323
f 4323 4324 4131
f 4132 4131 4324
f 4324 4325 4132
f 4133 4132 4325
f 4325 4326 4133
f 4134 4133 4326
f 4326 4327 4134
f 4135 4134 4327
f 4327 4328 4135
f 4136 4135 4328
f 4328 4329 4136
f 4137 4136 4329
f 4329 4330 4137
f 4138 4137 4330
f 4330 4331 4138
f 4139 4138 4331
f 4331 4332 4139
f 4140 4139 4332
f 4332 4333 4140
f 4141 4140 4333
f 4333 4335 4141
f 4142 4141 4335
f 4335 4336 4142
f 4143 4142 4336
f 4336 4337 4143
f 4144 4143 4337
f 4337 4338 4144
f 4145 4144 4338
f 4338 4249 4145
f 4199 4145 4249
f 4249 4341 4199
f 4200 4199 4341
f 4341 4342 4200
f 4201 4200 4342
f 4342 4343 4201
f 4202 4201 4343
f 4343 4344 4202
f 4203 4202 4344
f 4344 4345 4203
f 4204 4203 4345
f 4345 4346 4204
f 4205 4204 4346
f 4346 4348 4205
f 4206 4205 4348
f 4348 4349 4206
f 4207 4206 4349
f 4349 4350 4207
f 4208 4207 4350
f 4350 4351 4208
f 4209 4208 4351
f 4351 4352 4209
f 4210 4209 4352
f 4352 4353 4210
f 4146 4210 4353
f 4353 4250 4146
f 4147 4146 4250
f 4250 4356 4147
f 4148 4147 4356
f 4356 4357 4148
f 4215 4148 4357
f 4357 4358 4215
f 4215 4215 4358
f 4358 4358 4215
f 4235 4234 4259
f 4259 4252 4235
f 4236 4235 4252
f 4252 4253 4236
f 4237 4236 4253
f 4253 4254 4237
f 4238 4237 4254
f 4254 4255 4238
f 4149 4238 4255
f 4255 4256 4149
f 4150 4149 4256
f 4256 4373 4150
f 4151 4150 4373
f 4373 4361 4151
f 4152 4151 4361
f 4361 4362 4152
f 4153 4152 4362
f 4362 4363 4153
f 4154 4153 4363
f 4363 4364 4154
f 4155 4154 4364
f 4364 4365 4155
f 4156 4155 4365
f 4365 4366 4156
f 4157 4156 4366
f 4366 4257 4157
f 4233 4157 4257
f 4257 4258 4233
f 4234 4233 4258
f 4258 4259 4234
f 4234 4234 4259
f 4259 4259 4234
f 4451 4451 4450
f 4451 4450 4450
f 4378 4377 4456
f 4378 4456 4379
f 4379 4456 4457
f 4453 4454 4374
f 4374 4454 4375
f 4375 4454 4376
f 4376 4454 4455
f 4376 4455 4377
f 4377 4455 4456
f 4468 4468 4467
f 4467 4468 4467
f 4474 4474 4473
f 4474 4473 4473
f 4476 4476 4475
f 4475 4476 4475
f 4483 4482 4482
f 4512 4513 4513
f 4512 4513 4512
f 4383 4382 4522
f 4383 4522 4523
f 4383 4523 4384
f 4384 4523 4524
f 4384 4524 4385
f 4385 4524 4386
f 4386 4524 4525
f 4380 4518 4519
f 4380 4519 4520
f 4380 4520 4381
f 4381 4520 4521
f 4381 4521 4382
f 4382 4521 4522
f 4459 4459 4458
f 4460 4459 4459
f 4460 4459 4460
f 4461 4460 4460
f 4388 4462 4461
f 4389 4462 4388
f 4449 4392 4450
f 4391 4392 4449
f 4390 4391 4449
f 4448 4390 4449
f 4389 4390 4448
f 4462 4389 4448
f 4451 4452 4452
f 4451 4452 4451
f 4471 4472 4471
f 4472 4472 4471
f 4474 4393 4475
f 4481 4398 4482
f 4394 4477 4476
f 4395 4477 4394
f 4396 4477 4395
f 4478 4477 4396
f 4397 4478 4396
f 4479 4478 4397
f 4480 4479 4397
f 4487 4400 4401
f 4402 4487 4401
f 4488 4487 4402
f 4489 4488 4402
f 4403 4489 4402
f 4490 4489 4403
f 4404 4490 4403
f 4405 4490 4404
f 4491 4490 4405
f 4492 4491 4405
f 4406 4492 4405
f 4407 4492 4406
f 4493 4492 4407
f 4494 4493 4407
f 4408 4494 4407
f 4495 4494 4408
f 4409 4495 4408
f 4410 4495 4409
f 4496 4495 4410
f 4411 4496 4410
f 4497 4496 4411
f 4498 4497 4411
f 4412 4498 4411
f 4413 4498 4412
f 4499 4498 4413
f 4500 4499 4413
f 4414 4500 4413
f 4415 4500 4414
f 4501 4500 4415
f 4416 4501 4415
f 4502 4501 4416
f 4503 4502 4416
f 4417 4503 4416
f 4418 4503 4417
f 4504 4503 4418
f 4419 4504 4418
f 4505 4504 4419
f 4506 4505 4419
f 4420 4506 4419
f 4507 4506 4420
f 4421 4507 4420
f 4511 4512 4512
f 4399 4485 4484
f 4486 4485 4399
f 4400 4486 4399
f 4487 4486 4400
f 4422 4508 4507
f 4421 4422 4507
f 4423 4508 4422
f 4509 4508 4423
f 4510 4509 4423
f 4511 4511 4510
f 4512 4511 4511
f 4466 4428 4467
f 4424 4514 4513
f 4466 4427 4428
f 4426 4427 4466
f 4465 4426 4466
f 4425 4426 4465
f 4464 4425 4465
f 4515 4425 4464
f 4469 4470 4470
f 4429 4469 4468
f 4432 4433 4431
f 4436 4437 4435
f 4439 4526 4525
f 4438 4439 4525
f 4527 4526 4439
f 4440 4527 4439
f 4528 4527 4440
f 4441 4528 4440
f 4518 4445 4446
f 4517 4445 4518
f 4441 4529 4528
f 4442 4529 4441
f 4530 4529 4442
f 4443 4530 4442
f 4531 4530 4443
f 4444 4531 4443
f 4532 4531 4444
f 4517 4532 4444
f 4445 4517 4444
f 4261 4267 4461
f 4461 4462 4261
f 4262 4261 4462
f 4462 4448 4262
f 4263 4262 4448
f 4448 4449 4263
f 4264 4263 4449
f 4449 4450 4264
f 4265 4264 4450
f 4450 4451 4265
f 4297 4265 4451
f 4451 4452 4297
f 4298 4297 4452
f 4452 4374 4298
f 4299 4298 4374
f 4374 4375 4299
f 4300 4299 4375
f 4375 4376 4300
f 4301 4300 4376
f 4376 4377 4301
f 4302 4301 4377
f 4377 4378 4302
f 4303 4302 4378
f 4378 4379 4303
f 4304 4303 4379
f 4379 4459 4304
f 4266 4304 4459
f 4459 4460 4266
f 4267 4266 4460
f 4460 4461 4267
f 4267 4267 4461
f 4461 4461 4267
f 4352 4351 4514
f 4514 4515 4352
f 4353 4352 4515
f 4515 4464 4353
f 4354 4353 4464
f 4464 4465 4354
f 4355 4354 4465
f 4465 4466 4355
f 4356 4355 4466
f 4466 4467 4356
f 4268 4356 4467
f 4467 4468 4268
f 4269 4268 4468
f 4468 4469 4269
f 4270 4269 4469
f 4469 4470 4270
f 4271 4270 4470
f 4470 4471 4271
f 4272 4271 4471
f 4471 4472 4272
f 4273 4272 4472
f 4472 4473 4273
f 4274 4273 4473
f 4473 4474 4274
f 4275 4274 4474
f 4474 4475 4275
f 4312 4275 4475
f 4475 4476 4312
f 4313 4312 4476
f 4476 4477 4313
f 4314 4313 4477
f 4477 4478 4314
f 4315 4314 4478
f 4478 4479 4315
f 4316 4315 4479
f 4479 4480 4316
f 4276 4316 4480
f 4480 4481 4276
f 4277 4276 4481
f 4481 4482 4277
f 4278 4277 4482
f 4482 4483 4278
f 4279 4278 4483
f 4483 4484 4279
f 4280 4279 4484
f 4484 4485 4280
f 4321 4280 4485
f 4485 4486 4321
f 4322 4321 4486
f 4486 4487 4322
f 4323 4322 4487
f 4487 4488 4323
f 4324 4323 4488
f 4488 4489 4324
f 4325 4324 4489
f 4489 4490 4325
f 4326 4325 4490
f 4490 4491 4326
f 4327 4326 4491
f 4491 4492 4327
f 4328 4327 4492
f 4492 4493 4328
f 4329 4328 4493
f 4493 4494 4329
f 4330 4329 4494
f 4494 4495 4330
f 4331 4330 4495
f 4495 4496 4331
f 4332 4331 4496
f 4496 4497 4332
f 4333 4332 4497
f 4497 4498 4333
f 4335 4333 4498
f 4498 4499 4335
f 4336 4335 4499
f 4499 4500 4336
f 4337 4336 4500
f 4500 4501 4337
f 4338 4337 4501
f 4501 4502 4338
f 4339 4338 4502
f 4502 4503 4339
f 4340 4339 4503
f 4503 4504 4340
f 4341 4340 4504
f 4504 4505 4341
f 4342 4341 4505
f 4505 4506 4342
f 4343 4342 4506
f 4506 4507 4343
f 4344 4343 4507
f 4507 4508 4344
f 4345 4344 4508
f 4508 4509 4345
f 4346 4345 4509
f 4509 4510 4346
f 4348 4346 4510
f 4510 4511 4348
f 4349 4348 4511
f 4511 4512 4349
f 4350 4349 4512
f 4512 4513 4350
f 4351 4350 4513
f 4513 4514 4351
f 4351 4351 4514
f 4514 4514 4351
f 4282 4291 4531
f 4531 4532 4282
f 4283 4282 4532
f 4532 4517 4283
f 4367 4283 4517
f 4517 4380 4367
f 4368 4367 4380
f 4380 4381 4368
f 4369 4368 4381
f 4381 4382 4369
f 4370 4369 4382
f 4382 4383 4370
f 4371 4370 4383
f 4383 4384 4371
f 4284 4371 4384
f 4384 4385 4284
f 4285 4284 4385
f 4385 4386 4285
f 4286 4285 4386
f 4386 4526 4286
f 4287 4286 4526
f 4526 4527 4287
f 4288 4287 4527
f 4527 4528 4288
f 4289 4288 4528
f 4528 4529 4289
f 4290 4289 4529
f 4529 4530 4290
f 4291 4290 4530
f 4530 4531 4291
f 4291 4291 4531
f 4531 4531 4291
f 4537 4536 4595
f 4537 4595 4596
f 4537 4596 4538
f 4538 4596 4597
f 4538 4597 4598
f 4538 4598 4539
f 4539 4598 4599
f 4539 4599 4540
f 4605 4605 4591
f 4533 4592 4534
f 4534 4592 4593
f 4534 4593 4535
f 4535 4593 4594
f 4535 4594 4536
f 4536 4594 4595
f 4610 4610 4609
f 4610 4609 4609
f 4618 4617 4617
f 4616 4617 4617
f 4621 4622 4621
f 4621 4622 4622
f 4622 4622 4623
f 4623 4622 4623
f 4627 4628 4627
f 4627 4628 4628
f 4628 4628 4629
f 4629 4628 4629
f 4635 4636 4635
f 4635 4636 4636
f 4637 4638 4637
f 4637 4638 4638
f 4641 4642 4641
f 4641 4642 4642
f 4642 4643 4643
f 4642 4643 4642
f 4643 4643 4644
f 4650 4650 4649
f 4648 4649 4648
f 4650 4649 4649
f 4649 4649 4648
f 4659 4659 4657
f 4657 4659 4657
f 4663 4663 4662
f 4547 4546 4678
f 4547 4678 4679
f 4547 4679 4548
f 4548 4679 4680
f 4548 4680 4549
f 4549 4680 4681
f 4549 4681 4542
f 4542 4681 4682
f 4543 4673 4674
f 4543 4674 4544
f 4544 4674 4545
f 4545 4674 4675
f 4545 4675 4676
f 4545 4676 4546
f 4546 4676 4677
f 4546 4677 4678
f 4551 4600 4599
f 4558 4551 4599
f 4557 4558 4599
f 4552 4600 4551
f 4604 4555 4556
f 4605 4604 4556
f 4603 4555 4604
f 4554 4603 4602
f 4553 4554 4602
f 4601 4553 4602
f 4552 4601 4600
f 4553 4601 4552
f 4555 4603 4554
f 4608 4568 4609
f 4650 4651 4650
f 4653 4562 4563
f 4654 4653 4563
f 4564 4654 4563
f 4655 4654 4564
f 4607 4655 4564
f 4565 4607 4564
f 4566 4607 4565
f 4608 4607 4566
f 4567 4608 4566
f 4568 4608 4567
f 4561 4653 4652
f 4560 4561 4652
f 4559 4560 4652
f 4651 4559 4652
f 4562 4653 4561
f 4664 4611 4610
f 4662 4664 4610
f 4663 4664 4663
f 4569 4613 4612
f 4570 4613 4569
f 4571 4613 4570
f 4572 4613 4571
f 4614 4613 4572
f 4573 4614 4572
f 4574 4614 4573
f 4575 4614 4574
f 4615 4614 4575
f 4619 4618 4619
f 4620 4619 4619
f 4620 4620 4619
f 4621 4620 4620
f 4621 4620 4621
f 4659 4624 4623
f 4658 4624 4659
f 4657 4658 4657
f 4627 4627 4626
f 4626 4627 4626
f 4630 4631 4630
f 4632 4631 4631
f 4632 4631 4632
f 4637 4637 4636
f 4636 4637 4636
f 4638 4639 4638
f 4639 4639 4638
f 4640 4639 4639
f 4640 4640 4639
f 4641 4640 4640
f 4641 4640 4641
f 4576 4645 4644
f 4647 4583 4648
f 4578 4646 4645
f 4577 4578 4645
f 4576 4577 4645
f 4579 4646 4578
f 4580 4646 4579
f 4647 4646 4580
f 4581 4647 4580
f 4582 4647 4581
f 4583 4647 4582
f 4682 4683 4682
f 4584 4666 4683
f 4585 4666 4584
f 4586 4666 4585
f 4667 4587 4668
f 4586 4667 4666
f 4587 4667 4586
f 4672 4673 4673
f 4671 4589 4672
f 4588 4589 4671
f 4670 4588 4671
f 4451 4392 4604
f 4604 4605 4451
f 4452 4451 4605
f 4605 4533 4452
f 4453 4452 4533
f 4533 4534 4453
f 4454 4453 4534
f 4534 4535 4454
f 4455 4454 4535
f 4535 4536 4455
f 4456 4455 4536
f 4536 4537 4456
f 4457 4456 4537
f 4537 4538 4457
f 4459 4457 4538
f 4538 4539 4459
f 4460 4459 4539
f 4539 4540 4460
f 4388 4460 4540
f 4540 4600 4388
f 4389 4388 4600
f 4600 4601 4389
f 4390 4389 4601
f 4601 4602 4390
f 4391 4390 4602
f 4602 4603 4391
f 4392 4391 4603
f 4603 4604 4392
f 4392 4392 4604
f 4604 4604 4392
f 4472 4471 4654
f 4654 4655 4472
f 4473 4472 4655
f 4655 4607 4473
f 4393 4473 4607
f 4607 4608 4393
f 4394 4393 4608
f 4608 4609 4394
f 4395 4394 4609
f 4609 4610 4395
f 4396 4395 4610
f 4610 4611 4396
f 4397 4396 4611
f 4611 4612 4397
f 4398 4397 4612
f 4612 4613 4398
f 4483 4398 4613
f 4613 4614 4483
f 4399 4483 4614
f 4614 4615 4399
f 4400 4399 4615
f 4615 4617 4400
f 4401 4400 4617
f 4617 4619 4401
f 4402 4401 4619
f 4619 4620 4402
f 4403 4402 4620
f 4620 4621 4403
f 4404 4403 4621
f 4621 4622 4404
f 4405 4404 4622
f 4622 4623 4405
f 4406 4405 4623
f 4623 4624 4406
f 4407 4406 4624
f 4624 4626 4407
f 4408 4407 4626
f 4626 4627 4408
f 4409 4408 4627
f 4627 4628 4409
f 4410 4409 4628
f 4628 4629 4410
f 4411 4410 4629
f 4629 4630 4411
f 4412 4411 4630
f 4630 4631 4412
f 4413 4412 4631
f 4631 4632 4413
f 4414 4413 4632
f 4632 4635 4414
f 4415 4414 4635
f 4635 4636 4415
f 4416 4415 4636
f 4636 4637 4416
f 4417 4416 4637
f 4637 4638 4417
f 4418 4417 4638
f 4638 4639 4418
f 4419 4418 4639
f 4639 4640 4419
f 4420 4419 4640
f 4640 4641 4420
f 4421 4420 4641
f 4641 4642 4421
f 4422 4421 4642
f 4642 4643 4422
f 4423 4422 4643
f 4643 4644 4423
f 4511 4423 4644
f 4644 4645 4511
f 4512 4511 4645
f 4645 4646 4512
f 4424 4512 4646
f 4646 4647 4424
f 4425 4424 4647
f 4647 4648 4425
f 4426 4425 4648
f 4648 4649 4426
f 4427 4426 4649
f 4649 4650 4427
f 4428 4427 4650
f 4650 4651 4428
f 4429 4428 4651
f 4651 4652 4429
f 4470 4429 4652
f 4652 4653 4470
f 4471 4470 4653
f 4653 4654 4471
f 4471 4471 4654
f 4654 4654 4471
f 4431 4433 4658
f 4658 4659 4431
f 4432 4431 4659
f 4659 4657 4432
f 4433 4432 4657
f 4657 4658 4433
f 4433 4433 4658
f 4658 4658 4433
f 4435 4437 4663
f 4663 4664 4435
f 4436 4435 4664
f 4664 4662 4436
f 4437 4436 4662
f 4662 4663 4437
f 4437 4437 4663
f 4663 4663 4437
f 4438 4524 4549
f 4549 4542 4438
f 4439 4438 4542
f 4542 4683 4439
f 4440 4439 4683
f 4683 4666 4440
f 4441 4440 4666
f 4666 4667 4441
f 4442 4441 4667
f 4667 4668 4442
f 4443 4442 4668
f 4668 4670 4443
f 4444 4443 4670
f 4670 4671 4444
f 4445 4444 4671
f 4671 4672 4445
f 4446 4445 4672
f 4672 4543 4446
f 4519 4446 4543
f 4543 4544 4519
f 4520 4519 4544
f 4544 4545 4520
f 4521 4520 4545
f 4545 4546 4521
f 4522 4521 4546
f 4546 4547 4522
f 4523 4522 4547
f 4547 4548 4523
f 4524 4523 4548
f 4548 4549 4524
f 4524 4524 4549
f 4549 4549 4524
f 4742 4743 4742
f 4690 4689 4751
f 4690 4751 4691
f 4691 4751 4752
f 4684 4746 4685
f 4685 4746 4747
f 4748 4749 4686
f 4686 4749 4687
f 4687 4749 4688
f 4688 4749 4750
f 4688 4750 4689
f 4689 4750 4751
f 4806 4806 4805
f 4806 4805 4805
f 4760 4760 4759
f 4758 4759 4758
f 4760 4759 4759
f 4759 4759 4758
f 4766 4766 4765
f 4764 4765 4764
f 4764 4765 4765
f 4765 4765 4766
f 4769 4769 4768
f 4769 4768 4768
f 4786 4787 4786
f 4786 4787 4787
f 4800 4800 4799
f 4802 4803 4802
f 4804 4803 4803
f 4803 4803 4802
f 4697 4696 4816
f 4697 4816 4698
f 4698 4816 4817
f 4698 4817 4699
f 4699 4817 4818
f 4699 4818 4700
f 4700 4818 4819
f 4701 4813 4702
f 4694 4814 4695
f 4695 4814 4815
f 4695 4815 4696
f 4696 4815 4816
f 4821 4809 4809
f 4821 4809 4821
f 4707 4708 4746
f 4745 4707 4746
f 4745 4706 4707
f 4744 4706 4745
f 4753 4753 4752
f 4752 4753 4752
f 4754 4753 4753
f 4754 4753 4754
f 4755 4754 4754
f 4704 4756 4755
f 4741 4756 4704
f 4705 4741 4704
f 4741 4705 4742
f 4763 4764 4764
f 4761 4762 4761
f 4762 4762 4761
f 4763 4762 4762
f 4763 4762 4763
f 4764 4763 4763
f 4767 4710 4768
f 4709 4710 4767
f 4776 4775 4712
f 4777 4776 4712
f 4713 4777 4712
f 4714 4777 4713
f 4778 4777 4714
f 4779 4778 4714
f 4715 4779 4714
f 4780 4779 4715
f 4716 4780 4715
f 4717 4780 4716
f 4781 4780 4717
f 4718 4781 4717
f 4719 4781 4718
f 4782 4781 4719
f 4720 4782 4719
f 4783 4782 4720
f 4784 4783 4720
f 4711 4774 4773
f 4721 4786 4785
f 4722 4788 4787
f 4789 4788 4722
f 4723 4789 4722
f 4790 4789 4723
f 4724 4790 4723
f 4791 4790 4724
f 4725 4791 4724
f 4726 4791 4725
f 4792 4791 4726
f 4793 4792 4726
f 4727 4793 4726
f 4794 4793 4727
f 4728 4794 4727
f 4729 4794 4728
f 4796 4730 4797
f 4795 4730 4796
f 4729 4730 4795
f 4794 4729 4795
f 4798 4799 4798
f 4801 4802 4802
f 4801 4801 4802
f 4800 4801 4801
f 4804 4731 4805
f 4807 4758 4758
f 4806 4807 4806
f 4807 4807 4758
f 4806 4807 4807
f 4738 4821 4820
f 4739 4821 4738
f 4733 4810 4809
f 4811 4737 4812
f 4733 4734 4810
f 4735 4811 4734
f 4736 4811 4735
f 4737 4811 4736
f 4551 4558 4755
f 4755 4756 4551
f 4552 4551 4756
f 4756 4741 4552
f 4553 4552 4741
f 4741 4742 4553
f 4554 4553 4742
f 4742 4744 4554
f 4555 4554 4744
f 4744 4745 4555
f 4556 4555 4745
f 4745 4684 4556
f 4591 4556 4684
f 4684 4685 4591
f 4592 4591 4685
f 4685 4686 4592
f 4593 4592 4686
f 4686 4687 4593
f 4594 4593 4687
f 4687 4688 4594
f 4595 4594 4688
f 4688 4689 4595
f 4596 4595 4689
f 4689 4690 4596
f 4597 4596 4690
f 4690 4691 4597
f 4598 4597 4691
f 4691 4753 4598
f 4557 4598 4753
f 4753 4754 4557
f 4558 4557 4754
f 4754 4755 4558
f 4558 4558 4755
f 4755 4755 4558
f 4559 4650 4806
f 4806 4807 4559
f 4560 4559 4807
f 4807 4758 4560
f 4561 4560 4758
f 4758 4759 4561
f 4562 4561 4759
f 4759 4760 4562
f 4563 4562 4760
f 4760 4761 4563
f 4564 4563 4761
f 4761 4762 4564
f 4565 4564 4762
f 4762 4763 4565
f 4566 4565 4763
f 4763 4764 4566
f 4567 4566 4764
f 4764 4765 4567
f 4568 4567 4765
f 4765 4766 4568
f 4663 4568 4766
f 4766 4767 4663
f 4569 4663 4767
f 4767 4768 4569
f 4570 4569 4768
f 4768 4769 4570
f 4571 4570 4769
f 4769 4770 4571
f 4572 4571 4770
f 4770 4771 4572
f 4573 4572 4771
f 4771 4772 4573
f 4574 4573 4772
f 4772 4773 4574
f 4575 4574 4773
f 4773 4774 4575
f 4617 4575 4774
f 4774 4775 4617
f 4619 4617 4775
f 4775 4776 4619
f 4620 4619 4776
f 4776 4777 4620
f 4621 4620 4777
f 4777 4778 4621
f 4622 4621 4778
f 4778 4779 4622
f 4657 4622 4779
f 4779 4780 4657
f 4626 4657 4780
f 4780 4781 4626
f 4627 4626 4781
f 4781 4782 4627
f 4628 4627 4782
f 4782 4783 4628
f 4629 4628 4783
f 4783 4784 4629
f 4630 4629 4784
f 4784 4785 4630
f 4631 4630 4785
f 4785 4786 4631
f 4632 4631 4786
f 4786 4787 4632
f 4635 4632 4787
f 4787 4788 4635
f 4636 4635 4788
f 4788 4789 4636
f 4637 4636 4789
f 4789 4790 4637
f 4638 4637 4790
f 4790 4791 4638
f 4639 4638 4791
f 4791 4792 4639
f 4640 4639 4792
f 4792 4793 4640
f 4641 4640 4793
f 4793 4794 4641
f 4642 4641 4794
f 4794 4795 4642
f 4643 4642 4795
f 4795 4796 4643
f 4576 4643 4796
f 4796 4797 4576
f 4577 4576 4797
f 4797 4798 4577
f 4578 4577 4798
f 4798 4799 4578
f 4579 4578 4799
f 4799 4800 4579
f 4580 4579 4800
f 4800 4801 4580
f 4581 4580 4801
f 4801 4802 4581
f 4582 4581 4802
f 4802 4803 4582
f 4583 4582 4803
f 4803 4804 4583
f 4649 4583 4804
f 4804 4805 4649
f 4650 4649 4805
f 4805 4806 4650
f 4650 4650 4806
f 4806 4806 4650
f 4675 4674 4702
f 4702 4693 4675
f 4676 4675 4693
f 4693 4694 4676
f 4677 4676 4694
f 4694 4695 4677
f 4678 4677 4695
f 4695 4696 4678
f 4679 4678 4696
f 4696 4697 4679
f 4680 4679 4697
f 4697 4698 4680
f 4681 4680 4698
f 4698 4699 4681
f 4682 4681 4699
f 4699 4700 4682
f 4584 4682 4700
f 4700 4820 4584
f 4585 4584 4820
f 4820 4821 4585
f 4586 4585 4821
f 4821 4809 4586
f 4587 4586 4809
f 4809 4810 4587
f 4588 4587 4810
f 4810 4811 4588
f 4589 4588 4811
f 4811 4812 4589
f 4673 4589 4812
f 4812 4701 4673
f 4674 4673 4701
f 4701 4702 4674
f 4674 4674 4702
f 4702 4702 4674
f 4825 4824 4884
f 4825 4884 4826
f 4826 4884 4885
f 4895 4882 4895
f 4882 4883 4822
f 4822 4883 4823
f 4823 4883 4824
f 4824 4883 4884
f 4887 4888 4888
f 4889 4890 4890
f 4899 4899 4898
f 4898 4899 4898
f 4905 4905 4906
f 4906 4905 4906
f 4906 4906 4907
f 4907 4906 4907
f 4909 4910 4909
f 4910 4910 4911
f 4911 4910 4911
f 4919 4920 4919
f 4919 4920 4920
f 4920 4920 4921
f 4921 4920 4921
f 4958 4959 4958
f 4958 4959 4959
f 4959 4959 4960
f 4959 4960 4960
f 4945 4945 4944
f 4944 4945 4944
f 4829 4828 4952
f 4829 4952 4953
f 4829 4953 4954
f 4829 4954 4955
f 4947 4948 4827
f 4827 4948 4949
f 4827 4949 4950
f 4827 4950 4951
f 4827 4951 4952
f 4827 4952 4828
f 4956 4957 4956
f 4956 4957 4957
f 4886 4887 4886
f 4888 4889 4888
f 4830 4891 4890
f 4831 4891 4830
f 4894 4893 4894
f 4895 4894 4894
f 4832 4833 4892
f 4891 4831 4832
f 4845 4846 4898
f 4897 4845 4898
f 4921 4922 4921
f 4922 4922 4921
f 4934 4837 4838
f 4935 4934 4838
f 4839 4935 4838
f 4936 4935 4839
f 4937 4936 4839
f 4840 4937 4839
f 4841 4937 4840
f 4938 4937 4841
f 4842 4938 4841
f 4939 4938 4842
f 4940 4939 4842
f 4843 4940 4842
f 4844 4940 4843
f 4897 4940 4844
f 4845 4897 4844
f 4864 4925 4924
f 4863 4864 4924
f 4862 4863 4924
f 4923 4862 4924
f 4922 4923 4922
f 4865 4925 4864
f 4866 4925 4865
f 4926 4925 4866
f 4927 4926 4866
f 4867 4927 4866
f 4928 4927 4867
f 4868 4928 4867
f 4869 4928 4868
f 4929 4928 4869
f 4870 4929 4869
f 4930 4929 4870
f 4871 4930 4870
f 4931 4930 4871
f 4872 4931 4871
f 4835 4931 4872
f 4932 4931 4835
f 4836 4932 4835
f 4933 4932 4836
f 4934 4933 4836
f 4837 4934 4836
f 4904 4854 4855
f 4905 4904 4855
f 4847 4900 4899
f 4848 4900 4847
f 4849 4900 4848
f 4901 4900 4849
f 4850 4901 4849
f 4902 4901 4850
f 4903 4902 4850
f 4851 4903 4850
f 4852 4903 4851
f 4904 4903 4852
f 4853 4904 4852
f 4854 4904 4853
f 4907 4908 4907
f 4908 4908 4907
f 4909 4908 4908
f 4909 4908 4909
f 4911 4912 4911
f 4912 4912 4911
f 4913 4912 4912
f 4856 4914 4913
f 4857 4914 4856
f 4858 4914 4857
f 4859 4914 4858
f 4860 4914 4859
f 4861 4914 4860
f 4915 4914 4861
f 4916 4916 4915
f 4917 4916 4916
f 4918 4918 4917
f 4919 4918 4918
f 4876 4961 4960
f 4877 4961 4876
f 4878 4961 4877
f 4943 4875 4944
f 4880 4943 4942
f 4879 4880 4942
f 4961 4879 4942
f 4878 4879 4961
f 4874 4943 4880
f 4875 4943 4874
f 4946 4945 4946
f 4947 4946 4946
f 4956 4956 4955
f 4955 4956 4955
f 4957 4958 4957
f 4958 4958 4957
f 4747 4708 4894
f 4894 4895 4747
f 4748 4747 4895
f 4895 4822 4748
f 4749 4748 4822
f 4822 4823 4749
f 4750 4749 4823
f 4823 4824 4750
f 4751 4750 4824
f 4824 4825 4751
f 4752 4751 4825
f 4825 4826 4752
f 4753 4752 4826
f 4826 4886 4753
f 4754 4753 4886
f 4886 4888 4754
f 4704 4754 4888
f 4888 4890 4704
f 4705 4704 4890
f 4890 4891 4705
f 4706 4705 4891
f 4891 4892 4706
f 4707 4706 4892
f 4892 4893 4707
f 4708 4707 4893
f 4893 4894 4708
f 4708 4708 4894
f 4894 4894 4708
f 4765 4764 4939
f 4939 4940 4765
f 4766 4765 4940
f 4940 4897 4766
f 4709 4766 4897
f 4897 4898 4709
f 4710 4709 4898
f 4898 4899 4710
f 4769 4710 4899
f 4899 4900 4769
f 4770 4769 4900
f 4900 4901 4770
f 4771 4770 4901
f 4901 4902 4771
f 4772 4771 4902
f 4902 4903 4772
f 4711 4772 4903
f 4903 4904 4711
f 4712 4711 4904
f 4904 4905 4712
f 4713 4712 4905
f 4905 4906 4713
f 4714 4713 4906
f 4906 4907 4714
f 4715 4714 4907
f 4907 4908 4715
f 4716 4715 4908
f 4908 4909 4716
f 4717 4716 4909
f 4909 4910 4717
f 4718 4717 4910
f 4910 4911 4718
f 4719 4718 4911
f 4911 4912 4719
f 4720 4719 4912
f 4912 4913 4720
f 4721 4720 4913
f 4913 4914 4721
f 4722 4721 4914
f 4914 4915 4722
f 4723 4722 4915
f 4915 4916 4723
f 4724 4723 4916
f 4916 4917 4724
f 4725 4724 4917
f 4917 4918 4725
f 4726 4725 4918
f 4918 4919 4726
f 4727 4726 4919
f 4919 4920 4727
f 4728 4727 4920
f 4920 4921 4728
f 4729 4728 4921
f 4921 4922 4729
f 4730 4729 4922
f 4922 4923 4730
f 4798 4730 4923
f 4923 4924 4798
f 4799 4798 4924
f 4924 4925 4799
f 4800 4799 4925
f 4925 4926 4800
f 4801 4800 4926
f 4926 4927 4801
f 4802 4801 4927
f 4927 4928 4802
f 4803 4802 4928
f 4928 4929 4803
f 4731 4803 4929
f 4929 4930 4731
f 4806 4731 4930
f 4930 4931 4806
f 4807 4806 4931
f 4931 4932 4807
f 4758 4807 4932
f 4932 4933 4758
f 4759 4758 4933
f 4933 4934 4759
f 4760 4759 4934
f 4934 4935 4760
f 4761 4760 4935
f 4935 4936 4761
f 4762 4761 4936
f 4936 4937 4762
f 4763 4762 4937
f 4937 4938 4763
f 4764 4763 4938
f 4938 4939 4764
f 4764 4764 4939
f 4939 4939 4764
f 4733 4739 4960
f 4960 4961 4733
f 4734 4733 4961
f 4961 4942 4734
f 4735 4734 4942
f 4942 4943 4735
f 4736 4735 4943
f 4943 4944 4736
f 4737 4736 4944
f 4944 4945 4737
f 4813 4737 4945
f 4945 4946 4813
f 4814 4813 4946
f 4946 4827 4814
f 4815 4814 4827
f 4827 4828 4815
f 4816 4815 4828
f 4828 4829 4816
f 4817 4816 4829
f 4829 4956 4817
f 4818 4817 4956
f 4956 4957 4818
f 4819 4818 4957
f 4957 4958 4819
f 4738 4819 4958
f 4958 4959 4738
f 4739 4738 4959
f 4959 4960 4739
f 4739 4739 4960
f 4960 4960 4739
f 4967 4966 5001
f 4967 5001 4963
f 4963 5001 5002
f 4999 5000 4964
f 4964 5000 4965
f 4965 5000 4966
f 4998 4998 4997
f 4997 4998 4997
f 5024 5023 5023
f 5024 5023 5024
f 5021 5022 5022
f 5022 5022 5023
f 5030 5031 5030
f 5030 5031 5031
f 5032 5033 5032
f 5036 5037 5037
f 5036 5037 5036
f 5043 5044 5043
f 5043 5044 5044
f 5064 5064 5063
f 5062 5063 5063
f 5062 5063 5062
f 5063 5063 5064
f 5068 4969 4968
f 5068 4968 5067
f 5069 5069 5070
f 5071 5072 5071
f 5071 5072 5072
f 5072 5072 5073
f 5073 5072 5073
f 5073 5073 5074
f 5073 5074 5074
f 5074 5074 5075
f 5074 5075 5075
f 5077 5078 5077
f 5077 5078 5078
f 4971 4972 5003
f 4973 4993 4972
f 4994 4993 4973
f 4974 4994 4973
f 4997 4977 4978
f 4976 4977 4997
f 4996 4976 4997
f 4975 4976 4996
f 4995 4975 4996
f 4974 4975 4995
f 4994 4974 4995
f 4998 4999 4999
f 4998 4998 4999
f 5025 5024 4979
f 4980 5027 5026
f 4981 5027 4980
f 5028 5027 4981
f 4982 5030 5029
f 4983 5032 5031
f 5034 5035 5034
f 5035 5035 5034
f 5036 5035 5035
f 5036 5035 5036
f 4984 5038 5037
f 4985 5040 5039
f 4986 5040 4985
f 4987 5040 4986
f 5041 5040 4987
f 4988 5041 4987
f 5042 5041 4988
f 5043 5042 4988
f 4989 5045 5044
f 5066 5067 5067
f 5064 5065 5064
f 5065 5065 5064
f 5066 5065 5065
f 5066 5066 5065
f 5067 5066 5066
f 5069 5068 5069
f 5068 5068 5069
f 5071 5071 5070
f 4990 5076 5075
f 4991 5076 4990
f 5077 5076 4991
f 5082 5082 5058
f 5058 5082 5058
f 5081 5082 5081
f 4886 4885 4967
f 4967 4963 4886
f 4888 4886 4963
f 4963 5003 4888
f 4830 4888 5003
f 5003 4993 4830
f 4831 4830 4993
f 4993 4994 4831
f 4832 4831 4994
f 4994 4995 4832
f 4833 4832 4995
f 4995 4996 4833
f 4894 4833 4996
f 4996 4997 4894
f 4895 4894 4997
f 4997 4998 4895
f 4882 4895 4998
f 4998 4964 4882
f 4883 4882 4964
f 4964 4965 4883
f 4884 4883 4965
f 4965 4966 4884
f 4885 4884 4966
f 4966 4967 4885
f 4885 4885 4967
f 4967 4967 4885
f 4835 4872 5055
f 5055 5056 4835
f 4836 4835 5056
f 5056 5005 4836
f 4837 4836 5005
f 5005 5006 4837
f 4838 4837 5006
f 5006 5007 4838
f 4839 4838 5007
f 5007 5008 4839
f 4840 4839 5008
f 5008 5009 4840
f 4841 4840 5009
f 5009 5010 4841
f 4842 4841 5010
f 5010 5011 4842
f 4843 4842 5011
f 5011 5012 4843
f 4844 4843 5012
f 5012 5013 4844
f 4845 4844 5013
f 5013 5014 4845
f 4846 4845 5014
f 5014 5015 4846
f 4847 4846 5015
f 5015 5016 4847
f 4848 4847 5016
f 5016 5017 4848
f 4849 4848 5017
f 5017 5018 4849
f 4850 4849 5018
f 5018 5019 4850
f 4851 4850 5019
f 5019 5020 4851
f 4852 4851 5020
f 5020 5021 4852
f 4853 4852 5021
f 5021 5022 4853
f 4854 4853 5022
f 5022 5023 4854
f 4855 4854 5023
f 5023 5024 4855
f 4906 4855 5024
f 5024 5025 4906
f 4907 4906 5025
f 5025 5026 4907
f 4908 4907 5026
f 5026 5027 4908
f 4909 4908 5027
f 5027 5028 4909
f 4910 4909 5028
f 5028 5029 4910
f 4911 4910 5029
f 5029 5030 4911
f 4912 4911 5030
f 5030 5031 4912
f 4856 4912 5031
f 5031 5032 4856
f 4857 4856 5032
f 5032 5033 4857
f 4858 4857 5033
f 5033 5034 4858
f 4859 4858 5034
f 5034 5035 4859
f 4860 4859 5035
f 5035 5036 4860
f 4861 4860 5036
f 5036 5037 4861
f 4916 4861 5037
f 5037 5038 4916
f 4917 4916 5038
f 5038 5039 4917
f 4918 4917 5039
f 5039 5040 4918
f 4919 4918 5040
f 5040 5041 4919
f 4920 4919 5041
f 5041 5042 4920
f 4921 4920 5042
f 5042 5043 4921
f 4922 4921 5043
f 5043 5044 4922
f 4862 4922 5044
f 5044 5045 4862
f 4863 4862 5045
f 5045 5046 4863
f 4864 4863 5046
f 5046 5047 4864
f 4865 4864 5047
f 5047 5048 4865
f 4866 4865 5048
f 5048 5049 4866
f 4867 4866 5049
f 5049 5050 4867
f 4868 4867 5050
f 5050 5051 4868
f 4869 4868 5051
f 5051 5052 4869
f 4870 4869 5052
f 5052 5053 4870
f 4871 4870 5053
f 5053 5054 4871
f 4872 4871 5054
f 5054 5055 4872
f 4872 4872 5055
f 5055 5055 4872
f 4874 4880 5081
f 5081 5082 4874
f 4875 4874 5082
f 5082 5058 4875
f 4945 4875 5058
f 5058 5060 4945
f 4946 4945 5060
f 5060 5062 4946
f 4947 4946 5062
f 5062 5063 4947
f 4948 4947 5063
f 5063 5064 4948
f 4949 4948 5064
f 5064 5065 4949
f 4950 4949 5065
f 5065 5066 4950
f 4951 4950 5066
f 5066 4968 4951
f 4952 4951 4968
f 4968 4969 4952
f 4953 4952 4969
f 4969 5069 4953
f 4954 4953 5069
f 5069 5071 4954
f 4955 4954 5071
f 5071 5072 4955
f 4956 4955 5072
f 5072 5073 4956
f 4957 4956 5073
f 5073 5074 4957
f 4958 4957 5074
f 5074 5075 4958
f 4959 4958 5075
f 5075 5076 4959
f 4876 4959 5076
f 5076 5077 4876
f 4877 4876 5077
f 5077 5078 4877
f 4878 4877 5078
f 5078 5079 4878
f 4879 4878 5079
f 5079 5080 4879
f 4880 4879 5080
f 5080 5081 4880
f 4880 4880 5081
f 5081 5081 4880
f 5162 5147 5083
f 5083 5147 5084
f 5084 5147 5085
f 5086 5150 5151
f 5086 5151 5152
f 5152 5153 5153
f 5157 5158 5157
f 5165 5165 5164
f 5165 5164 5164
f 5176 5177 5177
f 5176 5177 5176
f 5184 5185 5184
f 5184 5185 5185
f 5185 5185 5186
f 5205 5205 5204
f 5089 5088 5212
f 5089 5212 5090
f 5090 5212 5091
f 5091 5212 5092
f 5092 5212 5213
f 5092 5213 5093
f 5093 5213 5094
f 5211 5088 5087
f 5218 5219 5219
f 5222 5222 5221
f 5220 5221 5221
f 5222 5221 5221
f 5154 5154 5153
f 5155 5154 5154
f 5096 5156 5095
f 5156 5096 5157
f 5161 5160 5161
f 5162 5161 5161
f 5148 5148 5149
f 5169 5101 5170
f 5139 5166 5165
f 5140 5166 5139
f 5099 5166 5140
f 5167 5166 5099
f 5100 5167 5099
f 5168 5167 5100
f 5101 5168 5100
f 5169 5168 5101
f 5173 5103 5104
f 5174 5173 5104
f 5105 5174 5104
f 5106 5174 5105
f 5175 5174 5106
f 5107 5175 5106
f 5176 5176 5175
f 5102 5172 5171
f 5173 5172 5102
f 5103 5173 5102
f 5109 5178 5177
f 5108 5109 5177
f 5110 5178 5109
f 5111 5178 5110
f 5179 5178 5111
f 5112 5179 5111
f 5180 5179 5112
f 5113 5180 5112
f 5181 5180 5113
f 5114 5181 5113
f 5115 5181 5114
f 5182 5181 5115
f 5116 5182 5115
f 5183 5182 5116
f 5117 5183 5116
f 5118 5183 5117
f 5184 5183 5118
f 5201 5133 5202
f 5186 5187 5186
f 5120 5188 5187
f 5119 5120 5187
f 5121 5188 5120
f 5200 5132 5133
f 5201 5200 5133
f 5128 5196 5195
f 5127 5128 5195
f 5126 5127 5195
f 5194 5126 5195
f 5124 5190 5189
f 5123 5124 5189
f 5122 5123 5189
f 5188 5122 5189
f 5121 5122 5188
f 5191 5190 5124
f 5125 5193 5192
f 5194 5193 5125
f 5126 5194 5125
f 5197 5196 5128
f 5129 5197 5128
f 5198 5197 5129
f 5130 5198 5129
f 5131 5198 5130
f 5199 5198 5131
f 5132 5199 5131
f 5200 5199 5132
f 5203 5134 5204
f 5208 5138 5164
f 5135 5206 5205
f 5207 5206 5135
f 5136 5207 5135
f 5137 5207 5136
f 5208 5207 5137
f 5138 5208 5137
f 5142 5214 5213
f 5145 5142 5213
f 5217 5218 5217
f 5219 5219 5220
f 5143 5223 5222
f 5223 5143 5144
f 5224 5223 5144
f 5210 5211 5211
f 4998 4978 5161
f 5161 5083 4998
f 4999 4998 5083
f 5083 5084 4999
f 5000 4999 5084
f 5084 5085 5000
f 5001 5000 5085
f 5085 5086 5001
f 5002 5001 5086
f 5086 5153 5002
f 4971 5002 5153
f 5153 5154 4971
f 4972 4971 5154
f 5154 5155 4972
f 4973 4972 5155
f 5155 5156 4973
f 4974 4973 5156
f 5156 5157 4974
f 4975 4974 5157
f 5157 5158 4975
f 4976 4975 5158
f 5158 5159 4976
f 4977 4976 5159
f 5159 5160 4977
f 4978 4977 5160
f 5160 5161 4978
f 4978 4978 5161
f 5161 5161 4978
f 5013 5012 5207
f 5207 5208 5013
f 5014 5013 5208
f 5208 5164 5014
f 5015 5014 5164
f 5164 5165 5015
f 5016 5015 5165
f 5165 5166 5016
f 5017 5016 5166
f 5166 5167 5017
f 5018 5017 5167
f 5167 5168 5018
f 5019 5018 5168
f 5168 5169 5019
f 5020 5019 5169
f 5169 5170 5020
f 5021 5020 5170
f 5170 5171 5021
f 5022 5021 5171
f 5171 5172 5022
f 5023 5022 5172
f 5172 5173 5023
f 4979 5023 5173
f 5173 5174 4979
f 4980 4979 5174
f 5174 5175 4980
f 4981 4980 5175
f 5175 5176 4981
f 4982 4981 5176
f 5176 5177 4982
f 4983 4982 5177
f 5177 5178 4983
f 5033 4983 5178
f 5178 5179 5033
f 5034 5033 5179
f 5179 5180 5034
f 5035 5034 5180
f 5180 5181 5035
f 5036 5035 5181
f 5181 5182 5036
f 4984 5036 5182
f 5182 5183 4984
f 4985 4984 5183
f 5183 5184 4985
f 4986 4985 5184
f 5184 5185 4986
f 4987 4986 5185
f 5185 5186 4987
f 4988 4987 5186
f 5186 5187 4988
f 4989 4988 5187
f 5187 5188 4989
f 5046 4989 5188
f 5188 5189 5046
f 5047 5046 5189
f 5189 5190 5047
f 5048 5047 5190
f 5190 5191 5048
f 5049 5048 5191
f 5191 5192 5049
f 5050 5049 5192
f 5192 5193 5050
f 5051 5050 5193
f 5193 5194 5051
f 5052 5051 5194
f 5194 5195 5052
f 5053 5052 5195
f 5195 5196 5053
f 5054 5053 5196
f 5196 5197 5054
f 5055 5054 5197
f 5197 5198 5055
f 5056 5055 5198
f 5198 5199 5056
f 5005 5056 5199
f 5199 5200 5005
f 5006 5005 5200
f 5200 5201 5006
f 5007 5006 5201
f 5201 5202 5007
f 5008 5007 5202
f 5202 5203 5008
f 5009 5008 5203
f 5203 5204 5009
f 5010 5009 5204
f 5204 5205 5010
f 5011 5010 5205
f 5205 5206 5011
f 5012 5011 5206
f 5206 5207 5012
f 5012 5012 5207
f 5207 5207 5012
f 5065 5064 5226
f 5226 5227 5065
f 5066 5065 5227
f 5227 5210 5066
f 5067 5066 5210
f 5210 5087 5067
f 5068 5067 5087
f 5087 5088 5068
f 5069 5068 5088
f 5088 5089 5069
f 5071 5069 5089
f 5089 5090 5071
f 5072 5071 5090
f 5090 5091 5072
f 5073 5072 5091
f 5091 5092 5073
f 5074 5073 5092
f 5092 5093 5074
f 4990 5074 5093
f 5093 5094 4990
f 4991 4990 5094
f 5094 5214 4991
f 5078 4991 5214
f 5214 5215 5078
f 5079 5078 5215
f 5215 5216 5079
f 5080 5079 5216
f 5216 5217 5080
f 5081 5080 5217
f 5217 5219 5081
f 5082 5081 5219
f 5219 5221 5082
f 5058 5082 5221
f 5221 5222 5058
f 5060 5058 5222
f 5222 5223 5060
f 5062 5060 5223
f 5223 5224 5062
f 5063 5062 5224
f 5224 5225 5063
f 5064 5063 5225
f 5225 5226 5064
f 5064 5064 5226
f 5226 5226 5064
f 5270 5270 5269
f 5270 5269 5269
f 5230 5229 5275
f 5230 5275 5231
f 5231 5275 5276
f 5276 5277 5277
f 5271 5272 5271
f 5272 5273 5228
f 5228 5273 5274
f 5228 5274 5229
f 5229 5274 5275
f 5319 5320 5320
f 5319 5320 5319
f 5320 5320 5321
f 5321 5320 5321
f 5321 5321 5322
f 5321 5322 5322
f 5322 5322 5323
f 5323 5322 5323
f 5323 5323 5324
f 5324 5323 5324
f 5324 5324 5325
f 5285 5284 5284
f 5285 5284 5285
f 5285 5285 5286
f 5286 5285 5286
f 5283 5284 5283
f 5283 5284 5284
f 5288 5289 5288
f 5288 5289 5289
f 5290 5291 5291
f 5290 5291 5290
f 5293 5294 5294
f 5293 5294 5293
f 5295 5296 5295
f 5295 5296 5296
f 5298 5299 5299
f 5298 5299 5298
f 5302 5303 5302
f 5302 5303 5303
f 5305 5306 5305
f 5310 5310 5309
f 5311 5312 5311
f 5315 5314 5314
f 5313 5314 5314
f 5313 5314 5313
f 5313 5313 5312
f 5313 5312 5312
f 5312 5312 5311
f 5317 5317 5316
f 5317 5316 5316
f 5338 5233 5240
f 5331 5331 5330
f 5331 5330 5330
f 5234 5333 5235
f 5235 5333 5236
f 5236 5333 5334
f 5236 5334 5237
f 5237 5334 5238
f 5238 5334 5239
f 5277 5278 5277
f 5247 5279 5278
f 5242 5279 5247
f 5243 5279 5242
f 5244 5280 5243
f 5268 5246 5269
f 5245 5246 5268
f 5267 5244 5245
f 5280 5244 5267
f 5270 5271 5271
f 5270 5271 5270
f 5315 5316 5316
f 5315 5316 5315
f 5252 5253 5319
f 5318 5252 5319
f 5249 5318 5317
f 5248 5249 5317
f 5318 5249 5250
f 5251 5318 5250
f 5252 5318 5251
f 5256 5257 5283
f 5255 5256 5283
f 5282 5255 5283
f 5325 5326 5325
f 5282 5326 5326
f 5254 5255 5282
f 5286 5287 5286
f 5287 5287 5286
f 5288 5287 5287
f 5288 5287 5288
f 5259 5290 5289
f 5258 5259 5289
f 5291 5292 5291
f 5292 5292 5291
f 5293 5292 5292
f 5293 5292 5293
f 5296 5297 5296
f 5297 5297 5296
f 5298 5297 5297
f 5298 5297 5298
f 5299 5300 5299
f 5300 5300 5299
f 5301 5301 5300
f 5302 5301 5301
f 5303 5304 5303
f 5304 5304 5303
f 5305 5304 5304
f 5304 5305 5305
f 5262 5309 5308
f 5261 5262 5308
f 5260 5261 5308
f 5262 5263 5309
f 5310 5311 5311
f 5310 5311 5310
f 5264 5265 5333
f 5332 5264 5333
f 5331 5332 5331
f 5095 5154 5279
f 5279 5280 5095
f 5096 5095 5280
f 5280 5267 5096
f 5097 5096 5267
f 5267 5268 5097
f 5160 5097 5268
f 5268 5269 5160
f 5161 5160 5269
f 5269 5270 5161
f 5162 5161 5270
f 5270 5271 5162
f 5147 5162 5271
f 5271 5228 5147
f 5148 5147 5228
f 5228 5229 5148
f 5150 5148 5229
f 5229 5230 5150
f 5151 5150 5230
f 5230 5231 5151
f 5152 5151 5231
f 5231 5277 5152
f 5153 5152 5277
f 5277 5278 5153
f 5154 5153 5278
f 5278 5279 5154
f 5154 5154 5279
f 5279 5279 5154
f 5099 5140 5324
f 5324 5325 5099
f 5100 5099 5325
f 5325 5326 5100
f 5101 5100 5326
f 5326 5282 5101
f 5102 5101 5282
f 5282 5283 5102
f 5103 5102 5283
f 5283 5284 5103
f 5104 5103 5284
f 5284 5285 5104
f 5105 5104 5285
f 5285 5286 5105
f 5106 5105 5286
f 5286 5287 5106
f 5107 5106 5287
f 5287 5288 5107
f 5176 5107 5288
f 5288 5289 5176
f 5108 5176 5289
f 5289 5290 5108
f 5109 5108 5290
f 5290 5291 5109
f 5110 5109 5291
f 5291 5292 5110
f 5111 5110 5292
f 5292 5293 5111
f 5112 5111 5293
f 5293 5294 5112
f 5113 5112 5294
f 5294 5295 5113
f 5114 5113 5295
f 5295 5296 5114
f 5115 5114 5296
f 5296 5297 5115
f 5116 5115 5297
f 5297 5298 5116
f 5117 5116 5298
f 5298 5299 5117
f 5118 5117 5299
f 5299 5300 5118
f 5185 5118 5300
f 5300 5301 5185
f 5186 5185 5301
f 5301 5302 5186
f 5119 5186 5302
f 5302 5303 5119
f 5120 5119 5303
f 5303 5304 5120
f 5121 5120 5304
f 5304 5305 5121
f 5122 5121 5305
f 5305 5306 5122
f 5123 5122 5306
f 5306 5307 5123
f 5124 5123 5307
f 5307 5308 5124
f 5125 5124 5308
f 5308 5309 5125
f 5126 5125 5309
f 5309 5310 5126
f 5127 5126 5310
f 5310 5311 5127
f 5128 5127 5311
f 5311 5312 5128
f 5129 5128 5312
f 5312 5313 5129
f 5130 5129 5313
f 5313 5314 5130
f 5131 5130 5314
f 5314 5315 5131
f 5132 5131 5315
f 5315 5316 5132
f 5133 5132 5316
f 5316 5317 5133
f 5134 5133 5317
f 5317 5318 5134
f 5135 5134 5318
f 5318 5319 5135
f 5136 5135 5319
f 5319 5320 5136
f 5137 5136 5320
f 5320 5321 5137
f 5138 5137 5321
f 5321 5322 5138
f 5139 5138 5322
f 5322 5323 5139
f 5140 5139 5323
f 5323 5324 5140
f 5140 5140 5324
f 5324 5324 5140
f 5142 5145 5240
f 5240 5233 5142
f 5215 5142 5233
f 5233 5340 5215
f 5216 5215 5340
f 5340 5341 5216
f 5217 5216 5341
f 5341 5328 5217
f 5219 5217 5328
f 5328 5330 5219
f 5221 5219 5330
f 5330 5331 5221
f 5143 5221 5331
f 5331 5332 5143
f 5144 5143 5332
f 5332 5234 5144
f 5225 5144 5234
f 5234 5235 5225
f 5226 5225 5235
f 5235 5236 5226
f 5227 5226 5236
f 5236 5237 5227
f 5210 5227 5237
f 5237 5238 5210
f 5211 5210 5238
f 5238 5239 5211
f 5212 5211 5239
f 5239 5337 5212
f 5145 5212 5337
f 5337 5240 5145
f 5145 5145 5240
f 5240 5240 5145
f 5422 5343 5342
f 5422 5342 5421
f 5344 5424 5425
f 5344 5425 5345
f 5487 5347 5346
f 5487 5346 5486
f 5418 5353 5419
f 5354 5414 5428
f 5349 5414 5354
f 5418 5352 5353
f 5417 5351 5352
f 5416 5351 5417
f 5350 5351 5416
f 5415 5350 5416
f 5349 5350 5415
f 5414 5349 5415
f 5357 5358 5356
f 5441 5361 5442
f 5395 5439 5438
f 5440 5439 5395
f 5360 5440 5395
f 5361 5440 5360
f 5441 5440 5361
f 5443 5362 5444
f 5448 5364 5365
f 5449 5448 5365
f 5450 5449 5365
f 5366 5450 5365
f 5367 5450 5366
f 5451 5450 5367
f 5452 5451 5367
f 5368 5452 5367
f 5369 5452 5368
f 5453 5452 5369
f 5363 5447 5446
f 5448 5447 5363
f 5364 5448 5363
f 5370 5455 5454
f 5371 5455 5370
f 5372 5455 5371
f 5456 5455 5372
f 5457 5456 5372
f 5373 5457 5372
f 5374 5457 5373
f 5458 5457 5374
f 5459 5458 5374
f 5375 5459 5374
f 5460 5459 5375
f 5376 5460 5375
f 5377 5460 5376
f 5461 5460 5377
f 5462 5461 5377
f 5378 5462 5377
f 5379 5462 5378
f 5463 5462 5379
f 5380 5463 5379
f 5464 5463 5380
f 5465 5464 5380
f 5381 5465 5380
f 5382 5465 5381
f 5466 5465 5382
f 5467 5466 5382
f 5383 5467 5382
f 5468 5467 5383
f 5384 5468 5383
f 5469 5468 5384
f 5385 5469 5384
f 5471 5387 5472
f 5385 5470 5469
f 5386 5470 5385
f 5387 5470 5386
f 5471 5470 5387
f 5475 5388 5476
f 5480 5392 5481
f 5389 5478 5477
f 5480 5391 5392
f 5390 5391 5480
f 5479 5390 5480
f 5389 5390 5479
f 5478 5389 5479
f 5430 5393 5431
f 5436 5394 5437
f 5399 5397 5398
f 5401 5402 5403
f 5490 5408 5409
f 5410 5490 5409
f 5411 5490 5410
f 5412 5490 5411
f 5491 5490 5412
f 5405 5491 5412
f 5406 5491 5405
f 5407 5408 5489
f 5242 5247 5427
f 5427 5428 5242
f 5243 5242 5428
f 5428 5414 5243
f 5244 5243 5414
f 5414 5415 5244
f 5245 5244 5415
f 5415 5416 5245
f 5246 5245 5416
f 5416 5417 5246
f 5270 5246 5417
f 5417 5418 5270
f 5271 5270 5418
f 5418 5419 5271
f 5272 5271 5419
f 5419 5420 5272
f 5273 5272 5420
f 5420 5342 5273
f 5274 5273 5342
f 5342 5343 5274
f 5275 5274 5343
f 5343 5344 5275
f 5276 5275 5344
f 5344 5345 5276
f 5277 5276 5345
f 5345 5426 5277
f 5247 5277 5426
f 5426 5427 5247
f 5247 5247 5427
f 5427 5427 5247
f 5315 5314 5480
f 5480 5481 5315
f 5316 5315 5481
f 5481 5430 5316
f 5248 5316 5430
f 5430 5431 5248
f 5249 5248 5431
f 5431 5432 5249
f 5250 5249 5432
f 5432 5433 5250
f 5251 5250 5433
f 5433 5434 5251
f 5252 5251 5434
f 5434 5435 5252
f 5253 5252 5435
f 5435 5436 5253
f 5320 5253 5436
f 5436 5437 5320
f 5321 5320 5437
f 5437 5438 5321
f 5322 5321 5438
f 5438 5439 5322
f 5323 5322 5439
f 5439 5440 5323
f 5324 5323 5440
f 5440 5441 5324
f 5325 5324 5441
f 5441 5442 5325
f 5326 5325 5442
f 5442 5443 5326
f 5254 5326 5443
f 5443 5444 5254
f 5255 5254 5444
f 5444 5445 5255
f 5256 5255 5445
f 5445 5446 5256
f 5257 5256 5446
f 5446 5447 5257
f 5284 5257 5447
f 5447 5448 5284
f 5285 5284 5448
f 5448 5449 5285
f 5286 5285 5449
f 5449 5450 5286
f 5287 5286 5450
f 5450 5451 5287
f 5288 5287 5451
f 5451 5452 5288
f 5258 5288 5452
f 5452 5453 5258
f 5259 5258 5453
f 5453 5454 5259
f 5291 5259 5454
f 5454 5455 5291
f 5292 5291 5455
f 5455 5456 5292
f 5293 5292 5456
f 5456 5457 5293
f 5294 5293 5457
f 5457 5458 5294
f 5295 5294 5458
f 5458 5459 5295
f 5296 5295 5459
f 5459 5460 5296
f 5297 5296 5460
f 5460 5461 5297
f 5298 5297 5461
f 5461 5462 5298
f 5299 5298 5462
f 5462 5463 5299
f 5300 5299 5463
f 5463 5464 5300
f 5301 5300 5464
f 5464 5465 5301
f 5302 5301 5465
f 5465 5466 5302
f 5303 5302 5466
f 5466 5467 5303
f 5304 5303 5467
f 5467 5468 5304
f 5305 5304 5468
f 5468 5469 5305
f 5306 5305 5469
f 5469 5470 5306
f 5307 5306 5470
f 5470 5471 5307
f 5260 5307 5471
f 5471 5472 5260
f 5261 5260 5472
f 5472 5473 5261
f 5262 5261 5473
f 5473 5474 5262
f 5263 5262 5474
f 5474 5475 5263
f 5310 5263 5475
f 5475 5476 5310
f 5311 5310 5476
f 5476 5477 5311
f 5312 5311 5477
f 5477 5478 5312
f 5313 5312 5478
f 5478 5479 5313
f 5314 5313 5479
f 5479 5480 5314
f 5314 5314 5480
f 5480 5480 5314
f 5341 5340 5493
f 5493 5494 5341
f 5328 5341 5494
f 5494 5483 5328
f 5330 5328 5483
f 5483 5484 5330
f 5331 5330 5484
f 5484 5485 5331
f 5264 5331 5485
f 5485 5346 5264
f 5265 5264 5346
f 5346 5347 5265
f 5334 5265 5347
f 5347 5489 5334
f 5337 5334 5489
f 5489 5490 5337
f 5338 5337 5490
f 5490 5491 5338
f 5339 5338 5491
f 5491 5492 5339
f 5340 5339 5492
f 5492 5493 5340
f 5340 5340 5493
f 5493 5493 5340
f 5498 5552 5499
f 5499 5552 5552
f 5548 5549 5495
f 5495 5549 5496
f 5496 5549 5550
f 5496 5550 5497
f 5497 5550 5552
f 5560 5560 5558
f 5560 5558 5558
f 5568 5567 5567
f 5568 5567 5568
f 5566 5567 5567
f 5569 5570 5569
f 5571 5572 5571
f 5571 5572 5572
f 5577 5577 5578
f 5577 5578 5578
f 5578 5578 5579
f 5579 5578 5579
f 5580 5581 5581
f 5580 5581 5580
f 5582 5583 5582
f 5582 5583 5583
f 5583 5583 5584
f 5584 5583 5584
f 5599 5599 5598
f 5599 5598 5598
f 5598 5598 5597
f 5609 5609 5610
f 5610 5609 5610
f 5614 5613 5614
f 5614 5613 5613
f 5634 5635 5634
f 5618 5619 5500
f 5500 5619 5501
f 5501 5619 5620
f 5625 5625 5624
f 5624 5624 5623
f 5631 5631 5632
f 5632 5631 5632
f 5547 5548 5548
f 5560 5559 5554
f 5558 5559 5558
f 5506 5555 5505
f 5545 5503 5504
f 5546 5545 5504
f 5547 5547 5546
f 5548 5547 5547
f 5507 5508 5544
f 5503 5545 5508
f 5543 5506 5507
f 5556 5506 5543
f 5555 5506 5556
f 5531 5600 5599
f 5602 5534 5510
f 5603 5602 5510
f 5511 5603 5510
f 5604 5603 5511
f 5512 5604 5511
f 5513 5604 5512
f 5605 5604 5513
f 5514 5605 5513
f 5515 5605 5514
f 5606 5605 5515
f 5516 5606 5515
f 5614 5562 5607
f 5615 5614 5607
f 5613 5613 5615
f 5517 5562 5614
f 5563 5562 5517
f 5518 5563 5517
f 5519 5563 5518
f 5564 5563 5519
f 5520 5564 5519
f 5521 5564 5520
f 5522 5564 5521
f 5565 5564 5522
f 5533 5601 5600
f 5532 5533 5600
f 5531 5532 5600
f 5534 5601 5533
f 5602 5601 5534
f 5569 5568 5568
f 5569 5568 5569
f 5571 5571 5570
f 5609 5573 5572
f 5611 5573 5609
f 5611 5610 5610
f 5575 5574 5574
f 5575 5574 5575
f 5581 5582 5581
f 5582 5582 5581
f 5584 5585 5584
f 5585 5585 5584
f 5586 5585 5585
f 5586 5586 5585
f 5587 5586 5586
f 5587 5586 5587
f 5588 5587 5587
f 5588 5587 5588
f 5589 5588 5588
f 5589 5588 5589
f 5590 5589 5589
f 5590 5591 5591
f 5590 5590 5589
f 5591 5590 5590
f 5596 5597 5597
f 5523 5593 5592
f 5529 5530 5596
f 5595 5529 5596
f 5528 5529 5595
f 5527 5528 5595
f 5594 5527 5595
f 5526 5527 5594
f 5593 5526 5594
f 5525 5526 5593
f 5524 5525 5593
f 5523 5524 5593
f 5536 5537 5628
f 5541 5536 5628
f 5539 5627 5538
f 5631 5630 5631
f 5632 5633 5632
f 5634 5633 5633
f 5634 5633 5634
f 5636 5636 5635
f 5349 5354 5555
f 5555 5556 5349
f 5350 5349 5556
f 5556 5543 5350
f 5351 5350 5543
f 5543 5544 5351
f 5352 5351 5544
f 5544 5545 5352
f 5353 5352 5545
f 5545 5546 5353
f 5420 5353 5546
f 5546 5547 5420
f 5421 5420 5547
f 5547 5495 5421
f 5422 5421 5495
f 5495 5496 5422
f 5424 5422 5496
f 5496 5497 5424
f 5425 5424 5497
f 5497 5498 5425
f 5426 5425 5498
f 5498 5499 5426
f 5427 5426 5499
f 5499 5554 5427
f 5354 5427 5554
f 5554 5555 5354
f 5354 5354 5555
f 5555 5555 5354
f 5356 5358 5559
f 5559 5560 5356
f 5357 5356 5560
f 5560 5558 5357
f 5358 5357 5558
f 5558 5559 5358
f 5358 5358 5559
f 5559 5559 5358
f 5360 5395 5606
f 5606 5607 5360
f 5361 5360 5607
f 5607 5562 5361
f 5362 5361 5562
f 5562 5563 5362
f 5445 5362 5563
f 5563 5564 5445
f 5363 5445 5564
f 5564 5565 5363
f 5364 5363 5565
f 5565 5567 5364
f 5365 5364 5567
f 5567 5568 5365
f 5366 5365 5568
f 5568 5569 5366
f 5367 5366 5569
f 5569 5571 5367
f 5368 5367 5571
f 5571 5572 5368
f 5369 5368 5572
f 5572 5573 5369
f 5370 5369 5573
f 5573 5574 5370
f 5371 5370 5574
f 5574 5575 5371
f 5372 5371 5575
f 5575 5577 5372
f 5373 5372 5577
f 5577 5578 5373
f 5374 5373 5578
f 5578 5579 5374
f 5375 5374 5579
f 5579 5580 5375
f 5376 5375 5580
f 5580 5581 5376
f 5377 5376 5581
f 5581 5582 5377
f 5378 5377 5582
f 5582 5583 5378
f 5379 5378 5583
f 5583 5584 5379
f 5380 5379 5584
f 5584 5585 5380
f 5381 5380 5585
f 5585 5586 5381
f 5382 5381 5586
f 5586 5587 5382
f 5383 5382 5587
f 5587 5588 5383
f 5384 5383 5588
f 5588 5589 5384
f 5385 5384 5589
f 5589 5590 5385
f 5386 5385 5590
f 5590 5591 5386
f 5387 5386 5591
f 5591 5592 5387
f 5473 5387 5592
f 5592 5593 5473
f 5474 5473 5593
f 5593 5594 5474
f 5388 5474 5594
f 5594 5595 5388
f 5389 5388 5595
f 5595 5596 5389
f 5390 5389 5596
f 5596 5597 5390
f 5391 5390 5597
f 5597 5598 5391
f 5392 5391 5598
f 5598 5599 5392
f 5393 5392 5599
f 5599 5600 5393
f 5432 5393 5600
f 5600 5601 5432
f 5433 5432 5601
f 5601 5602 5433
f 5434 5433 5602
f 5602 5603 5434
f 5435 5434 5603
f 5603 5604 5435
f 5394 5435 5604
f 5604 5605 5394
f 5395 5394 5605
f 5605 5606 5395
f 5395 5395 5606
f 5606 5606 5395
f 5397 5399 5610
f 5610 5611 5397
f 5398 5397 5611
f 5611 5609 5398
f 5399 5398 5609
f 5609 5610 5399
f 5399 5399 5610
f 5610 5610 5399
f 5401 5403 5614
f 5614 5615 5401
f 5402 5401 5615
f 5615 5613 5402
f 5403 5402 5613
f 5613 5614 5403
f 5403 5403 5614
f 5614 5614 5403
f 5405 5412 5634
f 5634 5636 5405
f 5406 5405 5636
f 5636 5500 5406
f 5492 5406 5500
f 5500 5501 5492
f 5493 5492 5501
f 5501 5621 5493
f 5494 5493 5621
f 5621 5622 5494
f 5483 5494 5622
f 5622 5623 5483
f 5484 5483 5623
f 5623 5624 5484
f 5485 5484 5624
f 5624 5625 5485
f 5486 5485 5625
f 5625 5626 5486
f 5487 5486 5626
f 5626 5627 5487
f 5407 5487 5627
f 5627 5628 5407
f 5408 5407 5628
f 5628 5629 5408
f 5409 5408 5629
f 5629 5631 5409
f 5410 5409 5631
f 5631 5632 5410
f 5411 5410 5632
f 5632 5633 5411
f 5412 5411 5633
f 5633 5634 5412
f 5412 5412 5634
f 5634 5634 5412
f 5664 5664 5679
f 5664 5679 5679
f 5668 5638 5637
f 5668 5637 5665
f 5641 5641 5671
f 5641 5671 5672
f 5669 5670 5639
f 5639 5670 5641
f 5641 5670 5671
f 5686 5686 5685
f 5682 5682 5683
f 5682 5683 5683
f 5683 5683 5684
f 5683 5684 5684
f 5684 5684 5685
f 5684 5685 5685
f 5685 5685 5686
f 5705 5706 5706
f 5705 5706 5705
f 5720 5721 5720
f 5721 5721 5720
f 5724 5724 5723
f 5724 5723 5723
f 5727 5727 5726
f 5746 5747 5746
f 5750 5749 5749
f 5754 5643 5753
f 5752 5753 5642
f 5643 5642 5753
f 5645 5675 5674
f 5644 5645 5674
f 5646 5675 5645
f 5678 5649 5679
f 5677 5649 5678
f 5648 5649 5677
f 5676 5648 5677
f 5647 5648 5676
f 5675 5646 5647
f 5664 5665 5665
f 5664 5665 5664
f 5687 5687 5688
f 5687 5687 5686
f 5696 5695 5650
f 5697 5696 5650
f 5651 5697 5650
f 5698 5697 5651
f 5652 5698 5651
f 5653 5698 5652
f 5699 5698 5653
f 5700 5699 5653
f 5654 5700 5653
f 5655 5700 5654
f 5701 5700 5655
f 5702 5701 5655
f 5703 5703 5702
f 5693 5693 5692
f 5694 5693 5693
f 5694 5694 5693
f 5695 5694 5694
f 5704 5705 5704
f 5705 5705 5704
f 5706 5707 5706
f 5656 5708 5707
f 5709 5708 5656
f 5657 5709 5656
f 5710 5709 5657
f 5658 5710 5657
f 5659 5710 5658
f 5711 5710 5659
f 5660 5711 5659
f 5712 5711 5660
f 5661 5712 5660
f 5713 5712 5661
f 5662 5713 5661
f 5714 5662 5715
f 5713 5662 5714
f 5719 5719 5718
f 5719 5720 5720
f 5719 5720 5719
f 5722 5723 5723
f 5721 5722 5721
f 5722 5722 5723
f 5721 5722 5722
f 5725 5725 5726
f 5724 5725 5724
f 5725 5724 5725
f 5730 5731 5731
f 5730 5730 5731
f 5729 5730 5730
f 5729 5729 5730
f 5728 5729 5728
f 5729 5729 5728
f 5732 5681 5681
f 5732 5681 5732
f 5751 5752 5752
f 5751 5751 5750
f 5751 5751 5752
f 5503 5508 5678
f 5678 5679 5503
f 5504 5503 5679
f 5679 5664 5504
f 5547 5504 5664
f 5664 5637 5547
f 5548 5547 5637
f 5637 5638 5548
f 5549 5548 5638
f 5638 5668 5549
f 5550 5549 5668
f 5668 5639 5550
f 5552 5550 5639
f 5639 5641 5552
f 5552 5552 5641
f 5641 5641 5552
f 5553 5552 5641
f 5641 5673 5553
f 5558 5553 5673
f 5673 5674 5558
f 5505 5558 5674
f 5674 5675 5505
f 5506 5505 5675
f 5675 5676 5506
f 5507 5506 5676
f 5676 5677 5507
f 5508 5507 5677
f 5677 5678 5508
f 5508 5508 5678
f 5678 5678 5508
f 5510 5534 5731
f 5731 5732 5510
f 5511 5510 5732
f 5732 5681 5511
f 5512 5511 5681
f 5681 5682 5512
f 5513 5512 5682
f 5682 5683 5513
f 5514 5513 5683
f 5683 5684 5514
f 5515 5514 5684
f 5684 5685 5515
f 5516 5515 5685
f 5685 5686 5516
f 5613 5516 5686
f 5686 5687 5613
f 5517 5613 5687
f 5687 5688 5517
f 5518 5517 5688
f 5688 5689 5518
f 5519 5518 5689
f 5689 5690 5519
f 5520 5519 5690
f 5690 5691 5520
f 5521 5520 5691
f 5691 5692 5521
f 5522 5521 5692
f 5692 5693 5522
f 5567 5522 5693
f 5693 5694 5567
f 5568 5567 5694
f 5694 5695 5568
f 5569 5568 5695
f 5695 5696 5569
f 5571 5569 5696
f 5696 5697 5571
f 5610 5571 5697
f 5697 5698 5610
f 5574 5610 5698
f 5698 5699 5574
f 5575 5574 5699
f 5699 5700 5575
f 5577 5575 5700
f 5700 5701 5577
f 5578 5577 5701
f 5701 5702 5578
f 5579 5578 5702
f 5702 5703 5579
f 5580 5579 5703
f 5703 5704 5580
f 5581 5580 5704
f 5704 5705 5581
f 5582 5581 5705
f 5705 5706 5582
f 5583 5582 5706
f 5706 5707 5583
f 5584 5583 5707
f 5707 5708 5584
f 5585 5584 5708
f 5708 5709 5585
f 5586 5585 5709
f 5709 5710 5586
f 5587 5586 5710
f 5710 5711 5587
f 5588 5587 5711
f 5711 5712 5588
f 5589 5588 5712
f 5712 5713 5589
f 5590 5589 5713
f 5713 5714 5590
f 5591 5590 5714
f 5714 5715 5591
f 5523 5591 5715
f 5715 5716 5523
f 5524 5523 5716
f 5716 5717 5524
f 5525 5524 5717
f 5717 5719 5525
f 5526 5525 5719
f 5719 5720 5526
f 5527 5526 5720
f 5720 5721 5527
f 5528 5527 5721
f 5721 5722 5528
f 5529 5528 5722
f 5722 5723 5529
f 5530 5529 5723
f 5723 5724 5530
f 5597 5530 5724
f 5724 5725 5597
f 5598 5597 5725
f 5725 5727 5598
f 5531 5598 5727
f 5727 5728 5531
f 5532 5531 5728
f 5728 5729 5532
f 5533 5532 5729
f 5729 5730 5533
f 5534 5533 5730
f 5730 5731 5534
f 5534 5534 5731
f 5731 5731 5534
f 5536 5541 5757
f 5757 5758 5536
f 5537 5536 5758
f 5758 5734 5537
f 5629 5537 5734
f 5734 5735 5629
f 5631 5629 5735
f 5735 5736 5631
f 5632 5631 5736
f 5736 5737 5632
f 5633 5632 5737
f 5737 5738 5633
f 5634 5633 5738
f 5738 5739 5634
f 5636 5634 5739
f 5739 5740 5636
f 5618 5636 5740
f 5740 5741 5618
f 5619 5618 5741
f 5741 5742 5619
f 5620 5619 5742
f 5742 5743 5620
f 5621 5620 5743
f 5743 5744 5621
f 5622 5621 5744
f 5744 5745 5622
f 5623 5622 5745
f 5745 5746 5623
f 5624 5623 5746
f 5746 5749 5624
f 5625 5624 5749
f 5749 5751 5625
f 5626 5625 5751
f 5751 5642 5626
f 5538 5626 5642
f 5642 5643 5538
f 5539 5538 5643
f 5643 5755 5539
f 5540 5539 5755
f 5755 5756 5540
f 5541 5540 5756
f 5756 5757 5541
f 5541 5541 5757
f 5757 5757 5541
f 5762 5832 5833
f 5762 5833 5763
f 5763 5833 5834
f 5763 5834 5764
f 5827 5827 5828
f 5827 5828 5828
f 5828 5828 5829
f 5829 5830 5765
f 5765 5830 5765
f 5765 5830 5761
f 5761 5830 5831
f 5836 5821 5821
f 5821 5821 5822
f 5848 5849 5849
f 5849 5849 5850
f 5851 5852 5852
f 5858 5859 5859
f 5858 5859 5858
f 5860 5861 5861
f 5860 5861 5860
f 5862 5863 5862
f 5862 5863 5863
f 5906 5906 5905
f 5903 5904 5903
f 5903 5904 5904
f 5904 5904 5905
f 5904 5905 5905
f 5905 5905 5906
f 5888 5889 5888
f 5888 5889 5889
f 5889 5889 5890
f 5890 5889 5890
f 5893 5894 5893
f 5894 5895 5766
f 5766 5895 5767
f 5767 5895 5768
f 5896 5769 5895
f 5895 5769 5768
f 5901 5901 5900
f 5901 5900 5900
f 5836 5836 5835
f 5822 5823 5822
f 5827 5774 5775
f 5773 5774 5827
f 5826 5773 5827
f 5770 5825 5824
f 5823 5770 5824
f 5771 5825 5770
f 5772 5825 5771
f 5826 5825 5772
f 5773 5826 5772
f 5845 5791 5792
f 5793 5845 5792
f 5846 5845 5793
f 5847 5847 5846
f 5848 5847 5847
f 5863 5864 5863
f 5878 5816 5817
f 5777 5878 5817
f 5879 5878 5777
f 5778 5879 5777
f 5880 5879 5778
f 5779 5880 5778
f 5881 5880 5779
f 5882 5881 5779
f 5780 5882 5779
f 5883 5882 5780
f 5781 5883 5780
f 5782 5883 5781
f 5884 5883 5782
f 5783 5884 5782
f 5885 5884 5783
f 5838 5885 5783
f 5784 5838 5783
f 5785 5838 5784
f 5839 5838 5785
f 5840 5839 5785
f 5786 5840 5785
f 5787 5840 5786
f 5841 5840 5787
f 5788 5841 5787
f 5842 5841 5788
f 5789 5842 5788
f 5843 5842 5789
f 5790 5843 5789
f 5844 5843 5790
f 5791 5844 5790
f 5845 5844 5791
f 5805 5866 5865
f 5804 5805 5865
f 5803 5804 5865
f 5802 5803 5865
f 5864 5802 5865
f 5867 5866 5805
f 5806 5867 5805
f 5868 5867 5806
f 5807 5868 5806
f 5869 5868 5807
f 5808 5869 5807
f 5870 5869 5808
f 5809 5870 5808
f 5871 5870 5809
f 5810 5871 5809
f 5872 5871 5810
f 5811 5872 5810
f 5812 5872 5811
f 5873 5872 5812
f 5874 5873 5812
f 5813 5874 5812
f 5814 5874 5813
f 5875 5874 5814
f 5876 5875 5814
f 5815 5876 5814
f 5877 5876 5815
f 5816 5877 5815
f 5878 5877 5816
f 5852 5853 5852
f 5794 5854 5853
f 5795 5854 5794
f 5796 5854 5795
f 5855 5854 5796
f 5797 5855 5796
f 5798 5855 5797
f 5856 5855 5798
f 5857 5856 5798
f 5799 5857 5798
f 5800 5857 5799
f 5801 5857 5800
f 5858 5857 5801
f 5859 5860 5859
f 5860 5860 5859
f 5861 5862 5861
f 5862 5862 5861
f 5907 5818 5819
f 5887 5907 5819
f 5888 5888 5887
f 5891 5891 5890
f 5892 5892 5891
f 5893 5892 5892
f 5896 5897 5896
f 5899 5899 5900
f 5897 5898 5897
f 5896 5897 5897
f 5899 5898 5898
f 5899 5899 5898
f 5902 5903 5903
f 5902 5902 5901
f 5903 5902 5902
f 5668 5668 5765
f 5765 5765 5668
f 5669 5668 5765
f 5765 5761 5669
f 5670 5669 5761
f 5761 5762 5670
f 5671 5670 5762
f 5762 5763 5671
f 5672 5671 5763
f 5763 5764 5672
f 5673 5672 5764
f 5764 5836 5673
f 5644 5673 5836
f 5836 5821 5644
f 5645 5644 5821
f 5821 5822 5645
f 5646 5645 5822
f 5822 5823 5646
f 5647 5646 5823
f 5823 5824 5647
f 5648 5647 5824
f 5824 5825 5648
f 5649 5648 5825
f 5825 5826 5649
f 5664 5649 5826
f 5826 5827 5664
f 5665 5664 5827
f 5827 5828 5665
f 5668 5665 5828
f 5828 5765 5668
f 5668 5668 5765
f 5765 5765 5668
f 5686 5685 5884
f 5884 5885 5686
f 5687 5686 5885
f 5885 5838 5687
f 5688 5687 5838
f 5838 5839 5688
f 5689 5688 5839
f 5839 5840 5689
f 5690 5689 5840
f 5840 5841 5690
f 5691 5690 5841
f 5841 5842 5691
f 5692 5691 5842
f 5842 5843 5692
f 5693 5692 5843
f 5843 5844 5693
f 5694 5693 5844
f 5844 5845 5694
f 5650 5694 5845
f 5845 5846 5650
f 5651 5650 5846
f 5846 5847 5651
f 5652 5651 5847
f 5847 5849 5652
f 5653 5652 5849
f 5849 5850 5653
f 5654 5653 5850
f 5850 5852 5654
f 5655 5654 5852
f 5852 5853 5655
f 5703 5655 5853
f 5853 5854 5703
f 5704 5703 5854
f 5854 5855 5704
f 5705 5704 5855
f 5855 5856 5705
f 5706 5705 5856
f 5856 5857 5706
f 5656 5706 5857
f 5857 5858 5656
f 5657 5656 5858
f 5858 5859 5657
f 5658 5657 5859
f 5859 5860 5658
f 5659 5658 5860
f 5860 5861 5659
f 5660 5659 5861
f 5861 5862 5660
f 5661 5660 5862
f 5862 5863 5661
f 5662 5661 5863
f 5863 5864 5662
f 5716 5662 5864
f 5864 5865 5716
f 5717 5716 5865
f 5865 5866 5717
f 5719 5717 5866
f 5866 5867 5719
f 5720 5719 5867
f 5867 5868 5720
f 5721 5720 5868
f 5868 5869 5721
f 5722 5721 5869
f 5869 5870 5722
f 5723 5722 5870
f 5870 5871 5723
f 5724 5723 5871
f 5871 5872 5724
f 5725 5724 5872
f 5872 5873 5725
f 5727 5725 5873
f 5873 5874 5727
f 5728 5727 5874
f 5874 5875 5728
f 5729 5728 5875
f 5875 5876 5729
f 5730 5729 5876
f 5876 5877 5730
f 5731 5730 5877
f 5877 5878 5731
f 5732 5731 5878
f 5878 5879 5732
f 5681 5732 5879
f 5879 5880 5681
f 5682 5681 5880
f 5880 5881 5682
f 5683 5682 5881
f 5881 5882 5683
f 5684 5683 5882
f 5882 5883 5684
f 5685 5684 5883
f 5883 5884 5685
f 5685 5685 5884
f 5884 5884 5685
f 5757 5756 5903
f 5903 5904 5757
f 5758 5757 5904
f 5904 5905 5758
f 5734 5758 5905
f 5905 5906 5734
f 5735 5734 5906
f 5906 5907 5735
f 5736 5735 5907
f 5907 5887 5736
f 5737 5736 5887
f 5887 5888 5737
f 5738 5737 5888
f 5888 5889 5738
f 5739 5738 5889
f 5889 5890 5739
f 5740 5739 5890
f 5890 5891 5740
f 5741 5740 5891
f 5891 5892 5741
f 5742 5741 5892
f 5892 5893 5742
f 5743 5742 5893
f 5893 5766 5743
f 5744 5743 5766
f 5766 5767 5744
f 5745 5744 5767
f 5767 5768 5745
f 5746 5745 5768
f 5768 5769 5746
f 5749 5746 5769
f 5769 5897 5749
f 5751 5749 5897
f 5897 5898 5751
f 5752 5751 5898
f 5898 5899 5752
f 5753 5752 5899
f 5899 5900 5753
f 5754 5753 5900
f 5900 5901 5754
f 5755 5754 5901
f 5901 5902 5755
f 5756 5755 5902
f 5902 5903 5756
f 5756 5756 5903
f 5903 5903 5756
f 5931 5910 5930
f 5945 5929 5908
f 5908 5929 5909
f 5909 5929 5930
f 5909 5930 5910
f 6005 6006 5912
f 6005 5912 5911
f 6012 5917 6011
f 6008 6009 5913
f 5917 5916 6011
f 6011 5916 5915
f 6011 5915 6010
f 6009 6010 5914
f 6009 5914 5913
f 5914 6010 5915
f 5919 5936 5935
f 5918 5919 5935
f 5920 5936 5919
f 5940 5924 5941
f 5920 5937 5936
f 5921 5937 5920
f 5938 5937 5921
f 5922 5938 5921
f 5923 5938 5922
f 5939 5938 5923
f 5924 5939 5923
f 5940 5939 5924
f 5998 5926 5927
f 5999 5998 5927
f 6000 5999 5927
f 5925 5998 6018
f 5926 5998 5925
f 5830 5829 5944
f 5944 5908 5830
f 5831 5830 5908
f 5908 5909 5831
f 5832 5831 5909
f 5909 5910 5832
f 5833 5832 5910
f 5910 5932 5833
f 5834 5833 5932
f 5932 5933 5834
f 5836 5834 5933
f 5933 5934 5836
f 5821 5836 5934
f 5934 5935 5821
f 5822 5821 5935
f 5935 5936 5822
f 5770 5822 5936
f 5936 5937 5770
f 5771 5770 5937
f 5937 5938 5771
f 5772 5771 5938
f 5938 5939 5772
f 5773 5772 5939
f 5939 5940 5773
f 5774 5773 5940
f 5940 5941 5774
f 5775 5774 5941
f 5941 5942 5775
f 5828 5775 5942
f 5942 5943 5828
f 5829 5828 5943
f 5943 5944 5829
f 5829 5829 5944
f 5944 5944 5829
f 5777 5817 5995
f 5995 5996 5777
f 5778 5777 5996
f 5996 5947 5778
f 5779 5778 5947
f 5947 5948 5779
f 5780 5779 5948
f 5948 5949 5780
f 5781 5780 5949
f 5949 5950 5781
f 5782 5781 5950
f 5950 5951 5782
f 5783 5782 5951
f 5951 5952 5783
f 5784 5783 5952
f 5952 5953 5784
f 5785 5784 5953
f 5953 5954 5785
f 5786 5785 5954
f 5954 5955 5786
f 5787 5786 5955
f 5955 5956 5787
f 5788 5787 5956
f 5956 5957 5788
f 5789 5788 5957
f 5957 5958 5789
f 5790 5789 5958
f 5958 5959 5790
f 5791 5790 5959
f 5959 5960 5791
f 5792 5791 5960
f 5960 5961 5792
f 5793 5792 5961
f 5961 5962 5793
f 5847 5793 5962
f 5962 5963 5847
f 5849 5847 5963
f 5963 5964 5849
f 5850 5849 5964
f 5964 5965 5850
f 5852 5850 5965
f 5965 5966 5852
f 5794 5852 5966
f 5966 5967 5794
f 5795 5794 5967
f 5967 5968 5795
f 5796 5795 5968
f 5968 5969 5796
f 5797 5796 5969
f 5969 5970 5797
f 5798 5797 5970
f 5970 5971 5798
f 5799 5798 5971
f 5971 5972 5799
f 5800 5799 5972
f 5972 5973 5800
f 5801 5800 5973
f 5973 5974 5801
f 5859 5801 5974
f 5974 5975 5859
f 5860 5859 5975
f 5975 5976 5860
f 5861 5860 5976
f 5976 5977 5861
f 5862 5861 5977
f 5977 5978 5862
f 5863 5862 5978
f 5978 5979 5863
f 5802 5863 5979
f 5979 5980 5802
f 5803 5802 5980
f 5980 5981 5803
f 5804 5803 5981
f 5981 5982 5804
f 5805 5804 5982
f 5982 5983 5805
f 5806 5805 5983
f 5983 5984 5806
f 5807 5806 5984
f 5984 5985 5807
f 5808 5807 5985
f 5985 5986 5808
f 5809 5808 5986
f 5986 5987 5809
f 5810 5809 5987
f 5987 5988 5810
f 5811 5810 5988
f 5988 5989 5811
f 5812 5811 5989
f 5989 5990 5812
f 5813 5812 5990
f 5990 5991 5813
f 5814 5813 5991
f 5991 5992 5814
f 5815 5814 5992
f 5992 5993 5815
f 5816 5815 5993
f 5993 5994 5816
f 5817 5816 5994
f 5994 5995 5817
f 5817 5817 5995
f 5995 5995 5817
f 5906 5905 6017
f 6017 6018 5906
f 5818 5906 6018
f 6018 5998 5818
f 5819 5818 5998
f 5998 5999 5819
f 5888 5819 5999
f 5999 6000 5888
f 5889 5888 6000
f 6000 6001 5889
f 5890 5889 6001
f 6001 6002 5890
f 5891 5890 6002
f 6002 6003 5891
f 5892 5891 6003
f 6003 6004 5892
f 5893 5892 6004
f 6004 5911 5893
f 5894 5893 5911
f 5911 5912 5894
f 5895 5894 5912
f 5912 6007 5895
f 5896 5895 6007
f 6007 5913 5896
f 5897 5896 5913
f 5913 5914 5897
f 5898 5897 5914
f 5914 5915 5898
f 5899 5898 5915
f 5915 5916 5899
f 5900 5899 5916
f 5916 5917 5900
f 5901 5900 5917
f 5917 6013 5901
f 5902 5901 6013
f 6013 6014 5902
f 5903 5902 6014
f 6014 6015 5903
f 5904 5903 6015
f 6015 6016 5904
f 5905 5904 6016
f 6016 6017 5905
f 5905 5905 6017
f 6017 6017 5905
f 6019 6070 6020
f 6020 6070 6069
f 6020 6069 6069
f 6069 6069 6070
f 6072 6073 6073
f 6072 6073 6072
f 6081 6081 6080
f 6081 6080 6080
f 6136 6136 6135
f 6087 6087 6086
f 6087 6086 6086
f 6090 6090 6089
f 6089 6089 6090
f 6095 6095 6094
f 6093 6094 6093
f 6093 6094 6094
f 6094 6094 6095
f 6128 6128 6127
f 6126 6127 6127
f 6133 6133 6132
f 6133 6132 6132
f 6153 6154 6153
f 6154 6155 6026
f 6026 6155 6023
f 6157 6157 6156
f 6155 6156 6025
f 6155 6025 6024
f 6155 6024 6023
f 6140 6140 6139
f 6143 6143 6142
f 6143 6142 6142
f 6151 6152 6151
f 6151 6152 6152
f 6029 6074 6073
f 6075 6074 6029
f 6030 6075 6029
f 6079 6032 6028
f 6077 6032 6078
f 6031 6032 6077
f 6076 6031 6077
f 6030 6031 6076
f 6075 6030 6076
f 6081 6082 6082
f 6081 6081 6082
f 6071 6072 6071
f 6072 6072 6071
f 6133 6134 6133
f 6134 6133 6134
f 6137 6086 6086
f 6137 6086 6137
f 6087 6088 6088
f 6087 6087 6088
f 6092 6035 6093
f 6033 6091 6090
f 6092 6091 6033
f 6034 6092 6033
f 6035 6092 6034
f 6095 6095 6096
f 6099 6037 6038
f 6100 6099 6038
f 6039 6100 6038
f 6101 6100 6039
f 6102 6101 6039
f 6040 6102 6039
f 6103 6102 6040
f 6041 6103 6040
f 6042 6103 6041
f 6104 6103 6042
f 6043 6104 6042
f 6105 6104 6043
f 6044 6105 6043
f 6106 6105 6044
f 6107 6106 6044
f 6045 6107 6044
f 6108 6107 6045
f 6046 6108 6045
f 6047 6108 6046
f 6109 6108 6047
f 6048 6109 6047
f 6110 6109 6048
f 6049 6110 6048
f 6111 6110 6049
f 6112 6111 6049
f 6050 6112 6049
f 6113 6112 6050
f 6051 6113 6050
f 6052 6113 6051
f 6114 6113 6052
f 6053 6114 6052
f 6115 6114 6053
f 6054 6115 6053
f 6116 6115 6054
f 6055 6116 6054
f 6117 6116 6055
f 6056 6117 6055
f 6057 6117 6056
f 6118 6117 6057
f 6119 6118 6057
f 6058 6119 6057
f 6125 6125 6126
f 6036 6098 6097
f 6099 6098 6036
f 6037 6099 6036
f 6058 6120 6119
f 6059 6120 6058
f 6060 6120 6059
f 6121 6120 6060
f 6122 6121 6060
f 6123 6123 6122
f 6124 6123 6123
f 6124 6123 6124
f 6125 6124 6124
f 6125 6124 6125
f 6131 6064 6132
f 6061 6129 6128
f 6131 6063 6064
f 6130 6063 6131
f 6062 6063 6130
f 6061 6062 6130
f 6129 6061 6130
f 6153 6153 6152
f 6152 6153 6152
f 6158 6158 6139
f 6157 6158 6157
f 6158 6157 6158
f 6141 6140 6141
f 6142 6141 6141
f 6148 6066 6067
f 6149 6148 6067
f 6150 6149 6067
f 6151 6150 6067
f 6143 6144 6143
f 6065 6145 6144
f 6146 6145 6065
f 6147 6146 6065
f 6066 6147 6065
f 6148 6147 6066
f 5930 5929 6083
f 6083 6084 5930
f 5931 5930 6084
f 6084 6069 5931
f 5932 5931 6069
f 6069 6019 5932
f 5933 5932 6019
f 6019 6020 5933
f 5934 5933 6020
f 6020 6021 5934
f 5918 5934 6021
f 6021 6072 5918
f 5919 5918 6072
f 6072 6073 5919
f 5920 5919 6073
f 6073 6074 5920
f 5921 5920 6074
f 6074 6075 5921
f 5922 5921 6075
f 6075 6076 5922
f 5923 5922 6076
f 6076 6077 5923
f 5924 5923 6077
f 6077 6078 5924
f 5942 5924 6078
f 6078 6079 5942
f 5943 5942 6079
f 6079 6080 5943
f 5944 5943 6080
f 6080 6081 5944
f 5945 5944 6081
f 6081 6082 5945
f 5929 5945 6082
f 6082 6083 5929
f 5929 5929 6083
f 6083 6083 5929
f 5996 5995 6136
f 6136 6137 5996
f 5947 5996 6137
f 6137 6086 5947
f 5948 5947 6086
f 6086 6087 5948
f 5949 5948 6087
f 6087 6088 5949
f 5950 5949 6088
f 6088 6089 5950
f 5951 5950 6089
f 6089 6090 5951
f 5952 5951 6090
f 6090 6091 5952
f 5953 5952 6091
f 6091 6092 5953
f 5954 5953 6092
f 6092 6093 5954
f 5955 5954 6093
f 6093 6094 5955
f 5956 5955 6094
f 6094 6095 5956
f 5957 5956 6095
f 6095 6096 5957
f 5958 5957 6096
f 6096 6097 5958
f 5959 5958 6097
f 6097 6098 5959
f 5960 5959 6098
f 6098 6099 5960
f 5961 5960 6099
f 6099 6100 5961
f 5962 5961 6100
f 6100 6101 5962
f 5963 5962 6101
f 6101 6102 5963
f 5964 5963 6102
f 6102 6103 5964
f 5965 5964 6103
f 6103 6104 5965
f 5966 5965 6104
f 6104 6105 5966
f 5967 5966 6105
f 6105 6106 5967
f 5968 5967 6106
f 6106 6107 5968
f 5969 5968 6107
f 6107 6108 5969
f 5970 5969 6108
f 6108 6109 5970
f 5971 5970 6109
f 6109 6110 5971
f 5972 5971 6110
f 6110 6111 5972
f 5973 5972 6111
f 6111 6112 5973
f 5974 5973 6112
f 6112 6113 5974
f 5975 5974 6113
f 6113 6114 5975
f 5976 5975 6114
f 6114 6115 5976
f 5977 5976 6115
f 6115 6116 5977
f 5978 5977 6116
f 6116 6117 5978
f 5979 5978 6117
f 6117 6118 5979
f 5980 5979 6118
f 6118 6119 5980
f 5981 5980 6119
f 6119 6120 5981
f 5982 5981 6120
f 6120 6121 5982
f 5983 5982 6121
f 6121 6122 5983
f 5984 5983 6122
f 6122 6123 5984
f 5985 5984 6123
f 6123 6124 5985
f 5986 5985 6124
f 6124 6125 5986
f 5987 5986 6125
f 6125 6127 5987
f 5988 5987 6127
f 6127 6128 5988
f 5989 5988 6128
f 6128 6129 5989
f 5990 5989 6129
f 6129 6130 5990
f 5991 5990 6130
f 6130 6131 5991
f 5992 5991 6131
f 6131 6132 5992
f 5993 5992 6132
f 6132 6133 5993
f 5994 5993 6133
f 6133 6134 5994
f 5995 5994 6134
f 6134 6136 5995
f 5995 5995 6136
f 6136 6136 5995
f 6007 6006 6026
f 6026 6023 6007
f 6008 6007 6023
f 6023 6024 6008
f 6009 6008 6024
f 6024 6025 6009
f 6010 6009 6025
f 6025 6157 6010
f 6011 6010 6157
f 6157 6158 6011
f 6012 6011 6158
f 6158 6140 6012
f 6013 6012 6140
f 6140 6141 6013
f 6014 6013 6141
f 6141 6142 6014
f 6015 6014 6142
f 6142 6143 6015
f 6016 6015 6143
f 6143 6144 6016
f 6017 6016 6144
f 6144 6145 6017
f 5925 6017 6145
f 6145 6146 5925
f 5926 5925 6146
f 6146 6147 5926
f 5927 5926 6147
f 6147 6148 5927
f 6001 5927 6148
f 6148 6149 6001
f 6002 6001 6149
f 6149 6150 6002
f 6003 6002 6150
f 6150 6151 6003
f 6004 6003 6151
f 6151 6152 6004
f 6005 6004 6152
f 6152 6153 6005
f 6006 6005 6153
f 6153 6026 6006
f 6006 6006 6026
f 6026 6026 6006
f 6225 6224 6160
f 6225 6160 6159
f 6225 6159 6223
f 6160 6224 6161
f 6164 6163 6228
f 6228 6163 6227
f 6228 6229 6229
f 6229 6229 6230
f 6230 6229 6230
f 6226 6227 6162
f 6162 6227 6163
f 6250 6249 6250
f 6250 6249 6249
f 6257 6258 6258
f 6257 6258 6257
f 6259 6260 6260
f 6259 6260 6259
f 6261 6262 6262
f 6261 6262 6261
f 6266 6267 6266
f 6266 6267 6267
f 6267 6267 6268
f 6268 6267 6268
f 6280 6280 6279
f 6279 6280 6279
f 6295 6297 6166
f 6295 6166 6170
f 6297 6297 6298
f 6299 6285 6167
f 6288 6287 6288
f 6288 6288 6289
f 6287 6287 6286
f 6286 6169 6285
f 6285 6169 6168
f 6285 6168 6167
f 6173 6174 6172
f 6176 6231 6230
f 6175 6176 6230
f 6232 6231 6176
f 6177 6232 6176
f 6235 6180 6181
f 6177 6233 6232
f 6178 6233 6177
f 6234 6233 6178
f 6179 6234 6178
f 6180 6234 6179
f 6248 6249 6249
f 6208 6281 6280
f 6283 6185 6186
f 6237 6283 6186
f 6187 6237 6186
f 6238 6237 6187
f 6239 6238 6187
f 6188 6239 6187
f 6240 6239 6188
f 6189 6240 6188
f 6190 6240 6189
f 6241 6240 6190
f 6191 6241 6190
f 6192 6241 6191
f 6242 6241 6192
f 6243 6243 6242
f 6244 6243 6243
f 6193 6245 6244
f 6194 6245 6193
f 6195 6245 6194
f 6246 6245 6195
f 6196 6246 6195
f 6247 6246 6196
f 6197 6247 6196
f 6198 6247 6197
f 6248 6247 6198
f 6184 6282 6281
f 6183 6184 6281
f 6209 6183 6281
f 6208 6209 6281
f 6283 6282 6184
f 6185 6283 6184
f 6251 6250 6250
f 6251 6251 6250
f 6252 6251 6251
f 6199 6253 6252
f 6255 6254 6254
f 6255 6254 6255
f 6256 6255 6255
f 6256 6256 6255
f 6257 6256 6256
f 6257 6256 6257
f 6261 6261 6260
f 6262 6263 6262
f 6263 6263 6262
f 6264 6263 6263
f 6264 6264 6263
f 6265 6264 6264
f 6265 6265 6264
f 6266 6265 6265
f 6266 6265 6266
f 6268 6269 6268
f 6269 6269 6268
f 6270 6269 6269
f 6278 6279 6279
f 6207 6277 6276
f 6206 6207 6276
f 6205 6206 6276
f 6204 6205 6276
f 6275 6204 6276
f 6202 6274 6273
f 6201 6202 6273
f 6200 6201 6273
f 6272 6200 6273
f 6270 6270 6269
f 6271 6270 6270
f 6271 6270 6271
f 6272 6271 6271
f 6203 6274 6202
f 6275 6274 6203
f 6204 6275 6203
f 6278 6278 6277
f 6279 6278 6278
f 6213 6211 6212
f 6290 6214 6291
f 6214 6290 6289
f 6293 6215 6216
f 6217 6293 6216
f 6218 6293 6217
f 6221 6294 6220
f 6028 6032 6234
f 6234 6235 6028
f 6080 6028 6235
f 6235 6159 6080
f 6081 6080 6159
f 6159 6160 6081
f 6082 6081 6160
f 6160 6161 6082
f 6083 6082 6161
f 6161 6225 6083
f 6084 6083 6225
f 6225 6162 6084
f 6069 6084 6162
f 6162 6163 6069
f 6070 6069 6163
f 6163 6164 6070
f 6071 6070 6164
f 6164 6229 6071
f 6072 6071 6229
f 6229 6230 6072
f 6029 6072 6230
f 6230 6231 6029
f 6030 6029 6231
f 6231 6232 6030
f 6031 6030 6232
f 6232 6233 6031
f 6032 6031 6233
f 6233 6234 6032
f 6032 6032 6234
f 6234 6234 6032
f 6136 6134 6282
f 6282 6283 6136
f 6137 6136 6283
f 6283 6237 6137
f 6086 6137 6237
f 6237 6238 6086
f 6087 6086 6238
f 6238 6239 6087
f 6088 6087 6239
f 6239 6240 6088
f 6089 6088 6240
f 6240 6241 6089
f 6033 6089 6241
f 6241 6242 6033
f 6034 6033 6242
f 6242 6243 6034
f 6035 6034 6243
f 6243 6244 6035
f 6094 6035 6244
f 6244 6245 6094
f 6095 6094 6245
f 6245 6246 6095
f 6096 6095 6246
f 6246 6247 6096
f 6036 6096 6247
f 6247 6248 6036
f 6037 6036 6248
f 6248 6249 6037
f 6038 6037 6249
f 6249 6250 6038
f 6039 6038 6250
f 6250 6251 6039
f 6040 6039 6251
f 6251 6252 6040
f 6041 6040 6252
f 6252 6253 6041
f 6042 6041 6253
f 6253 6254 6042
f 6043 6042 6254
f 6254 6255 6043
f 6044 6043 6255
f 6255 6256 6044
f 6045 6044 6256
f 6256 6257 6045
f 6046 6045 6257
f 6257 6258 6046
f 6047 6046 6258
f 6258 6259 6047
f 6048 6047 6259
f 6259 6260 6048
f 6049 6048 6260
f 6260 6261 6049
f 6050 6049 6261
f 6261 6262 6050
f 6051 6050 6262
f 6262 6263 6051
f 6052 6051 6263
f 6263 6264 6052
f 6053 6052 6264
f 6264 6265 6053
f 6054 6053 6265
f 6265 6266 6054
f 6055 6054 6266
f 6266 6267 6055
f 6056 6055 6267
f 6267 6268 6056
f 6057 6056 6268
f 6268 6269 6057
f 6058 6057 6269
f 6269 6270 6058
f 6059 6058 6270
f 6270 6271 6059
f 6060 6059 6271
f 6271 6272 6060
f 6123 6060 6272
f 6272 6273 6123
f 6124 6123 6273
f 6273 6274 6124
f 6125 6124 6274
f 6274 6275 6125
f 6127 6125 6275
f 6275 6276 6127
f 6061 6127 6276
f 6276 6277 6061
f 6062 6061 6277
f 6277 6278 6062
f 6063 6062 6278
f 6278 6279 6063
f 6064 6063 6279
f 6279 6280 6064
f 6133 6064 6280
f 6280 6281 6133
f 6134 6133 6281
f 6281 6282 6134
f 6134 6134 6282
f 6282 6282 6134
f 6154 6153 6170
f 6170 6166 6154
f 6155 6154 6166
f 6166 6298 6155
f 6156 6155 6298
f 6298 6167 6156
f 6157 6156 6167
f 6167 6168 6157
f 6158 6157 6168
f 6168 6169 6158
f 6140 6158 6169
f 6169 6287 6140
f 6141 6140 6287
f 6287 6288 6141
f 6142 6141 6288
f 6288 6289 6142
f 6143 6142 6289
f 6289 6290 6143
f 6065 6143 6290
f 6290 6291 6065
f 6066 6065 6291
f 6291 6292 6066
f 6067 6066 6292
f 6292 6293 6067
f 6152 6067 6293
f 6293 6294 6152
f 6153 6152 6294
f 6294 6170 6153
f 6153 6153 6170
f 6170 6170 6153
f 6335 6335 6333
f 6335 6333 6333
f 6302 6301 6346
f 6302 6346 6347
f 6302 6347 6348
f 6302 6348 6303
f 6303 6348 6349
f 6343 6343 6344
f 6344 6343 6344
f 6344 6344 6345
f 6345 6346 6301
f 6345 6301 6304
f 6304 6301 6305
f 6353 6353 6352
f 6358 6358 6357
f 6356 6357 6356
f 6356 6357 6357
f 6357 6357 6358
f 6360 6360 6359
f 6360 6359 6359
f 6369 6369 6368
f 6368 6369 6368
f 6370 6370 6371
f 6370 6371 6371
f 6371 6371 6372
f 6372 6371 6372
f 6379 6380 6379
f 6379 6380 6380
f 6381 6382 6381
f 6381 6382 6382
f 6382 6382 6383
f 6382 6383 6383
f 6383 6383 6384
f 6384 6383 6384
f 6400 6400 6399
f 6395 6396 6395
f 6400 6399 6399
f 6399 6399 6398
f 6398 6399 6398
f 6398 6398 6397
f 6398 6397 6397
f 6397 6397 6396
f 6396 6397 6396
f 6396 6396 6395
f 6412 6412 6411
f 6411 6307 6306
f 6411 6306 6410
f 6410 6409 6409
f 6416 6417 6416
f 6416 6417 6417
f 6417 6417 6418
f 6418 6417 6418
f 6418 6418 6419
f 6418 6419 6419
f 6419 6419 6420
f 6419 6420 6420
f 6349 6350 6349
f 6350 6350 6349
f 6337 6350 6350
f 6335 6334 6337
f 6333 6334 6333
f 6343 6311 6312
f 6342 6311 6343
f 6341 6311 6342
f 6310 6311 6341
f 6340 6310 6341
f 6309 6310 6340
f 6339 6309 6340
f 6308 6309 6339
f 6338 6308 6339
f 6334 6308 6338
f 6358 6359 6359
f 6358 6359 6358
f 6405 6362 6361
f 6406 6405 6361
f 6407 6407 6406
f 6367 6368 6368
f 6369 6369 6370
f 6370 6369 6370
f 6314 6373 6372
f 6313 6314 6372
f 6374 6374 6373
f 6375 6374 6374
f 6376 6375 6375
f 6376 6376 6375
f 6377 6376 6377
f 6379 6379 6378
f 6378 6379 6378
f 6381 6381 6380
f 6380 6381 6380
f 6315 6385 6384
f 6316 6387 6386
f 6393 6393 6392
f 6394 6395 6395
f 6394 6395 6394
f 6393 6394 6394
f 6393 6394 6393
f 6403 6352 6352
f 6400 6401 6400
f 6403 6403 6352
f 6402 6403 6403
f 6402 6402 6403
f 6401 6402 6402
f 6401 6401 6402
f 6400 6401 6401
f 6355 6356 6356
f 6354 6355 6354
f 6355 6355 6354
f 6356 6355 6355
f 6319 6320 6321
f 6318 6319 6321
f 6414 6328 6329
f 6415 6414 6329
f 6416 6415 6329
f 6323 6412 6322
f 6324 6412 6323
f 6325 6412 6324
f 6413 6412 6325
f 6326 6413 6325
f 6327 6413 6326
f 6328 6413 6327
f 6414 6413 6328
f 6331 6421 6420
f 6330 6331 6420
f 6422 6422 6421
f 6172 6174 6334
f 6334 6335 6172
f 6173 6172 6335
f 6335 6333 6173
f 6174 6173 6333
f 6333 6334 6174
f 6174 6174 6334
f 6334 6334 6174
f 6226 6225 6305
f 6305 6301 6226
f 6227 6226 6301
f 6301 6302 6227
f 6228 6227 6302
f 6302 6303 6228
f 6229 6228 6303
f 6303 6350 6229
f 6175 6229 6350
f 6350 6337 6175
f 6176 6175 6337
f 6337 6338 6176
f 6177 6176 6338
f 6338 6339 6177
f 6178 6177 6339
f 6339 6340 6178
f 6179 6178 6340
f 6340 6341 6179
f 6180 6179 6341
f 6341 6342 6180
f 6181 6180 6342
f 6342 6343 6181
f 6223 6181 6343
f 6343 6344 6223
f 6224 6223 6344
f 6344 6304 6224
f 6225 6224 6304
f 6304 6305 6225
f 6225 6225 6305
f 6305 6305 6225
f 6183 6209 6402
f 6402 6403 6183
f 6184 6183 6403
f 6403 6352 6184
f 6185 6184 6352
f 6352 6353 6185
f 6186 6185 6353
f 6353 6354 6186
f 6187 6186 6354
f 6354 6355 6187
f 6188 6187 6355
f 6355 6356 6188
f 6189 6188 6356
f 6356 6357 6189
f 6190 6189 6357
f 6357 6358 6190
f 6191 6190 6358
f 6358 6359 6191
f 6192 6191 6359
f 6359 6360 6192
f 6243 6192 6360
f 6360 6361 6243
f 6193 6243 6361
f 6361 6362 6193
f 6194 6193 6362
f 6362 6363 6194
f 6195 6194 6363
f 6363 6364 6195
f 6196 6195 6364
f 6364 6365 6196
f 6197 6196 6365
f 6365 6366 6197
f 6198 6197 6366
f 6366 6368 6198
f 6249 6198 6368
f 6368 6369 6249
f 6250 6249 6369
f 6369 6370 6250
f 6251 6250 6370
f 6370 6371 6251
f 6199 6251 6371
f 6371 6372 6199
f 6254 6199 6372
f 6372 6373 6254
f 6255 6254 6373
f 6373 6374 6255
f 6256 6255 6374
f 6374 6375 6256
f 6257 6256 6375
f 6375 6376 6257
f 6258 6257 6376
f 6376 6377 6258
f 6259 6258 6377
f 6377 6378 6259
f 6260 6259 6378
f 6378 6379 6260
f 6261 6260 6379
f 6379 6380 6261
f 6262 6261 6380
f 6380 6381 6262
f 6263 6262 6381
f 6381 6382 6263
f 6264 6263 6382
f 6382 6383 6264
f 6265 6264 6383
f 6383 6384 6265
f 6266 6265 6384
f 6384 6385 6266
f 6267 6266 6385
f 6385 6386 6267
f 6268 6267 6386
f 6386 6387 6268
f 6269 6268 6387
f 6387 6388 6269
f 6270 6269 6388
f 6388 6389 6270
f 6271 6270 6389
f 6389 6390 6271
f 6200 6271 6390
f 6390 6391 6200
f 6201 6200 6391
f 6391 6392 6201
f 6202 6201 6392
f 6392 6393 6202
f 6203 6202 6393
f 6393 6394 6203
f 6204 6203 6394
f 6394 6395 6204
f 6205 6204 6395
f 6395 6396 6205
f 6206 6205 6396
f 6396 6397 6206
f 6207 6206 6397
f 6397 6398 6207
f 6278 6207 6398
f 6398 6399 6278
f 6279 6278 6399
f 6399 6400 6279
f 6208 6279 6400
f 6400 6401 6208
f 6209 6208 6401
f 6401 6402 6209
f 6209 6209 6402
f 6402 6402 6209
f 6211 6213 6406
f 6406 6407 6211
f 6212 6211 6407
f 6407 6405 6212
f 6213 6212 6405
f 6405 6406 6213
f 6213 6213 6406
f 6406 6406 6213
f 6298 6297 6422
f 6422 6423 6298
f 6299 6298 6423
f 6423 6424 6299
f 6285 6299 6424
f 6424 6409 6285
f 6286 6285 6409
f 6409 6306 6286
f 6287 6286 6306
f 6306 6307 6287
f 6288 6287 6307
f 6307 6412 6288
f 6214 6288 6412
f 6412 6413 6214
f 6215 6214 6413
f 6413 6414 6215
f 6216 6215 6414
f 6414 6415 6216
f 6217 6216 6415
f 6415 6416 6217
f 6218 6217 6416
f 6416 6417 6218
f 6219 6218 6417
f 6417 6418 6219
f 6220 6219 6418
f 6418 6419 6220
f 6221 6220 6419
f 6419 6420 6221
f 6295 6221 6420
f 6420 6421 6295
f 6297 6295 6421
f 6421 6422 6297
f 6297 6297 6422
f 6422 6422 6297
f 6489 6488 6488
f 6490 6491 6490
f 6491 6492 6425
f 6492 6493 6426
f 6426 6493 6494
f 6427 6497 6428
f 6428 6497 6496
f 6428 6496 6498
f 6428 6498 6429
f 6496 6497 6496
f 6531 6532 6531
f 6532 6532 6531
f 6533 6534 6533
f 6534 6534 6533
f 6542 6542 6541
f 6541 6542 6541
f 6547 6547 6546
f 6545 6546 6545
f 6545 6546 6546
f 6546 6546 6547
f 6552 6552 6553
f 6553 6552 6553
f 6566 6567 6433
f 6566 6433 6432
f 6433 6567 6434
f 6434 6567 6568
f 6434 6568 6569
f 6434 6569 6435
f 6431 6439 6575
f 6575 6439 6574
f 6569 6570 6435
f 6435 6570 6436
f 6436 6570 6571
f 6436 6571 6437
f 6437 6571 6572
f 6437 6572 6438
f 6438 6572 6573
f 6438 6573 6439
f 6439 6573 6574
f 6445 6446 6499
f 6487 6443 6444
f 6488 6487 6444
f 6486 6443 6487
f 6485 6443 6486
f 6442 6443 6485
f 6441 6442 6485
f 6500 6441 6485
f 6446 6441 6500
f 6489 6490 6490
f 6510 6448 6449
f 6511 6510 6449
f 6450 6511 6449
f 6512 6511 6450
f 6451 6512 6450
f 6513 6512 6451
f 6452 6515 6514
f 6453 6515 6452
f 6454 6515 6453
f 6516 6515 6454
f 6517 6516 6454
f 6455 6517 6454
f 6518 6517 6455
f 6456 6518 6455
f 6519 6518 6456
f 6457 6519 6456
f 6520 6519 6457
f 6458 6520 6457
f 6521 6520 6458
f 6459 6521 6458
f 6460 6521 6459
f 6522 6521 6460
f 6523 6522 6460
f 6461 6523 6460
f 6524 6523 6461
f 6462 6524 6461
f 6463 6524 6462
f 6525 6524 6463
f 6552 6525 6463
f 6551 6525 6552
f 6554 6553 6553
f 6464 6551 6554
f 6526 6551 6464
f 6527 6526 6464
f 6465 6527 6464
f 6528 6527 6465
f 6466 6528 6465
f 6530 6468 6531
f 6447 6509 6508
f 6510 6509 6447
f 6448 6510 6447
f 6551 6526 6525
f 6466 6529 6528
f 6467 6529 6466
f 6468 6529 6467
f 6530 6529 6468
f 6532 6533 6532
f 6540 6472 6541
f 6469 6535 6534
f 6539 6471 6472
f 6540 6539 6472
f 6471 6539 6538
f 6470 6471 6538
f 6537 6470 6538
f 6536 6470 6537
f 6543 6544 6544
f 6473 6543 6542
f 6505 6477 6506
f 6547 6548 6547
f 6474 6549 6548
f 6475 6503 6502
f 6476 6503 6475
f 6504 6503 6476
f 6562 6483 6479
f 6563 6562 6479
f 6564 6563 6479
f 6480 6566 6565
f 6482 6560 6559
f 6561 6560 6482
f 6483 6561 6482
f 6562 6561 6483
f 6481 6576 6575
f 6556 6556 6576
f 6308 6333 6499
f 6499 6500 6308
f 6309 6308 6500
f 6500 6485 6309
f 6310 6309 6485
f 6485 6486 6310
f 6311 6310 6486
f 6486 6487 6311
f 6312 6311 6487
f 6487 6488 6312
f 6344 6312 6488
f 6488 6490 6344
f 6345 6344 6490
f 6490 6425 6345
f 6346 6345 6425
f 6425 6426 6346
f 6347 6346 6426
f 6426 6496 6347
f 6348 6347 6496
f 6496 6427 6348
f 6349 6348 6427
f 6427 6428 6349
f 6350 6349 6428
f 6428 6429 6350
f 6333 6350 6429
f 6429 6499 6333
f 6333 6333 6499
f 6499 6499 6333
f 6358 6357 6548
f 6548 6549 6358
f 6359 6358 6549
f 6549 6502 6359
f 6360 6359 6502
f 6502 6503 6360
f 6407 6360 6503
f 6503 6504 6407
f 6363 6407 6504
f 6504 6505 6363
f 6364 6363 6505
f 6505 6506 6364
f 6365 6364 6506
f 6506 6507 6365
f 6366 6365 6507
f 6507 6508 6366
f 6368 6366 6508
f 6508 6509 6368
f 6369 6368 6509
f 6509 6510 6369
f 6370 6369 6510
f 6510 6511 6370
f 6371 6370 6511
f 6511 6512 6371
f 6313 6371 6512
f 6512 6513 6313
f 6314 6313 6513
f 6513 6514 6314
f 6374 6314 6514
f 6514 6515 6374
f 6375 6374 6515
f 6515 6516 6375
f 6376 6375 6516
f 6516 6517 6376
f 6377 6376 6517
f 6517 6518 6377
f 6378 6377 6518
f 6518 6519 6378
f 6379 6378 6519
f 6519 6520 6379
f 6380 6379 6520
f 6520 6521 6380
f 6381 6380 6521
f 6521 6522 6381
f 6382 6381 6522
f 6522 6523 6382
f 6383 6382 6523
f 6523 6524 6383
f 6315 6383 6524
f 6524 6525 6315
f 6316 6315 6525
f 6525 6526 6316
f 6388 6316 6526
f 6526 6527 6388
f 6389 6388 6527
f 6527 6528 6389
f 6390 6389 6528
f 6528 6529 6390
f 6391 6390 6529
f 6529 6530 6391
f 6392 6391 6530
f 6530 6531 6392
f 6393 6392 6531
f 6531 6532 6393
f 6394 6393 6532
f 6532 6533 6394
f 6395 6394 6533
f 6533 6534 6395
f 6396 6395 6534
f 6534 6535 6396
f 6397 6396 6535
f 6535 6536 6397
f 6398 6397 6536
f 6536 6537 6398
f 6399 6398 6537
f 6537 6538 6399
f 6400 6399 6538
f 6538 6539 6400
f 6401 6400 6539
f 6539 6540 6401
f 6402 6401 6540
f 6540 6541 6402
f 6403 6402 6541
f 6541 6542 6403
f 6352 6403 6542
f 6542 6543 6352
f 6353 6352 6543
f 6543 6544 6353
f 6354 6353 6544
f 6544 6545 6354
f 6355 6354 6545
f 6545 6546 6355
f 6356 6355 6546
f 6546 6547 6356
f 6357 6356 6547
f 6547 6548 6357
f 6357 6357 6548
f 6548 6548 6357
f 6318 6321 6552
f 6552 6553 6318
f 6319 6318 6553
f 6553 6554 6319
f 6320 6319 6554
f 6554 6551 6320
f 6321 6320 6551
f 6551 6552 6321
f 6321 6321 6552
f 6552 6552 6321
f 6322 6411 6439
f 6439 6431 6322
f 6323 6322 6431
f 6431 6576 6323
f 6324 6323 6576
f 6576 6556 6324
f 6325 6324 6556
f 6556 6558 6325
f 6326 6325 6558
f 6558 6559 6326
f 6327 6326 6559
f 6559 6560 6327
f 6328 6327 6560
f 6560 6561 6328
f 6329 6328 6561
f 6561 6562 6329
f 6417 6329 6562
f 6562 6563 6417
f 6418 6417 6563
f 6563 6564 6418
f 6419 6418 6564
f 6564 6565 6419
f 6330 6419 6565
f 6565 6432 6330
f 6331 6330 6432
f 6432 6433 6331
f 6422 6331 6433
f 6433 6434 6422
f 6423 6422 6434
f 6434 6435 6423
f 6424 6423 6435
f 6435 6436 6424
f 6409 6424 6436
f 6436 6437 6409
f 6410 6409 6437
f 6437 6438 6410
f 6411 6410 6438
f 6438 6439 6411
f 6411 6411 6439
f 6439 6439 6411
f 6648 6579 6578
f 6648 6578 6646
f 6646 6578 6577
f 6653 6652 6653
f 6653 6652 6652
f 6650 6651 6580
f 6655 6655 6656
f 6655 6656 6656
f 6661 6660 6661
f 6663 6664 6664
f 6663 6664 6663
f 6665 6666 6665
f 6665 6666 6666
f 6667 6668 6668
f 6667 6668 6667
f 6669 6670 6669
f 6673 6673 6674
f 6674 6673 6674
f 6675 6676 6675
f 6675 6676 6676
f 6676 6676 6677
f 6677 6676 6677
f 6678 6679 6679
f 6678 6679 6678
f 6681 6682 6681
f 6682 6682 6681
f 6689 6689 6688
f 6688 6689 6688
f 6697 6697 6696
f 6697 6696 6696
f 6702 6703 6702
f 6703 6704 6581
f 6581 6704 6582
f 6582 6704 6583
f 6709 6708 6709
f 6708 6588 6707
f 6704 6705 6583
f 6583 6705 6584
f 6584 6705 6706
f 6584 6706 6585
f 6585 6706 6586
f 6586 6706 6707
f 6586 6707 6587
f 6587 6707 6588
f 6654 6653 6653
f 6589 6657 6656
f 6590 6657 6589
f 6645 6592 6593
f 6644 6591 6592
f 6643 6591 6644
f 6658 6591 6643
f 6590 6591 6658
f 6657 6590 6658
f 6597 6595 6596
f 6601 6602 6696
f 6695 6601 6696
f 6619 6690 6689
f 6618 6619 6689
f 6691 6622 6623
f 6692 6691 6623
f 6693 6692 6623
f 6624 6693 6623
f 6625 6693 6624
f 6694 6693 6625
f 6599 6694 6625
f 6695 6694 6599
f 6600 6695 6599
f 6601 6695 6600
f 6621 6622 6691
f 6690 6621 6691
f 6620 6621 6690
f 6619 6620 6690
f 6700 6660 6660
f 6604 6698 6697
f 6603 6604 6697
f 6605 6698 6604
f 6699 6698 6605
f 6606 6699 6605
f 6607 6699 6606
f 6608 6699 6607
f 6700 6699 6608
f 6662 6661 6661
f 6609 6663 6662
f 6665 6665 6664
f 6664 6665 6664
f 6666 6667 6666
f 6667 6667 6666
f 6675 6675 6674
f 6674 6675 6674
f 6677 6678 6677
f 6678 6678 6677
f 6679 6680 6679
f 6680 6680 6679
f 6681 6680 6680
f 6680 6681 6681
f 6687 6688 6688
f 6682 6683 6682
f 6616 6617 6687
f 6686 6616 6687
f 6614 6686 6685
f 6613 6614 6685
f 6684 6613 6685
f 6612 6613 6684
f 6611 6612 6684
f 6610 6611 6684
f 6683 6610 6684
f 6615 6686 6614
f 6616 6686 6615
f 6627 6628 6629
f 6711 6634 6712
f 6641 6710 6709
f 6640 6641 6709
f 6711 6710 6641
f 6631 6711 6641
f 6632 6711 6631
f 6633 6711 6632
f 6634 6711 6633
f 6714 6713 6635
f 6636 6714 6635
f 6637 6714 6636
f 6702 6714 6637
f 6638 6702 6637
f 6639 6702 6638
f 6441 6446 6657
f 6657 6658 6441
f 6442 6441 6658
f 6658 6643 6442
f 6443 6442 6643
f 6643 6644 6443
f 6444 6443 6644
f 6644 6645 6444
f 6490 6444 6645
f 6645 6577 6490
f 6491 6490 6577
f 6577 6578 6491
f 6492 6491 6578
f 6578 6579 6492
f 6493 6492 6579
f 6579 6649 6493
f 6494 6493 6649
f 6649 6580 6494
f 6496 6494 6580
f 6580 6652 6496
f 6497 6496 6652
f 6652 6653 6497
f 6498 6497 6653
f 6653 6655 6498
f 6445 6498 6655
f 6655 6656 6445
f 6446 6445 6656
f 6656 6657 6446
f 6446 6446 6657
f 6657 6657 6446
f 6447 6507 6699
f 6699 6700 6447
f 6448 6447 6700
f 6700 6660 6448
f 6449 6448 6660
f 6660 6661 6449
f 6450 6449 6661
f 6661 6662 6450
f 6451 6450 6662
f 6662 6663 6451
f 6452 6451 6663
f 6663 6664 6452
f 6453 6452 6664
f 6664 6665 6453
f 6454 6453 6665
f 6665 6666 6454
f 6455 6454 6666
f 6666 6667 6455
f 6456 6455 6667
f 6667 6668 6456
f 6457 6456 6668
f 6668 6669 6457
f 6458 6457 6669
f 6669 6672 6458
f 6459 6458 6672
f 6672 6673 6459
f 6460 6459 6673
f 6673 6674 6460
f 6461 6460 6674
f 6674 6675 6461
f 6462 6461 6675
f 6675 6676 6462
f 6463 6462 6676
f 6676 6677 6463
f 6553 6463 6677
f 6677 6678 6553
f 6464 6553 6678
f 6678 6679 6464
f 6465 6464 6679
f 6679 6680 6465
f 6466 6465 6680
f 6680 6681 6466
f 6467 6466 6681
f 6681 6682 6467
f 6468 6467 6682
f 6682 6683 6468
f 6532 6468 6683
f 6683 6684 6532
f 6533 6532 6684
f 6684 6685 6533
f 6469 6533 6685
f 6685 6686 6469
f 6470 6469 6686
f 6686 6687 6470
f 6471 6470 6687
f 6687 6688 6471
f 6472 6471 6688
f 6688 6689 6472
f 6473 6472 6689
f 6689 6690 6473
f 6544 6473 6690
f 6690 6691 6544
f 6545 6544 6691
f 6691 6692 6545
f 6546 6545 6692
f 6692 6693 6546
f 6547 6546 6693
f 6693 6694 6547
f 6474 6547 6694
f 6694 6695 6474
f 6475 6474 6695
f 6695 6696 6475
f 6476 6475 6696
f 6696 6697 6476
f 6477 6476 6697
f 6697 6698 6477
f 6507 6477 6698
f 6698 6699 6507
f 6507 6507 6699
f 6699 6699 6507
f 6479 6483 6713
f 6713 6714 6479
f 6480 6479 6714
f 6714 6702 6480
f 6567 6480 6702
f 6702 6581 6567
f 6568 6567 6581
f 6581 6582 6568
f 6569 6568 6582
f 6582 6583 6569
f 6570 6569 6583
f 6583 6584 6570
f 6571 6570 6584
f 6584 6585 6571
f 6572 6571 6585
f 6585 6586 6572
f 6573 6572 6586
f 6586 6587 6573
f 6574 6573 6587
f 6587 6588 6574
f 6481 6574 6588
f 6588 6709 6481
f 6556 6481 6709
f 6709 6710 6556
f 6558 6556 6710
f 6710 6711 6558
f 6482 6558 6711
f 6711 6712 6482
f 6483 6482 6712
f 6712 6713 6483
f 6483 6483 6713
f 6713 6713 6483
f 6765 6766 6766
f 6717 6716 6715
f 6717 6715 6758
f 6717 6758 6718
f 6718 6758 6759
f 6759 6760 6760
f 6757 6758 6715
f 6770 6770 6771
f 6770 6771 6771
f 6782 6781 6781
f 6786 6786 6787
f 6786 6787 6787
f 6788 6789 6788
f 6788 6789 6789
f 6793 6794 6793
f 6793 6794 6794
f 6794 6794 6795
f 6794 6795 6795
f 6795 6795 6796
f 6795 6796 6796
f 6796 6796 6797
f 6797 6796 6797
f 6808 6809 6809
f 6808 6809 6808
f 6812 6812 6811
f 6812 6811 6811
f 6814 6814 6813
f 6813 6814 6813
f 6820 6820 6819
f 6820 6819 6819
f 6825 6826 6825
f 6824 6827 6827
f 6835 6835 6836
f 6836 6835 6836
f 6836 6836 6837
f 6719 6838 6720
f 6720 6838 6721
f 6839 6722 6838
f 6838 6722 6721
f 6844 6844 6843
f 6841 6842 6723
f 6843 6724 6842
f 6842 6724 6723
f 6770 6772 6760
f 6725 6772 6771
f 6726 6772 6725
f 6763 6728 6729
f 6764 6763 6729
f 6762 6728 6763
f 6727 6728 6762
f 6726 6727 6762
f 6761 6726 6762
f 6772 6726 6761
f 6732 6733 6731
f 6737 6735 6736
f 6739 6740 6741
f 6820 6821 6820
f 6821 6821 6820
f 6822 6821 6821
f 6822 6822 6821
f 6774 6822 6822
f 6774 6774 6822
f 6775 6774 6774
f 6775 6775 6774
f 6776 6775 6775
f 6776 6775 6776
f 6777 6776 6776
f 6827 6826 6777
f 6824 6825 6825
f 6782 6783 6783
f 6743 6788 6787
f 6742 6743 6787
f 6789 6790 6789
f 6790 6790 6789
f 6791 6790 6790
f 6791 6791 6790
f 6792 6791 6791
f 6792 6791 6792
f 6797 6798 6797
f 6798 6798 6797
f 6799 6798 6798
f 6744 6800 6799
f 6745 6800 6744
f 6746 6800 6745
f 6801 6800 6746
f 6807 6807 6806
f 6807 6808 6808
f 6807 6808 6807
f 6810 6811 6811
f 6809 6810 6809
f 6810 6810 6811
f 6809 6810 6810
f 6812 6813 6813
f 6812 6812 6813
f 6817 6818 6818
f 6817 6817 6818
f 6815 6816 6816
f 6749 6751 6748
f 6750 6751 6749
f 6841 6841 6840
f 6832 6753 6754
f 6833 6832 6754
f 6834 6833 6754
f 6845 6844 6844
f 6845 6845 6844
f 6846 6845 6845
f 6846 6845 6846
f 6829 6846 6846
f 6752 6830 6829
f 6831 6830 6752
f 6832 6831 6752
f 6753 6832 6752
f 6649 6648 6766
f 6766 6767 6649
f 6650 6649 6767
f 6767 6768 6650
f 6651 6650 6768
f 6768 6715 6651
f 6652 6651 6715
f 6715 6716 6652
f 6653 6652 6716
f 6716 6717 6653
f 6655 6653 6717
f 6717 6718 6655
f 6589 6655 6718
f 6718 6760 6589
f 6590 6589 6760
f 6760 6761 6590
f 6591 6590 6761
f 6761 6762 6591
f 6592 6591 6762
f 6762 6763 6592
f 6593 6592 6763
f 6763 6764 6593
f 6646 6593 6764
f 6764 6765 6646
f 6648 6646 6765
f 6765 6766 6648
f 6648 6648 6766
f 6766 6766 6648
f 6595 6597 6771
f 6771 6772 6595
f 6596 6595 6772
f 6772 6770 6596
f 6597 6596 6770
f 6770 6771 6597
f 6597 6597 6771
f 6771 6771 6597
f 6599 6625 6821
f 6821 6822 6599
f 6600 6599 6822
f 6822 6774 6600
f 6601 6600 6774
f 6774 6775 6601
f 6602 6601 6775
f 6775 6776 6602
f 6603 6602 6776
f 6776 6777 6603
f 6604 6603 6777
f 6777 6778 6604
f 6605 6604 6778
f 6778 6779 6605
f 6606 6605 6779
f 6779 6780 6606
f 6607 6606 6780
f 6780 6781 6607
f 6608 6607 6781
f 6781 6783 6608
f 6660 6608 6783
f 6783 6784 6660
f 6661 6660 6784
f 6784 6786 6661
f 6609 6661 6786
f 6786 6787 6609
f 6664 6609 6787
f 6787 6788 6664
f 6665 6664 6788
f 6788 6789 6665
f 6666 6665 6789
f 6789 6790 6666
f 6667 6666 6790
f 6790 6791 6667
f 6668 6667 6791
f 6791 6792 6668
f 6669 6668 6792
f 6792 6793 6669
f 6672 6669 6793
f 6793 6794 6672
f 6673 6672 6794
f 6794 6795 6673
f 6674 6673 6795
f 6795 6796 6674
f 6675 6674 6796
f 6796 6797 6675
f 6676 6675 6797
f 6797 6798 6676
f 6677 6676 6798
f 6798 6799 6677
f 6678 6677 6799
f 6799 6800 6678
f 6679 6678 6800
f 6800 6801 6679
f 6680 6679 6801
f 6801 6802 6680
f 6681 6680 6802
f 6802 6803 6681
f 6682 6681 6803
f 6803 6804 6682
f 6610 6682 6804
f 6804 6805 6610
f 6611 6610 6805
f 6805 6806 6611
f 6612 6611 6806
f 6806 6807 6612
f 6613 6612 6807
f 6807 6808 6613
f 6614 6613 6808
f 6808 6809 6614
f 6615 6614 6809
f 6809 6810 6615
f 6616 6615 6810
f 6810 6811 6616
f 6617 6616 6811
f 6811 6812 6617
f 6688 6617 6812
f 6812 6813 6688
f 6618 6688 6813
f 6813 6814 6618
f 6619 6618 6814
f 6814 6815 6619
f 6620 6619 6815
f 6815 6816 6620
f 6621 6620 6816
f 6816 6817 6621
f 6622 6621 6817
f 6817 6818 6622
f 6623 6622 6818
f 6818 6819 6623
f 6624 6623 6819
f 6819 6820 6624
f 6625 6624 6820
f 6820 6821 6625
f 6625 6625 6821
f 6821 6821 6625
f 6627 6629 6826
f 6826 6827 6627
f 6628 6627 6827
f 6827 6825 6628
f 6629 6628 6825
f 6825 6826 6629
f 6629 6629 6826
f 6826 6826 6629
f 6631 6641 6845
f 6845 6846 6631
f 6632 6631 6846
f 6846 6829 6632
f 6633 6632 6829
f 6829 6830 6633
f 6634 6633 6830
f 6830 6831 6634
f 6635 6634 6831
f 6831 6832 6635
f 6636 6635 6832
f 6832 6833 6636
f 6637 6636 6833
f 6833 6834 6637
f 6638 6637 6834
f 6834 6835 6638
f 6639 6638 6835
f 6835 6836 6639
f 6703 6639 6836
f 6836 6719 6703
f 6704 6703 6719
f 6719 6720 6704
f 6705 6704 6720
f 6720 6721 6705
f 6706 6705 6721
f 6721 6722 6706
f 6707 6706 6722
f 6722 6723 6707
f 6708 6707 6723
f 6723 6724 6708
f 6640 6708 6724
f 6724 6844 6640
f 6641 6640 6844
f 6844 6845 6641
f 6641 6641 6845
f 6845 6845 6641
f 6851 6850 6927
f 6851 6927 6928
f 6851 6928 6929
f 6851 6929 6852
f 6852 6929 6930
f 6852 6930 6931
f 6852 6931 6853
f 6853 6932 6854
f 6923 6923 6924
f 6924 6925 6855
f 6855 6925 6848
f 6848 6925 6926
f 6848 6926 6849
f 6849 6926 6850
f 6850 6926 6927
f 6936 6935 6935
f 6936 6935 6936
f 6857 6939 6940
f 6857 6940 6858
f 6994 6994 6993
f 6993 6994 6993
f 6954 6955 6859
f 6967 6968 6967
f 6967 6968 6968
f 6974 6975 6974
f 6975 6975 6974
f 6976 6977 6977
f 6978 6977 6977
f 6981 6981 6980
f 6980 6981 6980
f 6986 6986 6985
f 6985 6986 6985
f 6988 6988 6987
f 6987 6988 6987
f 6860 6999 6997
f 6860 6997 6861
f 6861 6997 6862
f 7007 7008 6864
f 7007 6864 6870
f 6864 7008 7009
f 6864 7009 6865
f 7013 6869 7012
f 7009 7010 6865
f 6865 7010 6866
f 6866 7010 7011
f 6866 7011 6867
f 6867 7011 7012
f 6867 7012 6868
f 6868 7012 6869
f 7001 7001 7014
f 7014 7001 7014
f 6941 6933 6932
f 6939 6941 6932
f 6873 6941 6940
f 6933 6941 6873
f 6874 6933 6873
f 6937 6874 6872
f 6935 6937 6872
f 6923 6937 6936
f 6922 6937 6923
f 6874 6937 6922
f 6921 6874 6922
f 6874 6921 6933
f 6878 6876 6877
f 6968 6969 6968
f 6906 6970 6969
f 6907 6970 6906
f 6971 6970 6907
f 6880 6971 6907
f 6973 6882 6974
f 6881 6972 6971
f 6880 6881 6971
f 6882 6972 6881
f 6973 6972 6882
f 6979 6883 6980
f 6984 6886 6985
f 6884 6982 6981
f 6983 6885 6886
f 6984 6983 6886
f 6884 6983 6982
f 6885 6983 6884
f 6986 6887 6987
f 6992 6888 6993
f 6989 6990 6989
f 6990 6990 6989
f 6991 6990 6990
f 6991 6990 6991
f 6992 6991 6991
f 6951 6892 6893
f 6952 6951 6893
f 6953 6952 6893
f 6998 6953 6893
f 6999 6998 6893
f 6954 6998 6997
f 6953 6998 6954
f 6889 6995 6994
f 6947 6995 6889
f 6890 6947 6889
f 6945 6947 6890
f 6943 6945 6890
f 6891 6943 6890
f 6944 6943 6891
f 6948 6944 6891
f 6949 6948 6891
f 6892 6949 6891
f 6950 6949 6892
f 6951 6950 6892
f 6947 6944 6948
f 6945 6944 6947
f 6955 6956 6955
f 6894 6957 6956
f 6895 6957 6894
f 6958 6957 6895
f 6896 6958 6895
f 6959 6958 6896
f 6897 6959 6896
f 6960 6959 6897
f 6898 6960 6897
f 6899 6960 6898
f 6961 6960 6899
f 6900 6961 6899
f 6962 6961 6900
f 6963 6962 6900
f 6901 6963 6900
f 6964 6963 6901
f 6902 6964 6901
f 6903 6964 6902
f 6965 6964 6903
f 6904 6965 6903
f 6966 6965 6904
f 6905 6966 6904
f 6967 6966 6905
f 6909 6910 6911
f 7005 6917 6918
f 7006 7005 6918
f 6919 7006 6918
f 6913 7006 6919
f 6914 7006 6913
f 7007 7006 6914
f 6915 7007 6914
f 6917 7005 7004
f 7013 7014 7014
f 7013 7013 7014
f 7002 6916 7003
f 6916 7002 7001
f 6766 6765 6855
f 6855 6848 6766
f 6767 6766 6848
f 6848 6849 6767
f 6768 6767 6849
f 6849 6850 6768
f 6757 6768 6850
f 6850 6851 6757
f 6758 6757 6851
f 6851 6852 6758
f 6759 6758 6852
f 6852 6853 6759
f 6725 6759 6853
f 6853 6854 6725
f 6726 6725 6854
f 6854 6933 6726
f 6727 6726 6933
f 6933 6921 6727
f 6728 6727 6921
f 6921 6922 6728
f 6729 6728 6922
f 6922 6923 6729
f 6765 6729 6923
f 6923 6855 6765
f 6765 6765 6855
f 6855 6855 6765
f 6731 6733 6935
f 6935 6936 6731
f 6732 6731 6936
f 6936 6937 6732
f 6733 6732 6937
f 6937 6935 6733
f 6733 6733 6935
f 6935 6935 6733
f 6735 6737 6858
f 6858 6941 6735
f 6736 6735 6941
f 6941 6857 6736
f 6737 6736 6857
f 6857 6858 6737
f 6737 6737 6858
f 6858 6858 6737
f 6739 6741 6944
f 6944 6945 6739
f 6740 6739 6945
f 6945 6943 6740
f 6741 6740 6943
f 6943 6944 6741
f 6741 6741 6944
f 6944 6944 6741
f 6776 6775 6994
f 6994 6995 6776
f 6825 6776 6995
f 6995 6947 6825
f 6779 6825 6947
f 6947 6948 6779
f 6780 6779 6948
f 6948 6949 6780
f 6781 6780 6949
f 6949 6950 6781
f 6783 6781 6950
f 6950 6951 6783
f 6784 6783 6951
f 6951 6952 6784
f 6786 6784 6952
f 6952 6953 6786
f 6742 6786 6953
f 6953 6859 6742
f 6743 6742 6859
f 6859 6956 6743
f 6789 6743 6956
f 6956 6957 6789
f 6790 6789 6957
f 6957 6958 6790
f 6791 6790 6958
f 6958 6959 6791
f 6792 6791 6959
f 6959 6960 6792
f 6793 6792 6960
f 6960 6961 6793
f 6794 6793 6961
f 6961 6962 6794
f 6795 6794 6962
f 6962 6963 6795
f 6796 6795 6963
f 6963 6964 6796
f 6797 6796 6964
f 6964 6965 6797
f 6798 6797 6965
f 6965 6966 6798
f 6744 6798 6966
f 6966 6967 6744
f 6745 6744 6967
f 6967 6968 6745
f 6746 6745 6968
f 6968 6969 6746
f 6802 6746 6969
f 6969 6970 6802
f 6803 6802 6970
f 6970 6971 6803
f 6804 6803 6971
f 6971 6972 6804
f 6805 6804 6972
f 6972 6973 6805
f 6806 6805 6973
f 6973 6974 6806
f 6807 6806 6974
f 6974 6975 6807
f 6808 6807 6975
f 6975 6977 6808
f 6809 6808 6977
f 6977 6979 6809
f 6810 6809 6979
f 6979 6980 6810
f 6811 6810 6980
f 6980 6981 6811
f 6812 6811 6981
f 6981 6982 6812
f 6813 6812 6982
f 6982 6983 6813
f 6814 6813 6983
f 6983 6984 6814
f 6815 6814 6984
f 6984 6985 6815
f 6816 6815 6985
f 6985 6986 6816
f 6817 6816 6986
f 6986 6987 6817
f 6818 6817 6987
f 6987 6988 6818
f 6819 6818 6988
f 6988 6989 6819
f 6820 6819 6989
f 6989 6990 6820
f 6821 6820 6990
f 6990 6991 6821
f 6822 6821 6991
f 6991 6992 6822
f 6774 6822 6992
f 6992 6993 6774
f 6775 6774 6993
f 6993 6994 6775
f 6775 6775 6994
f 6994 6994 6775
f 6748 6751 6998
f 6998 6860 6748
f 6749 6748 6860
f 6860 6861 6749
f 6750 6749 6861
f 6861 6862 6750
f 6751 6750 6862
f 6862 6998 6751
f 6751 6751 6998
f 6998 6998 6751
f 6837 6836 6870
f 6870 6864 6837
f 6838 6837 6864
f 6864 6865 6838
f 6839 6838 6865
f 6865 6866 6839
f 6841 6839 6866
f 6866 6867 6841
f 6842 6841 6867
f 6867 6868 6842
f 6843 6842 6868
f 6868 6869 6843
f 6844 6843 6869
f 6869 7014 6844
f 6845 6844 7014
f 7014 7001 6845
f 6846 6845 7001
f 7001 7002 6846
f 6752 6846 7002
f 7002 7003 6752
f 6753 6752 7003
f 7003 7004 6753
f 6754 6753 7004
f 7004 7005 6754
f 6835 6754 7005
f 7005 7006 6835
f 6836 6835 7006
f 7006 6870 6836
f 6836 6836 6870
f 6870 6870 6836
f 7062 7018 7060
f 7075 7016 7015
f 7016 7059 7017
f 7017 7059 7060
f 7017 7060 7018
f 7066 7019 7065
f 7064 7065 7019
f 7068 7067 7068
f 7068 7068 7069
f 7067 7068 7067
f 7070 7071 7070
f 7070 7071 7071
f 7072 7073 7073
f 7078 7021 7077
f 7077 7021 7022
f 7112 7113 7112
f 7112 7113 7113
f 7113 7114 7114
f 7113 7114 7113
f 7084 7084 7083
f 7084 7083 7083
f 7094 7024 7023
f 7094 7023 7093
f 7096 7096 7097
f 7097 7096 7097
f 7097 7098 7098
f 7099 7100 7100
f 7099 7100 7099
f 7101 7102 7102
f 7105 7106 7105
f 7105 7106 7106
f 7110 7111 7111
f 7110 7111 7110
f 7118 7118 7119
f 7118 7119 7119
f 7122 7123 7123
f 7123 7123 7124
f 7125 7126 7025
f 7025 7126 7026
f 7132 7030 7029
f 7132 7029 7131
f 7128 7129 7027
f 7029 7028 7130
f 7029 7130 7131
f 7129 7130 7028
f 7129 7028 7027
f 7092 7093 7093
f 7084 7085 7084
f 7087 7051 7032
f 7088 7087 7032
f 7033 7088 7032
f 7089 7088 7033
f 7090 7089 7033
f 7034 7090 7033
f 7035 7090 7034
f 7091 7090 7035
f 7036 7091 7035
f 7037 7091 7036
f 7092 7091 7037
f 7038 7092 7037
f 7048 7086 7085
f 7047 7048 7085
f 7049 7086 7048
f 7050 7086 7049
f 7087 7086 7050
f 7051 7087 7050
f 7120 7074 7073
f 7118 7120 7073
f 7096 7120 7119
f 7095 7120 7096
f 7079 7095 7094
f 7077 7079 7094
f 7075 7079 7078
f 7074 7079 7075
f 7095 7079 7074
f 7120 7095 7074
f 7067 7066 7067
f 7066 7066 7067
f 7071 7072 7071
f 7098 7099 7098
f 7099 7099 7098
f 7100 7101 7100
f 7101 7101 7100
f 7104 7104 7103
f 7105 7104 7104
f 7105 7104 7105
f 7106 7107 7106
f 7107 7108 7107
f 7108 7108 7107
f 7109 7108 7108
f 7109 7108 7109
f 7110 7109 7109
f 7110 7109 7110
f 7111 7112 7111
f 7112 7112 7111
f 7039 7116 7115
f 7045 7046 7083
f 7082 7045 7083
f 7041 7081 7116
f 7040 7041 7116
f 7039 7040 7116
f 7042 7081 7041
f 7043 7081 7042
f 7082 7081 7043
f 7044 7082 7043
f 7045 7082 7044
f 7125 7125 7124
f 7126 7127 7126
f 7134 7056 7057
f 7135 7134 7057
f 7136 7135 7057
f 7137 7136 7057
f 7122 7122 7137
f 7053 7132 7052
f 7054 7132 7053
f 7133 7132 7054
f 7055 7133 7054
f 7134 7133 7055
f 7056 7134 7055
f 6872 6874 7074
f 7074 7015 6872
f 6924 6872 7015
f 7015 7016 6924
f 6925 6924 7016
f 7016 7017 6925
f 6926 6925 7017
f 7017 7018 6926
f 6927 6926 7018
f 7018 7019 6927
f 6928 6927 7019
f 7019 7067 6928
f 6929 6928 7067
f 7067 7068 6929
f 6930 6929 7068
f 7068 7070 6930
f 6931 6930 7070
f 7070 7071 6931
f 6873 6931 7071
f 7071 7073 6873
f 6874 6873 7073
f 7073 7074 6874
f 6874 6874 7074
f 7074 7074 6874
f 6876 6878 7022
f 7022 7021 6876
f 6877 6876 7021
f 7021 7079 6877
f 6878 6877 7079
f 7079 7022 6878
f 6878 6878 7022
f 7022 7022 6878
f 6880 6907 7112
f 7112 7113 6880
f 6881 6880 7113
f 7113 7114 6881
f 6882 6881 7114
f 7114 7115 6882
f 6975 6882 7115
f 7115 7116 6975
f 6977 6975 7116
f 7116 7081 6977
f 6883 6977 7081
f 7081 7082 6883
f 6884 6883 7082
f 7082 7083 6884
f 6885 6884 7083
f 7083 7084 6885
f 6886 6885 7084
f 7084 7085 6886
f 6887 6886 7085
f 7085 7086 6887
f 6988 6887 7086
f 7086 7087 6988
f 6989 6988 7087
f 7087 7088 6989
f 6990 6989 7088
f 7088 7089 6990
f 6991 6990 7089
f 7089 7090 6991
f 6888 6991 7090
f 7090 7091 6888
f 6889 6888 7091
f 7091 7092 6889
f 6890 6889 7092
f 7092 7023 6890
f 6891 6890 7023
f 7023 7024 6891
f 6892 6891 7024
f 7024 7095 6892
f 6893 6892 7095
f 7095 7096 6893
f 6955 6893 7096
f 7096 7097 6955
f 6894 6955 7097
f 7097 7098 6894
f 6895 6894 7098
f 7098 7099 6895
f 6896 6895 7099
f 7099 7100 6896
f 6897 6896 7100
f 7100 7101 6897
f 6898 6897 7101
f 7101 7102 6898
f 6899 6898 7102
f 7102 7103 6899
f 6900 6899 7103
f 7103 7104 6900
f 6901 6900 7104
f 7104 7105 6901
f 6902 6901 7105
f 7105 7106 6902
f 6903 6902 7106
f 7106 7107 6903
f 6904 6903 7107
f 7107 7108 6904
f 6905 6904 7108
f 7108 7109 6905
f 6968 6905 7109
f 7109 7110 6968
f 6906 6968 7110
f 7110 7111 6906
f 6907 6906 7111
f 7111 7112 6907
f 6907 6907 7112
f 7112 7112 6907
f 6909 6911 7118
f 7118 7119 6909
f 6910 6909 7119
f 7119 7120 6910
f 6911 6910 7120
f 7120 7118 6911
f 6911 6911 7118
f 7118 7118 6911
f 6913 6919 7136
f 7136 7137 6913
f 6914 6913 7137
f 7137 7122 6914
f 6915 6914 7122
f 7122 7123 6915
f 7008 6915 7123
f 7123 7025 7008
f 7009 7008 7025
f 7025 7026 7009
f 7010 7009 7026
f 7026 7127 7010
f 7011 7010 7127
f 7127 7027 7011
f 7012 7011 7027
f 7027 7028 7012
f 7013 7012 7028
f 7028 7029 7013
f 7014 7013 7029
f 7029 7030 7014
f 6916 7014 7030
f 7030 7133 6916
f 6917 6916 7133
f 7133 7134 6917
f 6918 6917 7134
f 7134 7135 6918
f 6919 6918 7135
f 7135 7136 6919
f 6919 6919 7136
f 7136 7136 6919
f 7169 7141 7140
f 7169 7140 7139
f 7169 7139 7168
f 7168 7139 7138
f 7143 7142 7172
f 7143 7172 7144
f 7144 7172 7173
f 7144 7173 7145
f 7214 7215 7154
f 7214 7154 7153
f 7154 7215 7147
f 7147 7215 7216
f 7147 7216 7148
f 7219 7152 7218
f 7216 7217 7149
f 7216 7149 7148
f 7149 7217 7150
f 7150 7217 7218
f 7150 7218 7151
f 7151 7218 7152
f 7211 7159 7156
f 7212 7211 7156
f 7157 7212 7156
f 7213 7212 7157
f 7158 7209 7208
f 7210 7209 7158
f 7159 7210 7158
f 7211 7210 7159
f 7032 7051 7205
f 7205 7206 7032
f 7033 7032 7206
f 7206 7161 7033
f 7034 7033 7161
f 7161 7162 7034
f 7035 7034 7162
f 7162 7163 7035
f 7036 7035 7163
f 7163 7164 7036
f 7037 7036 7164
f 7164 7165 7037
f 7038 7037 7165
f 7165 7166 7038
f 7093 7038 7166
f 7166 7167 7093
f 7059 7093 7167
f 7167 7138 7059
f 7060 7059 7138
f 7138 7139 7060
f 7062 7060 7139
f 7139 7140 7062
f 7064 7062 7140
f 7140 7141 7064
f 7065 7064 7141
f 7141 7170 7065
f 7066 7065 7170
f 7170 7171 7066
f 7067 7066 7171
f 7171 7142 7067
f 7068 7067 7142
f 7142 7143 7068
f 7070 7068 7143
f 7143 7144 7070
f 7071 7070 7144
f 7144 7145 7071
f 7097 7071 7145
f 7145 7174 7097
f 7098 7097 7174
f 7174 7175 7098
f 7099 7098 7175
f 7175 7176 7099
f 7100 7099 7176
f 7176 7177 7100
f 7101 7100 7177
f 7177 7178 7101
f 7102 7101 7178
f 7178 7179 7102
f 7103 7102 7179
f 7179 7180 7103
f 7104 7103 7180
f 7180 7181 7104
f 7105 7104 7181
f 7181 7182 7105
f 7106 7105 7182
f 7182 7183 7106
f 7107 7106 7183
f 7183 7184 7107
f 7108 7107 7184
f 7184 7185 7108
f 7109 7108 7185
f 7185 7186 7109
f 7110 7109 7186
f 7186 7187 7110
f 7111 7110 7187
f 7187 7188 7111
f 7112 7111 7188
f 7188 7189 7112
f 7113 7112 7189
f 7189 7190 7113
f 7114 7113 7190
f 7190 7191 7114
f 7039 7114 7191
f 7191 7192 7039
f 7040 7039 7192
f 7192 7193 7040
f 7041 7040 7193
f 7193 7194 7041
f 7042 7041 7194
f 7194 7195 7042
f 7043 7042 7195
f 7195 7196 7043
f 7044 7043 7196
f 7196 7197 7044
f 7045 7044 7197
f 7197 7198 7045
f 7046 7045 7198
f 7198 7199 7046
f 7084 7046 7199
f 7199 7200 7084
f 7047 7084 7200
f 7200 7201 7047
f 7048 7047 7201
f 7201 7202 7048
f 7049 7048 7202
f 7202 7203 7049
f 7050 7049 7203
f 7203 7204 7050
f 7051 7050 7204
f 7204 7205 7051
f 7051 7051 7205
f 7205 7205 7051
f 7126 7125 7154
f 7154 7147 7126
f 7127 7126 7147
f 7147 7148 7127
f 7128 7127 7148
f 7148 7149 7128
f 7129 7128 7149
f 7149 7150 7129
f 7130 7129 7150
f 7150 7151 7130
f 7131 7130 7151
f 7151 7152 7131
f 7052 7131 7152
f 7152 7220 7052
f 7053 7052 7220
f 7220 7208 7053
f 7054 7053 7208
f 7208 7209 7054
f 7055 7054 7209
f 7209 7210 7055
f 7056 7055 7210
f 7210 7211 7056
f 7057 7056 7211
f 7211 7212 7057
f 7122 7057 7212
f 7212 7213 7122
f 7123 7122 7213
f 7213 7153 7123
f 7125 7123 7153
f 7153 7154 7125
f 7125 7125 7154
f 7154 7154 7125
f 7224 7223 7262
f 7224 7262 7263
f 7259 7260 7221
f 7221 7260 7222
f 7222 7260 7261
f 7222 7261 7223
f 7223 7261 7262
f 7273 7274 7274
f 7273 7274 7273
f 7289 7289 7288
f 7291 7291 7290
f 7290 7291 7290
f 7303 7303 7302
f 7302 7303 7302
f 7309 7310 7225
f 7225 7310 7226
f 7226 7310 7311
f 7226 7311 7227
f 7231 7230 7316
f 7316 7230 7315
f 7315 7230 7314
f 7311 7312 7227
f 7227 7312 7228
f 7228 7312 7313
f 7228 7313 7229
f 7229 7313 7314
f 7229 7314 7230
f 7258 7259 7259
f 7303 7304 7303
f 7304 7304 7303
f 7305 7304 7304
f 7305 7304 7305
f 7306 7305 7305
f 7247 7257 7306
f 7258 7258 7257
f 7259 7258 7258
f 7263 7264 7263
f 7264 7264 7263
f 7265 7264 7264
f 7232 7266 7265
f 7233 7266 7232
f 7267 7266 7233
f 7234 7267 7233
f 7235 7267 7234
f 7268 7267 7235
f 7269 7268 7235
f 7270 7270 7269
f 7236 7272 7271
f 7273 7273 7272
f 7237 7275 7274
f 7276 7275 7237
f 7238 7276 7237
f 7277 7276 7238
f 7239 7277 7238
f 7278 7277 7239
f 7240 7278 7239
f 7241 7278 7240
f 7279 7278 7241
f 7280 7279 7241
f 7242 7280 7241
f 7243 7280 7242
f 7281 7243 7282
f 7243 7281 7280
f 7289 7290 7290
f 7289 7290 7289
f 7291 7292 7291
f 7293 7246 7294
f 7244 7293 7292
f 7245 7293 7244
f 7246 7293 7245
f 7296 7297 7296
f 7297 7298 7297
f 7296 7297 7297
f 7301 7302 7302
f 7301 7301 7302
f 7319 7252 7253
f 7308 7319 7253
f 7254 7308 7253
f 7309 7308 7254
f 7255 7309 7254
f 7249 7316 7248
f 7250 7316 7249
f 7317 7316 7250
f 7251 7317 7250
f 7318 7317 7251
f 7252 7318 7251
f 7319 7318 7252
f 7166 7165 7305
f 7305 7306 7166
f 7167 7166 7306
f 7306 7257 7167
f 7168 7167 7257
f 7257 7258 7168
f 7169 7168 7258
f 7258 7221 7169
f 7170 7169 7221
f 7221 7222 7170
f 7171 7170 7222
f 7222 7223 7171
f 7172 7171 7223
f 7223 7224 7172
f 7173 7172 7224
f 7224 7264 7173
f 7174 7173 7264
f 7264 7265 7174
f 7175 7174 7265
f 7265 7266 7175
f 7176 7175 7266
f 7266 7267 7176
f 7177 7176 7267
f 7267 7268 7177
f 7178 7177 7268
f 7268 7269 7178
f 7179 7178 7269
f 7269 7270 7179
f 7180 7179 7270
f 7270 7271 7180
f 7181 7180 7271
f 7271 7272 7181
f 7182 7181 7272
f 7272 7273 7182
f 7183 7182 7273
f 7273 7274 7183
f 7184 7183 7274
f 7274 7275 7184
f 7185 7184 7275
f 7275 7276 7185
f 7186 7185 7276
f 7276 7277 7186
f 7187 7186 7277
f 7277 7278 7187
f 7188 7187 7278
f 7278 7279 7188
f 7189 7188 7279
f 7279 7280 7189
f 7190 7189 7280
f 7280 7281 7190
f 7191 7190 7281
f 7281 7282 7191
f 7192 7191 7282
f 7282 7283 7192
f 7193 7192 7283
f 7283 7284 7193
f 7194 7193 7284
f 7284 7286 7194
f 7195 7194 7286
f 7286 7288 7195
f 7196 7195 7288
f 7288 7289 7196
f 7197 7196 7289
f 7289 7290 7197
f 7198 7197 7290
f 7290 7291 7198
f 7199 7198 7291
f 7291 7292 7199
f 7200 7199 7292
f 7292 7293 7200
f 7201 7200 7293
f 7293 7294 7201
f 7202 7201 7294
f 7294 7296 7202
f 7203 7202 7296
f 7296 7297 7203
f 7204 7203 7297
f 7297 7298 7204
f 7205 7204 7298
f 7298 7299 7205
f 7206 7205 7299
f 7299 7300 7206
f 7161 7206 7300
f 7300 7301 7161
f 7162 7161 7301
f 7301 7302 7162
f 7163 7162 7302
f 7302 7303 7163
f 7164 7163 7303
f 7303 7304 7164
f 7165 7164 7304
f 7304 7305 7165
f 7165 7165 7305
f 7305 7305 7165
f 7156 7159 7318
f 7318 7319 7156
f 7157 7156 7319
f 7319 7308 7157
f 7214 7157 7308
f 7308 7225 7214
f 7215 7214 7225
f 7225 7226 7215
f 7216 7215 7226
f 7226 7227 7216
f 7217 7216 7227
f 7227 7228 7217
f 7218 7217 7228
f 7228 7229 7218
f 7219 7218 7229
f 7229 7230 7219
f 7220 7219 7230
f 7230 7231 7220
f 7158 7220 7231
f 7231 7317 7158
f 7159 7158 7317
f 7317 7318 7159
f 7159 7159 7318
f 7318 7318 7159
f 7417 7417 7416
f 7417 7416 7416
f 7322 7321 7379
f 7322 7379 7323
f 7323 7379 7380
f 7323 7380 7324
f 7380 7381 7381
f 7381 7381 7382
f 7382 7381 7382
f 7382 7382 7383
f 7383 7382 7383
f 7383 7383 7384
f 7383 7384 7384
f 7418 7377 7418
f 7377 7378 7320
f 7320 7378 7321
f 7321 7378 7379
f 7389 7390 7390
f 7389 7390 7389
f 7392 7393 7393
f 7392 7393 7392
f 7405 7404 7404
f 7404 7403 7404
f 7425 7426 7332
f 7425 7332 7331
f 7332 7426 7326
f 7330 7329 7429
f 7330 7429 7430
f 7429 7329 7428
f 7428 7329 7328
f 7428 7328 7327
f 7428 7327 7427
f 7427 7327 7326
f 7427 7326 7426
f 7333 7385 7384
f 7334 7385 7333
f 7335 7385 7334
f 7336 7385 7335
f 7386 7385 7336
f 7337 7386 7336
f 7387 7386 7337
f 7338 7387 7337
f 7339 7387 7338
f 7340 7387 7339
f 7388 7387 7340
f 7389 7389 7388
f 7391 7391 7390
f 7392 7391 7391
f 7393 7394 7393
f 7341 7396 7395
f 7402 7350 7403
f 7349 7350 7402
f 7401 7349 7402
f 7344 7397 7396
f 7343 7344 7396
f 7342 7343 7396
f 7341 7342 7396
f 7345 7397 7344
f 7398 7397 7345
f 7399 7398 7345
f 7346 7399 7345
f 7400 7399 7346
f 7347 7400 7346
f 7348 7400 7347
f 7401 7400 7348
f 7349 7401 7348
f 7415 7363 7416
f 7351 7406 7405
f 7410 7355 7356
f 7411 7410 7356
f 7357 7411 7356
f 7358 7411 7357
f 7412 7411 7358
f 7359 7412 7358
f 7413 7412 7359
f 7360 7413 7359
f 7414 7413 7360
f 7415 7414 7360
f 7361 7415 7360
f 7362 7415 7361
f 7363 7415 7362
f 7352 7407 7406
f 7351 7352 7406
f 7353 7407 7352
f 7408 7407 7353
f 7354 7408 7353
f 7355 7408 7354
f 7409 7408 7355
f 7410 7409 7355
f 7417 7418 7418
f 7417 7418 7417
f 7366 7367 7365
f 7421 7370 7371
f 7422 7421 7371
f 7372 7422 7371
f 7373 7423 7372
f 7374 7423 7373
f 7424 7423 7374
f 7375 7424 7374
f 7368 7432 7431
f 7420 7432 7368
f 7369 7420 7368
f 7421 7420 7369
f 7370 7421 7369
f 7259 7258 7417
f 7417 7418 7259
f 7260 7259 7418
f 7418 7320 7260
f 7261 7260 7320
f 7320 7321 7261
f 7262 7261 7321
f 7321 7322 7262
f 7263 7262 7322
f 7322 7323 7263
f 7264 7263 7323
f 7323 7324 7264
f 7232 7264 7324
f 7324 7381 7232
f 7233 7232 7381
f 7381 7382 7233
f 7234 7233 7382
f 7382 7383 7234
f 7235 7234 7383
f 7383 7384 7235
f 7270 7235 7384
f 7384 7385 7270
f 7236 7270 7385
f 7385 7386 7236
f 7273 7236 7386
f 7386 7387 7273
f 7237 7273 7387
f 7387 7388 7237
f 7238 7237 7388
f 7388 7389 7238
f 7239 7238 7389
f 7389 7390 7239
f 7240 7239 7390
f 7390 7391 7240
f 7241 7240 7391
f 7391 7392 7241
f 7242 7241 7392
f 7392 7393 7242
f 7243 7242 7393
f 7393 7395 7243
f 7283 7243 7395
f 7395 7396 7283
f 7284 7283 7396
f 7396 7397 7284
f 7286 7284 7397
f 7397 7398 7286
f 7288 7286 7398
f 7398 7399 7288
f 7289 7288 7399
f 7399 7400 7289
f 7290 7289 7400
f 7400 7401 7290
f 7291 7290 7401
f 7401 7402 7291
f 7244 7291 7402
f 7402 7403 7244
f 7245 7244 7403
f 7403 7404 7245
f 7246 7245 7404
f 7404 7405 7246
f 7296 7246 7405
f 7405 7406 7296
f 7297 7296 7406
f 7406 7407 7297
f 7298 7297 7407
f 7407 7408 7298
f 7299 7298 7408
f 7408 7409 7299
f 7300 7299 7409
f 7409 7410 7300
f 7301 7300 7410
f 7410 7411 7301
f 7302 7301 7411
f 7411 7412 7302
f 7303 7302 7412
f 7412 7413 7303
f 7304 7303 7413
f 7413 7414 7304
f 7305 7304 7414
f 7414 7415 7305
f 7247 7305 7415
f 7415 7416 7247
f 7258 7247 7416
f 7416 7417 7258
f 7258 7258 7417
f 7417 7417 7258
f 7312 7311 7332
f 7332 7326 7312
f 7313 7312 7326
f 7326 7327 7313
f 7314 7313 7327
f 7327 7328 7314
f 7315 7314 7328
f 7328 7329 7315
f 7248 7315 7329
f 7329 7330 7248
f 7249 7248 7330
f 7330 7431 7249
f 7250 7249 7431
f 7431 7432 7250
f 7251 7250 7432
f 7432 7420 7251
f 7252 7251 7420
f 7420 7421 7252
f 7253 7252 7421
f 7421 7422 7253
f 7254 7253 7422
f 7422 7423 7254
f 7255 7254 7423
f 7423 7424 7255
f 7310 7255 7424
f 7424 7331 7310
f 7311 7310 7331
f 7331 7332 7311
f 7311 7311 7332
f 7332 7332 7311
f 7463 7464 7463
f 7463 7464 7464
f 7464 7464 7465
f 7464 7465 7465
f 7465 7465 7466
f 7465 7466 7466
f 7466 7466 7467
f 7467 7466 7467
f 7467 7467 7468
f 7468 7467 7468
f 7469 7470 7470
f 7470 7470 7471
f 7481 7481 7480
f 7481 7480 7480
f 7480 7480 7479
f 7480 7479 7479
f 7484 7484 7483
f 7484 7483 7483
f 7498 7498 7496
f 7501 7501 7500
f 7499 7500 7500
f 7500 7500 7501
f 7503 7436 7435
f 7503 7435 7434
f 7503 7434 7502
f 7502 7434 7433
f 7505 7506 7437
f 7437 7506 7507
f 7513 7513 7512
f 7512 7513 7512
f 7522 7523 7440
f 7522 7440 7439
f 7440 7523 7524
f 7440 7524 7441
f 7445 7444 7528
f 7445 7528 7529
f 7528 7444 7527
f 7524 7525 7441
f 7441 7525 7442
f 7442 7525 7526
f 7442 7526 7443
f 7443 7526 7527
f 7443 7527 7444
f 7468 7469 7468
f 7469 7469 7468
f 7477 7477 7478
f 7481 7481 7482
f 7512 7485 7484
f 7512 7514 7485
f 7492 7492 7493
f 7495 7496 7496
f 7494 7495 7494
f 7495 7495 7494
f 7496 7495 7495
f 7501 7502 7502
f 7501 7501 7502
f 7505 7504 7504
f 7505 7504 7505
f 7503 7504 7503
f 7509 7509 7508
f 7510 7509 7509
f 7510 7510 7509
f 7459 7510 7510
f 7459 7510 7459
f 7460 7459 7459
f 7460 7459 7460
f 7461 7460 7460
f 7449 7447 7448
f 7518 7453 7454
f 7519 7518 7454
f 7455 7519 7454
f 7456 7519 7455
f 7520 7519 7456
f 7521 7520 7456
f 7457 7521 7456
f 7522 7521 7457
f 7451 7529 7450
f 7530 7529 7451
f 7452 7530 7451
f 7516 7530 7452
f 7453 7516 7452
f 7517 7516 7453
f 7518 7517 7453
f 7382 7381 7509
f 7509 7510 7382
f 7383 7382 7510
f 7510 7459 7383
f 7333 7383 7459
f 7459 7460 7333
f 7334 7333 7460
f 7460 7461 7334
f 7335 7334 7461
f 7461 7462 7335
f 7336 7335 7462
f 7462 7463 7336
f 7337 7336 7463
f 7463 7464 7337
f 7338 7337 7464
f 7464 7465 7338
f 7339 7338 7465
f 7465 7466 7339
f 7340 7339 7466
f 7466 7467 7340
f 7389 7340 7467
f 7467 7468 7389
f 7390 7389 7468
f 7468 7469 7390
f 7391 7390 7469
f 7469 7470 7391
f 7392 7391 7470
f 7470 7471 7392
f 7393 7392 7471
f 7471 7472 7393
f 7341 7393 7472
f 7472 7473 7341
f 7342 7341 7473
f 7473 7474 7342
f 7343 7342 7474
f 7474 7475 7343
f 7344 7343 7475
f 7475 7476 7344
f 7345 7344 7476
f 7476 7477 7345
f 7346 7345 7477
f 7477 7479 7346
f 7347 7346 7479
f 7479 7480 7347
f 7348 7347 7480
f 7480 7481 7348
f 7349 7348 7481
f 7481 7483 7349
f 7350 7349 7483
f 7483 7484 7350
f 7404 7350 7484
f 7484 7485 7404
f 7351 7404 7485
f 7485 7486 7351
f 7352 7351 7486
f 7486 7487 7352
f 7353 7352 7487
f 7487 7488 7353
f 7354 7353 7488
f 7488 7490 7354
f 7355 7354 7490
f 7490 7491 7355
f 7356 7355 7491
f 7491 7492 7356
f 7357 7356 7492
f 7492 7493 7357
f 7358 7357 7493
f 7493 7494 7358
f 7359 7358 7494
f 7494 7495 7359
f 7360 7359 7495
f 7495 7496 7360
f 7361 7360 7496
f 7496 7498 7361
f 7362 7361 7498
f 7498 7500 7362
f 7363 7362 7500
f 7500 7501 7363
f 7417 7363 7501
f 7501 7433 7417
f 7418 7417 7433
f 7433 7434 7418
f 7377 7418 7434
f 7434 7435 7377
f 7378 7377 7435
f 7435 7436 7378
f 7379 7378 7436
f 7436 7504 7379
f 7380 7379 7504
f 7504 7437 7380
f 7381 7380 7437
f 7437 7509 7381
f 7381 7381 7509
f 7509 7509 7381
f 7365 7367 7513
f 7513 7514 7365
f 7366 7365 7514
f 7514 7512 7366
f 7367 7366 7512
f 7512 7513 7367
f 7367 7367 7513
f 7513 7513 7367
f 7368 7430 7445
f 7445 7530 7368
f 7369 7368 7530
f 7530 7516 7369
f 7370 7369 7516
f 7516 7517 7370
f 7371 7370 7517
f 7517 7518 7371
f 7372 7371 7518
f 7518 7519 7372
f 7373 7372 7519
f 7519 7520 7373
f 7374 7373 7520
f 7520 7521 7374
f 7375 7374 7521
f 7521 7439 7375
f 7425 7375 7439
f 7439 7440 7425
f 7426 7425 7440
f 7440 7441 7426
f 7427 7426 7441
f 7441 7442 7427
f 7428 7427 7442
f 7442 7443 7428
f 7429 7428 7443
f 7443 7444 7429
f 7430 7429 7444
f 7444 7445 7430
f 7430 7430 7445
f 7445 7445 7430
f 7572 7531 7571
f 7534 7533 7590
f 7534 7590 7591
f 7534 7591 7535
f 7535 7591 7592
f 7535 7592 7536
f 7536 7592 7593
f 7586 7587 7532
f 7532 7587 7588
f 7532 7588 7533
f 7533 7588 7589
f 7533 7589 7590
f 7613 7614 7540
f 7540 7614 7615
f 7540 7615 7541
f 7539 7538 7620
f 7620 7538 7619
f 7615 7616 7541
f 7541 7616 7542
f 7542 7616 7617
f 7542 7617 7543
f 7543 7617 7618
f 7543 7618 7544
f 7544 7618 7619
f 7544 7619 7538
f 7545 7596 7595
f 7546 7559 7558
f 7603 7559 7546
f 7605 7559 7603
f 7560 7559 7605
f 7609 7550 7551
f 7610 7609 7551
f 7611 7610 7551
f 7621 7620 7547
f 7548 7621 7547
f 7607 7621 7548
f 7549 7607 7548
f 7608 7607 7549
f 7550 7608 7549
f 7609 7608 7550
f 7463 7462 7600
f 7600 7601 7463
f 7464 7463 7601
f 7601 7553 7464
f 7465 7464 7553
f 7553 7554 7465
f 7466 7465 7554
f 7554 7555 7466
f 7467 7466 7555
f 7555 7556 7467
f 7468 7467 7556
f 7556 7557 7468
f 7469 7468 7557
f 7557 7558 7469
f 7470 7469 7558
f 7558 7559 7470
f 7471 7470 7559
f 7559 7560 7471
f 7472 7471 7560
f 7560 7561 7472
f 7473 7472 7561
f 7561 7562 7473
f 7474 7473 7562
f 7562 7563 7474
f 7475 7474 7563
f 7563 7564 7475
f 7476 7475 7564
f 7564 7565 7476
f 7477 7476 7565
f 7565 7566 7477
f 7479 7477 7566
f 7566 7567 7479
f 7480 7479 7567
f 7567 7568 7480
f 7481 7480 7568
f 7568 7569 7481
f 7483 7481 7569
f 7569 7570 7483
f 7513 7483 7570
f 7570 7531 7513
f 7486 7513 7531
f 7531 7573 7486
f 7487 7486 7573
f 7573 7574 7487
f 7488 7487 7574
f 7574 7575 7488
f 7490 7488 7575
f 7575 7576 7490
f 7491 7490 7576
f 7576 7577 7491
f 7492 7491 7577
f 7577 7578 7492
f 7493 7492 7578
f 7578 7579 7493
f 7494 7493 7579
f 7579 7580 7494
f 7495 7494 7580
f 7580 7581 7495
f 7496 7495 7581
f 7581 7582 7496
f 7498 7496 7582
f 7582 7583 7498
f 7500 7498 7583
f 7583 7584 7500
f 7501 7500 7584
f 7584 7585 7501
f 7502 7501 7585
f 7585 7532 7502
f 7503 7502 7532
f 7532 7533 7503
f 7504 7503 7533
f 7533 7534 7504
f 7505 7504 7534
f 7534 7535 7505
f 7506 7505 7535
f 7535 7536 7506
f 7507 7506 7536
f 7536 7594 7507
f 7509 7507 7594
f 7594 7595 7509
f 7510 7509 7595
f 7595 7596 7510
f 7459 7510 7596
f 7596 7597 7459
f 7460 7459 7597
f 7597 7598 7460
f 7461 7460 7598
f 7598 7599 7461
f 7462 7461 7599
f 7599 7600 7462
f 7462 7462 7600
f 7600 7600 7462
f 7447 7449 7604
f 7604 7605 7447
f 7448 7447 7605
f 7605 7603 7448
f 7449 7448 7603
f 7603 7604 7449
f 7449 7449 7604
f 7604 7604 7449
f 7528 7527 7544
f 7544 7538 7528
f 7450 7528 7538
f 7538 7539 7450
f 7451 7450 7539
f 7539 7621 7451
f 7452 7451 7621
f 7621 7607 7452
f 7453 7452 7607
f 7607 7608 7453
f 7454 7453 7608
f 7608 7609 7454
f 7455 7454 7609
f 7609 7610 7455
f 7456 7455 7610
f 7610 7611 7456
f 7457 7456 7611
f 7611 7612 7457
f 7523 7457 7612
f 7612 7540 7523
f 7524 7523 7540
f 7540 7541 7524
f 7525 7524 7541
f 7541 7542 7525
f 7526 7525 7542
f 7542 7543 7526
f 7527 7526 7543
f 7543 7544 7527
f 7527 7527 7544
f 7544 7544 7527
f 7661 7661 7660
f 7659 7660 7659
f 7659 7660 7660
f 7660 7660 7661
f 7663 7663 7662
f 7662 7663 7662
f 7626 7625 7668
f 7626 7668 7627
f 7627 7668 7669
f 7627 7669 7628
f 7666 7667 7622
f 7622 7667 7623
f 7623 7667 7624
f 7624 7667 7625
f 7674 7675 7675
f 7674 7675 7674
f 7677 7678 7677
f 7677 7678 7678
f 7678 7678 7679
f 7679 7678 7679
f 7692 7692 7691
f 7691 7692 7691
f 7697 7697 7696
f 7693 7694 7694
f 7697 7696 7696
f 7696 7696 7695
f 7696 7695 7695
f 7695 7695 7694
f 7695 7694 7694
f 7700 7701 7701
f 7717 7633 7716
f 7712 7713 7634
f 7634 7713 7635
f 7635 7713 7630
f 7633 7632 7715
f 7633 7715 7716
f 7713 7714 7630
f 7630 7714 7631
f 7631 7714 7632
f 7632 7714 7715
f 7688 7689 7688
f 7692 7692 7693
f 7636 7698 7697
f 7704 7659 7659
f 7703 7704 7703
f 7704 7704 7703
f 7659 7704 7704
f 7661 7662 7662
f 7661 7662 7661
f 7664 7665 7665
f 7637 7664 7663
f 7639 7671 7638
f 7640 7671 7639
f 7672 7671 7640
f 7641 7672 7640
f 7642 7672 7641
f 7673 7672 7642
f 7674 7673 7642
f 7676 7677 7676
f 7677 7677 7676
f 7643 7680 7679
f 7681 7680 7643
f 7644 7681 7643
f 7645 7681 7644
f 7646 7681 7645
f 7682 7681 7646
f 7647 7684 7683
f 7648 7684 7647
f 7649 7684 7648
f 7649 7685 7684
f 7686 7685 7649
f 7708 7653 7654
f 7709 7708 7654
f 7655 7709 7654
f 7711 7711 7655
f 7710 7711 7655
f 7656 7710 7655
f 7711 7711 7710
f 7651 7718 7657
f 7706 7718 7651
f 7707 7706 7651
f 7652 7707 7651
f 7653 7707 7652
f 7708 7707 7653
f 7717 7718 7717
f 7579 7578 7703
f 7703 7704 7579
f 7580 7579 7704
f 7704 7659 7580
f 7581 7580 7659
f 7659 7660 7581
f 7582 7581 7660
f 7660 7661 7582
f 7583 7582 7661
f 7661 7662 7583
f 7584 7583 7662
f 7662 7663 7584
f 7585 7584 7663
f 7663 7664 7585
f 7586 7585 7664
f 7664 7665 7586
f 7587 7586 7665
f 7665 7622 7587
f 7588 7587 7622
f 7622 7623 7588
f 7589 7588 7623
f 7623 7624 7589
f 7590 7589 7624
f 7624 7625 7590
f 7591 7590 7625
f 7625 7626 7591
f 7592 7591 7626
f 7626 7627 7592
f 7593 7592 7627
f 7627 7628 7593
f 7594 7593 7628
f 7628 7670 7594
f 7545 7594 7670
f 7670 7671 7545
f 7597 7545 7671
f 7671 7672 7597
f 7598 7597 7672
f 7672 7673 7598
f 7599 7598 7673
f 7673 7674 7599
f 7600 7599 7674
f 7674 7675 7600
f 7601 7600 7675
f 7675 7676 7601
f 7553 7601 7676
f 7676 7677 7553
f 7554 7553 7677
f 7677 7678 7554
f 7555 7554 7678
f 7678 7679 7555
f 7556 7555 7679
f 7679 7680 7556
f 7557 7556 7680
f 7680 7681 7557
f 7546 7557 7681
f 7681 7682 7546
f 7604 7546 7682
f 7682 7683 7604
f 7561 7604 7683
f 7683 7684 7561
f 7562 7561 7684
f 7684 7685 7562
f 7563 7562 7685
f 7685 7686 7563
f 7564 7563 7686
f 7686 7687 7564
f 7565 7564 7687
f 7687 7688 7565
f 7566 7565 7688
f 7688 7690 7566
f 7567 7566 7690
f 7690 7691 7567
f 7568 7567 7691
f 7691 7692 7568
f 7569 7568 7692
f 7692 7694 7569
f 7570 7569 7694
f 7694 7695 7570
f 7571 7570 7695
f 7695 7696 7571
f 7572 7571 7696
f 7696 7697 7572
f 7573 7572 7697
f 7697 7698 7573
f 7574 7573 7698
f 7698 7699 7574
f 7575 7574 7699
f 7699 7700 7575
f 7576 7575 7700
f 7700 7701 7576
f 7577 7576 7701
f 7701 7702 7577
f 7578 7577 7702
f 7702 7703 7578
f 7578 7578 7703
f 7703 7703 7578
f 7616 7615 7635
f 7635 7630 7616
f 7617 7616 7630
f 7630 7631 7617
f 7618 7617 7631
f 7631 7632 7618
f 7619 7618 7632
f 7632 7633 7619
f 7547 7619 7633
f 7633 7718 7547
f 7548 7547 7718
f 7718 7706 7548
f 7549 7548 7706
f 7706 7707 7549
f 7550 7549 7707
f 7707 7708 7550
f 7551 7550 7708
f 7708 7709 7551
f 7612 7551 7709
f 7709 7710 7612
f 7613 7612 7710
f 7710 7711 7613
f 7614 7613 7711
f 7711 7634 7614
f 7615 7614 7634
f 7634 7635 7615
f 7615 7615 7635
f 7635 7635 7615
f 7778 7778 7777
f 7777 7778 7777
f 7785 7785 7784
f 7785 7784 7784
f 7722 7721 7793
f 7722 7793 7794
f 7722 7794 7723
f 7723 7794 7795
f 7723 7795 7724
f 7719 7791 7720
f 7792 7793 7721
f 7798 7799 7798
f 7798 7799 7799
f 7806 7807 7806
f 7806 7807 7807
f 7807 7807 7808
f 7807 7808 7808
f 7808 7808 7809
f 7809 7808 7809
f 7810 7811 7810
f 7810 7811 7811
f 7820 7821 7726
f 7820 7726 7725
f 7726 7821 7727
f 7727 7821 7822
f 7727 7822 7728
f 7827 7826 7827
f 7732 7731 7825
f 7825 7731 7824
f 7822 7823 7728
f 7728 7823 7729
f 7729 7823 7730
f 7730 7823 7824
f 7730 7824 7731
f 7796 7797 7796
f 7797 7797 7796
f 7798 7797 7797
f 7798 7797 7798
f 7799 7800 7799
f 7733 7801 7800
f 7734 7801 7733
f 7735 7801 7734
f 7736 7801 7735
f 7802 7801 7736
f 7803 7802 7736
f 7737 7803 7736
f 7738 7803 7737
f 7804 7803 7738
f 7739 7804 7738
f 7740 7804 7739
f 7805 7804 7740
f 7806 7806 7805
f 7810 7810 7809
f 7809 7810 7809
f 7741 7812 7811
f 7776 7748 7777
f 7747 7748 7776
f 7775 7747 7776
f 7744 7813 7812
f 7743 7744 7812
f 7742 7743 7812
f 7741 7742 7812
f 7814 7813 7744
f 7745 7774 7773
f 7775 7774 7745
f 7746 7775 7745
f 7747 7775 7746
f 7781 7753 7782
f 7749 7779 7778
f 7780 7752 7753
f 7781 7780 7753
f 7751 7752 7780
f 7779 7751 7780
f 7750 7751 7779
f 7749 7750 7779
f 7783 7754 7784
f 7760 7761 7790
f 7755 7786 7785
f 7787 7786 7755
f 7756 7787 7755
f 7788 7787 7756
f 7757 7788 7756
f 7758 7788 7757
f 7789 7788 7758
f 7759 7789 7758
f 7760 7789 7759
f 7817 7765 7766
f 7818 7817 7766
f 7767 7818 7766
f 7819 7818 7767
f 7768 7819 7767
f 7820 7819 7768
f 7769 7820 7768
f 7771 7827 7770
f 7828 7827 7771
f 7763 7828 7771
f 7816 7828 7763
f 7764 7816 7763
f 7817 7816 7764
f 7765 7817 7764
f 7690 7688 7813
f 7813 7814 7690
f 7691 7690 7814
f 7814 7773 7691
f 7692 7691 7773
f 7773 7774 7692
f 7694 7692 7774
f 7774 7775 7694
f 7695 7694 7775
f 7775 7776 7695
f 7696 7695 7776
f 7776 7777 7696
f 7636 7696 7777
f 7777 7778 7636
f 7699 7636 7778
f 7778 7779 7699
f 7700 7699 7779
f 7779 7780 7700
f 7701 7700 7780
f 7780 7781 7701
f 7702 7701 7781
f 7781 7782 7702
f 7703 7702 7782
f 7782 7783 7703
f 7704 7703 7783
f 7783 7784 7704
f 7659 7704 7784
f 7784 7785 7659
f 7660 7659 7785
f 7785 7786 7660
f 7661 7660 7786
f 7786 7787 7661
f 7662 7661 7787
f 7787 7788 7662
f 7637 7662 7788
f 7788 7789 7637
f 7665 7637 7789
f 7789 7719 7665
f 7666 7665 7719
f 7719 7720 7666
f 7667 7666 7720
f 7720 7721 7667
f 7668 7667 7721
f 7721 7722 7668
f 7669 7668 7722
f 7722 7723 7669
f 7638 7669 7723
f 7723 7724 7638
f 7639 7638 7724
f 7724 7797 7639
f 7640 7639 7797
f 7797 7798 7640
f 7641 7640 7798
f 7798 7799 7641
f 7642 7641 7799
f 7799 7800 7642
f 7675 7642 7800
f 7800 7801 7675
f 7676 7675 7801
f 7801 7802 7676
f 7677 7676 7802
f 7802 7803 7677
f 7678 7677 7803
f 7803 7804 7678
f 7643 7678 7804
f 7804 7805 7643
f 7644 7643 7805
f 7805 7806 7644
f 7645 7644 7806
f 7806 7807 7645
f 7646 7645 7807
f 7807 7808 7646
f 7647 7646 7808
f 7808 7809 7647
f 7648 7647 7809
f 7809 7810 7648
f 7649 7648 7810
f 7810 7811 7649
f 7687 7649 7811
f 7811 7812 7687
f 7688 7687 7812
f 7812 7813 7688
f 7688 7688 7813
f 7813 7813 7688
f 7651 7657 7827
f 7827 7828 7651
f 7652 7651 7828
f 7828 7816 7652
f 7653 7652 7816
f 7816 7817 7653
f 7654 7653 7817
f 7817 7818 7654
f 7655 7654 7818
f 7818 7819 7655
f 7656 7655 7819
f 7819 7725 7656
f 7711 7656 7725
f 7725 7726 7711
f 7712 7711 7726
f 7726 7727 7712
f 7713 7712 7727
f 7727 7728 7713
f 7714 7713 7728
f 7728 7729 7714
f 7715 7714 7729
f 7729 7730 7715
f 7716 7715 7730
f 7730 7731 7716
f 7717 7716 7731
f 7731 7732 7717
f 7657 7717 7732
f 7732 7827 7657
f 7657 7657 7827
f 7827 7827 7657
f 7833 7832 7898
f 7833 7898 7834
f 7834 7898 7899
f 7834 7899 7835
f 7830 7895 7831
f 7831 7895 7896
f 7831 7896 7897
f 7831 7897 7832
f 7832 7897 7898
f 7913 7842 7841
f 7913 7841 7912
f 7909 7910 7836
f 7836 7910 7837
f 7841 7840 7912
f 7912 7840 7839
f 7912 7839 7911
f 7911 7839 7838
f 7911 7838 7910
f 7910 7838 7837
f 7845 7879 7878
f 7844 7845 7878
f 7843 7844 7878
f 7845 7846 7879
f 7851 7852 7889
f 7888 7851 7889
f 7848 7888 7887
f 7847 7848 7887
f 7888 7848 7849
f 7850 7888 7849
f 7851 7888 7850
f 7905 7858 7854
f 7855 7905 7854
f 7906 7905 7855
f 7907 7906 7855
f 7856 7915 7914
f 7903 7915 7856
f 7857 7903 7856
f 7858 7903 7857
f 7904 7903 7858
f 7905 7904 7858
f 7797 7796 7900
f 7900 7901 7797
f 7798 7797 7901
f 7901 7860 7798
f 7799 7798 7860
f 7860 7861 7799
f 7733 7799 7861
f 7861 7862 7733
f 7734 7733 7862
f 7862 7863 7734
f 7735 7734 7863
f 7863 7864 7735
f 7736 7735 7864
f 7864 7865 7736
f 7737 7736 7865
f 7865 7866 7737
f 7738 7737 7866
f 7866 7867 7738
f 7739 7738 7867
f 7867 7868 7739
f 7740 7739 7868
f 7868 7869 7740
f 7806 7740 7869
f 7869 7870 7806
f 7807 7806 7870
f 7870 7871 7807
f 7808 7807 7871
f 7871 7872 7808
f 7809 7808 7872
f 7872 7873 7809
f 7810 7809 7873
f 7873 7874 7810
f 7741 7810 7874
f 7874 7875 7741
f 7742 7741 7875
f 7875 7876 7742
f 7743 7742 7876
f 7876 7877 7743
f 7744 7743 7877
f 7877 7878 7744
f 7745 7744 7878
f 7878 7879 7745
f 7746 7745 7879
f 7879 7880 7746
f 7747 7746 7880
f 7880 7881 7747
f 7748 7747 7881
f 7881 7882 7748
f 7749 7748 7882
f 7882 7883 7749
f 7750 7749 7883
f 7883 7884 7750
f 7751 7750 7884
f 7884 7885 7751
f 7752 7751 7885
f 7885 7886 7752
f 7753 7752 7886
f 7886 7887 7753
f 7754 7753 7887
f 7887 7888 7754
f 7755 7754 7888
f 7888 7889 7755
f 7756 7755 7889
f 7889 7890 7756
f 7757 7756 7890
f 7890 7891 7757
f 7758 7757 7891
f 7891 7892 7758
f 7759 7758 7892
f 7892 7893 7759
f 7760 7759 7893
f 7893 7829 7760
f 7761 7760 7829
f 7829 7830 7761
f 7791 7761 7830
f 7830 7831 7791
f 7792 7791 7831
f 7831 7832 7792
f 7793 7792 7832
f 7832 7833 7793
f 7794 7793 7833
f 7833 7834 7794
f 7795 7794 7834
f 7834 7835 7795
f 7796 7795 7835
f 7835 7900 7796
f 7796 7796 7900
f 7900 7900 7796
f 7763 7771 7914
f 7914 7915 7763
f 7764 7763 7915
f 7915 7903 7764
f 7765 7764 7903
f 7903 7904 7765
f 7766 7765 7904
f 7904 7905 7766
f 7767 7766 7905
f 7905 7906 7767
f 7768 7767 7906
f 7906 7907 7768
f 7769 7768 7907
f 7907 7908 7769
f 7821 7769 7908
f 7908 7836 7821
f 7822 7821 7836
f 7836 7837 7822
f 7823 7822 7837
f 7837 7838 7823
f 7824 7823 7838
f 7838 7839 7824
f 7825 7824 7839
f 7839 7840 7825
f 7826 7825 7840
f 7840 7841 7826
f 7770 7826 7841
f 7841 7842 7770
f 7771 7770 7842
f 7842 7914 7771
f 7771 7771 7914
f 7914 7914 7771
f 7920 7919 7981
f 7920 7981 7982
f 7920 7982 7983
f 7920 7983 7921
f 7921 7983 7984
f 7978 7979 7917
f 7917 7979 7918
f 7918 7979 7980
f 7918 7980 7919
f 7919 7980 7981
f 7988 7989 7923
f 7988 7923 7922
f 7923 7989 7924
f 7927 7926 7993
f 7993 7926 7992
f 7991 7992 7925
f 7991 7925 7924
f 7991 7924 7990
f 7990 7924 7989
f 7925 7992 7926
f 7996 7931 7932
f 7997 7996 7932
f 7933 7997 7932
f 7987 7997 7933
f 7988 7987 7933
f 7934 7988 7933
f 7929 7993 7935
f 7994 7993 7929
f 7930 7994 7929
f 7995 7994 7930
f 7996 7995 7930
f 7931 7996 7930
f 7900 7899 7921
f 7921 7985 7900
f 7901 7900 7985
f 7985 7937 7901
f 7860 7901 7937
f 7937 7938 7860
f 7861 7860 7938
f 7938 7939 7861
f 7862 7861 7939
f 7939 7940 7862
f 7863 7862 7940
f 7940 7941 7863
f 7864 7863 7941
f 7941 7942 7864
f 7865 7864 7942
f 7942 7943 7865
f 7866 7865 7943
f 7943 7944 7866
f 7867 7866 7944
f 7944 7945 7867
f 7868 7867 7945
f 7945 7946 7868
f 7869 7868 7946
f 7946 7947 7869
f 7870 7869 7947
f 7947 7948 7870
f 7871 7870 7948
f 7948 7949 7871
f 7872 7871 7949
f 7949 7950 7872
f 7873 7872 7950
f 7950 7951 7873
f 7874 7873 7951
f 7951 7952 7874
f 7875 7874 7952
f 7952 7953 7875
f 7876 7875 7953
f 7953 7954 7876
f 7877 7876 7954
f 7954 7955 7877
f 7843 7877 7955
f 7955 7956 7843
f 7844 7843 7956
f 7956 7957 7844
f 7845 7844 7957
f 7957 7958 7845
f 7846 7845 7958
f 7958 7959 7846
f 7880 7846 7959
f 7959 7960 7880
f 7881 7880 7960
f 7960 7961 7881
f 7882 7881 7961
f 7961 7962 7882
f 7883 7882 7962
f 7962 7963 7883
f 7884 7883 7963
f 7963 7964 7884
f 7885 7884 7964
f 7964 7965 7885
f 7886 7885 7965
f 7965 7966 7886
f 7847 7886 7966
f 7966 7967 7847
f 7848 7847 7967
f 7967 7968 7848
f 7849 7848 7968
f 7968 7969 7849
f 7850 7849 7969
f 7969 7970 7850
f 7851 7850 7970
f 7970 7971 7851
f 7852 7851 7971
f 7971 7972 7852
f 7890 7852 7972
f 7972 7973 7890
f 7891 7890 7973
f 7973 7974 7891
f 7892 7891 7974
f 7974 7975 7892
f 7893 7892 7975
f 7975 7976 7893
f 7894 7893 7976
f 7976 7977 7894
f 7895 7894 7977
f 7977 7917 7895
f 7896 7895 7917
f 7917 7918 7896
f 7897 7896 7918
f 7918 7919 7897
f 7898 7897 7919
f 7919 7920 7898
f 7899 7898 7920
f 7920 7921 7899
f 7899 7899 7921
f 7921 7921 7899
f 7854 7858 7996
f 7996 7997 7854
f 7855 7854 7997
f 7997 7987 7855
f 7908 7855 7987
f 7987 7922 7908
f 7909 7908 7922
f 7922 7923 7909
f 7910 7909 7923
f 7923 7924 7910
f 7911 7910 7924
f 7924 7925 7911
f 7912 7911 7925
f 7925 7926 7912
f 7913 7912 7926
f 7926 7927 7913
f 7856 7913 7927
f 7927 7994 7856
f 7857 7856 7994
f 7994 7995 7857
f 7858 7857 7995
f 7995 7996 7858
f 7858 7858 7996
f 7996 7996 7858
f 8027 8027 8026
f 8077 8024 8077
f 8077 8024 8024
f 8024 8024 8025
f 8025 8024 8025
f 8025 8025 8026
f 8026 8026 8027
f 8031 8031 8030
f 8029 8030 8029
f 8029 8030 8030
f 8030 8030 8031
f 8002 8001 8036
f 8002 8036 8003
f 8003 8036 8037
f 8003 8037 8004
f 8032 8033 7998
f 7998 8033 7999
f 7999 8033 8034
f 7999 8034 8000
f 8000 8034 8035
f 8000 8035 8001
f 8039 8040 8040
f 8040 8040 8041
f 8044 8045 8045
f 8045 8045 8046
f 8046 8045 8046
f 8053 8054 8053
f 8053 8054 8054
f 8054 8054 8055
f 8054 8055 8055
f 8055 8055 8056
f 8056 8055 8056
f 8057 8058 8057
f 8064 8064 8063
f 8064 8063 8063
f 8067 8067 8066
f 8065 8066 8065
f 8067 8066 8066
f 8066 8066 8065
f 8083 8084 8008
f 8083 8008 8007
f 8008 8084 8009
f 8012 8011 8088
f 8088 8011 8087
f 8084 8085 8009
f 8009 8085 8010
f 8010 8085 8086
f 8010 8086 8087
f 8010 8087 8011
f 8038 8039 8038
f 8042 8042 8041
f 8044 8043 8044
f 8048 8048 8047
f 8051 8050 8050
f 8051 8051 8050
f 8052 8051 8051
f 8052 8051 8052
f 8053 8052 8052
f 8053 8052 8053
f 8013 8057 8056
f 8065 8065 8064
f 8064 8065 8064
f 8014 8068 8067
f 8075 8076 8076
f 8075 8075 8076
f 8074 8075 8075
f 8073 8074 8074
f 8073 8073 8074
f 8028 8029 8029
f 8027 8028 8027
f 8028 8028 8027
f 8029 8028 8028
f 8031 8032 8032
f 8031 8032 8031
f 8081 8016 8017
f 8082 8081 8017
f 8018 8082 8017
f 8083 8082 8018
f 8019 8083 8018
f 8021 8088 8020
f 8089 8088 8021
f 8022 8089 8021
f 8079 8089 8022
f 8016 8079 8022
f 8080 8079 8016
f 8081 8080 8016
f 7969 7968 8076
f 8076 8077 7969
f 7970 7969 8077
f 8077 8024 7970
f 7971 7970 8024
f 8024 8025 7971
f 7972 7971 8025
f 8025 8026 7972
f 7973 7972 8026
f 8026 8027 7973
f 7974 7973 8027
f 8027 8028 7974
f 7975 7974 8028
f 8028 8029 7975
f 7976 7975 8029
f 8029 8030 7976
f 7977 7976 8030
f 8030 8031 7977
f 7978 7977 8031
f 8031 7998 7978
f 7979 7978 7998
f 7998 7999 7979
f 7980 7979 7999
f 7999 8000 7980
f 7981 7980 8000
f 8000 8001 7981
f 7982 7981 8001
f 8001 8002 7982
f 7983 7982 8002
f 8002 8003 7983
f 7984 7983 8003
f 8003 8004 7984
f 7985 7984 8004
f 8004 8005 7985
f 7937 7985 8005
f 8005 8040 7937
f 7938 7937 8040
f 8040 8042 7938
f 7939 7938 8042
f 8042 8043 7939
f 7940 7939 8043
f 8043 8044 7940
f 7941 7940 8044
f 8044 8045 7941
f 7942 7941 8045
f 8045 8046 7942
f 7943 7942 8046
f 8046 8047 7943
f 7944 7943 8047
f 8047 8048 7944
f 7945 7944 8048
f 8048 8050 7945
f 7946 7945 8050
f 8050 8051 7946
f 7947 7946 8051
f 8051 8052 7947
f 7948 7947 8052
f 8052 8053 7948
f 7949 7948 8053
f 8053 8054 7949
f 7950 7949 8054
f 8054 8055 7950
f 7951 7950 8055
f 8055 8056 7951
f 7952 7951 8056
f 8056 8057 7952
f 7953 7952 8057
f 8057 8058 7953
f 7954 7953 8058
f 8058 8059 7954
f 7955 7954 8059
f 8059 8060 7955
f 7956 7955 8060
f 8060 8061 7956
f 7957 7956 8061
f 8061 8063 7957
f 7958 7957 8063
f 8063 8064 7958
f 7959 7958 8064
f 8064 8065 7959
f 7960 7959 8065
f 8065 8066 7960
f 7961 7960 8066
f 8066 8067 7961
f 7962 7961 8067
f 8067 8068 7962
f 7963 7962 8068
f 8068 8069 7963
f 7964 7963 8069
f 8069 8072 7964
f 7965 7964 8072
f 8072 8073 7965
f 7966 7965 8073
f 8073 8074 7966
f 7967 7966 8074
f 8074 8075 7967
f 7968 7967 8075
f 8075 8076 7968
f 7968 7968 8076
f 8076 8076 7968
f 7929 7935 8012
f 8012 8089 7929
f 7930 7929 8089
f 8089 8079 7930
f 7931 7930 8079
f 8079 8080 7931
f 7932 7931 8080
f 8080 8081 7932
f 7933 7932 8081
f 8081 8082 7933
f 7934 7933 8082
f 8082 8007 7934
f 7989 7934 8007
f 8007 8008 7989
f 7990 7989 8008
f 8008 8009 7990
f 7991 7990 8009
f 8009 8010 7991
f 7992 7991 8010
f 8010 8011 7992
f 7935 7992 8011
f 8011 8012 7935
f 7935 7935 8012
f 8012 8012 7935
f 8092 8091 8162
f 8092 8162 8163
f 8092 8163 8093
f 8093 8163 8164
f 8095 8159 8096
f 8096 8159 8160
f 8096 8160 8097
f 8097 8160 8161
f 8097 8161 8091
f 8091 8161 8162
f 8123 8124 8123
f 8123 8124 8124
f 8124 8124 8125
f 8125 8124 8125
f 8126 8127 8127
f 8126 8127 8126
f 8133 8134 8134
f 8143 8143 8142
f 8142 8143 8142
f 8147 8146 8146
f 8144 8145 8144
f 8146 8145 8145
f 8145 8145 8144
f 8151 8151 8150
f 8151 8150 8150
f 8170 8171 8170
f 8171 8172 8098
f 8098 8172 8173
f 8098 8173 8099
f 8176 8101 8175
f 8173 8174 8100
f 8173 8100 8099
f 8100 8174 8101
f 8101 8174 8175
f 8156 8102 8157
f 8151 8152 8151
f 8152 8152 8151
f 8153 8152 8152
f 8153 8152 8153
f 8154 8153 8153
f 8154 8153 8154
f 8155 8154 8154
f 8155 8155 8154
f 8156 8155 8155
f 8103 8117 8166
f 8104 8117 8103
f 8118 8117 8104
f 8119 8119 8118
f 8120 8119 8119
f 8120 8119 8120
f 8121 8120 8120
f 8121 8120 8121
f 8122 8121 8121
f 8125 8126 8125
f 8126 8126 8125
f 8127 8128 8127
f 8128 8128 8127
f 8129 8128 8128
f 8105 8130 8129
f 8106 8130 8105
f 8131 8130 8106
f 8132 8132 8133
f 8136 8137 8136
f 8138 8138 8137
f 8137 8138 8137
f 8136 8137 8137
f 8141 8142 8142
f 8140 8141 8140
f 8141 8141 8142
f 8140 8141 8141
f 8143 8107 8144
f 8180 8115 8109
f 8168 8180 8109
f 8110 8168 8109
f 8169 8168 8110
f 8170 8169 8110
f 8111 8170 8110
f 8113 8177 8112
f 8178 8177 8113
f 8179 8178 8113
f 8114 8179 8113
f 8180 8179 8114
f 8115 8180 8114
f 8035 8034 8097
f 8097 8091 8035
f 8036 8035 8091
f 8091 8092 8036
f 8037 8036 8092
f 8092 8093 8037
f 8038 8037 8093
f 8093 8166 8038
f 8040 8038 8166
f 8166 8117 8040
f 8042 8040 8117
f 8117 8118 8042
f 8043 8042 8118
f 8118 8119 8043
f 8044 8043 8119
f 8119 8120 8044
f 8045 8044 8120
f 8120 8121 8045
f 8046 8045 8121
f 8121 8122 8046
f 8047 8046 8122
f 8122 8123 8047
f 8048 8047 8123
f 8123 8124 8048
f 8050 8048 8124
f 8124 8125 8050
f 8051 8050 8125
f 8125 8126 8051
f 8052 8051 8126
f 8126 8127 8052
f 8053 8052 8127
f 8127 8128 8053
f 8054 8053 8128
f 8128 8129 8054
f 8055 8054 8129
f 8129 8130 8055
f 8013 8055 8130
f 8130 8131 8013
f 8058 8013 8131
f 8131 8132 8058
f 8059 8058 8132
f 8132 8134 8059
f 8060 8059 8134
f 8134 8135 8060
f 8061 8060 8135
f 8135 8136 8061
f 8063 8061 8136
f 8136 8137 8063
f 8064 8063 8137
f 8137 8138 8064
f 8065 8064 8138
f 8138 8140 8065
f 8066 8065 8140
f 8140 8141 8066
f 8014 8066 8141
f 8141 8142 8014
f 8069 8014 8142
f 8142 8143 8069
f 8072 8069 8143
f 8143 8144 8072
f 8073 8072 8144
f 8144 8145 8073
f 8074 8073 8145
f 8145 8146 8074
f 8075 8074 8146
f 8146 8148 8075
f 8076 8075 8148
f 8148 8149 8076
f 8077 8076 8149
f 8149 8150 8077
f 8024 8077 8150
f 8150 8151 8024
f 8025 8024 8151
f 8151 8152 8025
f 8026 8025 8152
f 8152 8153 8026
f 8027 8026 8153
f 8153 8154 8027
f 8028 8027 8154
f 8154 8155 8028
f 8029 8028 8155
f 8155 8156 8029
f 8030 8029 8156
f 8156 8157 8030
f 8031 8030 8157
f 8157 8094 8031
f 8032 8031 8094
f 8094 8095 8032
f 8033 8032 8095
f 8095 8096 8033
f 8034 8033 8096
f 8096 8097 8034
f 8034 8034 8097
f 8097 8097 8034
f 8016 8022 8179
f 8179 8180 8016
f 8017 8016 8180
f 8180 8168 8017
f 8018 8017 8168
f 8168 8169 8018
f 8019 8018 8169
f 8169 8170 8019
f 8084 8019 8170
f 8170 8098 8084
f 8085 8084 8098
f 8098 8099 8085
f 8086 8085 8099
f 8099 8100 8086
f 8087 8086 8100
f 8100 8101 8087
f 8020 8087 8101
f 8101 8177 8020
f 8021 8020 8177
f 8177 8178 8021
f 8022 8021 8178
f 8178 8179 8022
f 8022 8022 8179
f 8179 8179 8022
f 8267 8267 8266
f 8267 8266 8266
f 8228 8228 8227
f 8227 8228 8227
f 8186 8185 8234
f 8186 8234 8235
f 8186 8235 8187
f 8187 8235 8188
f 8236 8237 8237
f 8181 8231 8182
f 8182 8231 8183
f 8183 8231 8232
f 8183 8232 8184
f 8184 8232 8233
f 8184 8233 8185
f 8240 8241 8241
f 8240 8241 8240
f 8244 8245 8245
f 8244 8245 8244
f 8248 8249 8248
f 8248 8249 8249
f 8253 8254 8253
f 8255 8255 8254
f 8254 8255 8254
f 8271 8272 8190
f 8271 8190 8189
f 8190 8272 8191
f 8191 8272 8273
f 8191 8273 8274
f 8191 8274 8192
f 8196 8195 8278
f 8278 8195 8277
f 8274 8275 8192
f 8192 8275 8193
f 8193 8275 8194
f 8194 8275 8276
f 8194 8276 8277
f 8194 8277 8195
f 8216 8246 8245
f 8247 8246 8216
f 8217 8247 8216
f 8198 8247 8217
f 8199 8247 8198
f 8248 8247 8199
f 8201 8250 8249
f 8200 8201 8249
f 8202 8250 8201
f 8250 8202 8251
f 8255 8256 8255
f 8261 8207 8262
f 8259 8206 8260
f 8205 8259 8258
f 8204 8205 8258
f 8206 8259 8205
f 8256 8203 8257
f 8268 8208 8227
f 8267 8268 8267
f 8229 8211 8230
f 8209 8229 8228
f 8210 8229 8209
f 8211 8229 8210
f 8212 8238 8237
f 8213 8238 8212
f 8214 8238 8213
f 8215 8238 8214
f 8239 8238 8215
f 8240 8239 8215
f 8242 8243 8242
f 8243 8243 8242
f 8244 8243 8243
f 8244 8243 8244
f 8282 8219 8220
f 8221 8282 8220
f 8270 8282 8221
f 8271 8270 8221
f 8222 8271 8221
f 8224 8278 8223
f 8279 8278 8224
f 8280 8279 8224
f 8225 8280 8224
f 8281 8280 8225
f 8219 8281 8225
f 8282 8281 8219
f 8153 8152 8267
f 8267 8268 8153
f 8154 8153 8268
f 8268 8227 8154
f 8155 8154 8227
f 8227 8228 8155
f 8102 8155 8228
f 8228 8229 8102
f 8158 8102 8229
f 8229 8181 8158
f 8159 8158 8181
f 8181 8182 8159
f 8160 8159 8182
f 8182 8183 8160
f 8161 8160 8183
f 8183 8184 8161
f 8162 8161 8184
f 8184 8185 8162
f 8163 8162 8185
f 8185 8186 8163
f 8164 8163 8186
f 8186 8187 8164
f 8103 8164 8187
f 8187 8188 8103
f 8104 8103 8188
f 8188 8237 8104
f 8119 8104 8237
f 8237 8238 8119
f 8120 8119 8238
f 8238 8239 8120
f 8121 8120 8239
f 8239 8240 8121
f 8122 8121 8240
f 8240 8241 8122
f 8123 8122 8241
f 8241 8242 8123
f 8124 8123 8242
f 8242 8243 8124
f 8125 8124 8243
f 8243 8244 8125
f 8126 8125 8244
f 8244 8245 8126
f 8127 8126 8245
f 8245 8246 8127
f 8128 8127 8246
f 8246 8247 8128
f 8105 8128 8247
f 8247 8248 8105
f 8106 8105 8248
f 8248 8249 8106
f 8132 8106 8249
f 8249 8250 8132
f 8134 8132 8250
f 8250 8251 8134
f 8135 8134 8251
f 8251 8252 8135
f 8136 8135 8252
f 8252 8253 8136
f 8137 8136 8253
f 8253 8254 8137
f 8138 8137 8254
f 8254 8255 8138
f 8140 8138 8255
f 8255 8256 8140
f 8141 8140 8256
f 8256 8257 8141
f 8142 8141 8257
f 8257 8258 8142
f 8107 8142 8258
f 8258 8259 8107
f 8145 8107 8259
f 8259 8260 8145
f 8146 8145 8260
f 8260 8261 8146
f 8148 8146 8261
f 8261 8262 8148
f 8149 8148 8262
f 8262 8264 8149
f 8150 8149 8264
f 8264 8265 8150
f 8151 8150 8265
f 8265 8266 8151
f 8152 8151 8266
f 8266 8267 8152
f 8152 8152 8267
f 8267 8267 8152
f 8109 8115 8281
f 8281 8282 8109
f 8110 8109 8282
f 8282 8270 8110
f 8111 8110 8270
f 8270 8189 8111
f 8171 8111 8189
f 8189 8190 8171
f 8172 8171 8190
f 8190 8191 8172
f 8173 8172 8191
f 8191 8192 8173
f 8174 8173 8192
f 8192 8193 8174
f 8175 8174 8193
f 8193 8194 8175
f 8176 8175 8194
f 8194 8195 8176
f 8112 8176 8195
f 8195 8196 8112
f 8113 8112 8196
f 8196 8279 8113
f 8114 8113 8279
f 8279 8280 8114
f 8115 8114 8280
f 8280 8281 8115
f 8115 8115 8281
f 8281 8281 8115
f 8384 8385 8385
f 8384 8385 8384
f 8344 8345 8344
f 8345 8346 8283
f 8283 8346 8284
f 8347 8347 8346
f 8354 8285 8353
f 8361 8361 8360
f 8361 8360 8360
f 8289 8288 8369
f 8289 8369 8370
f 8289 8370 8371
f 8289 8371 8290
f 8290 8371 8372
f 8290 8372 8373
f 8363 8364 8363
f 8363 8364 8364
f 8364 8364 8365
f 8364 8365 8365
f 8365 8365 8366
f 8366 8367 8286
f 8286 8367 8287
f 8287 8367 8368
f 8287 8368 8288
f 8288 8368 8369
f 8374 8375 8375
f 8375 8375 8376
f 8376 8375 8376
f 8378 8379 8378
f 8378 8379 8379
f 8390 8391 8292
f 8390 8292 8291
f 8292 8391 8293
f 8293 8391 8392
f 8293 8392 8393
f 8293 8393 8294
f 8298 8297 8397
f 8397 8297 8396
f 8396 8297 8395
f 8393 8394 8294
f 8294 8394 8295
f 8295 8394 8395
f 8295 8395 8296
f 8296 8395 8297
f 8357 8302 8358
f 8354 8355 8354
f 8357 8301 8302
f 8300 8301 8357
f 8356 8300 8357
f 8355 8356 8355
f 8354 8355 8355
f 8323 8300 8356
f 8359 8303 8360
f 8306 8307 8363
f 8362 8306 8363
f 8304 8362 8361
f 8305 8362 8304
f 8306 8362 8305
f 8373 8374 8373
f 8376 8377 8376
f 8377 8377 8376
f 8378 8377 8377
f 8378 8377 8378
f 8308 8380 8379
f 8309 8380 8308
f 8310 8380 8309
f 8311 8380 8310
f 8381 8380 8311
f 8312 8381 8311
f 8382 8381 8312
f 8383 8382 8312
f 8313 8383 8312
f 8314 8383 8313
f 8315 8383 8314
f 8384 8383 8315
f 8385 8386 8385
f 8386 8386 8385
f 8344 8386 8386
f 8344 8386 8344
f 8316 8348 8347
f 8321 8322 8353
f 8352 8321 8353
f 8319 8349 8348
f 8318 8319 8348
f 8317 8318 8348
f 8316 8317 8348
f 8350 8349 8319
f 8320 8352 8351
f 8321 8352 8320
f 8325 8326 8327
f 8331 8329 8330
f 8400 8338 8333
f 8388 8400 8333
f 8334 8388 8333
f 8389 8388 8334
f 8390 8389 8334
f 8335 8390 8334
f 8398 8397 8336
f 8337 8398 8336
f 8399 8398 8337
f 8338 8399 8337
f 8400 8399 8338
f 8342 8340 8341
f 8198 8217 8385
f 8385 8386 8198
f 8199 8198 8386
f 8386 8344 8199
f 8200 8199 8344
f 8344 8283 8200
f 8201 8200 8283
f 8283 8284 8201
f 8202 8201 8284
f 8284 8347 8202
f 8252 8202 8347
f 8347 8348 8252
f 8253 8252 8348
f 8348 8349 8253
f 8254 8253 8349
f 8349 8350 8254
f 8255 8254 8350
f 8350 8351 8255
f 8203 8255 8351
f 8351 8352 8203
f 8204 8203 8352
f 8352 8285 8204
f 8205 8204 8285
f 8285 8355 8205
f 8206 8205 8355
f 8355 8356 8206
f 8207 8206 8356
f 8356 8357 8207
f 8264 8207 8357
f 8357 8358 8264
f 8265 8264 8358
f 8358 8359 8265
f 8266 8265 8359
f 8359 8360 8266
f 8267 8266 8360
f 8360 8361 8267
f 8208 8267 8361
f 8361 8362 8208
f 8209 8208 8362
f 8362 8363 8209
f 8210 8209 8363
f 8363 8364 8210
f 8211 8210 8364
f 8364 8365 8211
f 8231 8211 8365
f 8365 8286 8231
f 8232 8231 8286
f 8286 8287 8232
f 8233 8232 8287
f 8287 8288 8233
f 8234 8233 8288
f 8288 8289 8234
f 8235 8234 8289
f 8289 8290 8235
f 8236 8235 8290
f 8290 8375 8236
f 8212 8236 8375
f 8375 8376 8212
f 8213 8212 8376
f 8376 8377 8213
f 8214 8213 8377
f 8377 8378 8214
f 8215 8214 8378
f 8378 8379 8215
f 8241 8215 8379
f 8379 8380 8241
f 8242 8241 8380
f 8380 8381 8242
f 8243 8242 8381
f 8381 8382 8243
f 8244 8243 8382
f 8382 8383 8244
f 8216 8244 8383
f 8383 8384 8216
f 8217 8216 8384
f 8384 8385 8217
f 8217 8217 8385
f 8385 8385 8217
f 8219 8225 8399
f 8399 8400 8219
f 8220 8219 8400
f 8400 8388 8220
f 8221 8220 8388
f 8388 8389 8221
f 8222 8221 8389
f 8389 8291 8222
f 8272 8222 8291
f 8291 8292 8272
f 8273 8272 8292
f 8292 8293 8273
f 8274 8273 8293
f 8293 8294 8274
f 8275 8274 8294
f 8294 8295 8275
f 8276 8275 8295
f 8295 8296 8276
f 8277 8276 8296
f 8296 8297 8277
f 8223 8277 8297
f 8297 8298 8223
f 8224 8223 8298
f 8298 8398 8224
f 8225 8224 8398
f 8398 8399 8225
f 8225 8225 8399
f 8399 8399 8225
f 8476 8476 8475
f 8470 8471 8470
f 8476 8475 8475
f 8475 8475 8474
f 8474 8475 8474
f 8474 8474 8473
f 8473 8474 8473
f 8473 8473 8472
f 8473 8472 8472
f 8472 8472 8471
f 8472 8471 8471
f 8471 8471 8470
f 8433 8433 8432
f 8431 8432 8431
f 8431 8432 8432
f 8432 8432 8433
f 8435 8435 8434
f 8435 8434 8434
f 8404 8403 8441
f 8404 8441 8442
f 8404 8442 8405
f 8405 8442 8443
f 8405 8443 8406
f 8406 8443 8444
f 8438 8439 8401
f 8401 8439 8402
f 8402 8439 8440
f 8402 8440 8403
f 8403 8440 8441
f 8445 8446 8445
f 8448 8449 8448
f 8448 8449 8449
f 8449 8449 8450
f 8449 8450 8450
f 8450 8450 8451
f 8450 8451 8451
f 8451 8451 8452
f 8452 8451 8452
f 8452 8452 8453
f 8453 8452 8453
f 8454 8455 8455
f 8454 8455 8454
f 8456 8457 8456
f 8456 8457 8457
f 8457 8457 8458
f 8458 8457 8458
f 8459 8460 8459
f 8459 8460 8460
f 8462 8463 8462
f 8462 8463 8463
f 8469 8469 8468
f 8468 8469 8468
f 8480 8479 8479
f 8480 8479 8480
f 8481 8479 8479
f 8481 8479 8481
f 8483 8483 8484
f 8489 8490 8489
f 8490 8491 8407
f 8407 8491 8408
f 8408 8491 8409
f 8495 8494 8495
f 8494 8412 8493
f 8493 8412 8411
f 8493 8411 8492
f 8491 8492 8409
f 8409 8492 8410
f 8410 8492 8411
f 8502 8501 8501
f 8422 8423 8431
f 8477 8422 8431
f 8419 8477 8476
f 8418 8419 8476
f 8477 8419 8420
f 8421 8477 8420
f 8422 8477 8421
f 8433 8434 8434
f 8433 8433 8434
f 8437 8438 8438
f 8435 8436 8435
f 8436 8436 8435
f 8437 8436 8436
f 8437 8436 8437
f 8445 8445 8444
f 8444 8445 8444
f 8447 8447 8446
f 8448 8447 8447
f 8448 8447 8448
f 8456 8456 8455
f 8455 8456 8455
f 8458 8459 8458
f 8459 8459 8458
f 8460 8461 8460
f 8461 8461 8460
f 8462 8461 8461
f 8462 8461 8462
f 8486 8464 8463
f 8483 8486 8463
f 8485 8485 8484
f 8486 8485 8485
f 8465 8465 8466
f 8465 8465 8464
f 8415 8468 8467
f 8414 8415 8467
f 8416 8417 8468
f 8415 8416 8468
f 8481 8480 8470
f 8469 8481 8470
f 8498 8425 8426
f 8488 8498 8426
f 8427 8488 8426
f 8489 8488 8427
f 8500 8503 8428
f 8429 8500 8428
f 8496 8500 8429
f 8497 8496 8429
f 8425 8497 8429
f 8498 8497 8425
f 8500 8496 8495
f 8501 8500 8495
f 8300 8323 8473
f 8473 8474 8300
f 8301 8300 8474
f 8474 8475 8301
f 8302 8301 8475
f 8475 8476 8302
f 8303 8302 8476
f 8476 8477 8303
f 8304 8303 8477
f 8477 8431 8304
f 8305 8304 8431
f 8431 8432 8305
f 8306 8305 8432
f 8432 8433 8306
f 8307 8306 8433
f 8433 8434 8307
f 8364 8307 8434
f 8434 8435 8364
f 8365 8364 8435
f 8435 8436 8365
f 8366 8365 8436
f 8436 8437 8366
f 8367 8366 8437
f 8437 8401 8367
f 8368 8367 8401
f 8401 8402 8368
f 8369 8368 8402
f 8402 8403 8369
f 8370 8369 8403
f 8403 8404 8370
f 8371 8370 8404
f 8404 8405 8371
f 8372 8371 8405
f 8405 8406 8372
f 8373 8372 8406
f 8406 8445 8373
f 8375 8373 8445
f 8445 8447 8375
f 8376 8375 8447
f 8447 8448 8376
f 8377 8376 8448
f 8448 8449 8377
f 8378 8377 8449
f 8449 8450 8378
f 8308 8378 8450
f 8450 8451 8308
f 8309 8308 8451
f 8451 8452 8309
f 8310 8309 8452
f 8452 8453 8310
f 8311 8310 8453
f 8453 8454 8311
f 8312 8311 8454
f 8454 8455 8312
f 8313 8312 8455
f 8455 8456 8313
f 8314 8313 8456
f 8456 8457 8314
f 8315 8314 8457
f 8457 8458 8315
f 8385 8315 8458
f 8458 8459 8385
f 8386 8385 8459
f 8459 8460 8386
f 8344 8386 8460
f 8460 8461 8344
f 8345 8344 8461
f 8461 8462 8345
f 8346 8345 8462
f 8462 8463 8346
f 8316 8346 8463
f 8463 8464 8316
f 8317 8316 8464
f 8464 8465 8317
f 8318 8317 8465
f 8465 8466 8318
f 8319 8318 8466
f 8466 8467 8319
f 8320 8319 8467
f 8467 8468 8320
f 8321 8320 8468
f 8468 8469 8321
f 8322 8321 8469
f 8469 8470 8322
f 8354 8322 8470
f 8470 8471 8354
f 8355 8354 8471
f 8471 8472 8355
f 8323 8355 8472
f 8472 8473 8323
f 8323 8323 8473
f 8473 8473 8323
f 8325 8327 8480
f 8480 8481 8325
f 8326 8325 8481
f 8481 8479 8326
f 8327 8326 8479
f 8479 8480 8327
f 8327 8327 8480
f 8480 8480 8327
f 8329 8331 8485
f 8485 8486 8329
f 8330 8329 8486
f 8486 8483 8330
f 8331 8330 8483
f 8483 8485 8331
f 8331 8331 8485
f 8485 8485 8331
f 8333 8338 8497
f 8497 8498 8333
f 8334 8333 8498
f 8498 8488 8334
f 8335 8334 8488
f 8488 8489 8335
f 8391 8335 8489
f 8489 8407 8391
f 8392 8391 8407
f 8407 8408 8392
f 8393 8392 8408
f 8408 8409 8393
f 8394 8393 8409
f 8409 8410 8394
f 8395 8394 8410
f 8410 8411 8395
f 8396 8395 8411
f 8411 8412 8396
f 8336 8396 8412
f 8412 8495 8336
f 8337 8336 8495
f 8495 8496 8337
f 8338 8337 8496
f 8496 8497 8338
f 8338 8338 8497
f 8497 8497 8338
f 8340 8342 8501
f 8501 8503 8340
f 8341 8340 8503
f 8503 8500 8341
f 8342 8341 8500
f 8500 8501 8342
f 8342 8342 8501
f 8501 8501 8342
f 8510 8509 8536
f 8510 8536 8537
f 8510 8537 8511
f 8511 8537 8512
f 8504 8531 8505
f 8505 8531 8506
f 8506 8531 8532
f 8506 8532 8507
f 8507 8532 8533
f 8507 8533 8534
f 8507 8534 8508
f 8508 8534 8509
f 8509 8534 8535
f 8509 8535 8536
f 8577 8578 8513
f 8513 8578 8514
f 8514 8578 8579
f 8514 8579 8515
f 8515 8579 8580
f 8515 8580 8516
f 8519 8518 8582
f 8519 8582 8583
f 8580 8581 8517
f 8580 8517 8516
f 8517 8581 8518
f 8518 8581 8582
f 8585 8523 8524
f 8576 8585 8524
f 8521 8576 8524
f 8577 8576 8521
f 8584 8583 8522
f 8523 8584 8522
f 8585 8584 8523
f 8432 8423 8573
f 8573 8574 8432
f 8433 8432 8574
f 8574 8526 8433
f 8434 8433 8526
f 8526 8527 8434
f 8435 8434 8527
f 8527 8528 8435
f 8436 8435 8528
f 8528 8529 8436
f 8437 8436 8529
f 8529 8504 8437
f 8438 8437 8504
f 8504 8505 8438
f 8439 8438 8505
f 8505 8506 8439
f 8440 8439 8506
f 8506 8507 8440
f 8441 8440 8507
f 8507 8508 8441
f 8442 8441 8508
f 8508 8509 8442
f 8443 8442 8509
f 8509 8510 8443
f 8444 8443 8510
f 8510 8511 8444
f 8445 8444 8511
f 8511 8512 8445
f 8447 8445 8512
f 8512 8539 8447
f 8448 8447 8539
f 8539 8540 8448
f 8449 8448 8540
f 8540 8541 8449
f 8450 8449 8541
f 8541 8542 8450
f 8451 8450 8542
f 8542 8543 8451
f 8452 8451 8543
f 8543 8544 8452
f 8453 8452 8544
f 8544 8545 8453
f 8454 8453 8545
f 8545 8546 8454
f 8455 8454 8546
f 8546 8547 8455
f 8456 8455 8547
f 8547 8548 8456
f 8457 8456 8548
f 8548 8549 8457
f 8458 8457 8549
f 8549 8550 8458
f 8459 8458 8550
f 8550 8551 8459
f 8460 8459 8551
f 8551 8552 8460
f 8461 8460 8552
f 8552 8553 8461
f 8462 8461 8553
f 8553 8554 8462
f 8485 8462 8554
f 8554 8555 8485
f 8465 8485 8555
f 8555 8556 8465
f 8466 8465 8556
f 8556 8557 8466
f 8414 8466 8557
f 8557 8558 8414
f 8415 8414 8558
f 8558 8559 8415
f 8416 8415 8559
f 8559 8560 8416
f 8417 8416 8560
f 8560 8561 8417
f 8479 8417 8561
f 8561 8562 8479
f 8471 8479 8562
f 8562 8563 8471
f 8472 8471 8563
f 8563 8564 8472
f 8473 8472 8564
f 8564 8565 8473
f 8474 8473 8565
f 8565 8566 8474
f 8475 8474 8566
f 8566 8567 8475
f 8418 8475 8567
f 8567 8568 8418
f 8419 8418 8568
f 8568 8569 8419
f 8420 8419 8569
f 8569 8570 8420
f 8421 8420 8570
f 8570 8571 8421
f 8422 8421 8571
f 8571 8572 8422
f 8423 8422 8572
f 8572 8573 8423
f 8423 8423 8573
f 8573 8573 8423
f 8425 8429 8584
f 8584 8585 8425
f 8426 8425 8585
f 8585 8576 8426
f 8427 8426 8576
f 8576 8513 8427
f 8490 8427 8513
f 8513 8514 8490
f 8491 8490 8514
f 8514 8515 8491
f 8492 8491 8515
f 8515 8516 8492
f 8493 8492 8516
f 8516 8517 8493
f 8494 8493 8517
f 8517 8518 8494
f 8428 8494 8518
f 8518 8519 8428
f 8429 8428 8519
f 8519 8584 8429
f 8429 8429 8584
f 8584 8584 8429
f 8592 8591 8619
f 8592 8619 8620
f 8592 8620 8593
f 8593 8620 8594
f 8586 8614 8587
f 8587 8614 8615
f 8587 8615 8588
f 8588 8615 8589
f 8589 8615 8616
f 8589 8616 8617
f 8589 8617 8590
f 8590 8617 8591
f 8591 8617 8618
f 8591 8618 8619
f 8667 8659 8596
f 8667 8596 8595
f 8596 8659 8660
f 8596 8660 8597
f 8597 8660 8598
f 8601 8600 8664
f 8664 8600 8663
f 8663 8600 8662
f 8660 8661 8598
f 8598 8661 8662
f 8598 8662 8599
f 8599 8662 8600
f 8602 8639 8638
f 8644 8603 8645
f 8666 8606 8607
f 8667 8666 8607
f 8605 8664 8604
f 8665 8664 8605
f 8606 8665 8605
f 8666 8665 8606
f 8574 8573 8656
f 8656 8657 8574
f 8526 8574 8657
f 8657 8609 8526
f 8527 8526 8609
f 8609 8610 8527
f 8528 8527 8610
f 8610 8611 8528
f 8529 8528 8611
f 8611 8612 8529
f 8530 8529 8612
f 8612 8586 8530
f 8531 8530 8586
f 8586 8587 8531
f 8532 8531 8587
f 8587 8588 8532
f 8533 8532 8588
f 8588 8589 8533
f 8534 8533 8589
f 8589 8590 8534
f 8535 8534 8590
f 8590 8591 8535
f 8536 8535 8591
f 8591 8592 8536
f 8537 8536 8592
f 8592 8593 8537
f 8538 8537 8593
f 8593 8594 8538
f 8539 8538 8594
f 8594 8622 8539
f 8540 8539 8622
f 8622 8623 8540
f 8541 8540 8623
f 8623 8624 8541
f 8542 8541 8624
f 8624 8625 8542
f 8543 8542 8625
f 8625 8626 8543
f 8544 8543 8626
f 8626 8627 8544
f 8545 8544 8627
f 8627 8628 8545
f 8546 8545 8628
f 8628 8629 8546
f 8547 8546 8629
f 8629 8630 8547
f 8548 8547 8630
f 8630 8631 8548
f 8549 8548 8631
f 8631 8632 8549
f 8550 8549 8632
f 8632 8633 8550
f 8551 8550 8633
f 8633 8634 8551
f 8552 8551 8634
f 8634 8635 8552
f 8553 8552 8635
f 8635 8636 8553
f 8554 8553 8636
f 8636 8637 8554
f 8555 8554 8637
f 8637 8638 8555
f 8556 8555 8638
f 8638 8639 8556
f 8557 8556 8639
f 8639 8640 8557
f 8558 8557 8640
f 8640 8641 8558
f 8559 8558 8641
f 8641 8642 8559
f 8560 8559 8642
f 8642 8643 8560
f 8561 8560 8643
f 8643 8644 8561
f 8562 8561 8644
f 8644 8645 8562
f 8563 8562 8645
f 8645 8646 8563
f 8564 8563 8646
f 8646 8647 8564
f 8565 8564 8647
f 8647 8648 8565
f 8566 8565 8648
f 8648 8649 8566
f 8567 8566 8649
f 8649 8650 8567
f 8568 8567 8650
f 8650 8651 8568
f 8569 8568 8651
f 8651 8652 8569
f 8570 8569 8652
f 8652 8653 8570
f 8571 8570 8653
f 8653 8654 8571
f 8572 8571 8654
f 8654 8655 8572
f 8573 8572 8655
f 8655 8656 8573
f 8573 8573 8656
f 8656 8656 8573
f 8521 8524 8666
f 8666 8595 8521
f 8578 8521 8595
f 8595 8596 8578
f 8579 8578 8596
f 8596 8597 8579
f 8580 8579 8597
f 8597 8598 8580
f 8581 8580 8598
f 8598 8599 8581
f 8582 8581 8599
f 8599 8600 8582
f 8522 8582 8600
f 8600 8601 8522
f 8523 8522 8601
f 8601 8665 8523
f 8524 8523 8665
f 8665 8666 8524
f 8524 8524 8666
f 8666 8666 8524
f 8670 8669 8754
f 8670 8754 8671
f 8671 8754 8672
f 8748 8749 8749
f 8750 8751 8673
f 8673 8751 8674
f 8674 8751 8752
f 8674 8752 8675
f 8675 8752 8676
f 8676 8752 8753
f 8676 8753 8669
f 8669 8753 8754
f 8710 8710 8711
f 8710 8711 8711
f 8711 8711 8712
f 8711 8712 8712
f 8712 8712 8713
f 8713 8712 8713
f 8713 8713 8714
f 8714 8713 8714
f 8715 8716 8715
f 8715 8716 8716
f 8717 8718 8717
f 8717 8718 8718
f 8718 8718 8719
f 8718 8719 8719
f 8719 8719 8720
f 8719 8720 8720
f 8720 8720 8721
f 8720 8721 8721
f 8721 8721 8722
f 8721 8722 8722
f 8722 8722 8723
f 8723 8722 8723
f 8726 8727 8726
f 8741 8741 8740
f 8741 8740 8740
f 8747 8747 8746
f 8745 8746 8745
f 8745 8746 8746
f 8746 8746 8747
f 8680 8760 8681
f 8681 8760 8761
f 8681 8761 8762
f 8681 8762 8682
f 8682 8762 8683
f 8679 8678 8765
f 8765 8678 8764
f 8762 8763 8683
f 8683 8763 8684
f 8684 8763 8678
f 8678 8763 8764
f 8747 8748 8748
f 8747 8747 8748
f 8757 8757 8756
f 8708 8757 8757
f 8717 8717 8716
f 8685 8725 8724
f 8732 8732 8733
f 8730 8730 8729
f 8731 8731 8732
f 8732 8731 8732
f 8731 8731 8730
f 8730 8731 8730
f 8738 8739 8739
f 8734 8735 8734
f 8737 8738 8738
f 8737 8738 8737
f 8736 8737 8737
f 8736 8737 8736
f 8735 8736 8736
f 8735 8735 8736
f 8734 8735 8735
f 8744 8745 8745
f 8741 8742 8741
f 8742 8742 8741
f 8743 8742 8742
f 8743 8743 8742
f 8744 8743 8743
f 8744 8744 8743
f 8745 8744 8744
f 8687 8688 8689
f 8691 8692 8693
f 8760 8695 8696
f 8759 8695 8760
f 8766 8765 8697
f 8698 8766 8697
f 8759 8766 8698
f 8695 8759 8698
f 8700 8701 8702
f 8705 8706 8704
f 8618 8617 8676
f 8676 8669 8618
f 8619 8618 8669
f 8669 8670 8619
f 8620 8619 8670
f 8670 8671 8620
f 8621 8620 8671
f 8671 8672 8621
f 8622 8621 8672
f 8672 8757 8622
f 8623 8622 8757
f 8757 8709 8623
f 8624 8623 8709
f 8709 8710 8624
f 8625 8624 8710
f 8710 8711 8625
f 8626 8625 8711
f 8711 8712 8626
f 8627 8626 8712
f 8712 8713 8627
f 8628 8627 8713
f 8713 8714 8628
f 8629 8628 8714
f 8714 8715 8629
f 8630 8629 8715
f 8715 8716 8630
f 8631 8630 8716
f 8716 8717 8631
f 8632 8631 8717
f 8717 8718 8632
f 8633 8632 8718
f 8718 8719 8633
f 8634 8633 8719
f 8719 8720 8634
f 8635 8634 8720
f 8720 8721 8635
f 8636 8635 8721
f 8721 8722 8636
f 8637 8636 8722
f 8722 8723 8637
f 8602 8637 8723
f 8723 8724 8602
f 8640 8602 8724
f 8724 8725 8640
f 8641 8640 8725
f 8725 8726 8641
f 8642 8641 8726
f 8726 8728 8642
f 8643 8642 8728
f 8728 8730 8643
f 8603 8643 8730
f 8730 8731 8603
f 8646 8603 8731
f 8731 8732 8646
f 8647 8646 8732
f 8732 8734 8647
f 8648 8647 8734
f 8734 8735 8648
f 8649 8648 8735
f 8735 8736 8649
f 8650 8649 8736
f 8736 8737 8650
f 8651 8650 8737
f 8737 8738 8651
f 8652 8651 8738
f 8738 8739 8652
f 8653 8652 8739
f 8739 8740 8653
f 8654 8653 8740
f 8740 8741 8654
f 8655 8654 8741
f 8741 8742 8655
f 8656 8655 8742
f 8742 8743 8656
f 8657 8656 8743
f 8743 8744 8657
f 8609 8657 8744
f 8744 8745 8609
f 8610 8609 8745
f 8745 8746 8610
f 8611 8610 8746
f 8746 8747 8611
f 8612 8611 8747
f 8747 8748 8612
f 8613 8612 8748
f 8748 8749 8613
f 8614 8613 8749
f 8749 8673 8614
f 8615 8614 8673
f 8673 8674 8615
f 8616 8615 8674
f 8674 8675 8616
f 8617 8616 8675
f 8675 8676 8617
f 8617 8617 8676
f 8676 8676 8617
f 8663 8662 8684
f 8684 8678 8663
f 8604 8663 8678
f 8678 8679 8604
f 8605 8604 8679
f 8679 8766 8605
f 8606 8605 8766
f 8766 8759 8606
f 8607 8606 8759
f 8759 8680 8607
f 8659 8607 8680
f 8680 8681 8659
f 8660 8659 8681
f 8681 8682 8660
f 8661 8660 8682
f 8682 8683 8661
f 8662 8661 8683
f 8683 8684 8662
f 8662 8662 8684
f 8684 8684 8662
f 8771 8770 8800
f 8771 8800 8801
f 8771 8801 8772
f 8772 8801 8802
f 8772 8802 8803
f 8768 8799 8769
f 8769 8799 8770
f 8770 8799 8800
f 8821 8822 8773
f 8828 8774 8827
f 8778 8777 8776
f 8846 8780 8779
f 8846 8779 8848
f 8781 8850 8782
f 8782 8850 8851
f 8782 8851 8783
f 8783 8851 8852
f 8783 8852 8853
f 8783 8853 8784
f 8786 8785 8856
f 8856 8785 8855
f 8853 8854 8784
f 8784 8854 8855
f 8784 8855 8785
f 8790 8789 8788
f 8791 8862 8792
f 8792 8862 8860
f 8793 8823 8822
f 8794 8826 8825
f 8847 8846 8827
f 8826 8847 8827
f 8794 8847 8826
f 8848 8847 8794
f 8858 8795 8796
f 8861 8858 8796
f 8862 8861 8796
f 8850 8861 8860
f 8858 8861 8850
f 8857 8856 8795
f 8858 8857 8795
f 8748 8747 8843
f 8843 8844 8748
f 8749 8748 8844
f 8844 8767 8749
f 8750 8749 8767
f 8767 8768 8750
f 8751 8750 8768
f 8768 8769 8751
f 8752 8751 8769
f 8769 8770 8752
f 8753 8752 8770
f 8770 8771 8753
f 8754 8753 8771
f 8771 8772 8754
f 8755 8754 8772
f 8772 8804 8755
f 8757 8755 8804
f 8804 8805 8757
f 8709 8757 8805
f 8805 8806 8709
f 8710 8709 8806
f 8806 8807 8710
f 8711 8710 8807
f 8807 8808 8711
f 8712 8711 8808
f 8808 8809 8712
f 8713 8712 8809
f 8809 8810 8713
f 8714 8713 8810
f 8810 8811 8714
f 8715 8714 8811
f 8811 8812 8715
f 8716 8715 8812
f 8812 8813 8716
f 8717 8716 8813
f 8813 8814 8717
f 8718 8717 8814
f 8814 8815 8718
f 8719 8718 8815
f 8815 8816 8719
f 8720 8719 8816
f 8816 8817 8720
f 8721 8720 8817
f 8817 8818 8721
f 8722 8721 8818
f 8818 8819 8722
f 8723 8722 8819
f 8819 8820 8723
f 8685 8723 8820
f 8820 8773 8685
f 8726 8685 8773
f 8773 8823 8726
f 8728 8726 8823
f 8823 8825 8728
f 8730 8728 8825
f 8825 8826 8730
f 8731 8730 8826
f 8826 8774 8731
f 8732 8731 8774
f 8774 8829 8732
f 8734 8732 8829
f 8829 8830 8734
f 8735 8734 8830
f 8830 8831 8735
f 8736 8735 8831
f 8831 8832 8736
f 8737 8736 8832
f 8832 8833 8737
f 8738 8737 8833
f 8833 8834 8738
f 8739 8738 8834
f 8834 8835 8739
f 8740 8739 8835
f 8835 8836 8740
f 8741 8740 8836
f 8836 8837 8741
f 8742 8741 8837
f 8837 8838 8742
f 8743 8742 8838
f 8838 8839 8743
f 8744 8743 8839
f 8839 8840 8744
f 8745 8744 8840
f 8840 8841 8745
f 8746 8745 8841
f 8841 8842 8746
f 8747 8746 8842
f 8842 8843 8747
f 8747 8747 8843
f 8843 8843 8747
f 8687 8689 8778
f 8778 8776 8687
f 8688 8687 8776
f 8776 8777 8688
f 8689 8688 8777
f 8777 8778 8689
f 8689 8689 8778
f 8778 8778 8689
f 8691 8693 8847
f 8847 8779 8691
f 8692 8691 8779
f 8779 8780 8692
f 8693 8692 8780
f 8780 8847 8693
f 8693 8693 8847
f 8847 8847 8693
f 8695 8698 8857
f 8857 8858 8695
f 8696 8695 8858
f 8858 8781 8696
f 8761 8696 8781
f 8781 8782 8761
f 8762 8761 8782
f 8782 8783 8762
f 8763 8762 8783
f 8783 8784 8763
f 8764 8763 8784
f 8784 8785 8764
f 8697 8764 8785
f 8785 8786 8697
f 8698 8697 8786
f 8786 8857 8698
f 8698 8698 8857
f 8857 8857 8698
f 8700 8702 8790
f 8790 8788 8700
f 8701 8700 8788
f 8788 8789 8701
f 8702 8701 8789
f 8789 8790 8702
f 8702 8702 8790
f 8790 8790 8702
f 8704 8706 8861
f 8861 8791 8704
f 8705 8704 8791
f 8791 8792 8705
f 8706 8705 8792
f 8792 8861 8706
f 8706 8706 8861
f 8861 8861 8706
f 8916 8917 8917
f 8917 8917 8918
f 8918 8917 8918
f 8877 8878 8877
f 8877 8878 8878
f 8878 8878 8879
f 8879 8878 8879
f 8884 8884 8883
f 8882 8883 8883
f 8882 8883 8882
f 8884 8883 8883
f 8886 8886 8885
f 8885 8886 8885
f 8888 8888 8887
f 8887 8888 8887
f 8891 8891 8890
f 8894 8894 8893
f 8893 8894 8893
f 8899 8899 8898
f 8897 8898 8897
f 8897 8898 8898
f 8898 8898 8899
f 8865 8864 8905
f 8865 8905 8866
f 8866 8905 8906
f 8866 8906 8907
f 8866 8907 8867
f 8867 8907 8868
f 8902 8903 8863
f 8863 8903 8864
f 8864 8903 8904
f 8864 8904 8905
f 8909 8910 8909
f 8909 8910 8910
f 8910 8910 8911
f 8911 8910 8911
f 8912 8913 8912
f 8912 8913 8913
f 8922 8923 8874
f 8874 8923 8870
f 8926 8925 8926
f 8925 8873 8924
f 8923 8924 8871
f 8923 8871 8870
f 8871 8924 8872
f 8872 8924 8873
f 8879 8880 8879
f 8880 8880 8879
f 8881 8880 8880
f 8927 8882 8881
f 8926 8882 8927
f 8884 8885 8885
f 8884 8884 8885
f 8886 8887 8887
f 8886 8887 8886
f 8888 8889 8888
f 8889 8888 8889
f 8892 8893 8893
f 8892 8892 8893
f 8896 8897 8897
f 8894 8895 8894
f 8895 8895 8894
f 8896 8895 8895
f 8896 8895 8896
f 8897 8896 8896
f 8900 8901 8901
f 8899 8900 8899
f 8900 8900 8899
f 8901 8900 8900
f 8908 8909 8908
f 8909 8909 8908
f 8912 8912 8911
f 8911 8912 8911
f 8913 8914 8913
f 8914 8914 8913
f 8915 8914 8915
f 8919 8920 8919
f 8920 8920 8919
f 8876 8920 8920
f 8876 8876 8920
f 8877 8876 8876
f 8877 8876 8877
f 8816 8815 8919
f 8919 8920 8816
f 8817 8816 8920
f 8920 8876 8817
f 8818 8817 8876
f 8876 8877 8818
f 8819 8818 8877
f 8877 8878 8819
f 8820 8819 8878
f 8878 8879 8820
f 8821 8820 8879
f 8879 8880 8821
f 8793 8821 8880
f 8880 8881 8793
f 8794 8793 8881
f 8881 8882 8794
f 8828 8794 8882
f 8882 8883 8828
f 8829 8828 8883
f 8883 8884 8829
f 8830 8829 8884
f 8884 8885 8830
f 8831 8830 8885
f 8885 8886 8831
f 8832 8831 8886
f 8886 8887 8832
f 8833 8832 8887
f 8887 8888 8833
f 8834 8833 8888
f 8888 8889 8834
f 8835 8834 8889
f 8889 8891 8835
f 8836 8835 8891
f 8891 8892 8836
f 8837 8836 8892
f 8892 8893 8837
f 8838 8837 8893
f 8893 8894 8838
f 8839 8838 8894
f 8894 8895 8839
f 8840 8839 8895
f 8895 8896 8840
f 8841 8840 8896
f 8896 8897 8841
f 8842 8841 8897
f 8897 8898 8842
f 8843 8842 8898
f 8898 8899 8843
f 8844 8843 8899
f 8899 8900 8844
f 8798 8844 8900
f 8900 8901 8798
f 8799 8798 8901
f 8901 8863 8799
f 8800 8799 8863
f 8863 8864 8800
f 8801 8800 8864
f 8864 8865 8801
f 8802 8801 8865
f 8865 8866 8802
f 8803 8802 8866
f 8866 8867 8803
f 8804 8803 8867
f 8867 8868 8804
f 8805 8804 8868
f 8868 8909 8805
f 8806 8805 8909
f 8909 8910 8806
f 8807 8806 8910
f 8910 8911 8807
f 8808 8807 8911
f 8911 8912 8808
f 8809 8808 8912
f 8912 8913 8809
f 8810 8809 8913
f 8913 8914 8810
f 8811 8810 8914
f 8914 8915 8811
f 8812 8811 8915
f 8915 8916 8812
f 8813 8812 8916
f 8916 8917 8813
f 8814 8813 8917
f 8917 8918 8814
f 8815 8814 8918
f 8918 8919 8815
f 8815 8815 8919
f 8919 8919 8815
f 8852 8851 8874
f 8874 8870 8852
f 8853 8852 8870
f 8870 8871 8853
f 8854 8853 8871
f 8871 8872 8854
f 8855 8854 8872
f 8872 8873 8855
f 8795 8855 8873
f 8873 8926 8795
f 8796 8795 8926
f 8926 8927 8796
f 8851 8796 8927
f 8927 8874 8851
f 8851 8851 8874
f 8874 8874 8851
f 8935 8983 8936
f 8936 8983 8984
f 8936 8984 8985
f 8936 8985 8937
f 8938 8937 8987
f 8985 8986 8937
f 8937 8986 8987
f 8932 8931 8960
f 8932 8960 8961
f 8932 8961 8933
f 8933 8961 8962
f 8933 8962 8934
f 8929 8958 8930
f 8930 8958 8959
f 8930 8959 8931
f 8931 8959 8960
f 8883 8925 8938
f 8938 8989 8883
f 8884 8883 8989
f 8989 8940 8884
f 8885 8884 8940
f 8940 8941 8885
f 8886 8885 8941
f 8941 8942 8886
f 8887 8886 8942
f 8942 8943 8887
f 8888 8887 8943
f 8943 8944 8888
f 8889 8888 8944
f 8944 8945 8889
f 8891 8889 8945
f 8945 8946 8891
f 8892 8891 8946
f 8946 8947 8892
f 8893 8892 8947
f 8947 8948 8893
f 8894 8893 8948
f 8948 8949 8894
f 8895 8894 8949
f 8949 8950 8895
f 8896 8895 8950
f 8950 8951 8896
f 8897 8896 8951
f 8951 8952 8897
f 8898 8897 8952
f 8952 8953 8898
f 8899 8898 8953
f 8953 8954 8899
f 8900 8899 8954
f 8954 8955 8900
f 8901 8900 8955
f 8955 8956 8901
f 8902 8901 8956
f 8956 8929 8902
f 8903 8902 8929
f 8929 8930 8903
f 8904 8903 8930
f 8930 8931 8904
f 8905 8904 8931
f 8931 8932 8905
f 8906 8905 8932
f 8932 8933 8906
f 8907 8906 8933
f 8933 8934 8907
f 8908 8907 8934
f 8934 8964 8908
f 8909 8908 8964
f 8964 8965 8909
f 8910 8909 8965
f 8965 8966 8910
f 8911 8910 8966
f 8966 8967 8911
f 8912 8911 8967
f 8967 8968 8912
f 8913 8912 8968
f 8968 8969 8913
f 8914 8913 8969
f 8969 8970 8914
f 8915 8914 8970
f 8970 8971 8915
f 8916 8915 8971
f 8971 8972 8916
f 8917 8916 8972
f 8972 8973 8917
f 8918 8917 8973
f 8973 8974 8918
f 8919 8918 8974
f 8974 8975 8919
f 8920 8919 8975
f 8975 8976 8920
f 8876 8920 8976
f 8976 8977 8876
f 8877 8876 8977
f 8977 8978 8877
f 8878 8877 8978
f 8978 8979 8878
f 8879 8878 8979
f 8979 8980 8879
f 8880 8879 8980
f 8980 8981 8880
f 8922 8880 8981
f 8981 8935 8922
f 8923 8922 8935
f 8935 8936 8923
f 8924 8923 8936
f 8936 8937 8924
f 8925 8924 8937
f 8937 8938 8925
f 8925 8925 8938
f 8938 8938 8925
f 9058 9058 9057
f 9057 9058 9057
f 8994 8993 9017
f 8994 9017 9018
f 8994 9018 8995
f 8995 9018 8996
f 8990 9014 8991
f 8991 9014 9015
f 8991 9015 8992
f 8992 9015 9016
f 8992 9016 8993
f 8993 9016 9017
f 9020 9021 9020
f 9020 9021 9021
f 9026 9027 8997
f 8997 9027 8998
f 8998 9027 8999
f 8999 9027 9000
f 9000 9027 9028
f 9000 9028 9001
f 9001 9028 9029
f 9001 9029 9002
f 9002 9029 9003
f 9003 9029 9004
f 9004 9029 9030
f 9030 9031 9031
f 9034 9035 9034
f 9034 9035 9035
f 9035 9035 9036
f 9005 9037 9006
f 9006 9037 9038
f 9006 9038 9007
f 9011 9010 9040
f 9040 9010 9039
f 9038 9039 9008
f 9038 9008 9007
f 9008 9039 9009
f 9009 9039 9010
f 9045 9045 9044
f 9043 9044 9043
f 9045 9044 9044
f 9044 9044 9043
f 9056 9057 9057
f 9050 9051 9050
f 9051 9051 9050
f 9052 9051 9051
f 9052 9051 9052
f 9053 9052 9052
f 9053 9053 9052
f 9054 9053 9053
f 9054 9054 9053
f 9055 9054 9054
f 9055 9054 9055
f 9056 9055 9055
f 9056 9055 9056
f 9057 9056 9056
f 9059 9013 9013
f 9058 9059 9058
f 9059 9059 9058
f 9013 9059 9059
f 9020 9020 9019
f 9019 9020 9019
f 9021 9022 9021
f 9024 9024 9023
f 9025 9024 9024
f 9025 9024 9025
f 9026 9025 9025
f 9026 9025 9026
f 9032 9033 9032
f 9033 9033 9032
f 9034 9033 9033
f 9034 9033 9034
f 9042 9043 9043
f 9042 9042 9043
f 9045 9046 9045
f 9048 9048 9049
f 9047 9047 9046
f 9046 9047 9046
f 9045 9046 9046
f 8955 8954 9057
f 9057 9058 8955
f 8956 8955 9058
f 9058 9059 8956
f 8957 8956 9059
f 9059 8990 8957
f 8958 8957 8990
f 8990 8991 8958
f 8959 8958 8991
f 8991 8992 8959
f 8960 8959 8992
f 8992 8993 8960
f 8961 8960 8993
f 8993 8994 8961
f 8962 8961 8994
f 8994 8995 8962
f 8963 8962 8995
f 8995 8996 8963
f 8964 8963 8996
f 8996 9020 8964
f 8965 8964 9020
f 9020 9021 8965
f 8966 8965 9021
f 9021 9022 8966
f 8967 8966 9022
f 9022 9024 8967
f 8968 8967 9024
f 9024 9025 8968
f 8969 8968 9025
f 9025 8997 8969
f 8970 8969 8997
f 8997 8998 8970
f 8971 8970 8998
f 8998 8999 8971
f 8972 8971 8999
f 8999 9000 8972
f 8973 8972 9000
f 9000 9001 8973
f 8974 8973 9001
f 9001 9002 8974
f 8975 8974 9002
f 9002 9003 8975
f 8976 8975 9003
f 9003 9004 8976
f 8977 8976 9004
f 9004 9031 8977
f 8978 8977 9031
f 9031 9032 8978
f 8979 8978 9032
f 9032 9033 8979
f 8980 8979 9033
f 9033 9034 8980
f 8981 8980 9034
f 9034 9035 8981
f 8982 8981 9035
f 9035 9005 8982
f 8983 8982 9005
f 9005 9006 8983
f 8984 8983 9006
f 9006 9007 8984
f 8985 8984 9007
f 9007 9008 8985
f 8986 8985 9008
f 9008 9009 8986
f 8987 8986 9009
f 9009 9010 8987
f 8988 8987 9010
f 9010 9011 8988
f 8989 8988 9011
f 9011 9042 8989
f 8940 8989 9042
f 9042 9043 8940
f 8941 8940 9043
f 9043 9044 8941
f 8942 8941 9044
f 9044 9045 8942
f 8943 8942 9045
f 9045 9046 8943
f 8944 8943 9046
f 9046 9047 8944
f 8945 8944 9047
f 9047 9048 8945
f 8946 8945 9048
f 9048 9049 8946
f 8947 8946 9049
f 9049 9050 8947
f 8948 8947 9050
f 9050 9051 8948
f 8949 8948 9051
f 9051 9052 8949
f 8950 8949 9052
f 9052 9053 8950
f 8951 8950 9053
f 9053 9054 8951
f 8952 8951 9054
f 9054 9055 8952
f 8953 8952 9055
f 9055 9056 8953
f 8954 8953 9056
f 9056 9057 8954
f 8954 8954 9057
f 9057 9057 8954
f 9132 9132 9131
f 9125 9126 9079
f 9082 9081 9126
f 9082 9126 9127
f 9082 9127 9083
f 9083 9127 9128
f 9083 9128 9084
f 9084 9128 9129
f 9084 9129 9085
f 9085 9129 9086
f 9086 9129 9130
f 9130 9131 9131
f 9131 9131 9132
f 9126 9081 9080
f 9126 9080 9079
f 9063 9062 9095
f 9063 9095 9064
f 9064 9095 9096
f 9064 9096 9097
f 9064 9097 9065
f 9098 9099 9099
f 9091 9092 9060
f 9060 9092 9061
f 9061 9092 9093
f 9061 9093 9062
f 9062 9093 9094
f 9062 9094 9095
f 9102 9103 9067
f 9102 9067 9066
f 9067 9103 9068
f 9103 9104 9104
f 9105 9106 9069
f 9109 9110 9071
f 9109 9071 9070
f 9071 9110 9072
f 9110 9111 9111
f 9111 9111 9112
f 9073 9115 9074
f 9074 9115 9116
f 9074 9116 9075
f 9078 9077 9118
f 9118 9077 9117
f 9116 9117 9075
f 9075 9117 9076
f 9076 9117 9077
f 9124 9124 9123
f 9120 9121 9120
f 9124 9123 9123
f 9123 9123 9122
f 9122 9123 9122
f 9122 9122 9121
f 9121 9122 9121
f 9121 9121 9120
f 9099 9100 9099
f 9100 9100 9099
f 9101 9100 9100
f 9101 9101 9100
f 9102 9101 9101
f 9102 9101 9102
f 9108 9109 9108
f 9109 9109 9108
f 9112 9113 9112
f 9113 9113 9112
f 9114 9113 9113
f 9114 9113 9114
f 9119 9120 9120
f 9119 9120 9119
f 9124 9125 9125
f 9124 9124 9125
f 9089 9090 9090
f 9132 9133 9132
f 9133 9133 9132
f 9088 9133 9133
f 9088 9133 9088
f 9089 9088 9088
f 9089 9088 9089
f 9090 9089 9089
f 9056 9055 9131
f 9131 9132 9056
f 9057 9056 9132
f 9132 9133 9057
f 9058 9057 9133
f 9133 9088 9058
f 9059 9058 9088
f 9088 9089 9059
f 9013 9059 9089
f 9089 9090 9013
f 9014 9013 9090
f 9090 9060 9014
f 9015 9014 9060
f 9060 9061 9015
f 9016 9015 9061
f 9061 9062 9016
f 9017 9016 9062
f 9062 9063 9017
f 9018 9017 9063
f 9063 9064 9018
f 9019 9018 9064
f 9064 9065 9019
f 9020 9019 9065
f 9065 9099 9020
f 9021 9020 9099
f 9099 9100 9021
f 9022 9021 9100
f 9100 9101 9022
f 9024 9022 9101
f 9101 9066 9024
f 9025 9024 9066
f 9066 9067 9025
f 9026 9025 9067
f 9067 9068 9026
f 9027 9026 9068
f 9068 9104 9027
f 9028 9027 9104
f 9104 9069 9028
f 9029 9028 9069
f 9069 9108 9029
f 9030 9029 9108
f 9108 9070 9030
f 9031 9030 9070
f 9070 9071 9031
f 9032 9031 9071
f 9071 9072 9032
f 9033 9032 9072
f 9072 9111 9033
f 9034 9033 9111
f 9111 9112 9034
f 9035 9034 9112
f 9112 9113 9035
f 9036 9035 9113
f 9113 9073 9036
f 9037 9036 9073
f 9073 9074 9037
f 9038 9037 9074
f 9074 9075 9038
f 9039 9038 9075
f 9075 9076 9039
f 9040 9039 9076
f 9076 9077 9040
f 9041 9040 9077
f 9077 9078 9041
f 9042 9041 9078
f 9078 9120 9042
f 9043 9042 9120
f 9120 9121 9043
f 9044 9043 9121
f 9121 9122 9044
f 9045 9044 9122
f 9122 9123 9045
f 9046 9045 9123
f 9123 9124 9046
f 9047 9046 9124
f 9124 9079 9047
f 9048 9047 9079
f 9079 9080 9048
f 9049 9048 9080
f 9080 9081 9049
f 9050 9049 9081
f 9081 9082 9050
f 9051 9050 9082
f 9082 9083 9051
f 9052 9051 9083
f 9083 9084 9052
f 9053 9052 9084
f 9084 9085 9053
f 9054 9053 9085
f 9085 9086 9054
f 9055 9054 9086
f 9086 9131 9055
f 9055 9055 9131
f 9131 9131 9055
f 9135 9169 9208
f 9135 9208 9209
f 9135 9209 9210
f 9135 9210 9136
f 9136 9210 9137
f 9137 9210 9211
f 9137 9211 9138
f 9138 9211 9212
f 9138 9212 9213
f 9138 9213 9139
f 9139 9213 9214
f 9139 9214 9140
f 9140 9214 9141
f 9141 9214 9215
f 9141 9215 9142
f 9142 9215 9216
f 9142 9216 9217
f 9204 9165 9164
f 9165 9205 9166
f 9166 9205 9206
f 9166 9206 9167
f 9167 9206 9207
f 9167 9207 9168
f 9168 9207 9169
f 9169 9207 9208
f 9218 9171 9143
f 9173 9174 9173
f 9173 9174 9174
f 9174 9174 9175
f 9174 9175 9175
f 9175 9175 9176
f 9176 9177 9144
f 9178 9179 9145
f 9145 9179 9180
f 9145 9180 9146
f 9146 9180 9181
f 9146 9181 9147
f 9147 9181 9148
f 9148 9181 9182
f 9148 9182 9183
f 9148 9183 9149
f 9149 9183 9184
f 9149 9184 9150
f 9150 9184 9185
f 9150 9185 9151
f 9189 9155 9154
f 9185 9186 9152
f 9185 9152 9151
f 9152 9186 9187
f 9152 9187 9153
f 9153 9187 9188
f 9153 9188 9154
f 9194 9159 9193
f 9191 9192 9156
f 9159 9158 9192
f 9159 9192 9193
f 9192 9158 9157
f 9192 9157 9156
f 9202 9163 9201
f 9196 9197 9196
f 9196 9197 9197
f 9197 9197 9198
f 9198 9197 9198
f 9198 9198 9199
f 9199 9200 9160
f 9160 9200 9201
f 9160 9201 9161
f 9161 9201 9162
f 9162 9201 9163
f 9190 9191 9191
f 9189 9190 9189
f 9190 9190 9191
f 9189 9190 9190
f 9194 9195 9195
f 9194 9194 9195
f 9203 9204 9204
f 9203 9203 9202
f 9202 9203 9202
f 9204 9203 9203
f 9217 9218 9217
f 9218 9218 9217
f 9171 9172 9171
f 9172 9172 9171
f 9095 9094 9169
f 9169 9135 9095
f 9096 9095 9135
f 9135 9136 9096
f 9097 9096 9136
f 9136 9137 9097
f 9098 9097 9137
f 9137 9138 9098
f 9099 9098 9138
f 9138 9139 9099
f 9100 9099 9139
f 9139 9140 9100
f 9101 9100 9140
f 9140 9141 9101
f 9102 9101 9141
f 9141 9142 9102
f 9103 9102 9142
f 9142 9143 9103
f 9104 9103 9143
f 9143 9172 9104
f 9105 9104 9172
f 9172 9173 9105
f 9106 9105 9173
f 9173 9174 9106
f 9108 9106 9174
f 9174 9175 9108
f 9109 9108 9175
f 9175 9144 9109
f 9110 9109 9144
f 9144 9145 9110
f 9111 9110 9145
f 9145 9146 9111
f 9112 9111 9146
f 9146 9147 9112
f 9113 9112 9147
f 9147 9148 9113
f 9114 9113 9148
f 9148 9149 9114
f 9115 9114 9149
f 9149 9150 9115
f 9116 9115 9150
f 9150 9151 9116
f 9117 9116 9151
f 9151 9152 9117
f 9118 9117 9152
f 9152 9153 9118
f 9119 9118 9153
f 9153 9154 9119
f 9120 9119 9154
f 9154 9155 9120
f 9121 9120 9155
f 9155 9190 9121
f 9122 9121 9190
f 9190 9156 9122
f 9123 9122 9156
f 9156 9157 9123
f 9124 9123 9157
f 9157 9158 9124
f 9125 9124 9158
f 9158 9159 9125
f 9126 9125 9159
f 9159 9195 9126
f 9127 9126 9195
f 9195 9196 9127
f 9128 9127 9196
f 9196 9197 9128
f 9129 9128 9197
f 9197 9198 9129
f 9130 9129 9198
f 9198 9160 9130
f 9131 9130 9160
f 9160 9161 9131
f 9132 9131 9161
f 9161 9162 9132
f 9133 9132 9162
f 9162 9163 9133
f 9088 9133 9163
f 9163 9203 9088
f 9089 9088 9203
f 9203 9164 9089
f 9090 9089 9164
f 9164 9165 9090
f 9091 9090 9165
f 9165 9166 9091
f 9092 9091 9166
f 9166 9167 9092
f 9093 9092 9167
f 9167 9168 9093
f 9094 9093 9168
f 9168 9169 9094
f 9094 9094 9169
f 9169 9169 9094
f 9287 9288 9287
f 9287 9288 9288
f 9238 9239 9239
f 9238 9239 9238
f 9241 9242 9241
f 9241 9242 9242
f 9242 9242 9243
f 9243 9244 9219
f 9219 9244 9220
f 9223 9222 9247
f 9247 9222 9221
f 9247 9221 9246
f 9244 9245 9220
f 9220 9245 9246
f 9220 9246 9221
f 9253 9226 9252
f 9249 9250 9224
f 9226 9225 9251
f 9226 9251 9252
f 9251 9225 9224
f 9251 9224 9250
f 9257 9257 9256
f 9256 9257 9256
f 9263 9263 9262
f 9262 9263 9262
f 9268 9229 9267
f 9264 9265 9227
f 9227 9265 9266
f 9227 9266 9228
f 9228 9266 9229
f 9229 9266 9267
f 9235 9234 9272
f 9235 9272 9273
f 9235 9273 9236
f 9230 9270 9231
f 9231 9270 9271
f 9231 9271 9232
f 9232 9271 9272
f 9232 9272 9233
f 9233 9272 9234
f 9276 9277 9276
f 9276 9277 9277
f 9277 9277 9278
f 9278 9277 9278
f 9278 9278 9279
f 9278 9279 9279
f 9279 9279 9280
f 9279 9280 9280
f 9280 9280 9281
f 9281 9280 9281
f 9282 9281 9282
f 9282 9282 9283
f 9284 9285 9284
f 9284 9285 9285
f 9285 9285 9286
f 9286 9285 9286
f 9253 9254 9253
f 9255 9255 9256
f 9254 9255 9255
f 9254 9255 9254
f 9253 9254 9254
f 9261 9262 9262
f 9258 9259 9258
f 9259 9259 9258
f 9261 9260 9260
f 9261 9261 9260
f 9262 9261 9261
f 9263 9264 9264
f 9263 9263 9264
f 9274 9275 9274
f 9275 9275 9274
f 9276 9275 9275
f 9287 9287 9286
f 9286 9287 9286
f 9288 9289 9288
f 9289 9289 9288
f 9238 9289 9289
f 9238 9289 9238
f 9240 9240 9239
f 9241 9240 9240
f 9241 9240 9241
f 9248 9249 9249
f 9248 9249 9248
f 9177 9176 9287
f 9287 9288 9177
f 9178 9177 9288
f 9288 9289 9178
f 9179 9178 9289
f 9289 9238 9179
f 9180 9179 9238
f 9238 9239 9180
f 9181 9180 9239
f 9239 9240 9181
f 9182 9181 9240
f 9240 9241 9182
f 9183 9182 9241
f 9241 9242 9183
f 9184 9183 9242
f 9242 9219 9184
f 9185 9184 9219
f 9219 9220 9185
f 9186 9185 9220
f 9220 9221 9186
f 9187 9186 9221
f 9221 9222 9187
f 9188 9187 9222
f 9222 9223 9188
f 9189 9188 9223
f 9223 9224 9189
f 9190 9189 9224
f 9224 9225 9190
f 9191 9190 9225
f 9225 9226 9191
f 9192 9191 9226
f 9226 9254 9192
f 9193 9192 9254
f 9254 9255 9193
f 9194 9193 9255
f 9255 9256 9194
f 9195 9194 9256
f 9256 9257 9195
f 9196 9195 9257
f 9257 9258 9196
f 9197 9196 9258
f 9258 9259 9197
f 9198 9197 9259
f 9259 9260 9198
f 9199 9198 9260
f 9260 9261 9199
f 9200 9199 9261
f 9261 9262 9200
f 9201 9200 9262
f 9262 9263 9201
f 9202 9201 9263
f 9263 9227 9202
f 9203 9202 9227
f 9227 9228 9203
f 9204 9203 9228
f 9228 9229 9204
f 9205 9204 9229
f 9229 9230 9205
f 9206 9205 9230
f 9230 9231 9206
f 9207 9206 9231
f 9231 9232 9207
f 9208 9207 9232
f 9232 9233 9208
f 9209 9208 9233
f 9233 9234 9209
f 9210 9209 9234
f 9234 9235 9210
f 9211 9210 9235
f 9235 9236 9211
f 9212 9211 9236
f 9236 9275 9212
f 9213 9212 9275
f 9275 9276 9213
f 9214 9213 9276
f 9276 9277 9214
f 9215 9214 9277
f 9277 9278 9215
f 9216 9215 9278
f 9278 9279 9216
f 9217 9216 9279
f 9279 9280 9217
f 9218 9217 9280
f 9280 9281 9218
f 9171 9218 9281
f 9281 9282 9171
f 9172 9171 9282
f 9282 9283 9172
f 9173 9172 9283
f 9283 9284 9173
f 9174 9173 9284
f 9284 9285 9174
f 9175 9174 9285
f 9285 9286 9175
f 9176 9175 9286
f 9286 9287 9176
f 9176 9176 9287
f 9287 9287 9176
f 9357 9358 9357
f 9360 9359 9359
f 9359 9359 9358
f 9358 9359 9358
f 9358 9358 9357
f 9309 9309 9308
f 9308 9309 9308
f 9312 9312 9311
f 9311 9312 9311
f 9318 9318 9317
f 9316 9317 9316
f 9316 9317 9317
f 9317 9317 9318
f 9293 9292 9323
f 9293 9323 9324
f 9319 9320 9319
f 9320 9321 9290
f 9290 9321 9322
f 9290 9322 9291
f 9291 9322 9292
f 9292 9322 9323
f 9326 9327 9326
f 9326 9327 9327
f 9327 9327 9328
f 9328 9327 9328
f 9330 9331 9331
f 9330 9331 9330
f 9333 9334 9294
f 9294 9334 9295
f 9295 9334 9296
f 9296 9334 9335
f 9296 9335 9297
f 9297 9335 9298
f 9298 9335 9336
f 9298 9336 9299
f 9299 9336 9337
f 9299 9337 9300
f 9300 9337 9301
f 9301 9337 9338
f 9338 9339 9339
f 9342 9343 9342
f 9342 9343 9343
f 9346 9347 9302
f 9302 9347 9303
f 9350 9306 9349
f 9347 9348 9303
f 9303 9348 9304
f 9304 9348 9305
f 9305 9348 9349
f 9305 9349 9306
f 9355 9355 9354
f 9351 9352 9352
f 9355 9354 9354
f 9354 9354 9353
f 9353 9354 9353
f 9353 9353 9352
f 9352 9353 9352
f 9356 9357 9357
f 9355 9356 9355
f 9356 9356 9357
f 9355 9356 9356
f 9360 9361 9361
f 9360 9361 9360
f 9310 9311 9311
f 9309 9310 9309
f 9310 9310 9309
f 9311 9310 9310
f 9315 9316 9316
f 9312 9313 9312
f 9313 9313 9312
f 9314 9313 9313
f 9314 9314 9313
f 9315 9314 9314
f 9315 9315 9314
f 9316 9315 9315
f 9318 9319 9319
f 9318 9318 9319
f 9326 9326 9325
f 9328 9329 9328
f 9329 9329 9328
f 9330 9329 9329
f 9330 9329 9330
f 9332 9332 9331
f 9331 9332 9331
f 9339 9340 9339
f 9340 9340 9339
f 9341 9340 9340
f 9341 9340 9341
f 9342 9341 9341
f 9342 9341 9342
f 9346 9345 9345
f 9346 9345 9346
f 9350 9350 9351
f 9254 9253 9357
f 9357 9358 9254
f 9255 9254 9358
f 9358 9359 9255
f 9256 9255 9359
f 9359 9360 9256
f 9257 9256 9360
f 9360 9361 9257
f 9258 9257 9361
f 9361 9308 9258
f 9259 9258 9308
f 9308 9309 9259
f 9260 9259 9309
f 9309 9310 9260
f 9261 9260 9310
f 9310 9311 9261
f 9262 9261 9311
f 9311 9312 9262
f 9263 9262 9312
f 9312 9313 9263
f 9264 9263 9313
f 9313 9314 9264
f 9265 9264 9314
f 9314 9315 9265
f 9266 9265 9315
f 9315 9316 9266
f 9267 9266 9316
f 9316 9317 9267
f 9268 9267 9317
f 9317 9318 9268
f 9269 9268 9318
f 9318 9319 9269
f 9270 9269 9319
f 9319 9290 9270
f 9271 9270 9290
f 9290 9291 9271
f 9272 9271 9291
f 9291 9292 9272
f 9273 9272 9292
f 9292 9293 9273
f 9274 9273 9293
f 9293 9326 9274
f 9275 9274 9326
f 9326 9327 9275
f 9276 9275 9327
f 9327 9328 9276
f 9277 9276 9328
f 9328 9329 9277
f 9278 9277 9329
f 9329 9330 9278
f 9279 9278 9330
f 9330 9331 9279
f 9280 9279 9331
f 9331 9332 9280
f 9281 9280 9332
f 9332 9294 9281
f 9282 9281 9294
f 9294 9295 9282
f 9283 9282 9295
f 9295 9296 9283
f 9284 9283 9296
f 9296 9297 9284
f 9285 9284 9297
f 9297 9298 9285
f 9286 9285 9298
f 9298 9299 9286
f 9287 9286 9299
f 9299 9300 9287
f 9288 9287 9300
f 9300 9301 9288
f 9289 9288 9301
f 9301 9339 9289
f 9238 9289 9339
f 9339 9340 9238
f 9239 9238 9340
f 9340 9341 9239
f 9240 9239 9341
f 9341 9342 9240
f 9241 9240 9342
f 9342 9343 9241
f 9242 9241 9343
f 9343 9345 9242
f 9243 9242 9345
f 9345 9302 9243
f 9244 9243 9302
f 9302 9303 9244
f 9245 9244 9303
f 9303 9304 9245
f 9246 9245 9304
f 9304 9305 9246
f 9247 9246 9305
f 9305 9306 9247
f 9248 9247 9306
f 9306 9352 9248
f 9249 9248 9352
f 9352 9353 9249
f 9250 9249 9353
f 9353 9354 9250
f 9251 9250 9354
f 9354 9355 9251
f 9252 9251 9355
f 9355 9356 9252
f 9253 9252 9356
f 9356 9357 9253
f 9253 9253 9357
f 9357 9357 9253
f 9382 9381 9444
f 9382 9444 9445
f 9382 9445 9383
f 9383 9445 9446
f 9383 9446 9447
f 9383 9447 9384
f 9384 9447 9385
f 9385 9447 9448
f 9385 9448 9449
f 9385 9449 9386
f 9386 9449 9450
f 9386 9450 9387
f 9387 9450 9388
f 9388 9450 9451
f 9388 9451 9389
f 9389 9451 9452
f 9389 9452 9453
f 9389 9453 9390
f 9390 9453 9391
f 9391 9453 9454
f 9391 9454 9455
f 9455 9456 9456
f 9425 9426 9425
f 9368 9367 9430
f 9368 9430 9431
f 9368 9431 9369
f 9369 9431 9432
f 9369 9432 9370
f 9370 9432 9433
f 9370 9433 9371
f 9371 9433 9434
f 9371 9434 9435
f 9371 9435 9372
f 9372 9435 9436
f 9372 9436 9373
f 9373 9436 9374
f 9374 9436 9375
f 9375 9436 9437
f 9437 9438 9438
f 9438 9438 9439
f 9439 9440 9376
f 9376 9440 9377
f 9377 9440 9378
f 9378 9440 9379
f 9379 9440 9441
f 9379 9441 9442
f 9379 9442 9380
f 9380 9442 9443
f 9380 9443 9381
f 9381 9443 9444
f 9427 9428 9365
f 9427 9365 9364
f 9427 9364 9363
f 9427 9363 9362
f 9427 9362 9426
f 9365 9428 9366
f 9366 9428 9429
f 9366 9429 9367
f 9367 9429 9430
f 9410 9411 9392
f 9392 9411 9412
f 9392 9412 9393
f 9393 9412 9394
f 9394 9412 9413
f 9394 9413 9395
f 9395 9413 9414
f 9395 9414 9415
f 9395 9415 9396
f 9396 9415 9397
f 9397 9415 9416
f 9397 9416 9398
f 9398 9416 9417
f 9398 9417 9418
f 9398 9418 9399
f 9399 9418 9419
f 9399 9419 9400
f 9424 9406 9423
f 9423 9406 9405
f 9423 9405 9404
f 9423 9404 9422
f 9419 9420 9400
f 9400 9420 9401
f 9401 9420 9421
f 9401 9421 9402
f 9402 9421 9403
f 9403 9421 9422
f 9403 9422 9404
f 9457 9408 9457
f 9408 9408 9457
f 9409 9408 9408
f 9409 9409 9408
f 9410 9409 9409
f 9410 9409 9410
f 9424 9425 9425
f 9424 9425 9424
f 9356 9355 9425
f 9425 9362 9356
f 9357 9356 9362
f 9362 9363 9357
f 9358 9357 9363
f 9363 9364 9358
f 9359 9358 9364
f 9364 9365 9359
f 9360 9359 9365
f 9365 9366 9360
f 9361 9360 9366
f 9366 9367 9361
f 9308 9361 9367
f 9367 9368 9308
f 9309 9308 9368
f 9368 9369 9309
f 9310 9309 9369
f 9369 9370 9310
f 9311 9310 9370
f 9370 9371 9311
f 9312 9311 9371
f 9371 9372 9312
f 9313 9312 9372
f 9372 9373 9313
f 9314 9313 9373
f 9373 9374 9314
f 9315 9314 9374
f 9374 9375 9315
f 9316 9315 9375
f 9375 9438 9316
f 9317 9316 9438
f 9438 9376 9317
f 9318 9317 9376
f 9376 9377 9318
f 9319 9318 9377
f 9377 9378 9319
f 9320 9319 9378
f 9378 9379 9320
f 9321 9320 9379
f 9379 9380 9321
f 9322 9321 9380
f 9380 9381 9322
f 9323 9322 9381
f 9381 9382 9323
f 9324 9323 9382
f 9382 9383 9324
f 9326 9324 9383
f 9383 9384 9326
f 9327 9326 9384
f 9384 9385 9327
f 9328 9327 9385
f 9385 9386 9328
f 9329 9328 9386
f 9386 9387 9329
f 9330 9329 9387
f 9387 9388 9330
f 9331 9330 9388
f 9388 9389 9331
f 9332 9331 9389
f 9389 9390 9332
f 9333 9332 9390
f 9390 9391 9333
f 9334 9333 9391
f 9391 9456 9334
f 9335 9334 9456
f 9456 9457 9335
f 9336 9335 9457
f 9457 9408 9336
f 9337 9336 9408
f 9408 9409 9337
f 9338 9337 9409
f 9409 9392 9338
f 9339 9338 9392
f 9392 9393 9339
f 9340 9339 9393
f 9393 9394 9340
f 9341 9340 9394
f 9394 9395 9341
f 9342 9341 9395
f 9395 9396 9342
f 9343 9342 9396
f 9396 9397 9343
f 9345 9343 9397
f 9397 9398 9345
f 9346 9345 9398
f 9398 9399 9346
f 9347 9346 9399
f 9399 9400 9347
f 9348 9347 9400
f 9400 9401 9348
f 9349 9348 9401
f 9401 9402 9349
f 9350 9349 9402
f 9402 9403 9350
f 9352 9350 9403
f 9403 9404 9352
f 9353 9352 9404
f 9404 9405 9353
f 9354 9353 9405
f 9405 9406 9354
f 9355 9354 9406
f 9406 9425 9355
f 9355 9355 9425
f 9425 9425 9355
f 9526 9526 9525
f 9526 9525 9525
f 9472 9472 9471
f 9469 9470 9469
f 9470 9470 9471
f 9470 9471 9471
f 9471 9471 9472
f 9479 9460 9478
f 9474 9475 9474
f 9475 9476 9458
f 9458 9476 9477
f 9458 9477 9459
f 9459 9477 9460
f 9460 9477 9478
f 9483 9483 9481
f 9487 9461 9486
f 9485 9486 9461
f 9491 9492 9492
f 9492 9492 9493
f 9492 9493 9493
f 9493 9493 9494
f 9501 9502 9501
f 9501 9502 9502
f 9502 9502 9503
f 9503 9502 9503
f 9503 9503 9504
f 9504 9503 9504
f 9505 9506 9505
f 9505 9506 9506
f 9507 9508 9507
f 9507 9508 9508
f 9508 9508 9509
f 9509 9508 9509
f 9509 9509 9510
f 9510 9509 9510
f 9512 9513 9512
f 9516 9463 9515
f 9513 9514 9462
f 9462 9514 9463
f 9463 9514 9515
f 9519 9518 9518
f 9524 9466 9523
f 9520 9521 9464
f 9466 9465 9522
f 9466 9522 9523
f 9522 9465 9464
f 9522 9464 9521
f 9517 9518 9518
f 9516 9517 9516
f 9517 9517 9518
f 9516 9517 9517
f 9519 9520 9520
f 9524 9525 9525
f 9524 9525 9524
f 9527 9468 9468
f 9526 9527 9526
f 9527 9527 9468
f 9526 9527 9527
f 9473 9474 9474
f 9472 9473 9472
f 9473 9473 9472
f 9474 9473 9473
f 9480 9481 9481
f 9479 9480 9479
f 9480 9480 9479
f 9481 9480 9480
f 9488 9487 9488
f 9489 9488 9488
f 9491 9490 9491
f 9487 9488 9487
f 9495 9495 9494
f 9496 9496 9495
f 9497 9496 9496
f 9497 9497 9496
f 9498 9497 9497
f 9499 9498 9498
f 9499 9498 9499
f 9500 9501 9500
f 9501 9501 9500
f 9505 9505 9504
f 9504 9505 9504
f 9506 9507 9506
f 9507 9507 9506
f 9510 9511 9510
f 9511 9511 9510
f 9511 9512 9512
f 9429 9428 9526
f 9526 9527 9429
f 9430 9429 9527
f 9527 9468 9430
f 9431 9430 9468
f 9468 9469 9431
f 9432 9431 9469
f 9469 9470 9432
f 9433 9432 9470
f 9470 9471 9433
f 9434 9433 9471
f 9471 9472 9434
f 9435 9434 9472
f 9472 9473 9435
f 9436 9435 9473
f 9473 9474 9436
f 9437 9436 9474
f 9474 9458 9437
f 9438 9437 9458
f 9458 9459 9438
f 9439 9438 9459
f 9459 9460 9439
f 9440 9439 9460
f 9460 9480 9440
f 9441 9440 9480
f 9480 9481 9441
f 9442 9441 9481
f 9481 9483 9442
f 9443 9442 9483
f 9483 9484 9443
f 9444 9443 9484
f 9484 9461 9444
f 9445 9444 9461
f 9461 9488 9445
f 9446 9445 9488
f 9488 9489 9446
f 9447 9446 9489
f 9489 9490 9447
f 9448 9447 9490
f 9490 9491 9448
f 9449 9448 9491
f 9491 9492 9449
f 9450 9449 9492
f 9492 9493 9450
f 9451 9450 9493
f 9493 9494 9451
f 9452 9451 9494
f 9494 9495 9452
f 9453 9452 9495
f 9495 9496 9453
f 9454 9453 9496
f 9496 9497 9454
f 9455 9454 9497
f 9497 9498 9455
f 9456 9455 9498
f 9498 9499 9456
f 9457 9456 9499
f 9499 9500 9457
f 9408 9457 9500
f 9500 9501 9408
f 9409 9408 9501
f 9501 9502 9409
f 9410 9409 9502
f 9502 9503 9410
f 9411 9410 9503
f 9503 9504 9411
f 9412 9411 9504
f 9504 9505 9412
f 9413 9412 9505
f 9505 9506 9413
f 9414 9413 9506
f 9506 9507 9414
f 9415 9414 9507
f 9507 9508 9415
f 9416 9415 9508
f 9508 9509 9416
f 9417 9416 9509
f 9509 9510 9417
f 9418 9417 9510
f 9510 9511 9418
f 9419 9418 9511
f 9511 9512 9419
f 9420 9419 9512
f 9512 9462 9420
f 9421 9420 9462
f 9462 9463 9421
f 9422 9421 9463
f 9463 9517 9422
f 9423 9422 9517
f 9517 9518 9423
f 9424 9423 9518
f 9518 9464 9424
f 9425 9424 9464
f 9464 9465 9425
f 9426 9425 9465
f 9465 9466 9426
f 9427 9426 9466
f 9466 9525 9427
f 9428 9427 9525
f 9525 9526 9428
f 9428 9428 9526
f 9526 9526 9428
f 9561 9560 9615
f 9561 9615 9562
f 9562 9615 9616
f 9562 9616 9563
f 9563 9616 9617
f 9563 9617 9618
f 9563 9618 9564
f 9564 9618 9565
f 9565 9618 9619
f 9565 9619 9566
f 9566 9619 9620
f 9566 9620 9621
f 9566 9621 9567
f 9567 9621 9622
f 9567 9622 9568
f 9568 9622 9569
f 9569 9622 9623
f 9569 9623 9624
f 9569 9624 9570
f 9570 9624 9625
f 9570 9625 9571
f 9571 9625 9572
f 9572 9625 9626
f 9572 9626 9627
f 9572 9627 9573
f 9573 9627 9574
f 9574 9627 9628
f 9574 9628 9575
f 9575 9628 9629
f 9575 9629 9576
f 9576 9629 9630
f 9576 9630 9631
f 9576 9631 9577
f 9577 9631 9632
f 9577 9632 9578
f 9578 9632 9633
f 9578 9633 9579
f 9579 9633 9580
f 9580 9633 9634
f 9580 9634 9581
f 9581 9634 9635
f 9581 9635 9636
f 9581 9636 9582
f 9582 9636 9637
f 9582 9637 9583
f 9583 9637 9638
f 9583 9638 9584
f 9584 9638 9585
f 9542 9541 9597
f 9542 9597 9598
f 9542 9598 9543
f 9543 9598 9599
f 9543 9599 9600
f 9543 9600 9544
f 9544 9600 9545
f 9545 9600 9601
f 9545 9601 9546
f 9546 9601 9602
f 9546 9602 9547
f 9547 9602 9603
f 9547 9603 9548
f 9548 9603 9604
f 9548 9604 9549
f 9549 9604 9605
f 9549 9605 9550
f 9550 9605 9606
f 9550 9606 9551
f 9551 9606 9552
f 9552 9606 9607
f 9552 9607 9553
f 9553 9607 9608
f 9553 9608 9554
f 9554 9608 9555
f 9555 9608 9609
f 9555 9609 9556
f 9556 9609 9610
f 9556 9610 9611
f 9556 9611 9557
f 9557 9611 9558
f 9558 9611 9612
f 9558 9612 9559
f 9559 9612 9613
f 9559 9613 9614
f 9559 9614 9560
f 9560 9614 9615
f 9638 9639 9585
f 9585 9639 9640
f 9585 9640 9586
f 9586 9640 9641
f 9586 9641 9529
f 9529 9641 9642
f 9529 9642 9530
f 9530 9642 9643
f 9530 9643 9588
f 9530 9588 9531
f 9531 9588 9589
f 9531 9589 9532
f 9532 9589 9590
f 9532 9590 9533
f 9533 9590 9591
f 9533 9591 9534
f 9534 9591 9592
f 9534 9592 9535
f 9535 9592 9593
f 9535 9593 9536
f 9536 9593 9537
f 9537 9593 9594
f 9537 9594 9538
f 9538 9594 9595
f 9538 9595 9539
f 9539 9595 9596
f 9539 9596 9540
f 9540 9596 9597
f 9540 9597 9541
f 9514 9513 9586
f 9586 9529 9514
f 9515 9514 9529
f 9529 9530 9515
f 9516 9515 9530
f 9530 9531 9516
f 9517 9516 9531
f 9531 9532 9517
f 9518 9517 9532
f 9532 9533 9518
f 9520 9518 9533
f 9533 9534 9520
f 9521 9520 9534
f 9534 9535 9521
f 9522 9521 9535
f 9535 9536 9522
f 9523 9522 9536
f 9536 9537 9523
f 9524 9523 9537
f 9537 9538 9524
f 9525 9524 9538
f 9538 9539 9525
f 9526 9525 9539
f 9539 9540 9526
f 9527 9526 9540
f 9540 9541 9527
f 9468 9527 9541
f 9541 9542 9468
f 9469 9468 9542
f 9542 9543 9469
f 9470 9469 9543
f 9543 9544 9470
f 9471 9470 9544
f 9544 9545 9471
f 9472 9471 9545
f 9545 9546 9472
f 9473 9472 9546
f 9546 9547 9473
f 9474 9473 9547
f 9547 9548 9474
f 9475 9474 9548
f 9548 9549 9475
f 9476 9475 9549
f 9549 9550 9476
f 9477 9476 9550
f 9550 9551 9477
f 9478 9477 9551
f 9551 9552 9478
f 9479 9478 9552
f 9552 9553 9479
f 9480 9479 9553
f 9553 9554 9480
f 9481 9480 9554
f 9554 9555 9481
f 9483 9481 9555
f 9555 9556 9483
f 9484 9483 9556
f 9556 9557 9484
f 9485 9484 9557
f 9557 9558 9485
f 9486 9485 9558
f 9558 9559 9486
f 9487 9486 9559
f 9559 9560 9487
f 9488 9487 9560
f 9560 9561 9488
f 9489 9488 9561
f 9561 9562 9489
f 9490 9489 9562
f 9562 9563 9490
f 9491 9490 9563
f 9563 9564 9491
f 9492 9491 9564
f 9564 9565 9492
f 9493 9492 9565
f 9565 9566 9493
f 9494 9493 9566
f 9566 9567 9494
f 9495 9494 9567
f 9567 9568 9495
f 9496 9495 9568
f 9568 9569 9496
f 9497 9496 9569
f 9569 9570 9497
f 9498 9497 9570
f 9570 9571 9498
f 9499 9498 9571
f 9571 9572 9499
f 9500 9499 9572
f 9572 9573 9500
f 9501 9500 9573
f 9573 9574 9501
f 9502 9501 9574
f 9574 9575 9502
f 9503 9502 9575
f 9575 9576 9503
f 9504 9503 9576
f 9576 9577 9504
f 9505 9504 9577
f 9577 9578 9505
f 9506 9505 9578
f 9578 9579 9506
f 9507 9506 9579
f 9579 9580 9507
f 9508 9507 9580
f 9580 9581 9508
f 9509 9508 9581
f 9581 9582 9509
f 9510 9509 9582
f 9582 9583 9510
f 9511 9510 9583
f 9583 9584 9511
f 9512 9511 9584
f 9584 9585 9512
f 9513 9512 9585
f 9585 9586 9513
f 9513 9513 9586
f 9586 9586 9513
f 9714 9714 9715
f 9714 9715 9715
f 9715 9715 9716
f 9715 9716 9716
f 9716 9716 9717
f 9716 9717 9717
f 9719 9645 9662
f 9719 9662 9661
f 9719 9661 9718
f 9718 9661 9660
f 9718 9717 9717
f 9720 9664 9664
f 9665 9666 9666
f 9667 9668 9667
f 9670 9646 9669
f 9669 9668 9668
f 9668 9668 9667
f 9675 9675 9674
f 9673 9674 9647
f 9678 9678 9677
f 9676 9677 9676
f 9678 9677 9677
f 9680 9680 9679
f 9679 9680 9679
f 9689 9649 9688
f 9681 9682 9681
f 9681 9682 9682
f 9682 9682 9683
f 9682 9683 9683
f 9683 9683 9684
f 9683 9684 9684
f 9684 9684 9685
f 9685 9686 9648
f 9687 9687 9688
f 9693 9692 9692
f 9691 9692 9691
f 9691 9692 9692
f 9653 9652 9695
f 9695 9652 9651
f 9695 9651 9694
f 9694 9651 9650
f 9696 9697 9696
f 9696 9697 9697
f 9697 9697 9698
f 9698 9697 9698
f 9698 9698 9699
f 9698 9699 9699
f 9699 9699 9700
f 9700 9699 9700
f 9700 9700 9701
f 9701 9700 9701
f 9702 9703 9702
f 9702 9703 9703
f 9703 9703 9704
f 9704 9703 9704
f 9705 9706 9655
f 9705 9655 9654
f 9655 9706 9656
f 9656 9706 9657
f 9657 9706 9658
f 9658 9706 9707
f 9658 9707 9659
f 9707 9708 9708
f 9708 9708 9709
f 9709 9708 9709
f 9672 9673 9673
f 9672 9672 9671
f 9675 9676 9676
f 9675 9675 9676
f 9680 9681 9681
f 9680 9680 9681
f 9690 9691 9691
f 9689 9690 9689
f 9690 9690 9689
f 9691 9690 9690
f 9696 9695 9695
f 9696 9695 9696
f 9702 9702 9701
f 9701 9702 9701
f 9704 9705 9704
f 9705 9705 9704
f 9709 9710 9709
f 9710 9710 9709
f 9711 9710 9710
f 9711 9711 9710
f 9712 9711 9711
f 9712 9711 9712
f 9713 9712 9712
f 9719 9720 9719
f 9664 9665 9664
f 9666 9667 9667
f 9666 9666 9667
f 9643 9642 9662
f 9662 9645 9643
f 9588 9643 9645
f 9645 9664 9588
f 9589 9588 9664
f 9664 9666 9589
f 9590 9589 9666
f 9666 9667 9590
f 9591 9590 9667
f 9667 9668 9591
f 9592 9591 9668
f 9668 9646 9592
f 9593 9592 9646
f 9646 9672 9593
f 9594 9593 9672
f 9672 9647 9594
f 9595 9594 9647
f 9647 9675 9595
f 9596 9595 9675
f 9675 9676 9596
f 9597 9596 9676
f 9676 9677 9597
f 9598 9597 9677
f 9677 9678 9598
f 9599 9598 9678
f 9678 9679 9599
f 9600 9599 9679
f 9679 9680 9600
f 9601 9600 9680
f 9680 9681 9601
f 9602 9601 9681
f 9681 9682 9602
f 9603 9602 9682
f 9682 9683 9603
f 9604 9603 9683
f 9683 9684 9604
f 9605 9604 9684
f 9684 9648 9605
f 9606 9605 9648
f 9648 9687 9606
f 9607 9606 9687
f 9687 9649 9607
f 9608 9607 9649
f 9649 9690 9608
f 9609 9608 9690
f 9690 9691 9609
f 9610 9609 9691
f 9691 9692 9610
f 9611 9610 9692
f 9692 9693 9611
f 9612 9611 9693
f 9693 9650 9612
f 9613 9612 9650
f 9650 9651 9613
f 9614 9613 9651
f 9651 9652 9614
f 9615 9614 9652
f 9652 9653 9615
f 9616 9615 9653
f 9653 9696 9616
f 9617 9616 9696
f 9696 9697 9617
f 9618 9617 9697
f 9697 9698 9618
f 9619 9618 9698
f 9698 9699 9619
f 9620 9619 9699
f 9699 9700 9620
f 9621 9620 9700
f 9700 9701 9621
f 9622 9621 9701
f 9701 9702 9622
f 9623 9622 9702
f 9702 9703 9623
f 9624 9623 9703
f 9703 9704 9624
f 9625 9624 9704
f 9704 9654 9625
f 9626 9625 9654
f 9654 9655 9626
f 9627 9626 9655
f 9655 9656 9627
f 9628 9627 9656
f 9656 9657 9628
f 9629 9628 9657
f 9657 9658 9629
f 9630 9629 9658
f 9658 9659 9630
f 9631 9630 9659
f 9659 9708 9631
f 9632 9631 9708
f 9708 9709 9632
f 9633 9632 9709
f 9709 9710 9633
f 9634 9633 9710
f 9710 9711 9634
f 9635 9634 9711
f 9711 9712 9635
f 9636 9635 9712
f 9712 9714 9636
f 9637 9636 9714
f 9714 9715 9637
f 9638 9637 9715
f 9715 9716 9638
f 9639 9638 9716
f 9716 9717 9639
f 9640 9639 9717
f 9717 9660 9640
f 9641 9640 9660
f 9660 9661 9641
f 9642 9641 9661
f 9661 9662 9642
f 9642 9642 9662
f 9662 9662 9642
f 9834 9743 9833
f 9803 9804 9767
f 9728 9727 9817
f 9728 9817 9818
f 9728 9818 9819
f 9728 9819 9729
f 9729 9819 9820
f 9729 9820 9730
f 9730 9820 9731
f 9731 9820 9821
f 9731 9821 9732
f 9732 9821 9822
f 9732 9822 9733
f 9733 9822 9823
f 9733 9823 9824
f 9733 9824 9734
f 9734 9824 9825
f 9734 9825 9735
f 9735 9825 9736
f 9736 9825 9826
f 9736 9826 9737
f 9737 9826 9827
f 9737 9827 9828
f 9737 9828 9738
f 9738 9828 9829
f 9738 9829 9739
f 9739 9829 9740
f 9740 9829 9830
f 9740 9830 9741
f 9741 9830 9831
f 9741 9831 9832
f 9741 9832 9742
f 9742 9832 9743
f 9743 9832 9833
f 9810 9811 9774
f 9810 9774 9773
f 9810 9773 9772
f 9810 9772 9809
f 9804 9805 9767
f 9767 9805 9768
f 9768 9805 9806
f 9768 9806 9769
f 9769 9806 9807
f 9769 9807 9770
f 9770 9807 9808
f 9770 9808 9771
f 9771 9808 9809
f 9771 9809 9772
f 9774 9811 9722
f 9722 9811 9812
f 9722 9812 9723
f 9723 9812 9813
f 9723 9813 9724
f 9724 9813 9814
f 9724 9814 9815
f 9724 9815 9725
f 9725 9815 9726
f 9726 9815 9816
f 9726 9816 9727
f 9727 9816 9817
f 9744 9835 9776
f 9744 9776 9777
f 9744 9777 9745
f 9745 9777 9778
f 9745 9778 9746
f 9746 9778 9779
f 9746 9779 9747
f 9747 9779 9780
f 9747 9780 9748
f 9748 9780 9749
f 9749 9780 9781
f 9749 9781 9750
f 9750 9781 9782
f 9750 9782 9783
f 9750 9783 9751
f 9751 9783 9752
f 9752 9783 9784
f 9752 9784 9785
f 9752 9785 9753
f 9753 9785 9754
f 9754 9785 9786
f 9754 9786 9787
f 9788 9789 9755
f 9790 9791 9756
f 9756 9791 9792
f 9756 9792 9757
f 9757 9792 9758
f 9758 9792 9793
f 9758 9793 9794
f 9758 9794 9759
f 9759 9794 9795
f 9759 9795 9760
f 9760 9795 9761
f 9761 9795 9796
f 9761 9796 9762
f 9762 9796 9797
f 9762 9797 9798
f 9762 9798 9763
f 9763 9798 9799
f 9763 9799 9764
f 9764 9799 9800
f 9764 9800 9765
f 9802 9766 9801
f 9800 9801 9766
f 9800 9766 9765
f 9834 9835 9835
f 9834 9835 9834
f 9789 9790 9789
f 9790 9790 9789
f 9673 9672 9774
f 9774 9722 9673
f 9674 9673 9722
f 9722 9723 9674
f 9675 9674 9723
f 9723 9724 9675
f 9676 9675 9724
f 9724 9725 9676
f 9677 9676 9725
f 9725 9726 9677
f 9678 9677 9726
f 9726 9727 9678
f 9679 9678 9727
f 9727 9728 9679
f 9680 9679 9728
f 9728 9729 9680
f 9681 9680 9729
f 9729 9730 9681
f 9682 9681 9730
f 9730 9731 9682
f 9683 9682 9731
f 9731 9732 9683
f 9684 9683 9732
f 9732 9733 9684
f 9685 9684 9733
f 9733 9734 9685
f 9686 9685 9734
f 9734 9735 9686
f 9687 9686 9735
f 9735 9736 9687
f 9688 9687 9736
f 9736 9737 9688
f 9689 9688 9737
f 9737 9738 9689
f 9690 9689 9738
f 9738 9739 9690
f 9691 9690 9739
f 9739 9740 9691
f 9692 9691 9740
f 9740 9741 9692
f 9693 9692 9741
f 9741 9742 9693
f 9694 9693 9742
f 9742 9743 9694
f 9695 9694 9743
f 9743 9744 9695
f 9696 9695 9744
f 9744 9745 9696
f 9697 9696 9745
f 9745 9746 9697
f 9698 9697 9746
f 9746 9747 9698
f 9699 9698 9747
f 9747 9748 9699
f 9700 9699 9748
f 9748 9749 9700
f 9701 9700 9749
f 9749 9750 9701
f 9702 9701 9750
f 9750 9751 9702
f 9703 9702 9751
f 9751 9752 9703
f 9704 9703 9752
f 9752 9753 9704
f 9705 9704 9753
f 9753 9754 9705
f 9706 9705 9754
f 9754 9755 9706
f 9707 9706 9755
f 9755 9756 9707
f 9708 9707 9756
f 9756 9757 9708
f 9709 9708 9757
f 9757 9758 9709
f 9710 9709 9758
f 9758 9759 9710
f 9711 9710 9759
f 9759 9760 9711
f 9712 9711 9760
f 9760 9761 9712
f 9714 9712 9761
f 9761 9762 9714
f 9715 9714 9762
f 9762 9763 9715
f 9716 9715 9763
f 9763 9764 9716
f 9717 9716 9764
f 9764 9765 9717
f 9718 9717 9765
f 9765 9766 9718
f 9719 9718 9766
f 9766 9767 9719
f 9664 9719 9767
f 9767 9768 9664
f 9666 9664 9768
f 9768 9769 9666
f 9667 9666 9769
f 9769 9770 9667
f 9668 9667 9770
f 9770 9771 9668
f 9669 9668 9771
f 9771 9772 9669
f 9670 9669 9772
f 9772 9773 9670
f 9672 9670 9773
f 9773 9774 9672
f 9672 9672 9774
f 9774 9774 9672
f 9865 9864 9910
f 9865 9910 9911
f 9865 9911 9912
f 9865 9912 9866
f 9866 9912 9913
f 9866 9913 9867
f 9867 9913 9868
f 9868 9913 9914
f 9868 9914 9869
f 9869 9914 9915
f 9869 9915 9870
f 9870 9915 9871
f 9871 9915 9916
f 9871 9916 9872
f 9872 9916 9917
f 9872 9917 9873
f 9873 9917 9874
f 9874 9917 9918
f 9874 9918 9919
f 9874 9919 9875
f 9875 9919 9920
f 9875 9920 9876
f 9876 9920 9877
f 9877 9920 9921
f 9877 9921 9878
f 9878 9921 9922
f 9878 9922 9879
f 9879 9922 9923
f 9879 9923 9880
f 9880 9923 9924
f 9880 9924 9925
f 9880 9925 9881
f 9881 9925 9926
f 9881 9926 9882
f 9882 9926 9883
f 9883 9926 9927
f 9883 9927 9884
f 9884 9927 9928
f 9884 9928 9885
f 9885 9928 9886
f 9886 9928 9929
f 9886 9929 9887
f 9887 9929 9930
f 9887 9930 9888
f 9888 9930 9889
f 9902 9903 9902
f 9902 9903 9903
f 9903 9903 9904
f 9904 9903 9904
f 9905 9906 9858
f 9905 9858 9857
f 9858 9906 9859
f 9859 9906 9860
f 9860 9906 9907
f 9860 9907 9861
f 9861 9907 9908
f 9861 9908 9862
f 9862 9908 9909
f 9862 9909 9863
f 9863 9909 9864
f 9864 9909 9910
f 9930 9931 9889
f 9889 9931 9932
f 9889 9932 9890
f 9890 9932 9933
f 9890 9933 9837
f 9837 9933 9934
f 9837 9934 9838
f 9838 9934 9935
f 9838 9935 9839
f 9839 9935 9840
f 9840 9935 9936
f 9840 9936 9841
f 9841 9936 9937
f 9841 9937 9842
f 9842 9937 9843
f 9843 9937 9938
f 9843 9938 9844
f 9893 9893 9892
f 9893 9892 9892
f 9901 9856 9855
f 9901 9855 9900
f 9894 9895 9846
f 9894 9846 9845
f 9850 9849 9897
f 9850 9897 9851
f 9851 9897 9898
f 9851 9898 9899
f 9851 9899 9852
f 9852 9899 9853
f 9853 9899 9900
f 9853 9900 9854
f 9854 9900 9855
f 9896 9897 9849
f 9896 9849 9848
f 9896 9848 9895
f 9895 9848 9847
f 9895 9847 9846
f 9893 9894 9894
f 9893 9893 9894
f 9901 9902 9902
f 9901 9902 9901
f 9939 9892 9892
f 9939 9939 9938
f 9938 9939 9938
f 9939 9939 9892
f 9802 9801 9890
f 9890 9837 9802
f 9803 9802 9837
f 9837 9838 9803
f 9804 9803 9838
f 9838 9839 9804
f 9805 9804 9839
f 9839 9840 9805
f 9806 9805 9840
f 9840 9841 9806
f 9807 9806 9841
f 9841 9842 9807
f 9808 9807 9842
f 9842 9843 9808
f 9809 9808 9843
f 9843 9844 9809
f 9810 9809 9844
f 9844 9939 9810
f 9811 9810 9939
f 9939 9892 9811
f 9812 9811 9892
f 9892 9893 9812
f 9813 9812 9893
f 9893 9845 9813
f 9814 9813 9845
f 9845 9846 9814
f 9815 9814 9846
f 9846 9847 9815
f 9816 9815 9847
f 9847 9848 9816
f 9817 9816 9848
f 9848 9849 9817
f 9818 9817 9849
f 9849 9850 9818
f 9819 9818 9850
f 9850 9851 9819
f 9820 9819 9851
f 9851 9852 9820
f 9821 9820 9852
f 9852 9853 9821
f 9822 9821 9853
f 9853 9854 9822
f 9823 9822 9854
f 9854 9855 9823
f 9824 9823 9855
f 9855 9856 9824
f 9825 9824 9856
f 9856 9902 9825
f 9826 9825 9902
f 9902 9903 9826
f 9827 9826 9903
f 9903 9904 9827
f 9828 9827 9904
f 9904 9857 9828
f 9829 9828 9857
f 9857 9858 9829
f 9830 9829 9858
f 9858 9859 9830
f 9831 9830 9859
f 9859 9860 9831
f 9832 9831 9860
f 9860 9861 9832
f 9833 9832 9861
f 9861 9862 9833
f 9834 9833 9862
f 9862 9863 9834
f 9835 9834 9863
f 9863 9864 9835
f 9776 9835 9864
f 9864 9865 9776
f 9777 9776 9865
f 9865 9866 9777
f 9778 9777 9866
f 9866 9867 9778
f 9779 9778 9867
f 9867 9868 9779
f 9780 9779 9868
f 9868 9869 9780
f 9781 9780 9869
f 9869 9870 9781
f 9782 9781 9870
f 9870 9871 9782
f 9783 9782 9871
f 9871 9872 9783
f 9784 9783 9872
f 9872 9873 9784
f 9785 9784 9873
f 9873 9874 9785
f 9786 9785 9874
f 9874 9875 9786
f 9787 9786 9875
f 9875 9876 9787
f 9788 9787 9876
f 9876 9877 9788
f 9789 9788 9877
f 9877 9878 9789
f 9790 9789 9878
f 9878 9879 9790
f 9791 9790 9879
f 9879 9880 9791
f 9792 9791 9880
f 9880 9881 9792
f 9793 9792 9881
f 9881 9882 9793
f 9794 9793 9882
f 9882 9883 9794
f 9795 9794 9883
f 9883 9884 9795
f 9796 9795 9884
f 9884 9885 9796
f 9797 9796 9885
f 9885 9886 9797
f 9798 9797 9886
f 9886 9887 9798
f 9799 9798 9887
f 9887 9888 9799
f 9800 9799 9888
f 9888 9889 9800
f 9801 9800 9889
f 9889 9890 9801
f 9801 9801 9890
f 9890 9890 9801
f 10028 10028 10027
f 10019 10020 9969
f 10027 9942 10026
f 10020 10021 9969
f 9969 10021 9970
f 9970 10021 10022
f 9970 10022 9971
f 9971 10022 9972
f 9972 10022 10023
f 9972 10023 9941
f 9941 10023 10024
f 9941 10024 10025
f 9974 9974 10029
f 9978 9943 9976
f 9986 9948 9985
f 9980 9981 9944
f 9944 9981 9982
f 9944 9982 9945
f 9945 9982 9946
f 9946 9982 9983
f 9946 9983 9947
f 9947 9983 9984
f 9947 9984 9948
f 9948 9984 9985
f 9987 9988 9949
f 9953 9952 9991
f 9991 9952 9990
f 9991 9992 9992
f 9990 9952 9951
f 9990 9951 9950
f 9993 9994 9993
f 9994 9995 9954
f 9995 9996 9996
f 9998 9999 9955
f 10000 10001 10000
f 10000 10001 10001
f 10001 10001 10002
f 10002 10003 9957
f 10002 9957 9956
f 9957 10003 9958
f 9958 10003 9959
f 9959 10003 9960
f 9960 10003 10004
f 9960 10004 9961
f 10004 10005 10005
f 10006 10007 10006
f 10007 10008 9962
f 10010 10011 9963
f 10011 10012 10012
f 10012 10012 10013
f 10015 9967 9966
f 10015 9966 10014
f 10014 9966 9965
f 10014 9965 9964
f 10014 10013 10013
f 10012 10013 10013
f 10018 9968 10017
f 9975 9976 9976
f 9974 9975 9974
f 9975 9975 9974
f 9976 9975 9975
f 9986 9987 9987
f 9986 9987 9986
f 9993 9993 9992
f 9992 9993 9992
f 9998 9998 9997
f 9999 10000 9999
f 10000 10000 9999
f 10006 10006 10005
f 10005 10006 10005
f 10008 10009 10008
f 10009 10009 10008
f 10010 10009 10009
f 10010 10009 10010
f 10015 10016 10015
f 10016 10017 10017
f 10016 10017 10016
f 10015 10016 10016
f 10018 10019 10019
f 10018 10019 10018
f 9894 9893 9972
f 9972 9941 9894
f 9895 9894 9941
f 9941 9942 9895
f 9896 9895 9942
f 9942 10028 9896
f 9897 9896 10028
f 10028 10029 9897
f 9898 9897 10029
f 10029 9974 9898
f 9899 9898 9974
f 9974 9975 9899
f 9900 9899 9975
f 9975 9943 9900
f 9901 9900 9943
f 9943 9944 9901
f 9902 9901 9944
f 9944 9945 9902
f 9903 9902 9945
f 9945 9946 9903
f 9904 9903 9946
f 9946 9947 9904
f 9905 9904 9947
f 9947 9948 9905
f 9906 9905 9948
f 9948 9949 9906
f 9907 9906 9949
f 9949 9989 9907
f 9908 9907 9989
f 9989 9950 9908
f 9909 9908 9950
f 9950 9951 9909
f 9910 9909 9951
f 9951 9952 9910
f 9911 9910 9952
f 9952 9953 9911
f 9912 9911 9953
f 9953 9992 9912
f 9913 9912 9992
f 9992 9993 9913
f 9914 9913 9993
f 9993 9954 9914
f 9915 9914 9954
f 9954 9996 9915
f 9916 9915 9996
f 9996 9955 9916
f 9917 9916 9955
f 9955 10000 9917
f 9918 9917 10000
f 10000 10001 9918
f 9919 9918 10001
f 10001 9956 9919
f 9920 9919 9956
f 9956 9957 9920
f 9921 9920 9957
f 9957 9958 9921
f 9922 9921 9958
f 9958 9959 9922
f 9923 9922 9959
f 9959 9960 9923
f 9924 9923 9960
f 9960 9961 9924
f 9925 9924 9961
f 9961 10005 9925
f 9926 9925 10005
f 10005 10006 9926
f 9927 9926 10006
f 10006 9962 9927
f 9928 9927 9962
f 9962 10009 9928
f 9929 9928 10009
f 10009 9963 9929
f 9930 9929 9963
f 9963 10012 9930
f 9931 9930 10012
f 10012 10013 9931
f 9932 9931 10013
f 10013 9964 9932
f 9933 9932 9964
f 9964 9965 9933
f 9934 9933 9965
f 9965 9966 9934
f 9935 9934 9966
f 9966 9967 9935
f 9936 9935 9967
f 9967 10016 9936
f 9937 9936 10016
f 10016 9968 9937
f 9938 9937 9968
f 9968 9969 9938
f 9939 9938 9969
f 9969 9970 9939
f 9892 9939 9970
f 9970 9971 9892
f 9893 9892 9971
f 9971 9972 9893
f 9893 9893 9972
f 9972 9972 9893
f 10053 10131 10132
f 10053 10132 10133
f 10053 10133 10054
f 10054 10133 10055
f 10055 10133 10134
f 10055 10134 10056
f 10056 10134 10135
f 10056 10135 10057
f 10057 10135 10136
f 10057 10136 10137
f 10057 10137 10058
f 10058 10137 10138
f 10058 10138 10059
f 10059 10138 10139
f 10059 10139 10060
f 10060 10139 10061
f 10061 10139 10140
f 10061 10140 10062
f 10062 10140 10141
f 10062 10141 10063
f 10063 10141 10142
f 10063 10142 10143
f 10099 10100 10076
f 10037 10036 10114
f 10037 10114 10115
f 10037 10115 10038
f 10038 10115 10039
f 10039 10115 10116
f 10039 10116 10117
f 10039 10117 10040
f 10040 10117 10041
f 10041 10117 10118
f 10041 10118 10042
f 10042 10118 10119
f 10042 10119 10043
f 10043 10119 10120
f 10043 10120 10121
f 10043 10121 10044
f 10044 10121 10122
f 10044 10122 10045
f 10045 10122 10123
f 10045 10123 10046
f 10046 10123 10124
f 10046 10124 10047
f 10047 10124 10125
f 10047 10125 10048
f 10048 10125 10049
f 10049 10125 10126
f 10049 10126 10050
f 10050 10126 10127
f 10050 10127 10128
f 10050 10128 10051
f 10051 10128 10052
f 10052 10128 10129
f 10052 10129 10130
f 10107 10108 10083
f 10107 10083 10082
f 10107 10082 10106
f 10100 10101 10076
f 10076 10101 10077
f 10077 10101 10078
f 10078 10101 10102
f 10078 10102 10103
f 10078 10103 10079
f 10079 10103 10080
f 10080 10103 10104
f 10080 10104 10081
f 10081 10104 10105
f 10081 10105 10106
f 10081 10106 10082
f 10083 10108 10031
f 10031 10108 10109
f 10031 10109 10032
f 10032 10109 10033
f 10033 10109 10110
f 10033 10110 10034
f 10034 10110 10111
f 10034 10111 10112
f 10034 10112 10035
f 10035 10112 10113
f 10035 10113 10036
f 10036 10113 10114
f 10144 10085 10064
f 10086 10087 10065
f 10065 10087 10088
f 10065 10088 10066
f 10066 10088 10067
f 10067 10088 10089
f 10067 10089 10090
f 10067 10090 10068
f 10068 10090 10091
f 10068 10091 10069
f 10069 10091 10070
f 10070 10091 10092
f 10070 10092 10093
f 10070 10093 10071
f 10071 10093 10094
f 10071 10094 10072
f 10072 10094 10073
f 10073 10094 10095
f 10073 10095 10074
f 10098 10075 10097
f 10095 10096 10074
f 10074 10096 10075
f 10075 10096 10097
f 10085 10086 10085
f 10023 10022 10083
f 10083 10031 10023
f 10024 10023 10031
f 10031 10032 10024
f 10025 10024 10032
f 10032 10033 10025
f 10026 10025 10033
f 10033 10034 10026
f 10027 10026 10034
f 10034 10035 10027
f 10028 10027 10035
f 10035 10036 10028
f 10029 10028 10036
f 10036 10037 10029
f 9974 10029 10037
f 10037 10038 9974
f 9975 9974 10038
f 10038 10039 9975
f 9976 9975 10039
f 10039 10040 9976
f 9978 9976 10040
f 10040 10041 9978
f 9980 9978 10041
f 10041 10042 9980
f 9981 9980 10042
f 10042 10043 9981
f 9982 9981 10043
f 10043 10044 9982
f 9983 9982 10044
f 10044 10045 9983
f 9984 9983 10045
f 10045 10046 9984
f 9985 9984 10046
f 10046 10047 9985
f 9986 9985 10047
f 10047 10048 9986
f 9987 9986 10048
f 10048 10049 9987
f 9988 9987 10049
f 10049 10050 9988
f 9989 9988 10050
f 10050 10051 9989
f 9990 9989 10051
f 10051 10052 9990
f 9991 9990 10052
f 10052 10053 9991
f 9992 9991 10053
f 10053 10054 9992
f 9993 9992 10054
f 10054 10055 9993
f 9994 9993 10055
f 10055 10056 9994
f 9995 9994 10056
f 10056 10057 9995
f 9996 9995 10057
f 10057 10058 9996
f 9998 9996 10058
f 10058 10059 9998
f 9999 9998 10059
f 10059 10060 9999
f 10000 9999 10060
f 10060 10061 10000
f 10001 10000 10061
f 10061 10062 10001
f 10002 10001 10062
f 10062 10063 10002
f 10003 10002 10063
f 10063 10064 10003
f 10004 10003 10064
f 10064 10065 10004
f 10005 10004 10065
f 10065 10066 10005
f 10006 10005 10066
f 10066 10067 10006
f 10007 10006 10067
f 10067 10068 10007
f 10008 10007 10068
f 10068 10069 10008
f 10009 10008 10069
f 10069 10070 10009
f 10010 10009 10070
f 10070 10071 10010
f 10011 10010 10071
f 10071 10072 10011
f 10012 10011 10072
f 10072 10073 10012
f 10013 10012 10073
f 10073 10074 10013
f 10014 10013 10074
f 10074 10075 10014
f 10015 10014 10075
f 10075 10076 10015
f 10016 10015 10076
f 10076 10077 10016
f 10017 10016 10077
f 10077 10078 10017
f 10018 10017 10078
f 10078 10079 10018
f 10019 10018 10079
f 10079 10080 10019
f 10020 10019 10080
f 10080 10081 10020
f 10021 10020 10081
f 10081 10082 10021
f 10022 10021 10082
f 10082 10083 10022
f 10022 10022 10083
f 10083 10083 10022
f 10180 10179 10239
f 10180 10239 10240
f 10180 10240 10241
f 10180 10241 10181
f 10181 10241 10242
f 10181 10242 10182
f 10182 10242 10183
f 10183 10242 10243
f 10183 10243 10184
f 10184 10243 10244
f 10184 10244 10185
f 10185 10244 10245
f 10185 10245 10246
f 10185 10246 10186
f 10186 10246 10247
f 10186 10247 10187
f 10187 10247 10248
f 10187 10248 10188
f 10188 10248 10249
f 10188 10249 10189
f 10189 10249 10250
f 10189 10250 10190
f 10190 10250 10191
f 10191 10250 10251
f 10191 10251 10192
f 10192 10251 10252
f 10192 10252 10193
f 10193 10252 10253
f 10193 10253 10254
f 10193 10254 10194
f 10194 10254 10255
f 10194 10255 10195
f 10195 10255 10196
f 10196 10255 10256
f 10196 10256 10257
f 10196 10257 10197
f 10197 10257 10258
f 10197 10258 10198
f 10198 10258 10199
f 10199 10258 10259
f 10199 10259 10200
f 10200 10259 10260
f 10200 10260 10261
f 10200 10261 10201
f 10201 10261 10202
f 10202 10261 10262
f 10202 10262 10203
f 10203 10262 10263
f 10203 10263 10264
f 10203 10264 10204
f 10162 10161 10221
f 10162 10221 10222
f 10162 10222 10163
f 10163 10222 10223
f 10163 10223 10224
f 10163 10224 10164
f 10164 10224 10225
f 10164 10225 10165
f 10165 10225 10166
f 10166 10225 10226
f 10166 10226 10227
f 10166 10227 10167
f 10167 10227 10228
f 10167 10228 10168
f 10168 10228 10169
f 10169 10228 10229
f 10169 10229 10170
f 10170 10229 10230
f 10170 10230 10231
f 10170 10231 10171
f 10171 10231 10172
f 10172 10231 10232
f 10172 10232 10173
f 10173 10232 10233
f 10173 10233 10234
f 10173 10234 10174
f 10174 10234 10175
f 10175 10234 10235
f 10175 10235 10176
f 10176 10235 10236
f 10176 10236 10177
f 10177 10236 10237
f 10177 10237 10178
f 10178 10237 10238
f 10178 10238 10239
f 10178 10239 10179
f 10264 10265 10205
f 10264 10205 10204
f 10205 10265 10146
f 10146 10265 10266
f 10146 10266 10147
f 10147 10266 10207
f 10147 10207 10148
f 10148 10207 10208
f 10148 10208 10209
f 10148 10209 10149
f 10149 10209 10150
f 10150 10209 10210
f 10150 10210 10211
f 10150 10211 10151
f 10151 10211 10212
f 10151 10212 10152
f 10152 10212 10153
f 10153 10212 10213
f 10153 10213 10154
f 10154 10213 10214
f 10154 10214 10155
f 10155 10214 10215
f 10155 10215 10216
f 10155 10216 10156
f 10156 10216 10217
f 10156 10217 10157
f 10157 10217 10218
f 10157 10218 10158
f 10158 10218 10219
f 10158 10219 10159
f 10159 10219 10220
f 10159 10220 10160
f 10160 10220 10161
f 10161 10220 10221
f 10098 10097 10205
f 10205 10146 10098
f 10099 10098 10146
f 10146 10147 10099
f 10100 10099 10147
f 10147 10148 10100
f 10101 10100 10148
f 10148 10149 10101
f 10102 10101 10149
f 10149 10150 10102
f 10103 10102 10150
f 10150 10151 10103
f 10104 10103 10151
f 10151 10152 10104
f 10105 10104 10152
f 10152 10153 10105
f 10106 10105 10153
f 10153 10154 10106
f 10107 10106 10154
f 10154 10155 10107
f 10108 10107 10155
f 10155 10156 10108
f 10109 10108 10156
f 10156 10157 10109
f 10110 10109 10157
f 10157 10158 10110
f 10111 10110 10158
f 10158 10159 10111
f 10112 10111 10159
f 10159 10160 10112
f 10113 10112 10160
f 10160 10161 10113
f 10114 10113 10161
f 10161 10162 10114
f 10115 10114 10162
f 10162 10163 10115
f 10116 10115 10163
f 10163 10164 10116
f 10117 10116 10164
f 10164 10165 10117
f 10118 10117 10165
f 10165 10166 10118
f 10119 10118 10166
f 10166 10167 10119
f 10120 10119 10167
f 10167 10168 10120
f 10121 10120 10168
f 10168 10169 10121
f 10122 10121 10169
f 10169 10170 10122
f 10123 10122 10170
f 10170 10171 10123
f 10124 10123 10171
f 10171 10172 10124
f 10125 10124 10172
f 10172 10173 10125
f 10126 10125 10173
f 10173 10174 10126
f 10127 10126 10174
f 10174 10175 10127
f 10128 10127 10175
f 10175 10176 10128
f 10129 10128 10176
f 10176 10177 10129
f 10130 10129 10177
f 10177 10178 10130
f 10131 10130 10178
f 10178 10179 10131
f 10132 10131 10179
f 10179 10180 10132
f 10133 10132 10180
f 10180 10181 10133
f 10134 10133 10181
f 10181 10182 10134
f 10135 10134 10182
f 10182 10183 10135
f 10136 10135 10183
f 10183 10184 10136
f 10137 10136 10184
f 10184 10185 10137
f 10138 10137 10185
f 10185 10186 10138
f 10139 10138 10186
f 10186 10187 10139
f 10140 10139 10187
f 10187 10188 10140
f 10141 10140 10188
f 10188 10189 10141
f 10142 10141 10189
f 10189 10190 10142
f 10143 10142 10190
f 10190 10191 10143
f 10144 10143 10191
f 10191 10192 10144
f 10085 10144 10192
f 10192 10193 10085
f 10086 10085 10193
f 10193 10194 10086
f 10087 10086 10194
f 10194 10195 10087
f 10088 10087 10195
f 10195 10196 10088
f 10089 10088 10196
f 10196 10197 10089
f 10090 10089 10197
f 10197 10198 10090
f 10091 10090 10198
f 10198 10199 10091
f 10092 10091 10199
f 10199 10200 10092
f 10093 10092 10200
f 10200 10201 10093
f 10094 10093 10201
f 10201 10202 10094
f 10095 10094 10202
f 10202 10203 10095
f 10096 10095 10203
f 10203 10204 10096
f 10097 10096 10204
f 10204 10205 10097
f 10097 10097 10205
f 10205 10205 10097
f 10302 10301 10361
f 10302 10361 10362
f 10302 10362 10303
f 10303 10362 10363
f 10303 10363 10304
f 10304 10363 10364
f 10304 10364 10305
f 10305 10364 10365
f 10305 10365 10366
f 10305 10366 10306
f 10306 10366 10367
f 10306 10367 10307
f 10307 10367 10308
f 10308 10367 10368
f 10308 10368 10309
f 10309 10368 10369
f 10309 10369 10310
f 10310 10369 10370
f 10310 10370 10371
f 10310 10371 10311
f 10311 10371 10312
f 10312 10371 10372
f 10312 10372 10313
f 10313 10372 10373
f 10313 10373 10374
f 10313 10374 10314
f 10314 10374 10375
f 10314 10375 10315
f 10315 10375 10316
f 10316 10375 10376
f 10316 10376 10317
f 10317 10376 10377
f 10317 10377 10378
f 10317 10378 10318
f 10318 10378 10379
f 10318 10379 10319
f 10319 10379 10380
f 10319 10380 10320
f 10320 10380 10381
f 10320 10381 10321
f 10321 10381 10322
f 10322 10381 10382
f 10322 10382 10323
f 10323 10382 10383
f 10323 10383 10384
f 10323 10384 10324
f 10324 10384 10325
f 10325 10384 10385
f 10325 10385 10326
f 10283 10282 10342
f 10283 10342 10343
f 10283 10343 10344
f 10283 10344 10284
f 10284 10344 10345
f 10284 10345 10285
f 10285 10345 10286
f 10286 10345 10346
f 10286 10346 10287
f 10287 10346 10347
f 10287 10347 10348
f 10287 10348 10288
f 10288 10348 10349
f 10288 10349 10289
f 10289 10349 10350
f 10289 10350 10290
f 10290 10350 10351
f 10290 10351 10291
f 10291 10351 10292
f 10292 10351 10352
f 10292 10352 10293
f 10293 10352 10353
f 10293 10353 10354
f 10293 10354 10294
f 10294 10354 10295
f 10295 10354 10355
f 10295 10355 10296
f 10296 10355 10356
f 10296 10356 10357
f 10296 10357 10297
f 10297 10357 10298
f 10298 10357 10358
f 10298 10358 10299
f 10299 10358 10359
f 10299 10359 10360
f 10299 10360 10300
f 10300 10360 10301
f 10301 10360 10361
f 10385 10386 10326
f 10326 10386 10387
f 10326 10387 10327
f 10327 10387 10268
f 10268 10387 10388
f 10268 10388 10269
f 10269 10388 10329
f 10269 10329 10330
f 10269 10330 10270
f 10270 10330 10271
f 10271 10330 10331
f 10271 10331 10272
f 10272 10331 10332
f 10272 10332 10273
f 10273 10332 10333
f 10273 10333 10274
f 10274 10333 10334
f 10274 10334 10275
f 10275 10334 10335
f 10275 10335 10336
f 10275 10336 10276
f 10276 10336 10337
f 10276 10337 10277
f 10277 10337 10278
f 10278 10337 10338
f 10278 10338 10279
f 10279 10338 10339
f 10279 10339 10280
f 10280 10339 10340
f 10280 10340 10341
f 10280 10341 10281
f 10281 10341 10282
f 10282 10341 10342
f 10266 10265 10327
f 10327 10268 10266
f 10207 10266 10268
f 10268 10269 10207
f 10208 10207 10269
f 10269 10270 10208
f 10209 10208 10270
f 10270 10271 10209
f 10210 10209 10271
f 10271 10272 10210
f 10211 10210 10272
f 10272 10273 10211
f 10212 10211 10273
f 10273 10274 10212
f 10213 10212 10274
f 10274 10275 10213
f 10214 10213 10275
f 10275 10276 10214
f 10215 10214 10276
f 10276 10277 10215
f 10216 10215 10277
f 10277 10278 10216
f 10217 10216 10278
f 10278 10279 10217
f 10218 10217 10279
f 10279 10280 10218
f 10219 10218 10280
f 10280 10281 10219
f 10220 10219 10281
f 10281 10282 10220
f 10221 10220 10282
f 10282 10283 10221
f 10222 10221 10283
f 10283 10284 10222
f 10223 10222 10284
f 10284 10285 10223
f 10224 10223 10285
f 10285 10286 10224
f 10225 10224 10286
f 10286 10287 10225
f 10226 10225 10287
f 10287 10288 10226
f 10227 10226 10288
f 10288 10289 10227
f 10228 10227 10289
f 10289 10290 10228
f 10229 10228 10290
f 10290 10291 10229
f 10230 10229 10291
f 10291 10292 10230
f 10231 10230 10292
f 10292 10293 10231
f 10232 10231 10293
f 10293 10294 10232
f 10233 10232 10294
f 10294 10295 10233
f 10234 10233 10295
f 10295 10296 10234
f 10235 10234 10296
f 10296 10297 10235
f 10236 10235 10297
f 10297 10298 10236
f 10237 10236 10298
f 10298 10299 10237
f 10238 10237 10299
f 10299 10300 10238
f 10239 10238 10300
f 10300 10301 10239
f 10240 10239 10301
f 10301 10302 10240
f 10241 10240 10302
f 10302 10303 10241
f 10242 10241 10303
f 10303 10304 10242
f 10243 10242 10304
f 10304 10305 10243
f 10244 10243 10305
f 10305 10306 10244
f 10245 10244 10306
f 10306 10307 10245
f 10246 10245 10307
f 10307 10308 10246
f 10247 10246 10308
f 10308 10309 10247
f 10248 10247 10309
f 10309 10310 10248
f 10249 10248 10310
f 10310 10311 10249
f 10250 10249 10311
f 10311 10312 10250
f 10251 10250 10312
f 10312 10313 10251
f 10252 10251 10313
f 10313 10314 10252
f 10253 10252 10314
f 10314 10315 10253
f 10254 10253 10315
f 10315 10316 10254
f 10255 10254 10316
f 10316 10317 10255
f 10256 10255 10317
f 10317 10318 10256
f 10257 10256 10318
f 10318 10319 10257
f 10258 10257 10319
f 10319 10320 10258
f 10259 10258 10320
f 10320 10321 10259
f 10260 10259 10321
f 10321 10322 10260
f 10261 10260 10322
f 10322 10323 10261
f 10262 10261 10323
f 10323 10324 10262
f 10263 10262 10324
f 10324 10325 10263
f 10264 10263 10325
f 10325 10326 10264
f 10265 10264 10326
f 10326 10327 10265
f 10265 10265 10327
f 10327 10327 10265
f 10424 10423 10484
f 10424 10484 10485
f 10424 10485 10425
f 10425 10485 10486
f 10425 10486 10426
f 10426 10486 10487
f 10426 10487 10427
f 10427 10487 10488
f 10427 10488 10428
f 10428 10488 10429
f 10429 10488 10489
f 10429 10489 10430
f 10430 10489 10490
f 10430 10490 10491
f 10430 10491 10431
f 10431 10491 10492
f 10431 10492 10432
f 10432 10492 10433
f 10433 10492 10493
f 10433 10493 10494
f 10433 10494 10434
f 10434 10494 10495
f 10434 10495 10435
f 10435 10495 10496
f 10435 10496 10436
f 10436 10496 10437
f 10437 10496 10497
f 10437 10497 10438
f 10438 10497 10498
f 10438 10498 10499
f 10438 10499 10439
f 10439 10499 10500
f 10439 10500 10440
f 10440 10500 10441
f 10441 10500 10501
f 10441 10501 10442
f 10442 10501 10502
f 10442 10502 10503
f 10442 10503 10443
f 10443 10503 10504
f 10443 10504 10444
f 10444 10504 10445
f 10445 10504 10505
f 10445 10505 10446
f 10446 10505 10506
f 10446 10506 10447
f 10447 10506 10507
f 10447 10507 10448
f 10405 10404 10465
f 10405 10465 10466
f 10405 10466 10406
f 10406 10466 10407
f 10407 10466 10467
f 10407 10467 10408
f 10408 10467 10468
f 10408 10468 10469
f 10408 10469 10409
f 10409 10469 10470
f 10409 10470 10410
f 10410 10470 10411
f 10411 10470 10471
f 10411 10471 10412
f 10412 10471 10472
f 10412 10472 10473
f 10412 10473 10413
f 10413 10473 10474
f 10413 10474 10414
f 10414 10474 10415
f 10415 10474 10475
f 10415 10475 10416
f 10416 10475 10476
f 10416 10476 10417
f 10417 10476 10477
f 10417 10477 10418
f 10418 10477 10478
f 10418 10478 10479
f 10418 10479 10419
f 10419 10479 10480
f 10419 10480 10420
f 10420 10480 10481
f 10420 10481 10421
f 10421 10481 10422
f 10422 10481 10482
f 10422 10482 10423
f 10423 10482 10483
f 10423 10483 10484
f 10507 10508 10448
f 10448 10508 10509
f 10448 10509 10449
f 10449 10509 10510
f 10449 10510 10390
f 10390 10510 10451
f 10390 10451 10391
f 10391 10451 10392
f 10392 10451 10452
f 10392 10452 10393
f 10393 10452 10453
f 10393 10453 10454
f 10393 10454 10394
f 10394 10454 10455
f 10394 10455 10395
f 10395 10455 10456
f 10395 10456 10396
f 10396 10456 10457
f 10396 10457 10397
f 10397 10457 10458
f 10397 10458 10398
f 10398 10458 10399
f 10399 10458 10459
f 10399 10459 10400
f 10400 10459 10460
f 10400 10460 10461
f 10400 10461 10401
f 10401 10461 10462
f 10401 10462 10402
f 10402 10462 10403
f 10403 10462 10463
f 10403 10463 10464
f 10403 10464 10404
f 10404 10464 10465
f 10388 10387 10449
f 10449 10390 10388
f 10329 10388 10390
f 10390 10391 10329
f 10330 10329 10391
f 10391 10392 10330
f 10331 10330 10392
f 10392 10393 10331
f 10332 10331 10393
f 10393 10394 10332
f 10333 10332 10394
f 10394 10395 10333
f 10334 10333 10395
f 10395 10396 10334
f 10335 10334 10396
f 10396 10397 10335
f 10336 10335 10397
f 10397 10398 10336
f 10337 10336 10398
f 10398 10399 10337
f 10338 10337 10399
f 10399 10400 10338
f 10339 10338 10400
f 10400 10401 10339
f 10340 10339 10401
f 10401 10402 10340
f 10341 10340 10402
f 10402 10403 10341
f 10342 10341 10403
f 10403 10404 10342
f 10343 10342 10404
f 10404 10405 10343
f 10344 10343 10405
f 10405 10406 10344
f 10345 10344 10406
f 10406 10407 10345
f 10346 10345 10407
f 10407 10408 10346
f 10347 10346 10408
f 10408 10409 10347
f 10348 10347 10409
f 10409 10410 10348
f 10349 10348 10410
f 10410 10411 10349
f 10350 10349 10411
f 10411 10412 10350
f 10351 10350 10412
f 10412 10413 10351
f 10352 10351 10413
f 10413 10414 10352
f 10353 10352 10414
f 10414 10415 10353
f 10354 10353 10415
f 10415 10416 10354
f 10355 10354 10416
f 10416 10417 10355
f 10356 10355 10417
f 10417 10418 10356
f 10357 10356 10418
f 10418 10419 10357
f 10358 10357 10419
f 10419 10420 10358
f 10359 10358 10420
f 10420 10421 10359
f 10360 10359 10421
f 10421 10422 10360
f 10361 10360 10422
f 10422 10423 10361
f 10362 10361 10423
f 10423 10424 10362
f 10363 10362 10424
f 10424 10425 10363
f 10364 10363 10425
f 10425 10426 10364
f 10365 10364 10426
f 10426 10427 10365
f 10366 10365 10427
f 10427 10428 10366
f 10367 10366 10428
f 10428 10429 10367
f 10368 10367 10429
f 10429 10430 10368
f 10369 10368 10430
f 10430 10431 10369
f 10370 10369 10431
f 10431 10432 10370
f 10371 10370 10432
f 10432 10433 10371
f 10372 10371 10433
f 10433 10434 10372
f 10373 10372 10434
f 10434 10435 10373
f 10374 10373 10435
f 10435 10436 10374
f 10375 10374 10436
f 10436 10437 10375
f 10376 10375 10437
f 10437 10438 10376
f 10377 10376 10438
f 10438 10439 10377
f 10378 10377 10439
f 10439 10440 10378
f 10379 10378 10440
f 10440 10441 10379
f 10380 10379 10441
f 10441 10442 10380
f 10381 10380 10442
f 10442 10443 10381
f 10382 10381 10443
f 10443 10444 10382
f 10383 10382 10444
f 10444 10445 10383
f 10384 10383 10445
f 10445 10446 10384
f 10385 10384 10446
f 10446 10447 10385
f 10386 10385 10447
f 10447 10448 10386
f 10387 10386 10448
f 10448 10449 10387
f 10387 10387 10449
f 10449 10449 10387
f 10546 10545 10605
f 10546 10605 10606
f 10546 10606 10547
f 10547 10606 10607
f 10547 10607 10548
f 10548 10607 10608
f 10548 10608 10549
f 10549 10608 10609
f 10549 10609 10610
f 10549 10610 10550
f 10550 10610 10611
f 10550 10611 10551
f 10551 10611 10552
f 10552 10611 10612
f 10552 10612 10553
f 10553 10612 10613
f 10553 10613 10614
f 10553 10614 10554
f 10554 10614 10555
f 10555 10614 10615
f 10555 10615 10556
f 10556 10615 10616
f 10556 10616 10617
f 10556 10617 10557
f 10557 10617 10558
f 10558 10617 10618
f 10558 10618 10619
f 10558 10619 10559
f 10559 10619 10620
f 10559 10620 10560
f 10560 10620 10561
f 10561 10620 10621
f 10561 10621 10562
f 10562 10621 10622
f 10562 10622 10623
f 10562 10623 10563
f 10563 10623 10624
f 10563 10624 10564
f 10564 10624 10625
f 10564 10625 10565
f 10565 10625 10626
f 10565 10626 10566
f 10566 10626 10567
f 10567 10626 10627
f 10567 10627 10628
f 10567 10628 10568
f 10568 10628 10629
f 10568 10629 10569
f 10569 10629 10630
f 10569 10630 10570
f 10528 10527 10587
f 10528 10587 10588
f 10528 10588 10589
f 10528 10589 10529
f 10529 10589 10590
f 10529 10590 10530
f 10530 10590 10531
f 10531 10590 10591
f 10531 10591 10532
f 10532 10591 10592
f 10532 10592 10593
f 10532 10593 10533
f 10533 10593 10594
f 10533 10594 10534
f 10534 10594 10595
f 10534 10595 10535
f 10535 10595 10596
f 10535 10596 10536
f 10536 10596 10537
f 10537 10596 10597
f 10537 10597 10598
f 10537 10598 10538
f 10538 10598 10599
f 10538 10599 10539
f 10539 10599 10600
f 10539 10600 10540
f 10540 10600 10541
f 10541 10600 10601
f 10541 10601 10602
f 10541 10602 10542
f 10542 10602 10543
f 10543 10602 10603
f 10543 10603 10544
f 10544 10603 10604
f 10544 10604 10545
f 10545 10604 10605
f 10630 10631 10571
f 10630 10571 10570
f 10571 10631 10632
f 10571 10632 10512
f 10512 10632 10513
f 10513 10632 10573
f 10513 10573 10514
f 10514 10573 10574
f 10514 10574 10515
f 10515 10574 10575
f 10515 10575 10516
f 10516 10575 10576
f 10516 10576 10517
f 10517 10576 10577
f 10517 10577 10518
f 10518 10577 10578
f 10518 10578 10519
f 10519 10578 10579
f 10519 10579 10580
f 10519 10580 10520
f 10520 10580 10581
f 10520 10581 10521
f 10521 10581 10522
f 10522 10581 10582
f 10522 10582 10523
f 10523 10582 10583
f 10523 10583 10584
f 10523 10584 10524
f 10524 10584 10525
f 10525 10584 10585
f 10525 10585 10526
f 10526 10585 10586
f 10526 10586 10587
f 10526 10587 10527
f 10510 10509 10571
f 10571 10512 10510
f 10451 10510 10512
f 10512 10513 10451
f 10452 10451 10513
f 10513 10514 10452
f 10453 10452 10514
f 10514 10515 10453
f 10454 10453 10515
f 10515 10516 10454
f 10455 10454 10516
f 10516 10517 10455
f 10456 10455 10517
f 10517 10518 10456
f 10457 10456 10518
f 10518 10519 10457
f 10458 10457 10519
f 10519 10520 10458
f 10459 10458 10520
f 10520 10521 10459
f 10460 10459 10521
f 10521 10522 10460
f 10461 10460 10522
f 10522 10523 10461
f 10462 10461 10523
f 10523 10524 10462
f 10463 10462 10524
f 10524 10525 10463
f 10464 10463 10525
f 10525 10526 10464
f 10465 10464 10526
f 10526 10527 10465
f 10466 10465 10527
f 10527 10528 10466
f 10467 10466 10528
f 10528 10529 10467
f 10468 10467 10529
f 10529 10530 10468
f 10469 10468 10530
f 10530 10531 10469
f 10470 10469 10531
f 10531 10532 10470
f 10471 10470 10532
f 10532 10533 10471
f 10472 10471 10533
f 10533 10534 10472
f 10473 10472 10534
f 10534 10535 10473
f 10474 10473 10535
f 10535 10536 10474
f 10475 10474 10536
f 10536 10537 10475
f 10476 10475 10537
f 10537 10538 10476
f 10477 10476 10538
f 10538 10539 10477
f 10478 10477 10539
f 10539 10540 10478
f 10479 10478 10540
f 10540 10541 10479
f 10480 10479 10541
f 10541 10542 10480
f 10481 10480 10542
f 10542 10543 10481
f 10482 10481 10543
f 10543 10544 10482
f 10483 10482 10544
f 10544 10545 10483
f 10484 10483 10545
f 10545 10546 10484
f 10485 10484 10546
f 10546 10547 10485
f 10486 10485 10547
f 10547 10548 10486
f 10487 10486 10548
f 10548 10549 10487
f 10488 10487 10549
f 10549 10550 10488
f 10489 10488 10550
f 10550 10551 10489
f 10490 10489 10551
f 10551 10552 10490
f 10491 10490 10552
f 10552 10553 10491
f 10492 10491 10553
f 10553 10554 10492
f 10493 10492 10554
f 10554 10555 10493
f 10494 10493 10555
f 10555 10556 10494
f 10495 10494 10556
f 10556 10557 10495
f 10496 10495 10557
f 10557 10558 10496
f 10497 10496 10558
f 10558 10559 10497
f 10498 10497 10559
f 10559 10560 10498
f 10499 10498 10560
f 10560 10561 10499
f 10500 10499 10561
f 10561 10562 10500
f 10501 10500 10562
f 10562 10563 10501
f 10502 10501 10563
f 10563 10564 10502
f 10503 10502 10564
f 10564 10565 10503
f 10504 10503 10565
f 10565 10566 10504
f 10505 10504 10566
f 10566 10567 10505
f 10506 10505 10567
f 10567 10568 10506
f 10507 10506 10568
f 10568 10569 10507
f 10508 10507 10569
f 10569 10570 10508
f 10509 10508 10570
f 10570 10571 10509
f 10509 10509 10571
f 10571 10571 10509
f 10668 10667 10728
f 10668 10728 10669
f 10669 10728 10729
f 10669 10729 10730
f 10669 10730 10670
f 10670 10730 10731
f 10670 10731 10671
f 10671 10731 10672
f 10672 10731 10732
f 10672 10732 10673
f 10673 10732 10733
f 10673 10733 10734
f 10673 10734 10674
f 10674 10734 10735
f 10674 10735 10675
f 10675 10735 10676
f 10676 10735 10736
f 10676 10736 10677
f 10677 10736 10737
f 10677 10737 10678
f 10678 10737 10738
f 10678 10738 10679
f 10679 10738 10739
f 10679 10739 10740
f 10679 10740 10680
f 10680 10740 10741
f 10680 10741 10681
f 10681 10741 10682
f 10682 10741 10742
f 10682 10742 10743
f 10682 10743 10683
f 10683 10743 10744
f 10683 10744 10684
f 10684 10744 10685
f 10685 10744 10745
f 10685 10745 10746
f 10685 10746 10686
f 10686 10746 10687
f 10687 10746 10747
f 10687 10747 10688
f 10688 10747 10748
f 10688 10748 10749
f 10688 10749 10689
f 10689 10749 10690
f 10690 10749 10750
f 10690 10750 10751
f 10690 10751 10691
f 10691 10751 10692
f 10649 10648 10708
f 10649 10708 10709
f 10649 10709 10710
f 10649 10710 10650
f 10650 10710 10711
f 10650 10711 10651
f 10651 10711 10652
f 10652 10711 10712
f 10652 10712 10713
f 10652 10713 10653
f 10653 10713 10714
f 10653 10714 10654
f 10654 10714 10655
f 10655 10714 10715
f 10655 10715 10716
f 10655 10716 10656
f 10656 10716 10657
f 10657 10716 10717
f 10657 10717 10658
f 10658 10717 10718
f 10658 10718 10719
f 10658 10719 10659
f 10659 10719 10660
f 10660 10719 10720
f 10660 10720 10721
f 10660 10721 10661
f 10661 10721 10662
f 10662 10721 10722
f 10662 10722 10663
f 10663 10722 10723
f 10663 10723 10664
f 10664 10723 10724
f 10664 10724 10725
f 10664 10725 10665
f 10665 10725 10726
f 10665 10726 10666
f 10666 10726 10727
f 10666 10727 10667
f 10667 10727 10728
f 10751 10752 10692
f 10692 10752 10693
f 10693 10752 10753
f 10693 10753 10634
f 10634 10753 10754
f 10634 10754 10695
f 10634 10695 10635
f 10635 10695 10696
f 10635 10696 10636
f 10636 10696 10697
f 10636 10697 10637
f 10637 10697 10698
f 10637 10698 10638
f 10638 10698 10639
f 10639 10698 10699
f 10639 10699 10700
f 10639 10700 10640
f 10640 10700 10701
f 10640 10701 10641
f 10641 10701 10642
f 10642 10701 10702
f 10642 10702 10643
f 10643 10702 10703
f 10643 10703 10704
f 10643 10704 10644
f 10644 10704 10705
f 10644 10705 10645
f 10645 10705 10646
f 10646 10705 10706
f 10646 10706 10647
f 10647 10706 10707
f 10647 10707 10648
f 10648 10707 10708
f 10632 10631 10693
f 10693 10634 10632
f 10573 10632 10634
f 10634 10635 10573
f 10574 10573 10635
f 10635 10636 10574
f 10575 10574 10636
f 10636 10637 10575
f 10576 10575 10637
f 10637 10638 10576
f 10577 10576 10638
f 10638 10639 10577
f 10578 10577 10639
f 10639 10640 10578
f 10579 10578 10640
f 10640 10641 10579
f 10580 10579 10641
f 10641 10642 10580
f 10581 10580 10642
f 10642 10643 10581
f 10582 10581 10643
f 10643 10644 10582
f 10583 10582 10644
f 10644 10645 10583
f 10584 10583 10645
f 10645 10646 10584
f 10585 10584 10646
f 10646 10647 10585
f 10586 10585 10647
f 10647 10648 10586
f 10587 10586 10648
f 10648 10649 10587
f 10588 10587 10649
f 10649 10650 10588
f 10589 10588 10650
f 10650 10651 10589
f 10590 10589 10651
f 10651 10652 10590
f 10591 10590 10652
f 10652 10653 10591
f 10592 10591 10653
f 10653 10654 10592
f 10593 10592 10654
f 10654 10655 10593
f 10594 10593 10655
f 10655 10656 10594
f 10595 10594 10656
f 10656 10657 10595
f 10596 10595 10657
f 10657 10658 10596
f 10597 10596 10658
f 10658 10659 10597
f 10598 10597 10659
f 10659 10660 10598
f 10599 10598 10660
f 10660 10661 10599
f 10600 10599 10661
f 10661 10662 10600
f 10601 10600 10662
f 10662 10663 10601
f 10602 10601 10663
f 10663 10664 10602
f 10603 10602 10664
f 10664 10665 10603
f 10604 10603 10665
f 10665 10666 10604
f 10605 10604 10666
f 10666 10667 10605
f 10606 10605 10667
f 10667 10668 10606
f 10607 10606 10668
f 10668 10669 10607
f 10608 10607 10669
f 10669 10670 10608
f 10609 10608 10670
f 10670 10671 10609
f 10610 10609 10671
f 10671 10672 10610
f 10611 10610 10672
f 10672 10673 10611
f 10612 10611 10673
f 10673 10674 10612
f 10613 10612 10674
f 10674 10675 10613
f 10614 10613 10675
f 10675 10676 10614
f 10615 10614 10676
f 10676 10677 10615
f 10616 10615 10677
f 10677 10678 10616
f 10617 10616 10678
f 10678 10679 10617
f 10618 10617 10679
f 10679 10680 10618
f 10619 10618 10680
f 10680 10681 10619
f 10620 10619 10681
f 10681 10682 10620
f 10621 10620 10682
f 10682 10683 10621
f 10622 10621 10683
f 10683 10684 10622
f 10623 10622 10684
f 10684 10685 10623
f 10624 10623 10685
f 10685 10686 10624
f 10625 10624 10686
f 10686 10687 10625
f 10626 10625 10687
f 10687 10688 10626
f 10627 10626 10688
f 10688 10689 10627
f 10628 10627 10689
f 10689 10690 10628
f 10629 10628 10690
f 10690 10691 10629
f 10630 10629 10691
f 10691 10692 10630
f 10631 10630 10692
f 10692 10693 10631
f 10631 10631 10693
f 10693 10693 10631
f 10790 10789 10850
f 10790 10850 10851
f 10790 10851 10791
f 10791 10851 10792
f 10792 10851 10852
f 10792 10852 10793
f 10793 10852 10853
f 10793 10853 10854
f 10793 10854 10794
f 10794 10854 10795
f 10795 10854 10855
f 10795 10855 10796
f 10796 10855 10856
f 10796 10856 10857
f 10796 10857 10797
f 10797 10857 10858
f 10797 10858 10798
f 10798 10858 10799
f 10799 10858 10859
f 10799 10859 10800
f 10800 10859 10860
f 10800 10860 10861
f 10800 10861 10801
f 10801 10861 10802
f 10802 10861 10862
f 10802 10862 10803
f 10803 10862 10863
f 10803 10863 10804
f 10804 10863 10864
f 10804 10864 10865
f 10804 10865 10805
f 10805 10865 10866
f 10805 10866 10806
f 10806 10866 10807
f 10807 10866 10867
f 10807 10867 10868
f 10807 10868 10808
f 10808 10868 10869
f 10808 10869 10809
f 10809 10869 10810
f 10810 10869 10870
f 10810 10870 10871
f 10810 10871 10811
f 10811 10871 10872
f 10811 10872 10812
f 10812 10872 10813
f 10813 10872 10873
f 10813 10873 10814
f 10772 10771 10831
f 10772 10831 10832
f 10772 10832 10773
f 10773 10832 10833
f 10773 10833 10774
f 10774 10833 10834
f 10774 10834 10835
f 10774 10835 10775
f 10775 10835 10836
f 10775 10836 10776
f 10776 10836 10777
f 10777 10836 10837
f 10777 10837 10838
f 10777 10838 10778
f 10778 10838 10839
f 10778 10839 10779
f 10779 10839 10780
f 10780 10839 10840
f 10780 10840 10841
f 10780 10841 10781
f 10781 10841 10842
f 10781 10842 10782
f 10782 10842 10783
f 10783 10842 10843
f 10783 10843 10784
f 10784 10843 10844
f 10784 10844 10845
f 10784 10845 10785
f 10785 10845 10846
f 10785 10846 10786
f 10786 10846 10847
f 10786 10847 10787
f 10787 10847 10788
f 10788 10847 10848
f 10788 10848 10789
f 10789 10848 10849
f 10789 10849 10850
f 10873 10874 10814
f 10814 10874 10875
f 10814 10875 10815
f 10815 10875 10876
f 10815 10876 10756
f 10756 10876 10817
f 10756 10817 10757
f 10757 10817 10758
f 10758 10817 10818
f 10758 10818 10759
f 10759 10818 10819
f 10759 10819 10820
f 10759 10820 10760
f 10760 10820 10821
f 10760 10821 10761
f 10761 10821 10762
f 10762 10821 10822
f 10762 10822 10763
f 10763 10822 10823
f 10763 10823 10824
f 10763 10824 10764
f 10764 10824 10765
f 10765 10824 10825
f 10765 10825 10766
f 10766 10825 10826
f 10766 10826 10827
f 10766 10827 10767
f 10767 10827 10828
f 10767 10828 10768
f 10768 10828 10769
f 10769 10828 10829
f 10769 10829 10770
f 10770 10829 10830
f 10770 10830 10831
f 10770 10831 10771
f 10754 10753 10815
f 10815 10756 10754
f 10695 10754 10756
f 10756 10757 10695
f 10696 10695 10757
f 10757 10758 10696
f 10697 10696 10758
f 10758 10759 10697
f 10698 10697 10759
f 10759 10760 10698
f 10699 10698 10760
f 10760 10761 10699
f 10700 10699 10761
f 10761 10762 10700
f 10701 10700 10762
f 10762 10763 10701
f 10702 10701 10763
f 10763 10764 10702
f 10703 10702 10764
f 10764 10765 10703
f 10704 10703 10765
f 10765 10766 10704
f 10705 10704 10766
f 10766 10767 10705
f 10706 10705 10767
f 10767 10768 10706
f 10707 10706 10768
f 10768 10769 10707
f 10708 10707 10769
f 10769 10770 10708
f 10709 10708 10770
f 10770 10771 10709
f 10710 10709 10771
f 10771 10772 10710
f 10711 10710 10772
f 10772 10773 10711
f 10712 10711 10773
f 10773 10774 10712
f 10713 10712 10774
f 10774 10775 10713
f 10714 10713 10775
f 10775 10776 10714
f 10715 10714 10776
f 10776 10777 10715
f 10716 10715 10777
f 10777 10778 10716
f 10717 10716 10778
f 10778 10779 10717
f 10718 10717 10779
f 10779 10780 10718
f 10719 10718 10780
f 10780 10781 10719
f 10720 10719 10781
f 10781 10782 10720
f 10721 10720 10782
f 10782 10783 10721
f 10722 10721 10783
f 10783 10784 10722
f 10723 10722 10784
f 10784 10785 10723
f 10724 10723 10785
f 10785 10786 10724
f 10725 10724 10786
f 10786 10787 10725
f 10726 10725 10787
f 10787 10788 10726
f 10727 10726 10788
f 10788 10789 10727
f 10728 10727 10789
f 10789 10790 10728
f 10729 10728 10790
f 10790 10791 10729
f 10730 10729 10791
f 10791 10792 10730
f 10731 10730 10792
f 10792 10793 10731
f 10732 10731 10793
f 10793 10794 10732
f 10733 10732 10794
f 10794 10795 10733
f 10734 10733 10795
f 10795 10796 10734
f 10735 10734 10796
f 10796 10797 10735
f 10736 10735 10797
f 10797 10798 10736
f 10737 10736 10798
f 10798 10799 10737
f 10738 10737 10799
f 10799 10800 10738
f 10739 10738 10800
f 10800 10801 10739
f 10740 10739 10801
f 10801 10802 10740
f 10741 10740 10802
f 10802 10803 10741
f 10742 10741 10803
f 10803 10804 10742
f 10743 10742 10804
f 10804 10805 10743
f 10744 10743 10805
f 10805 10806 10744
f 10745 10744 10806
f 10806 10807 10745
f 10746 10745 10807
f 10807 10808 10746
f 10747 10746 10808
f 10808 10809 10747
f 10748 10747 10809
f 10809 10810 10748
f 10749 10748 10810
f 10810 10811 10749
f 10750 10749 10811
f 10811 10812 10750
f 10751 10750 10812
f 10812 10813 10751
f 10752 10751 10813
f 10813 10814 10752
f 10753 10752 10814
f 10814 10815 10753
f 10753 10753 10815
f 10815 10815 10753
f 10912 10911 10953
f 10912 10953 10913
f 10913 10953 10954
f 10913 10954 10955
f 10913 10955 10914
f 10914 10955 10956
f 10914 10956 10915
f 10915 10956 10916
f 10916 10956 10957
f 10916 10957 10958
f 10916 10958 10917
f 10917 10958 10959
f 10917 10959 10918
f 10918 10959 10919
f 10919 10959 10960
f 10919 10960 10920
f 10920 10960 10961
f 10920 10961 10921
f 10921 10961 10962
f 10921 10962 10963
f 10921 10963 10922
f 10922 10963 10923
f 10923 10963 10964
f 10923 10964 10924
f 10924 10964 10925
f 10925 10964 10926
f 10926 10964 10965
f 10926 10965 10927
f 10927 10965 10928
f 10928 10965 10966
f 10928 10966 10967
f 10928 10967 10929
f 10929 10967 10968
f 10929 10968 10930
f 10930 10968 10931
f 10931 10968 10969
f 10931 10969 10970
f 10931 10970 10932
f 10932 10970 10933
f 10933 10970 10971
f 10933 10971 10934
f 10934 10971 10972
f 10934 10972 10973
f 10934 10973 10935
f 10935 10973 10974
f 10935 10974 10936
f 10894 10893 10988
f 10894 10988 10939
f 10894 10939 10940
f 10894 10940 10895
f 10895 10940 10941
f 10895 10941 10896
f 10896 10941 10897
f 10897 10941 10942
f 10897 10942 10898
f 10898 10942 10899
f 10899 10942 10943
f 10899 10943 10944
f 10899 10944 10900
f 10900 10944 10901
f 10901 10944 10945
f 10901 10945 10946
f 10901 10946 10902
f 10902 10946 10903
f 10903 10946 10947
f 10903 10947 10904
f 10904 10947 10948
f 10904 10948 10949
f 10904 10949 10905
f 10905 10949 10950
f 10905 10950 10906
f 10906 10950 10907
f 10907 10950 10951
f 10907 10951 10908
f 10908 10951 10909
f 10909 10951 10952
f 10909 10952 10910
f 10910 10952 10911
f 10911 10952 10953
f 10974 10975 10936
f 10936 10975 10937
f 10937 10975 10878
f 10878 10975 10976
f 10878 10976 10879
f 10879 10976 10880
f 10880 10976 10977
f 10880 10977 10978
f 10880 10978 10881
f 10881 10978 10882
f 10882 10978 10979
f 10882 10979 10883
f 10883 10979 10884
f 10884 10979 10980
f 10884 10980 10981
f 10884 10981 10885
f 10885 10981 10982
f 10885 10982 10886
f 10886 10982 10983
f 10886 10983 10887
f 10887 10983 10984
f 10887 10984 10888
f 10888 10984 10889
f 10889 10984 10985
f 10889 10985 10890
f 10890 10985 10986
f 10890 10986 10987
f 10890 10987 10891
f 10891 10987 10892
f 10892 10987 10988
f 10892 10988 10893
f 10876 10875 10937
f 10937 10878 10876
f 10817 10876 10878
f 10878 10879 10817
f 10818 10817 10879
f 10879 10880 10818
f 10819 10818 10880
f 10880 10881 10819
f 10820 10819 10881
f 10881 10882 10820
f 10821 10820 10882
f 10882 10883 10821
f 10822 10821 10883
f 10883 10884 10822
f 10823 10822 10884
f 10884 10885 10823
f 10824 10823 10885
f 10885 10886 10824
f 10825 10824 10886
f 10886 10887 10825
f 10826 10825 10887
f 10887 10888 10826
f 10827 10826 10888
f 10888 10889 10827
f 10828 10827 10889
f 10889 10890 10828
f 10829 10828 10890
f 10890 10891 10829
f 10830 10829 10891
f 10891 10892 10830
f 10831 10830 10892
f 10892 10893 10831
f 10832 10831 10893
f 10893 10894 10832
f 10833 10832 10894
f 10894 10895 10833
f 10834 10833 10895
f 10895 10896 10834
f 10835 10834 10896
f 10896 10897 10835
f 10836 10835 10897
f 10897 10898 10836
f 10837 10836 10898
f 10898 10899 10837
f 10838 10837 10899
f 10899 10900 10838
f 10839 10838 10900
f 10900 10901 10839
f 10840 10839 10901
f 10901 10902 10840
f 10841 10840 10902
f 10902 10903 10841
f 10842 10841 10903
f 10903 10904 10842
f 10843 10842 10904
f 10904 10905 10843
f 10844 10843 10905
f 10905 10906 10844
f 10845 10844 10906
f 10906 10907 10845
f 10846 10845 10907
f 10907 10908 10846
f 10847 10846 10908
f 10908 10909 10847
f 10848 10847 10909
f 10909 10910 10848
f 10849 10848 10910
f 10910 10911 10849
f 10850 10849 10911
f 10911 10912 10850
f 10851 10850 10912
f 10912 10913 10851
f 10852 10851 10913
f 10913 10914 10852
f 10853 10852 10914
f 10914 10915 10853
f 10854 10853 10915
f 10915 10916 10854
f 10855 10854 10916
f 10916 10917 10855
f 10856 10855 10917
f 10917 10918 10856
f 10857 10856 10918
f 10918 10919 10857
f 10858 10857 10919
f 10919 10920 10858
f 10859 10858 10920
f 10920 10921 10859
f 10860 10859 10921
f 10921 10922 10860
f 10861 10860 10922
f 10922 10923 10861
f 10862 10861 10923
f 10923 10924 10862
f 10863 10862 10924
f 10924 10925 10863
f 10864 10863 10925
f 10925 10926 10864
f 10865 10864 10926
f 10926 10927 10865
f 10866 10865 10927
f 10927 10928 10866
f 10867 10866 10928
f 10928 10929 10867
f 10868 10867 10929
f 10929 10930 10868
f 10869 10868 10930
f 10930 10931 10869
f 10870 10869 10931
f 10931 10932 10870
f 10871 10870 10932
f 10932 10933 10871
f 10872 10871 10933
f 10933 10934 10872
f 10873 10872 10934
f 10934 10935 10873
f 10874 10873 10935
f 10935 10936 10874
f 10875 10874 10936
f 10936 10937 10875
f 10875 10875 10937
f 10937 10937 10875
f 11005 11004 11071
f 11005 11071 11072
f 11005 11072 11073
f 11005 11073 11006
f 11006 11073 11007
f 11007 11073 11074
f 11007 11074 11008
f 11008 11074 11075
f 11008 11075 11009
f 11009 11075 11076
f 11009 11076 11010
f 11010 11076 11011
f 11011 11076 11077
f 11011 11077 11012
f 11012 11077 11078
f 11012 11078 11013
f 11013 11078 11079
f 11013 11079 11014
f 11014 11079 11015
f 11015 11079 11080
f 11015 11080 11081
f 11015 11081 11016
f 11016 11081 11082
f 11016 11082 11083
f 11016 11083 11084
f 11016 11084 11017
f 11017 11084 11085
f 11017 11085 11086
f 11017 11086 11018
f 11018 11086 11019
f 11019 11086 11087
f 11019 11087 11020
f 11020 11087 11088
f 11020 11088 11021
f 11021 11088 11089
f 11021 11089 11022
f 11022 11089 11023
f 11023 11089 11090
f 11023 11090 11024
f 11024 11090 11091
f 11024 11091 11025
f 11025 11091 11092
f 11025 11092 11026
f 10990 11039 11052
f 10990 11052 11053
f 10990 11053 11054
f 10990 11054 10991
f 10991 11054 11055
f 10991 11055 10992
f 10992 11055 10993
f 10993 11055 11056
f 10993 11056 11057
f 10993 11057 10994
f 10994 11057 11058
f 10994 11058 11059
f 10994 11059 10995
f 10995 11059 11060
f 10995 11060 10996
f 10996 11060 11061
f 10996 11061 10997
f 10997 11061 10998
f 10998 11061 11062
f 10998 11062 11063
f 10998 11063 10999
f 10999 11063 11000
f 11000 11063 11064
f 11000 11064 11001
f 11001 11064 11065
f 11001 11065 11002
f 11002 11065 11066
f 11002 11066 11067
f 11002 11067 11003
f 11003 11067 11068
f 11003 11068 11069
f 11003 11069 11004
f 11004 11069 11070
f 11004 11070 11071
f 11092 11093 11027
f 11092 11027 11026
f 11027 11093 11094
f 11027 11094 11028
f 11028 11094 11095
f 11028 11095 11096
f 11028 11096 11029
f 11029 11096 11041
f 11029 11041 11030
f 11030 11041 11042
f 11030 11042 11031
f 11031 11042 11043
f 11031 11043 11044
f 11031 11044 11032
f 11032 11044 11033
f 11033 11044 11045
f 11033 11045 11034
f 11034 11045 11046
f 11034 11046 11035
f 11035 11046 11047
f 11035 11047 11036
f 11036 11047 11048
f 11036 11048 11049
f 11036 11049 11037
f 11037 11049 11050
f 11037 11050 11038
f 11038 11050 11039
f 11039 11050 11051
f 11039 11051 11052
f 10988 10987 11039
f 11039 10990 10988
f 10939 10988 10990
f 10990 10991 10939
f 10940 10939 10991
f 10991 10992 10940
f 10941 10940 10992
f 10992 10993 10941
f 10942 10941 10993
f 10993 10994 10942
f 10943 10942 10994
f 10994 10995 10943
f 10944 10943 10995
f 10995 10996 10944
f 10945 10944 10996
f 10996 10997 10945
f 10946 10945 10997
f 10997 10998 10946
f 10947 10946 10998
f 10998 10999 10947
f 10948 10947 10999
f 10999 11000 10948
f 10949 10948 11000
f 11000 11001 10949
f 10950 10949 11001
f 11001 11002 10950
f 10951 10950 11002
f 11002 11003 10951
f 10952 10951 11003
f 11003 11004 10952
f 10953 10952 11004
f 11004 11005 10953
f 10954 10953 11005
f 11005 11006 10954
f 10955 10954 11006
f 11006 11007 10955
f 10956 10955 11007
f 11007 11008 10956
f 10957 10956 11008
f 11008 11009 10957
f 10958 10957 11009
f 11009 11010 10958
f 10959 10958 11010
f 11010 11011 10959
f 10960 10959 11011
f 11011 11012 10960
f 10961 10960 11012
f 11012 11013 10961
f 10962 10961 11013
f 11013 11014 10962
f 10963 10962 11014
f 11014 11015 10963
f 10964 10963 11015
f 11015 11016 10964
f 10965 10964 11016
f 11016 11017 10965
f 10966 10965 11017
f 11017 11018 10966
f 10967 10966 11018
f 11018 11019 10967
f 10968 10967 11019
f 11019 11020 10968
f 10969 10968 11020
f 11020 11021 10969
f 10970 10969 11021
f 11021 11022 10970
f 10971 10970 11022
f 11022 11023 10971
f 10972 10971 11023
f 11023 11024 10972
f 10973 10972 11024
f 11024 11025 10973
f 10974 10973 11025
f 11025 11026 10974
f 10975 10974 11026
f 11026 11027 10975
f 10976 10975 11027
f 11027 11028 10976
f 10977 10976 11028
f 11028 11029 10977
f 10978 10977 11029
f 11029 11030 10978
f 10979 10978 11030
f 11030 11031 10979
f 10980 10979 11031
f 11031 11032 10980
f 10981 10980 11032
f 11032 11033 10981
f 10982 10981 11033
f 11033 11034 10982
f 10983 10982 11034
f 11034 11035 10983
f 10984 10983 11035
f 11035 11036 10984
f 10985 10984 11036
f 11036 11037 10985
f 10986 10985 11037
f 11037 11038 10986
f 10987 10986 11038
f 11038 11039 10987
f 10987 10987 11039
f 11039 11039 10987
f 11130 11129 11187
f 11130 11187 11188
f 11130 11188 11189
f 11130 11189 11131
f 11131 11189 11190
f 11131 11190 11132
f 11132 11190 11191
f 11132 11191 11133
f 11133 11191 11192
f 11133 11192 11134
f 11134 11192 11193
f 11134 11193 11194
f 11134 11194 11135
f 11135 11194 11195
f 11135 11195 11136
f 11136 11195 11196
f 11136 11196 11197
f 11136 11197 11137
f 11137 11197 11198
f 11137 11198 11138
f 11138 11198 11139
f 11139 11198 11199
f 11139 11199 11200
f 11139 11200 11140
f 11140 11200 11201
f 11140 11201 11141
f 11141 11201 11202
f 11141 11202 11142
f 11142 11202 11203
f 11142 11203 11143
f 11143 11203 11144
f 11144 11203 11204
f 11144 11204 11205
f 11144 11205 11145
f 11145 11205 11206
f 11145 11206 11146
f 11146 11206 11207
f 11146 11207 11147
f 11147 11207 11208
f 11147 11208 11209
f 11147 11209 11148
f 11148 11209 11210
f 11148 11210 11149
f 11149 11210 11211
f 11149 11211 11150
f 11112 11111 11169
f 11112 11169 11170
f 11112 11170 11113
f 11113 11170 11171
f 11113 11171 11172
f 11113 11172 11114
f 11114 11172 11173
f 11114 11173 11115
f 11115 11173 11116
f 11116 11173 11174
f 11116 11174 11175
f 11116 11175 11117
f 11117 11175 11118
f 11118 11175 11176
f 11118 11176 11119
f 11119 11176 11177
f 11119 11177 11178
f 11119 11178 11120
f 11120 11178 11121
f 11121 11178 11179
f 11121 11179 11122
f 11122 11179 11180
f 11122 11180 11181
f 11122 11181 11123
f 11123 11181 11124
f 11124 11181 11182
f 11124 11182 11183
f 11124 11183 11125
f 11125 11183 11184
f 11125 11184 11126
f 11126 11184 11185
f 11126 11185 11127
f 11127 11185 11128
f 11128 11185 11186
f 11128 11186 11129
f 11129 11186 11187
f 11211 11212 11150
f 11150 11212 11213
f 11150 11213 11151
f 11151 11213 11214
f 11151 11214 11152
f 11152 11214 11155
f 11152 11155 11153
f 11153 11155 11098
f 11098 11155 11156
f 11098 11156 11099
f 11099 11156 11157
f 11099 11157 11100
f 11100 11157 11158
f 11100 11158 11159
f 11100 11159 11101
f 11101 11159 11102
f 11102 11159 11160
f 11102 11160 11161
f 11102 11161 11103
f 11103 11161 11104
f 11104 11161 11162
f 11104 11162 11105
f 11105 11162 11163
f 11105 11163 11164
f 11105 11164 11106
f 11106 11164 11107
f 11107 11164 11165
f 11107 11165 11108
f 11108 11165 11166
f 11108 11166 11167
f 11108 11167 11109
f 11109 11167 11168
f 11109 11168 11110
f 11110 11168 11111
f 11111 11168 11169
f 11096 11095 11153
f 11153 11098 11096
f 11041 11096 11098
f 11098 11099 11041
f 11042 11041 11099
f 11099 11100 11042
f 11043 11042 11100
f 11100 11101 11043
f 11044 11043 11101
f 11101 11102 11044
f 11045 11044 11102
f 11102 11103 11045
f 11046 11045 11103
f 11103 11104 11046
f 11047 11046 11104
f 11104 11105 11047
f 11048 11047 11105
f 11105 11106 11048
f 11049 11048 11106
f 11106 11107 11049
f 11050 11049 11107
f 11107 11108 11050
f 11051 11050 11108
f 11108 11109 11051
f 11052 11051 11109
f 11109 11110 11052
f 11053 11052 11110
f 11110 11111 11053
f 11054 11053 11111
f 11111 11112 11054
f 11055 11054 11112
f 11112 11113 11055
f 11056 11055 11113
f 11113 11114 11056
f 11057 11056 11114
f 11114 11115 11057
f 11058 11057 11115
f 11115 11116 11058
f 11059 11058 11116
f 11116 11117 11059
f 11060 11059 11117
f 11117 11118 11060
f 11061 11060 11118
f 11118 11119 11061
f 11062 11061 11119
f 11119 11120 11062
f 11063 11062 11120
f 11120 11121 11063
f 11064 11063 11121
f 11121 11122 11064
f 11065 11064 11122
f 11122 11123 11065
f 11066 11065 11123
f 11123 11124 11066
f 11067 11066 11124
f 11124 11125 11067
f 11068 11067 11125
f 11125 11126 11068
f 11069 11068 11126
f 11126 11127 11069
f 11070 11069 11127
f 11127 11128 11070
f 11071 11070 11128
f 11128 11129 11071
f 11072 11071 11129
f 11129 11130 11072
f 11073 11072 11130
f 11130 11131 11073
f 11074 11073 11131
f 11131 11132 11074
f 11075 11074 11132
f 11132 11133 11075
f 11076 11075 11133
f 11133 11134 11076
f 11077 11076 11134
f 11134 11135 11077
f 11078 11077 11135
f 11135 11136 11078
f 11079 11078 11136
f 11136 11137 11079
f 11080 11079 11137
f 11137 11138 11080
f 11081 11080 11138
f 11138 11139 11081
f 11082 11081 11139
f 11139 11140 11082
f 11083 11082 11140
f 11140 11141 11083
f 11084 11083 11141
f 11141 11142 11084
f 11085 11084 11142
f 11142 11143 11085
f 11086 11085 11143
f 11143 11144 11086
f 11087 11086 11144
f 11144 11145 11087
f 11088 11087 11145
f 11145 11146 11088
f 11089 11088 11146
f 11146 11147 11089
f 11090 11089 11147
f 11147 11148 11090
f 11091 11090 11148
f 11148 11149 11091
f 11092 11091 11149
f 11149 11150 11092
f 11093 11092 11150
f 11150 11151 11093
f 11094 11093 11151
f 11151 11152 11094
f 11095 11094 11152
f 11152 11153 11095
f 11095 11095 11153
f 11153 11153 11095
f 11250 11249 11310
f 11250 11310 11311
f 11250 11311 11251
f 11251 11311 11312
f 11251 11312 11252
f 11252 11312 11253
f 11253 11312 11313
f 11253 11313 11314
f 11253 11314 11254
f 11254 11314 11315
f 11254 11315 11255
f 11255 11315 11256
f 11256 11315 11316
f 11256 11316 11317
f 11256 11317 11257
f 11257 11317 11318
f 11257 11318 11258
f 11258 11318 11259
f 11259 11318 11319
f 11259 11319 11320
f 11259 11320 11260
f 11260 11320 11321
f 11260 11321 11261
f 11261 11321 11262
f 11262 11321 11322
f 11262 11322 11263
f 11263 11322 11323
f 11263 11323 11264
f 11264 11323 11324
f 11264 11324 11265
f 11265 11324 11325
f 11265 11325 11326
f 11265 11326 11266
f 11266 11326 11327
f 11266 11327 11267
f 11267 11327 11268
f 11268 11327 11328
f 11268 11328 11329
f 11268 11329 11269
f 11269 11329 11330
f 11269 11330 11270
f 11270 11330 11331
f 11270 11331 11271
f 11271 11331 11272
f 11272 11331 11332
f 11272 11332 11273
f 11273 11332 11333
f 11273 11333 11334
f 11273 11334 11274
f 11231 11230 11291
f 11231 11291 11232
f 11232 11291 11292
f 11232 11292 11233
f 11233 11292 11293
f 11233 11293 11234
f 11234 11293 11294
f 11234 11294 11235
f 11235 11294 11295
f 11235 11295 11296
f 11235 11296 11236
f 11236 11296 11297
f 11236 11297 11237
f 11237 11297 11238
f 11238 11297 11298
f 11238 11298 11299
f 11238 11299 11239
f 11239 11299 11300
f 11239 11300 11240
f 11240 11300 11301
f 11240 11301 11241
f 11241 11301 11242
f 11242 11301 11302
f 11242 11302 11243
f 11243 11302 11303
f 11243 11303 11304
f 11243 11304 11244
f 11244 11304 11305
f 11244 11305 11245
f 11245 11305 11246
f 11246 11305 11306
f 11246 11306 11247
f 11247 11306 11307
f 11247 11307 11308
f 11247 11308 11248
f 11248 11308 11309
f 11248 11309 11249
f 11249 11309 11310
f 11334 11335 11274
f 11274 11335 11275
f 11275 11335 11216
f 11216 11335 11336
f 11216 11336 11217
f 11217 11336 11277
f 11217 11277 11278
f 11217 11278 11218
f 11218 11278 11279
f 11218 11279 11219
f 11219 11279 11280
f 11219 11280 11220
f 11220 11280 11281
f 11220 11281 11221
f 11221 11281 11282
f 11221 11282 11222
f 11222 11282 11223
f 11223 11282 11283
f 11223 11283 11284
f 11223 11284 11224
f 11224 11284 11285
f 11224 11285 11225
f 11225 11285 11226
f 11226 11285 11286
f 11226 11286 11287
f 11226 11287 11227
f 11227 11287 11288
f 11227 11288 11228
f 11228 11288 11229
f 11229 11288 11289
f 11229 11289 11290
f 11229 11290 11230
f 11230 11290 11291
f 11214 11213 11275
f 11275 11216 11214
f 11155 11214 11216
f 11216 11217 11155
f 11156 11155 11217
f 11217 11218 11156
f 11157 11156 11218
f 11218 11219 11157
f 11158 11157 11219
f 11219 11220 11158
f 11159 11158 11220
f 11220 11221 11159
f 11160 11159 11221
f 11221 11222 11160
f 11161 11160 11222
f 11222 11223 11161
f 11162 11161 11223
f 11223 11224 11162
f 11163 11162 11224
f 11224 11225 11163
f 11164 11163 11225
f 11225 11226 11164
f 11165 11164 11226
f 11226 11227 11165
f 11166 11165 11227
f 11227 11228 11166
f 11167 11166 11228
f 11228 11229 11167
f 11168 11167 11229
f 11229 11230 11168
f 11169 11168 11230
f 11230 11231 11169
f 11170 11169 11231
f 11231 11232 11170
f 11171 11170 11232
f 11232 11233 11171
f 11172 11171 11233
f 11233 11234 11172
f 11173 11172 11234
f 11234 11235 11173
f 11174 11173 11235
f 11235 11236 11174
f 11175 11174 11236
f 11236 11237 11175
f 11176 11175 11237
f 11237 11238 11176
f 11177 11176 11238
f 11238 11239 11177
f 11178 11177 11239
f 11239 11240 11178
f 11179 11178 11240
f 11240 11241 11179
f 11180 11179 11241
f 11241 11242 11180
f 11181 11180 11242
f 11242 11243 11181
f 11182 11181 11243
f 11243 11244 11182
f 11183 11182 11244
f 11244 11245 11183
f 11184 11183 11245
f 11245 11246 11184
f 11185 11184 11246
f 11246 11247 11185
f 11186 11185 11247
f 11247 11248 11186
f 11187 11186 11248
f 11248 11249 11187
f 11188 11187 11249
f 11249 11250 11188
f 11189 11188 11250
f 11250 11251 11189
f 11190 11189 11251
f 11251 11252 11190
f 11191 11190 11252
f 11252 11253 11191
f 11192 11191 11253
f 11253 11254 11192
f 11193 11192 11254
f 11254 11255 11193
f 11194 11193 11255
f 11255 11256 11194
f 11195 11194 11256
f 11256 11257 11195
f 11196 11195 11257
f 11257 11258 11196
f 11197 11196 11258
f 11258 11259 11197
f 11198 11197 11259
f 11259 11260 11198
f 11199 11198 11260
f 11260 11261 11199
f 11200 11199 11261
f 11261 11262 11200
f 11201 11200 11262
f 11262 11263 11201
f 11202 11201 11263
f 11263 11264 11202
f 11203 11202 11264
f 11264 11265 11203
f 11204 11203 11265
f 11265 11266 11204
f 11205 11204 11266
f 11266 11267 11205
f 11206 11205 11267
f 11267 11268 11206
f 11207 11206 11268
f 11268 11269 11207
f 11208 11207 11269
f 11269 11270 11208
f 11209 11208 11270
f 11270 11271 11209
f 11210 11209 11271
f 11271 11272 11210
f 11211 11210 11272
f 11272 11273 11211
f 11212 11211 11273
f 11273 11274 11212
f 11213 11212 11274
f 11274 11275 11213
f 11213 11213 11275
f 11275 11275 11213
f 11345 11344 11401
f 11345 11401 11346
f 11346 11401 11402
f 11346 11402 11347
f 11347 11402 11403
f 11347 11403 11348
f 11348 11403 11404
f 11348 11404 11349
f 11349 11404 11405
f 11349 11405 11350
f 11350 11405 11351
f 11351 11405 11406
f 11351 11406 11352
f 11352 11406 11407
f 11352 11407 11353
f 11353 11407 11354
f 11354 11407 11408
f 11354 11408 11355
f 11355 11408 11409
f 11355 11409 11410
f 11355 11410 11356
f 11356 11410 11411
f 11356 11411 11357
f 11357 11411 11412
f 11357 11412 11358
f 11358 11412 11359
f 11359 11412 11413
f 11359 11413 11414
f 11359 11414 11360
f 11360 11414 11415
f 11360 11415 11361
f 11361 11415 11362
f 11362 11415 11416
f 11362 11416 11363
f 11363 11416 11417
f 11363 11417 11364
f 11364 11417 11418
f 11364 11418 11365
f 11365 11418 11366
f 11366 11418 11419
f 11366 11419 11367
f 11367 11419 11420
f 11367 11420 11368
f 11368 11420 11369
f 11424 11340 11423
f 11398 11399 11341
f 11341 11399 11342
f 11342 11399 11343
f 11343 11399 11400
f 11343 11400 11344
f 11344 11400 11401
f 11420 11421 11369
f 11369 11421 11422
f 11369 11422 11370
f 11370 11422 11423
f 11370 11423 11338
f 11338 11423 11339
f 11339 11423 11340
f 11336 11335 11370
f 11370 11338 11336
f 11277 11336 11338
f 11338 11339 11277
f 11278 11277 11339
f 11339 11340 11278
f 11279 11278 11340
f 11340 11425 11279
f 11280 11279 11425
f 11425 11372 11280
f 11281 11280 11372
f 11372 11373 11281
f 11282 11281 11373
f 11373 11374 11282
f 11283 11282 11374
f 11374 11375 11283
f 11284 11283 11375
f 11375 11376 11284
f 11285 11284 11376
f 11376 11377 11285
f 11286 11285 11377
f 11377 11378 11286
f 11287 11286 11378
f 11378 11379 11287
f 11288 11287 11379
f 11379 11380 11288
f 11289 11288 11380
f 11380 11381 11289
f 11290 11289 11381
f 11381 11382 11290
f 11291 11290 11382
f 11382 11383 11291
f 11292 11291 11383
f 11383 11384 11292
f 11293 11292 11384
f 11384 11385 11293
f 11294 11293 11385
f 11385 11386 11294
f 11295 11294 11386
f 11386 11387 11295
f 11296 11295 11387
f 11387 11388 11296
f 11297 11296 11388
f 11388 11389 11297
f 11298 11297 11389
f 11389 11390 11298
f 11299 11298 11390
f 11390 11391 11299
f 11300 11299 11391
f 11391 11392 11300
f 11301 11300 11392
f 11392 11393 11301
f 11302 11301 11393
f 11393 11394 11302
f 11303 11302 11394
f 11394 11395 11303
f 11304 11303 11395
f 11395 11396 11304
f 11305 11304 11396
f 11396 11397 11305
f 11306 11305 11397
f 11397 11341 11306
f 11307 11306 11341
f 11341 11342 11307
f 11308 11307 11342
f 11342 11343 11308
f 11309 11308 11343
f 11343 11344 11309
f 11310 11309 11344
f 11344 11345 11310
f 11311 11310 11345
f 11345 11346 11311
f 11312 11311 11346
f 11346 11347 11312
f 11313 11312 11347
f 11347 11348 11313
f 11314 11313 11348
f 11348 11349 11314
f 11315 11314 11349
f 11349 11350 11315
f 11316 11315 11350
f 11350 11351 11316
f 11317 11316 11351
f 11351 11352 11317
f 11318 11317 11352
f 11352 11353 11318
f 11319 11318 11353
f 11353 11354 11319
f 11320 11319 11354
f 11354 11355 11320
f 11321 11320 11355
f 11355 11356 11321
f 11322 11321 11356
f 11356 11357 11322
f 11323 11322 11357
f 11357 11358 11323
f 11324 11323 11358
f 11358 11359 11324
f 11325 11324 11359
f 11359 11360 11325
f 11326 11325 11360
f 11360 11361 11326
f 11327 11326 11361
f 11361 11362 11327
f 11328 11327 11362
f 11362 11363 11328
f 11329 11328 11363
f 11363 11364 11329
f 11330 11329 11364
f 11364 11365 11330
f 11331 11330 11365
f 11365 11366 11331
f 11332 11331 11366
f 11366 11367 11332
f 11333 11332 11367
f 11367 11368 11333
f 11334 11333 11368
f 11368 11369 11334
f 11335 11334 11369
f 11369 11370 11335
f 11335 11335 11370
f 11370 11370 11335
f 11519 11454 11518
f 11489 11490 11459
f 11440 11439 11504
f 11440 11504 11505
f 11440 11505 11441
f 11441 11505 11442
f 11442 11505 11506
f 11442 11506 11507
f 11442 11507 11443
f 11443 11507 11508
f 11443 11508 11444
f 11444 11508 11445
f 11445 11508 11509
f 11445 11509 11510
f 11445 11510 11446
f 11446 11510 11511
f 11446 11511 11447
f 11447 11511 11448
f 11448 11511 11512
f 11448 11512 11449
f 11449 11512 11513
f 11449 11513 11514
f 11449 11514 11450
f 11450 11514 11515
f 11450 11515 11451
f 11451 11515 11452
f 11452 11515 11516
f 11452 11516 11453
f 11453 11516 11517
f 11453 11517 11454
f 11454 11517 11518
f 11495 11496 11432
f 11495 11432 11431
f 11495 11431 11430
f 11495 11430 11494
f 11494 11430 11429
f 11494 11429 11493
f 11492 11493 11428
f 11492 11428 11427
f 11492 11427 11491
f 11491 11427 11459
f 11491 11459 11490
f 11428 11493 11429
f 11432 11496 11433
f 11433 11496 11497
f 11433 11497 11434
f 11434 11497 11498
f 11434 11498 11499
f 11434 11499 11435
f 11435 11499 11436
f 11436 11499 11500
f 11436 11500 11437
f 11437 11500 11501
f 11437 11501 11502
f 11437 11502 11438
f 11438 11502 11503
f 11438 11503 11439
f 11439 11503 11504
f 11462 11461 11461
f 11462 11461 11462
f 11520 11461 11520
f 11520 11461 11461
f 11463 11464 11463
f 11463 11464 11464
f 11464 11464 11465
f 11465 11466 11455
f 11466 11467 11467
f 11468 11469 11456
f 11469 11470 11470
f 11472 11473 11472
f 11472 11473 11473
f 11476 11477 11477
f 11476 11477 11476
f 11480 11481 11457
f 11483 11484 11458
f 11485 11486 11485
f 11485 11486 11486
f 11486 11487 11486
f 11486 11487 11487
f 11519 11520 11520
f 11519 11519 11520
f 11463 11462 11462
f 11463 11463 11462
f 11467 11468 11467
f 11468 11468 11467
f 11470 11471 11470
f 11471 11471 11470
f 11472 11471 11471
f 11472 11471 11472
f 11474 11475 11474
f 11475 11475 11474
f 11476 11475 11475
f 11476 11475 11476
f 11477 11478 11477
f 11478 11478 11477
f 11479 11478 11478
f 11479 11478 11479
f 11480 11479 11479
f 11480 11479 11480
f 11481 11482 11481
f 11482 11482 11481
f 11483 11482 11482
f 11483 11482 11483
f 11484 11485 11484
f 11485 11485 11484
f 11425 11424 11459
f 11459 11427 11425
f 11372 11425 11427
f 11427 11428 11372
f 11373 11372 11428
f 11428 11429 11373
f 11374 11373 11429
f 11429 11430 11374
f 11375 11374 11430
f 11430 11431 11375
f 11376 11375 11431
f 11431 11432 11376
f 11377 11376 11432
f 11432 11433 11377
f 11378 11377 11433
f 11433 11434 11378
f 11379 11378 11434
f 11434 11435 11379
f 11380 11379 11435
f 11435 11436 11380
f 11381 11380 11436
f 11436 11437 11381
f 11382 11381 11437
f 11437 11438 11382
f 11383 11382 11438
f 11438 11439 11383
f 11384 11383 11439
f 11439 11440 11384
f 11385 11384 11440
f 11440 11441 11385
f 11386 11385 11441
f 11441 11442 11386
f 11387 11386 11442
f 11442 11443 11387
f 11388 11387 11443
f 11443 11444 11388
f 11389 11388 11444
f 11444 11445 11389
f 11390 11389 11445
f 11445 11446 11390
f 11391 11390 11446
f 11446 11447 11391
f 11392 11391 11447
f 11447 11448 11392
f 11393 11392 11448
f 11448 11449 11393
f 11394 11393 11449
f 11449 11450 11394
f 11395 11394 11450
f 11450 11451 11395
f 11396 11395 11451
f 11451 11452 11396
f 11397 11396 11452
f 11452 11453 11397
f 11398 11397 11453
f 11453 11454 11398
f 11399 11398 11454
f 11454 11520 11399
f 11400 11399 11520
f 11520 11461 11400
f 11401 11400 11461
f 11461 11462 11401
f 11402 11401 11462
f 11462 11463 11402
f 11403 11402 11463
f 11463 11464 11403
f 11404 11403 11464
f 11464 11455 11404
f 11405 11404 11455
f 11455 11467 11405
f 11406 11405 11467
f 11467 11456 11406
f 11407 11406 11456
f 11456 11470 11407
f 11408 11407 11470
f 11470 11471 11408
f 11409 11408 11471
f 11471 11472 11409
f 11410 11409 11472
f 11472 11473 11410
f 11411 11410 11473
f 11473 11474 11411
f 11412 11411 11474
f 11474 11475 11412
f 11413 11412 11475
f 11475 11476 11413
f 11414 11413 11476
f 11476 11477 11414
f 11415 11414 11477
f 11477 11478 11415
f 11416 11415 11478
f 11478 11479 11416
f 11417 11416 11479
f 11479 11457 11417
f 11418 11417 11457
f 11457 11482 11418
f 11419 11418 11482
f 11482 11458 11419
f 11420 11419 11458
f 11458 11485 11420
f 11421 11420 11485
f 11485 11486 11421
f 11422 11421 11486
f 11486 11487 11422
f 11423 11422 11487
f 11487 11488 11423
f 11424 11423 11488
f 11488 11459 11424
f 11424 11424 11459
f 11459 11459 11424
f 11556 11555 11614
f 11556 11614 11615
f 11556 11615 11557
f 11557 11615 11616
f 11557 11616 11558
f 11558 11616 11559
f 11559 11616 11617
f 11559 11617 11560
f 11560 11617 11618
f 11560 11618 11561
f 11561 11618 11562
f 11562 11618 11619
f 11562 11619 11563
f 11563 11619 11620
f 11563 11620 11564
f 11564 11620 11621
f 11564 11621 11565
f 11565 11621 11566
f 11566 11621 11622
f 11566 11622 11567
f 11567 11622 11623
f 11567 11623 11624
f 11567 11624 11568
f 11568 11624 11569
f 11569 11624 11625
f 11569 11625 11570
f 11570 11625 11626
f 11570 11626 11627
f 11570 11627 11571
f 11571 11627 11628
f 11571 11628 11572
f 11572 11628 11629
f 11572 11629 11573
f 11573 11629 11574
f 11574 11629 11630
f 11574 11630 11575
f 11575 11630 11631
f 11575 11631 11576
f 11576 11631 11577
f 11577 11631 11632
f 11577 11632 11578
f 11578 11632 11633
f 11578 11633 11579
f 11579 11633 11580
f 11537 11536 11594
f 11537 11594 11595
f 11537 11595 11596
f 11537 11596 11538
f 11538 11596 11597
f 11538 11597 11539
f 11539 11597 11540
f 11540 11597 11598
f 11540 11598 11599
f 11540 11599 11541
f 11541 11599 11600
f 11541 11600 11542
f 11542 11600 11601
f 11542 11601 11543
f 11543 11601 11602
f 11543 11602 11544
f 11544 11602 11545
f 11545 11602 11603
f 11545 11603 11604
f 11545 11604 11546
f 11546 11604 11605
f 11546 11605 11547
f 11547 11605 11548
f 11548 11605 11606
f 11548 11606 11607
f 11548 11607 11549
f 11549 11607 11550
f 11550 11607 11608
f 11550 11608 11609
f 11550 11609 11551
f 11551 11609 11552
f 11552 11609 11610
f 11552 11610 11611
f 11552 11611 11553
f 11553 11611 11554
f 11554 11611 11612
f 11554 11612 11555
f 11555 11612 11613
f 11555 11613 11614
f 11633 11634 11580
f 11580 11634 11635
f 11580 11635 11581
f 11581 11635 11522
f 11522 11635 11636
f 11522 11636 11637
f 11522 11637 11523
f 11523 11637 11524
f 11524 11637 11638
f 11524 11638 11525
f 11525 11638 11583
f 11525 11583 11526
f 11526 11583 11584
f 11526 11584 11585
f 11526 11585 11527
f 11527 11585 11528
f 11528 11585 11586
f 11528 11586 11587
f 11528 11587 11529
f 11529 11587 11588
f 11529 11588 11530
f 11530 11588 11589
f 11530 11589 11531
f 11531 11589 11532
f 11532 11589 11590
f 11532 11590 11533
f 11533 11590 11591
f 11533 11591 11592
f 11533 11592 11534
f 11534 11592 11593
f 11534 11593 11535
f 11535 11593 11536
f 11536 11593 11594
f 11488 11487 11581
f 11581 11522 11488
f 11489 11488 11522
f 11522 11523 11489
f 11490 11489 11523
f 11523 11524 11490
f 11491 11490 11524
f 11524 11525 11491
f 11492 11491 11525
f 11525 11526 11492
f 11493 11492 11526
f 11526 11527 11493
f 11494 11493 11527
f 11527 11528 11494
f 11495 11494 11528
f 11528 11529 11495
f 11496 11495 11529
f 11529 11530 11496
f 11497 11496 11530
f 11530 11531 11497
f 11498 11497 11531
f 11531 11532 11498
f 11499 11498 11532
f 11532 11533 11499
f 11500 11499 11533
f 11533 11534 11500
f 11501 11500 11534
f 11534 11535 11501
f 11502 11501 11535
f 11535 11536 11502
f 11503 11502 11536
f 11536 11537 11503
f 11504 11503 11537
f 11537 11538 11504
f 11505 11504 11538
f 11538 11539 11505
f 11506 11505 11539
f 11539 11540 11506
f 11507 11506 11540
f 11540 11541 11507
f 11508 11507 11541
f 11541 11542 11508
f 11509 11508 11542
f 11542 11543 11509
f 11510 11509 11543
f 11543 11544 11510
f 11511 11510 11544
f 11544 11545 11511
f 11512 11511 11545
f 11545 11546 11512
f 11513 11512 11546
f 11546 11547 11513
f 11514 11513 11547
f 11547 11548 11514
f 11515 11514 11548
f 11548 11549 11515
f 11516 11515 11549
f 11549 11550 11516
f 11517 11516 11550
f 11550 11551 11517
f 11518 11517 11551
f 11551 11552 11518
f 11519 11518 11552
f 11552 11553 11519
f 11520 11519 11553
f 11553 11554 11520
f 11461 11520 11554
f 11554 11555 11461
f 11462 11461 11555
f 11555 11556 11462
f 11463 11462 11556
f 11556 11557 11463
f 11464 11463 11557
f 11557 11558 11464
f 11465 11464 11558
f 11558 11559 11465
f 11466 11465 11559
f 11559 11560 11466
f 11467 11466 11560
f 11560 11561 11467
f 11468 11467 11561
f 11561 11562 11468
f 11469 11468 11562
f 11562 11563 11469
f 11470 11469 11563
f 11563 11564 11470
f 11471 11470 11564
f 11564 11565 11471
f 11472 11471 11565
f 11565 11566 11472
f 11473 11472 11566
f 11566 11567 11473
f 11474 11473 11567
f 11567 11568 11474
f 11475 11474 11568
f 11568 11569 11475
f 11476 11475 11569
f 11569 11570 11476
f 11477 11476 11570
f 11570 11571 11477
f 11478 11477 11571
f 11571 11572 11478
f 11479 11478 11572
f 11572 11573 11479
f 11480 11479 11573
f 11573 11574 11480
f 11481 11480 11574
f 11574 11575 11481
f 11482 11481 11575
f 11575 11576 11482
f 11483 11482 11576
f 11576 11577 11483
f 11484 11483 11577
f 11577 11578 11484
f 11485 11484 11578
f 11578 11579 11485
f 11486 11485 11579
f 11579 11580 11486
f 11487 11486 11580
f 11580 11581 11487
f 11487 11487 11581
f 11581 11581 11487
f 11672 11671 11721
f 11672 11721 11673
f 11673 11721 11722
f 11673 11722 11674
f 11674 11722 11723
f 11674 11723 11724
f 11674 11724 11675
f 11675 11724 11725
f 11675 11725 11676
f 11676 11725 11726
f 11676 11726 11727
f 11676 11727 11677
f 11677 11727 11728
f 11677 11728 11678
f 11678 11728 11729
f 11678 11729 11730
f 11678 11730 11679
f 11679 11730 11731
f 11679 11731 11680
f 11680 11731 11681
f 11681 11731 11732
f 11681 11732 11682
f 11682 11732 11733
f 11682 11733 11683
f 11683 11733 11734
f 11683 11734 11735
f 11683 11735 11684
f 11684 11735 11685
f 11685 11735 11736
f 11685 11736 11686
f 11686 11736 11737
f 11686 11737 11738
f 11686 11738 11687
f 11687 11738 11739
f 11687 11739 11688
f 11688 11739 11740
f 11688 11740 11689
f 11689 11740 11741
f 11689 11741 11742
f 11689 11742 11690
f 11690 11742 11743
f 11690 11743 11691
f 11691 11743 11744
f 11691 11744 11692
f 11654 11653 11705
f 11654 11705 11706
f 11654 11706 11655
f 11655 11706 11707
f 11655 11707 11708
f 11655 11708 11656
f 11656 11708 11657
f 11657 11708 11709
f 11657 11709 11658
f 11658 11709 11710
f 11658 11710 11711
f 11658 11711 11659
f 11659 11711 11660
f 11660 11711 11712
f 11660 11712 11661
f 11661 11712 11713
f 11661 11713 11662
f 11662 11713 11663
f 11663 11713 11714
f 11663 11714 11664
f 11664 11714 11715
f 11664 11715 11665
f 11665 11715 11716
f 11665 11716 11666
f 11666 11716 11717
f 11666 11717 11667
f 11667 11717 11668
f 11668 11717 11718
f 11668 11718 11669
f 11669 11718 11719
f 11669 11719 11670
f 11670 11719 11671
f 11671 11719 11720
f 11671 11720 11721
f 11744 11745 11692
f 11692 11745 11746
f 11692 11746 11693
f 11693 11746 11747
f 11693 11747 11694
f 11694 11747 11695
f 11695 11747 11748
f 11695 11748 11640
f 11640 11748 11749
f 11640 11749 11641
f 11641 11749 11750
f 11641 11750 11642
f 11642 11750 11643
f 11643 11750 11697
f 11643 11697 11644
f 11644 11697 11698
f 11644 11698 11645
f 11645 11698 11699
f 11645 11699 11646
f 11646 11699 11700
f 11646 11700 11647
f 11647 11700 11648
f 11648 11700 11701
f 11648 11701 11649
f 11649 11701 11702
f 11649 11702 11650
f 11650 11702 11703
f 11650 11703 11651
f 11651 11703 11704
f 11651 11704 11652
f 11652 11704 11653
f 11653 11704 11705
f 11638 11637 11695
f 11695 11640 11638
f 11583 11638 11640
f 11640 11641 11583
f 11584 11583 11641
f 11641 11642 11584
f 11585 11584 11642
f 11642 11643 11585
f 11586 11585 11643
f 11643 11644 11586
f 11587 11586 11644
f 11644 11645 11587
f 11588 11587 11645
f 11645 11646 11588
f 11589 11588 11646
f 11646 11647 11589
f 11590 11589 11647
f 11647 11648 11590
f 11591 11590 11648
f 11648 11649 11591
f 11592 11591 11649
f 11649 11650 11592
f 11593 11592 11650
f 11650 11651 11593
f 11594 11593 11651
f 11651 11652 11594
f 11595 11594 11652
f 11652 11653 11595
f 11596 11595 11653
f 11653 11654 11596
f 11597 11596 11654
f 11654 11655 11597
f 11598 11597 11655
f 11655 11656 11598
f 11599 11598 11656
f 11656 11657 11599
f 11600 11599 11657
f 11657 11658 11600
f 11601 11600 11658
f 11658 11659 11601
f 11602 11601 11659
f 11659 11660 11602
f 11603 11602 11660
f 11660 11661 11603
f 11604 11603 11661
f 11661 11662 11604
f 11605 11604 11662
f 11662 11663 11605
f 11606 11605 11663
f 11663 11664 11606
f 11607 11606 11664
f 11664 11665 11607
f 11608 11607 11665
f 11665 11666 11608
f 11609 11608 11666
f 11666 11667 11609
f 11610 11609 11667
f 11667 11668 11610
f 11611 11610 11668
f 11668 11669 11611
f 11612 11611 11669
f 11669 11670 11612
f 11613 11612 11670
f 11670 11671 11613
f 11614 11613 11671
f 11671 11672 11614
f 11615 11614 11672
f 11672 11673 11615
f 11616 11615 11673
f 11673 11674 11616
f 11617 11616 11674
f 11674 11675 11617
f 11618 11617 11675
f 11675 11676 11618
f 11619 11618 11676
f 11676 11677 11619
f 11620 11619 11677
f 11677 11678 11620
f 11621 11620 11678
f 11678 11679 11621
f 11622 11621 11679
f 11679 11680 11622
f 11623 11622 11680
f 11680 11681 11623
f 11624 11623 11681
f 11681 11682 11624
f 11625 11624 11682
f 11682 11683 11625
f 11626 11625 11683
f 11683 11684 11626
f 11627 11626 11684
f 11684 11685 11627
f 11628 11627 11685
f 11685 11686 11628
f 11629 11628 11686
f 11686 11687 11629
f 11630 11629 11687
f 11687 11688 11630
f 11631 11630 11688
f 11688 11689 11631
f 11632 11631 11689
f 11689 11690 11632
f 11633 11632 11690
f 11690 11691 11633
f 11634 11633 11691
f 11691 11692 11634
f 11635 11634 11692
f 11692 11693 11635
f 11636 11635 11693
f 11693 11694 11636
f 11637 11636 11694
f 11694 11695 11637
f 11637 11637 11695
f 11695 11695 11637
f 11777 11776 11837
f 11777 11837 11838
f 11777 11838 11778
f 11778 11838 11839
f 11778 11839 11840
f 11778 11840 11779
f 11779 11840 11841
f 11779 11841 11780
f 11780 11841 11842
f 11780 11842 11781
f 11781 11842 11782
f 11782 11842 11843
f 11782 11843 11783
f 11783 11843 11844
f 11783 11844 11784
f 11784 11844 11845
f 11784 11845 11785
f 11785 11845 11846
f 11785 11846 11786
f 11786 11846 11847
f 11786 11847 11787
f 11787 11847 11848
f 11787 11848 11849
f 11787 11849 11788
f 11788 11849 11850
f 11788 11850 11789
f 11789 11850 11851
f 11789 11851 11790
f 11790 11851 11791
f 11791 11851 11852
f 11791 11852 11792
f 11792 11852 11853
f 11792 11853 11854
f 11792 11854 11793
f 11793 11854 11855
f 11793 11855 11794
f 11794 11855 11856
f 11794 11856 11795
f 11795 11856 11796
f 11796 11856 11857
f 11796 11857 11797
f 11797 11857 11858
f 11797 11858 11859
f 11797 11859 11798
f 11798 11859 11799
f 11799 11859 11860
f 11799 11860 11800
f 11800 11860 11861
f 11800 11861 11862
f 11800 11862 11801
f 11761 11760 11820
f 11761 11820 11821
f 11761 11821 11762
f 11762 11821 11822
f 11762 11822 11763
f 11763 11822 11823
f 11763 11823 11764
f 11764 11823 11765
f 11765 11823 11824
f 11765 11824 11825
f 11765 11825 11766
f 11766 11825 11826
f 11766 11826 11767
f 11767 11826 11827
f 11767 11827 11768
f 11768 11827 11828
f 11768 11828 11769
f 11769 11828 11829
f 11769 11829 11830
f 11769 11830 11770
f 11770 11830 11831
f 11770 11831 11771
f 11771 11831 11832
f 11771 11832 11772
f 11772 11832 11833
f 11772 11833 11773
f 11773 11833 11834
f 11773 11834 11835
f 11773 11835 11774
f 11774 11835 11836
f 11774 11836 11775
f 11775 11836 11776
f 11776 11836 11837
f 11862 11863 11802
f 11862 11802 11801
f 11802 11863 11864
f 11802 11864 11803
f 11803 11864 11804
f 11804 11864 11807
f 11804 11807 11808
f 11804 11808 11805
f 11805 11808 11752
f 11752 11808 11809
f 11752 11809 11753
f 11753 11809 11810
f 11753 11810 11811
f 11753 11811 11754
f 11754 11811 11812
f 11754 11812 11755
f 11755 11812 11813
f 11755 11813 11756
f 11756 11813 11814
f 11756 11814 11815
f 11756 11815 11757
f 11757 11815 11816
f 11757 11816 11758
f 11758 11816 11817
f 11758 11817 11759
f 11759 11817 11818
f 11759 11818 11819
f 11759 11819 11760
f 11760 11819 11820
f 11750 11749 11805
f 11805 11752 11750
f 11697 11750 11752
f 11752 11753 11697
f 11698 11697 11753
f 11753 11754 11698
f 11699 11698 11754
f 11754 11755 11699
f 11700 11699 11755
f 11755 11756 11700
f 11701 11700 11756
f 11756 11757 11701
f 11702 11701 11757
f 11757 11758 11702
f 11703 11702 11758
f 11758 11759 11703
f 11704 11703 11759
f 11759 11760 11704
f 11705 11704 11760
f 11760 11761 11705
f 11706 11705 11761
f 11761 11762 11706
f 11707 11706 11762
f 11762 11763 11707
f 11708 11707 11763
f 11763 11764 11708
f 11709 11708 11764
f 11764 11765 11709
f 11710 11709 11765
f 11765 11766 11710
f 11711 11710 11766
f 11766 11767 11711
f 11712 11711 11767
f 11767 11768 11712
f 11713 11712 11768
f 11768 11769 11713
f 11714 11713 11769
f 11769 11770 11714
f 11715 11714 11770
f 11770 11771 11715
f 11716 11715 11771
f 11771 11772 11716
f 11717 11716 11772
f 11772 11773 11717
f 11718 11717 11773
f 11773 11774 11718
f 11719 11718 11774
f 11774 11775 11719
f 11720 11719 11775
f 11775 11776 11720
f 11721 11720 11776
f 11776 11777 11721
f 11722 11721 11777
f 11777 11778 11722
f 11723 11722 11778
f 11778 11779 11723
f 11724 11723 11779
f 11779 11780 11724
f 11725 11724 11780
f 11780 11781 11725
f 11726 11725 11781
f 11781 11782 11726
f 11727 11726 11782
f 11782 11783 11727
f 11728 11727 11783
f 11783 11784 11728
f 11729 11728 11784
f 11784 11785 11729
f 11730 11729 11785
f 11785 11786 11730
f 11731 11730 11786
f 11786 11787 11731
f 11732 11731 11787
f 11787 11788 11732
f 11733 11732 11788
f 11788 11789 11733
f 11734 11733 11789
f 11789 11790 11734
f 11735 11734 11790
f 11790 11791 11735
f 11736 11735 11791
f 11791 11792 11736
f 11737 11736 11792
f 11792 11793 11737
f 11738 11737 11793
f 11793 11794 11738
f 11739 11738 11794
f 11794 11795 11739
f 11740 11739 11795
f 11795 11796 11740
f 11741 11740 11796
f 11796 11797 11741
f 11742 11741 11797
f 11797 11798 11742
f 11743 11742 11798
f 11798 11799 11743
f 11744 11743 11799
f 11799 11800 11744
f 11745 11744 11800
f 11800 11801 11745
f 11746 11745 11801
f 11801 11802 11746
f 11747 11746 11802
f 11802 11803 11747
f 11748 11747 11803
f 11803 11804 11748
f 11749 11748 11804
f 11804 11805 11749
f 11749 11749 11805
f 11805 11805 11749
f 11898 11897 11953
f 11898 11953 11954
f 11898 11954 11955
f 11898 11955 11899
f 11899 11955 11956
f 11899 11956 11900
f 11900 11956 11901
f 11901 11956 11957
f 11901 11957 11958
f 11901 11958 11902
f 11902 11958 11903
f 11903 11958 11959
f 11903 11959 11904
f 11904 11959 11960
f 11904 11960 11961
f 11904 11961 11905
f 11905 11961 11962
f 11905 11962 11906
f 11906 11962 11963
f 11906 11963 11907
f 11907 11963 11964
f 11907 11964 11908
f 11908 11964 11909
f 11909 11964 11965
f 11909 11965 11910
f 11910 11965 11966
f 11910 11966 11967
f 11910 11967 11911
f 11911 11967 11968
f 11911 11968 11912
f 11912 11968 11969
f 11912 11969 11913
f 11913 11969 11970
f 11913 11970 11914
f 11914 11970 11915
f 11915 11970 11971
f 11915 11971 11916
f 11916 11971 11972
f 11916 11972 11973
f 11916 11973 11917
f 11917 11973 11974
f 11917 11974 11918
f 11918 11974 11919
f 11919 11974 11975
f 11919 11975 11976
f 11919 11976 11920
f 11920 11976 11921
f 11921 11976 11977
f 11921 11977 11922
f 11880 11879 11936
f 11880 11936 11937
f 11880 11937 11938
f 11880 11938 11881
f 11881 11938 11939
f 11881 11939 11882
f 11882 11939 11883
f 11883 11939 11940
f 11883 11940 11941
f 11883 11941 11884
f 11884 11941 11885
f 11885 11941 11942
f 11885 11942 11886
f 11886 11942 11943
f 11886 11943 11944
f 11886 11944 11887
f 11887 11944 11945
f 11887 11945 11888
f 11888 11945 11889
f 11889 11945 11946
f 11889 11946 11890
f 11890 11946 11947
f 11890 11947 11891
f 11891 11947 11948
f 11891 11948 11892
f 11892 11948 11949
f 11892 11949 11950
f 11892 11950 11893
f 11893 11950 11951
f 11893 11951 11894
f 11894 11951 11895
f 11895 11951 11952
f 11895 11952 11953
f 11895 11953 11896
f 11896 11953 11897
f 11977 11978 11922
f 11922 11978 11979
f 11922 11979 11923
f 11923 11979 11866
f 11866 11979 11867
f 11867 11979 11980
f 11867 11980 11868
f 11868 11980 11925
f 11868 11925 11869
f 11869 11925 11926
f 11869 11926 11927
f 11869 11927 11870
f 11870 11927 11928
f 11870 11928 11871
f 11871 11928 11872
f 11872 11928 11929
f 11872 11929 11873
f 11873 11929 11930
f 11873 11930 11874
f 11874 11930 11931
f 11874 11931 11875
f 11875 11931 11932
f 11875 11932 11933
f 11875 11933 11876
f 11876 11933 11934
f 11876 11934 11877
f 11877 11934 11878
f 11878 11934 11935
f 11878 11935 11879
f 11879 11935 11936
f 11864 11863 11923
f 11923 11866 11864
f 11807 11864 11866
f 11866 11867 11807
f 11808 11807 11867
f 11867 11868 11808
f 11809 11808 11868
f 11868 11869 11809
f 11810 11809 11869
f 11869 11870 11810
f 11811 11810 11870
f 11870 11871 11811
f 11812 11811 11871
f 11871 11872 11812
f 11813 11812 11872
f 11872 11873 11813
f 11814 11813 11873
f 11873 11874 11814
f 11815 11814 11874
f 11874 11875 11815
f 11816 11815 11875
f 11875 11876 11816
f 11817 11816 11876
f 11876 11877 11817
f 11818 11817 11877
f 11877 11878 11818
f 11819 11818 11878
f 11878 11879 11819
f 11820 11819 11879
f 11879 11880 11820
f 11821 11820 11880
f 11880 11881 11821
f 11822 11821 11881
f 11881 11882 11822
f 11823 11822 11882
f 11882 11883 11823
f 11824 11823 11883
f 11883 11884 11824
f 11825 11824 11884
f 11884 11885 11825
f 11826 11825 11885
f 11885 11886 11826
f 11827 11826 11886
f 11886 11887 11827
f 11828 11827 11887
f 11887 11888 11828
f 11829 11828 11888
f 11888 11889 11829
f 11830 11829 11889
f 11889 11890 11830
f 11831 11830 11890
f 11890 11891 11831
f 11832 11831 11891
f 11891 11892 11832
f 11833 11832 11892
f 11892 11893 11833
f 11834 11833 11893
f 11893 11894 11834
f 11835 11834 11894
f 11894 11895 11835
f 11836 11835 11895
f 11895 11896 11836
f 11837 11836 11896
f 11896 11897 11837
f 11838 11837 11897
f 11897 11898 11838
f 11839 11838 11898
f 11898 11899 11839
f 11840 11839 11899
f 11899 11900 11840
f 11841 11840 11900
f 11900 11901 11841
f 11842 11841 11901
f 11901 11902 11842
f 11843 11842 11902
f 11902 11903 11843
f 11844 11843 11903
f 11903 11904 11844
f 11845 11844 11904
f 11904 11905 11845
f 11846 11845 11905
f 11905 11906 11846
f 11847 11846 11906
f 11906 11907 11847
f 11848 11847 11907
f 11907 11908 11848
f 11849 11848 11908
f 11908 11909 11849
f 11850 11849 11909
f 11909 11910 11850
f 11851 11850 11910
f 11910 11911 11851
f 11852 11851 11911
f 11911 11912 11852
f 11853 11852 11912
f 11912 11913 11853
f 11854 11853 11913
f 11913 11914 11854
f 11855 11854 11914
f 11914 11915 11855
f 11856 11855 11915
f 11915 11916 11856
f 11857 11856 11916
f 11916 11917 11857
f 11858 11857 11917
f 11917 11918 11858
f 11859 11858 11918
f 11918 11919 11859
f 11860 11859 11919
f 11919 11920 11860
f 11861 11860 11920
f 11920 11921 11861
f 11862 11861 11921
f 11921 11922 11862
f 11863 11862 11922
f 11922 11923 11863
f 11863 11863 11923
f 11923 11923 11863
f 12012 12011 12010
f 12012 12010 12013
f 12013 12010 12014
f 12014 12010 12015
f 12015 12010 12016
f 12016 12010 12017
f 12017 12010 12018
f 12018 12010 12019
f 12019 12010 12020
f 12020 12010 12021
f 12021 12010 12022
f 12022 12010 12023
f 12023 12010 12024
f 12024 12010 11982
f 12024 11982 12025
f 12025 11982 12026
f 12026 11982 12027
f 12027 11982 12028
f 12028 11982 12029
f 12029 11982 12030
f 12030 11982 12031
f 12031 11982 12032
f 12032 11982 12033
f 12033 11982 12034
f 12034 11982 12035
f 12035 11982 12036
f 11995 11994 11993
f 11995 11993 11992
f 11995 11992 11997
f 11995 11997 11996
f 11997 11992 11986
f 11997 11986 12003
f 11997 12003 11998
f 11998 12003 11999
f 11999 12003 12002
f 11999 12002 12000
f 12000 12002 12001
f 12003 11986 12004
f 12004 11986 12010
f 12004 12010 12009
f 12004 12009 12006
f 12004 12006 12005
f 12006 12009 12007
f 12007 12009 12008
f 12010 11986 11982
f 11982 11986 11983
f 11983 11986 11985
f 11983 11985 11984
f 11986 11992 11991
f 11986 11991 11989
f 11986 11989 11988
f 11986 11988 11987
f 11989 11991 11990
f 11982 12037 12036
f 11980 11979 12037
f 12037 11982 11980
f 11925 11980 11982
f 11982 11983 11925
f 11926 11925 11983
f 11983 11984 11926
f 11927 11926 11984
f 11984 11985 11927
f 11928 11927 11985
f 11985 11986 11928
f 11929 11928 11986
f 11986 11987 11929
f 11930 11929 11987
f 11987 11988 11930
f 11931 11930 11988
f 11988 11989 11931
f 11932 11931 11989
f 11989 11990 11932
f 11933 11932 11990
f 11990 11991 11933
f 11934 11933 11991
f 11991 11992 11934
f 11935 11934 11992
f 11992 11993 11935
f 11936 11935 11993
f 11993 11994 11936
f 11937 11936 11994
f 11994 11995 11937
f 11938 11937 11995
f 11995 11996 11938
f 11939 11938 11996
f 11996 11997 11939
f 11940 11939 11997
f 11997 11998 11940
f 11941 11940 11998
f 11998 11999 11941
f 11942 11941 11999
f 11999 12000 11942
f 11943 11942 12000
f 12000 12001 11943
f 11944 11943 12001
f 12001 12002 11944
f 11945 11944 12002
f 12002 12003 11945
f 11946 11945 12003
f 12003 12004 11946
f 11947 11946 12004
f 12004 12005 11947
f 11948 11947 12005
f 12005 12006 11948
f 11949 11948 12006
f 12006 12007 11949
f 11950 11949 12007
f 12007 12008 11950
f 11951 11950 12008
f 12008 12009 11951
f 11952 11951 12009
f 12009 12010 11952
f 11953 11952 12010
f 12010 12011 11953
f 11954 11953 12011
f 12011 12012 11954
f 11955 11954 12012
f 12012 12013 11955
f 11956 11955 12013
f 12013 12014 11956
f 11957 11956 12014
f 12014 12015 11957
f 11958 11957 12015
f 12015 12016 11958
f 11959 11958 12016
f 12016 12017 11959
f 11960 11959 12017
f 12017 12018 11960
f 11961 11960 12018
f 12018 12019 11961
f 11962 11961 12019
f 12019 12020 11962
f 11963 11962 12020
f 12020 12021 11963
f 11964 11963 12021
f 12021 12022 11964
f 11965 11964 12022
f 12022 12023 11965
f 11966 11965 12023
f 12023 12024 11966
f 11967 11966 12024
f 12024 12025 11967
f 11968 11967 12025
f 12025 12026 11968
f 11969 11968 12026
f 12026 12027 11969
f 11970 11969 12027
f 12027 12028 11970
f 11971 11970 12028
f 12028 12029 11971
f 11972 11971 12029
f 12029 12030 11972
f 11973 11972 12030
f 12030 12031 11973
f 11974 11973 12031
f 12031 12032 11974
f 11975 11974 12032
f 12032 12033 11975
f 11976 11975 12033
f 12033 12034 11976
f 11977 11976 12034
f 12034 12035 11977
f 11978 11977 12035
f 12035 12036 11978
f 11979 11978 12036
f 12036 12037 11979
f 11979 11979 12037
f 12037 12037 11979
